                                       1                                        2                                        3                                        4                                        5                                        6                                        7                                        8                                        9                                       10                                       11                                       12                                       13                                       14                                       15                                       16                                       17                                       18                                       19                                       20                                       21                                       22                                       23                                       24                                       25                                       26                                       27                                       28                                       29                                       30                                       31                                       32                                       33                                       34                                       35                                       36                                       37                                       38                                       39                                       40                                       41                                       42                                       43                                       44                                       45                                       46                                       47                                       48                                       49 
                            model_number                                num_zones                             initial_mass                                initial_z                                 star_age                                time_step                                     Teff                            photosphere_L                            photosphere_r                               center_eta                                center_h1                               center_he3                               center_he4                               center_c12                               center_n14                               center_o16                              center_ne20                                star_mass                                star_mdot                             star_mass_h1                            star_mass_he3                            star_mass_he4                            star_mass_c12                            star_mass_n14                            star_mass_o16                           star_mass_ne20                             he_core_mass                             co_core_mass                             fe_core_mass                   neutron_rich_core_mass                             dynamic_time                             kh_timescale                            nuc_timescale                           power_nuc_burn                             power_h_burn                            power_he_burn                                power_neu                                burn_min1                                burn_min2                             time_seconds                           version_number                                 compiler                                    build                         MESA_SDK_version                             math_backend                                     date                                     msun                                     rsun                                     lsun 
                                      80                                      949                  1.2000000000000000E+001                  2.0000000000000000E-002                  1.4326532425874401E+007                  1.9491722008477757E+005                  2.3735512104339519E+004                  1.9687980241533747E+004                  8.2976771059678409E+000                 -5.9180106227710123E+000                  2.4662313570645006E-001                  4.2641667775465359E-009                  7.3394517048313612E-001                  1.5875197095617963E-004                  1.2660806773328622E-002                  4.4988454847639999E-004                  2.0850244238749286E-003                  1.1858657264210816E+001                 -3.7851734794313890E-008                  6.2907723858986220E+000                  1.9055264864226764E-004                  5.3323126700968766E+000                  1.8760955331817507E-002                  7.6122126816663596E-002                  6.7422607123394956E-002                  2.4725590030243851E-002                  0.0000000000000000E+000                  0.0000000000000000E+000                  0.0000000000000000E+000                  0.0000000000000000E+000                  6.9466288212182946E+004                  2.0271890298465121E+004                  6.0232980319605367E+006                  1.9710087503235321E+004                  1.9710087503235325E+004                  1.2680283086465232E-027                  1.3420267200978394E+003                  5.0000000000000000E+001                  1.0000000000000000E+003                  4.5211097968277400E+014                               "r24.03.1"                               "gfortran"                                  "9.2.0"                    "x86_64-linux-20.3.1"                                 "CRMATH"                               "20260317"                  1.9884098706980504E+033                  6.9570000000000000E+010                  3.8280000000000003E+033 

                                       1                                        2                                        3                                        4                                        5                                        6                                        7                                        8                                        9                                       10                                       11                                       12                                       13                                       14                                       15                                       16                                       17                                       18                                       19                                       20                                       21                                       22                                       23 
                                    zone                                     mass                                     logR                                     logT                                   logRho                                     logP                        x_mass_fraction_H                       y_mass_fraction_He                   z_mass_fraction_metals                                 velocity                                       cp                                   csound                                       pp                                      cno                                tri_alpha                                  opacity                        mlt_mixing_length                                 brunt_N2                brunt_N2_composition_term                              log_brunt_N                             log_lamb_Sl1                             log_lamb_Sl2                             log_lamb_Sl3 
                                       1                  1.1858657264210816E+001                  9.1895653077918793E-001                  4.3756784314676374E+000                 -9.2587330936224355E+000                  3.3926680115454086E+000                  6.9999999953586556E-001                  2.8000000046413470E-001                  1.9999999999999796E-002                  0.0000000000000000E+000                  2.0241256935467730E+009                  2.5630084947928321E+006                  8.0819128546769729E-029                  0.0000000000000000E+000                  0.0000000000000000E+000                  1.5291361976187594E+000                  1.8977588164331734E+009                  1.7993014946679232E-006                  0.0000000000000000E+000                 -2.8724480296390880E+000                 -2.9335905790736004E-004                  2.3826726830192371E-001                  3.8878226613391442E-001 
                                       2                  1.1858657264201328E+001                  9.1895038166472964E-001                  4.3764817119700590E+000                 -9.2531700233664917E+000                  3.3980127713733310E+000                  6.9999999953586556E-001                  2.8000000046413470E-001                  1.9999999999999796E-002                  0.0000000000000000E+000                  2.0083880035019214E+009                  2.5627674925870867E+006                  8.1861059297947104E-029                  0.0000000000000000E+000                  0.0000000000000000E+000                  1.5362101640878953E+000                  1.8973705802581398E+009                  1.7904086763039789E-006                  0.0000000000000000E+000                 -2.8735239131117800E+000                 -3.0141439717487221E-004                  2.3825921296265620E-001                  3.8877421079464686E-001 
                                       3                  1.1858657264183542E+001                  9.1893899813155600E-001                  4.3774205755741518E+000                 -9.2467688923946376E+000                  3.4041975473376760E+000                  6.9999999953586556E-001                  2.8000000046413465E-001                  1.9999999999999796E-002                  0.0000000000000000E+000                  1.9906951043298209E+009                  2.5625874970403872E+006                  8.3076585407982614E-029                  0.0000000000000000E+000                  0.0000000000000000E+000                  1.5443444906624164E+000                  1.8961230930250206E+009                  1.7573733138169126E-006                  0.0000000000000000E+000                 -2.8775679863811869E+000                 -3.3363198922974231E-004                  2.3822699537060138E-001                  3.8874199320259206E-001 
                                       4                  1.1858657264169349E+001                  9.1893004807898937E-001                  4.3785610230613159E+000                 -9.2391394323707754E+000                  3.4116195453986324E+000                  6.9999999953586556E-001                  2.8000000046413470E-001                  1.9999999999999796E-002                  0.0000000000000000E+000                  1.9701892497690649E+009                  2.5625134580946909E+006                  8.4548960873033294E-029                  0.0000000000000000E+000                  0.0000000000000000E+000                  1.5540264636379275E+000                  1.8952958828209813E+009                  1.7316948423364788E-006                  0.0000000000000000E+000                 -2.8807643182741449E+000                 -3.4278753391047984E-004                  2.3821783982592068E-001                  3.8873283765791133E-001 
                                       5                  1.1858657264144560E+001                  9.1891468662286124E-001                  4.3802442758378222E+000                 -9.2281493546220581E+000                  3.4224052785941383E+000                  6.9999999953586556E-001                  2.8000000046413470E-001                  1.9999999999999796E-002                  0.0000000000000000E+000                  1.9417227309765332E+009                  2.5626695290049305E+006                  8.6715874657047898E-029                  0.0000000000000000E+000                  0.0000000000000000E+000                  1.5679516935694782E+000                  1.8942023408172977E+009                  1.6882669932052585E-006                  0.0000000000000000E+000                 -2.8862794351032734E+000                 -3.2406961718175803E-004                  2.3823655774264935E-001                  3.8875155557463997E-001 
                                       6                  1.1858657264111510E+001                  9.1889471404859591E-001                  4.3821177275651975E+000                 -9.2162699251753590E+000                  3.4341883914043265E+000                  6.9999999953586556E-001                  2.8000000046413470E-001                  1.9999999999999796E-002                  0.0000000000000000E+000                  1.9123263249020643E+009                  2.5631834945196151E+006                  8.9120644729032757E-029                  0.0000000000000000E+000                  0.0000000000000000E+000                  1.5829761779261387E+000                  1.8933075239613509E+009                  1.6328614339784944E-006                  0.0000000000000000E+000                 -2.8935253341509077E+000                 -2.4458644775952301E-004                  2.3831604091207156E-001                  3.8883103874406216E-001 
                                       7                  1.1858657264079719E+001                  9.1887602022461412E-001                  4.3839407994575161E+000                 -9.2050458995220463E+000                  3.4454416480475238E+000                  6.9999999953586556E-001                  2.8000000046413470E-001                  1.9999999999999796E-002                  0.0000000000000000E+000                  1.8858288786233561E+009                  2.5640013128238195E+006                  9.1453980903084445E-029                  0.0000000000000000E+000                  0.0000000000000000E+000                  1.5971402353193531E+000                  1.8930060964157162E+009                  1.5821297115609448E-006                  0.0000000000000000E+000                 -2.9003789567826819E+000                 -1.1391807744199055E-004                  2.3844670928238917E-001                  3.8896170711437972E-001 
                                       8                  1.1858657264047931E+001                  9.1885780101665471E-001                  4.3858972196964414E+000                 -9.1933453318451193E+000                  3.4572977159189171E+000                  6.9999999953586556E-001                  2.8000000046413470E-001                  1.9999999999999796E-002                  0.0000000000000000E+000                  1.8594895000807209E+009                  2.5651982620057161E+006                  9.3951445590851066E-029                  0.0000000000000000E+000                  0.0000000000000000E+000                  1.6118710085419024E+000                  1.8932280100272429E+009                  1.5338066021148012E-006                  0.0000000000000000E+000                 -2.9071146985929284E+000                  6.7263949943541712E-005                  2.3862789130977466E-001                  3.8914288914176526E-001 
                                       9                  1.1858657264010944E+001                  9.1883716203246524E-001                  4.3885016804099166E+000                 -9.1782852298642315E+000                  3.4727476405528503E+000                  6.9999999953586556E-001                  2.8000000046413470E-001                  1.9999999999999796E-002                  0.0000000000000000E+000                  1.8274615433808565E+009                  2.5672597882905346E+006                  9.7266646010211370E-029                  0.0000000000000000E+000                  0.0000000000000000E+000                  1.6307759215572564E+000                  1.8941023784162941E+009                  1.4804453416629984E-006                  0.0000000000000000E+000                 -2.9148038111087513E+000                  3.3648727029184902E-004                  2.3889711463012292E-001                  3.8941211246211355E-001 
                                      10                  1.1858657263955459E+001                  9.1880725348674375E-001                  4.3915830745212272E+000                 -9.1611317026837522E+000                  3.4905948781822449E+000                  6.9999999953586556E-001                  2.8000000046413470E-001                  1.9999999999999796E-002                  0.0000000000000000E+000                  1.7933816045173078E+009                  2.5702910554620144E+006                  1.0118541080552272E-028                  0.0000000000000000E+000                  0.0000000000000000E+000                  1.6522734177439979E+000                  1.8963918102994692E+009                  1.4054808702158026E-006                  0.0000000000000000E+000                 -2.9260875305658920E+000                  8.3200986459641896E-004                  2.3939263722442750E-001                  3.8990763505641812E-001 
                                      11                  1.1858657263899975E+001                  9.1877849740124795E-001                  4.3939677182894297E+000                 -9.1483021239090618E+000                  3.5041145841529846E+000                  6.9999999953586556E-001                  2.8000000046413470E-001                  1.9999999999999796E-002                  0.0000000000000000E+000                  1.7694827023568761E+009                  2.5730252658466003E+006                  1.0421921707584809E-028                  0.0000000000000000E+000                  0.0000000000000000E+000                  1.6683454124386994E+000                  1.8995675268451869E+009                  1.3358269946691267E-006                  0.0000000000000000E+000                 -2.9371248922347943E+000                  1.4110405112389320E-003                  2.3997166787107002E-001                  3.9048666570306062E-001 
                                      12                  1.1858657263868333E+001                  9.1876257282408680E-001                  4.3956832514451634E+000                 -9.1393161219703405E+000                  3.5136787436062917E+000                  6.9999999953586556E-001                  2.8000000046413470E-001                  1.9999999999999796E-002                  0.0000000000000000E+000                  1.7535777252456574E+009                  2.5751984552467666E+006                  1.0639814126943466E-028                  0.0000000000000000E+000                  0.0000000000000000E+000                  1.6795816942519208E+000                  1.9017826027922928E+009                  1.2983825577866506E-006                  0.0000000000000000E+000                 -2.9432986636842156E+000                  1.7779689617488507E-003                  2.4033859632158006E-001                  3.9085359415357063E-001 
                                      13                  1.1858657263836690E+001                  9.1874697265898264E-001                  4.3973834272627812E+000                 -9.1305892196541567E+000                  3.5230381391774230E+000                  6.9999999953586556E-001                  2.8000000046413470E-001                  1.9999999999999796E-002                  0.0000000000000000E+000                  1.7387488142718146E+009                  2.5775018215411487E+006                  1.0855783459210080E-028                  0.0000000000000000E+000                  0.0000000000000000E+000                  1.6904941749147273E+000                  1.9042992700577502E+009                  1.2625323447727676E-006                  0.0000000000000000E+000                 -2.9493787434456826E+000                  2.1710388681819700E-003                  2.4073166622801309E-001                  3.9124666406000375E-001 
                                      14                  1.1858657263805048E+001                  9.1873168121036086E-001                  4.3999081188893037E+000                 -9.1179641054103691E+000                  3.5367114703187736E+000                  6.9999999953586556E-001                  2.8000000046413470E-001                  1.9999999999999796E-002                  0.0000000000000000E+000                  1.7184075843196888E+009                  2.5811956355459201E+006                  1.1176005855971424E-028                  0.0000000000000000E+000                  0.0000000000000000E+000                  1.7062623334429856E+000                  1.9071026332592633E+009                  1.2281851748365142E-006                  0.0000000000000000E+000                 -2.9553680745995248E+000                  2.5878385018292070E-003                  2.4114846586166030E-001                  3.9166346369365096E-001 
                                      15                  1.1858657263741765E+001                  9.1870196995412912E-001                  4.4032161724393708E+000                 -9.1019044048789812E+000                  3.5543023698192360E+000                  6.9999999953586556E-001                  2.8000000046413470E-001                  1.9999999999999796E-002                  0.0000000000000000E+000                  1.6941924528209026E+009                  2.5864281240037358E+006                  1.1597029285627077E-028                  0.0000000000000000E+000                  0.0000000000000000E+000                  1.7264018263974821E+000                  1.9133164021576905E+009                  1.1633883804062636E-006                  0.0000000000000000E+000                 -2.9671376390631532E+000                  3.4720468513138010E-003                  2.4203267421114494E-001                  3.9254767204313551E-001 
                                      16                  1.1858657263678481E+001                  9.1867333154832220E-001                  4.4056540333463765E+000                 -9.0903929269555750E+000                  3.5670465074058595E+000                  6.9999999953586556E-001                  2.8000000046413470E-001                  1.9999999999999796E-002                  0.0000000000000000E+000                  1.6779437390968611E+009                  2.5905407133724261E+006                  1.1908540743705322E-028                  0.0000000000000000E+000                  0.0000000000000000E+000                  1.7409043847084316E+000                  1.9200373427502723E+009                  1.1030440422872921E-006                  0.0000000000000000E+000                 -2.9787035733626430E+000                  4.4003357739477670E-003                  2.4296096313377885E-001                  3.9347596096576948E-001 
                                      17                  1.1858657263646839E+001                  9.1865938485525211E-001                  4.4078930556084188E+000                 -9.0801036223966900E+000                  3.5785560375270911E+000                  6.9999999953586556E-001                  2.8000000046413470E-001                  1.9999999999999796E-002                  0.0000000000000000E+000                  1.6643302096076536E+009                  2.5945337901522331E+006                  1.2194054638168242E-028                  0.0000000000000000E+000                  0.0000000000000000E+000                  1.7538487473252031E+000                  1.9236681582851570E+009                  1.0745500763140457E-006                  0.0000000000000000E+000                 -2.9843866703281914E+000                  4.8844031250253007E-003                  2.4344503048485641E-001                  3.9396002831684701E-001 
                                      18                  1.1858657263590334E+001                  9.1863505994095063E-001                  4.4107181012045231E+000                 -9.0674061385847029E+000                  3.5928823814183644E+000                  6.9999999953586556E-001                  2.8000000046413465E-001                  1.9999999999999796E-002                  0.0000000000000000E+000                  1.6485004849469321E+009                  2.5997858013128084E+006                  1.2555845905459378E-028                  0.0000000000000000E+000                  0.0000000000000000E+000                  1.7699046932591704E+000                  1.9305618918954289E+009                  1.0262264480397617E-006                  0.0000000000000000E+000                 -2.9943783984216306E+000                  5.7767375103460021E-003                  2.4433736487017718E-001                  3.9485236270216778E-001 
                                      19                  1.1858657263533832E+001                  9.1861143200611983E-001                  4.4139576741911322E+000                 -9.0532594453772326E+000                  3.6090236462734522E+000                  6.9999999953586556E-001                  2.8000000046413470E-001                  1.9999999999999796E-002                  0.0000000000000000E+000                  1.6322252333459206E+009                  2.6061097388042216E+006                  1.2971585835157295E-028                  0.0000000000000000E+000                  0.0000000000000000E+000                  1.7878580506840172E+000                  1.9378052369839156E+009                  9.8075197958270739E-007                  0.0000000000000000E+000                 -3.0042204033014928E+000                  6.6917748408748361E-003                  2.4525240220070599E-001                  3.9576740003269656E-001 
                                      20                  1.1858657263458491E+001                  9.1858093206511726E-001                  4.4166778629519694E+000                 -9.0416355096033136E+000                  3.6224007294638403E+000                  6.9999999953586556E-001                  2.8000000046413470E-001                  1.9999999999999796E-002                  0.0000000000000000E+000                  1.6197408422721405E+009                  2.6115993980020531E+006                  1.3323469929352737E-028                  0.0000000000000000E+000                  0.0000000000000000E+000                  1.8027634600589046E+000                  1.9478330525355492E+009                  9.2400538959932772E-007                  0.0000000000000000E+000                 -3.0171627477955627E+000                  7.9343472670860664E-003                  2.4649497462691708E-001                  3.9700997245890773E-001 
                                      21                  1.1858657263420826E+001                  9.1856608252196703E-001                  4.4184695583669580E+000                 -9.0341434212929137E+000                  3.6310964005364648E+000                  6.9999999953586556E-001                  2.8000000046413470E-001                  1.9999999999999796E-002                  0.0000000000000000E+000                  1.6122293210331316E+009                  2.6153287388234450E+006                  1.3555316231325338E-028                  0.0000000000000000E+000                  0.0000000000000000E+000                  1.8123966025895764E+000                  1.9530018473406975E+009                  8.9717014028723910E-007                  0.0000000000000000E+000                 -3.0235625945420161E+000                  8.5635771088233593E-003                  2.4712420446865443E-001                  3.9763920230064509E-001 
                                      22                  1.1858657263383154E+001                  9.1855148546932552E-001                  4.4211248959846428E+000                 -9.0232667479885684E+000                  3.6438236051680604E+000                  6.9999999953586556E-001                  2.8000000046413470E-001                  1.9999999999999796E-002                  0.0000000000000000E+000                  1.6020666797729697E+009                  2.6210086563734543E+006                  1.3899099012584398E-028                  0.0000000000000000E+000                  0.0000000000000000E+000                  1.8264319030267671E+000                  1.9583833716390567E+009                  8.7140880224702264E-007                  0.0000000000000000E+000                 -3.0298890287482139E+000                  9.2022103198835664E-003                  2.4776283767971463E-001                  3.9827783551170526E-001 
                                      23                  1.1858657263307817E+001                  9.1852300919906316E-001                  4.4245921234017258E+000                 -9.0093559237352068E+000                  3.6602372465060169E+000                  6.9999999953586556E-001                  2.8000000046413470E-001                  1.9999999999999796E-002                  0.0000000000000000E+000                  1.5900903095159438E+009                  2.6286097096550660E+006                  1.4351519662525270E-028                  0.0000000000000000E+000                  0.0000000000000000E+000                  1.8446243136728109E+000                  1.9694115186048977E+009                  8.2249345109052879E-007                  0.0000000000000000E+000                 -3.0424337756656312E+000                  1.0487853696801271E-002                  2.4904848105663235E-001                  3.9956347888862304E-001 
                                      24                  1.1858657263232478E+001                  9.1849542525444694E-001                  4.4271394631068057E+000                 -8.9993346375026810E+000                  3.6721557758893102E+000                  6.9999999953586556E-001                  2.8000000046413470E-001                  1.9999999999999796E-002                  0.0000000000000000E+000                  1.5821731744851007E+009                  2.6343117167311767E+006                  1.4686539626861212E-028                  0.0000000000000000E+000                  0.0000000000000000E+000                  1.8579266748588399E+000                  1.9805522521315403E+009                  7.7652691768674712E-007                  0.0000000000000000E+000                 -3.0549217426011936E+000                  1.1771405641158372E-002                  2.5033203300098944E-001                  4.0084703083298018E-001 
                                      25                  1.1858657263194811E+001                  9.1848194597473254E-001                  4.4296547651335922E+000                 -8.9896731746721130E+000                  3.6837573587896024E+000                  6.9999999953586556E-001                  2.8000000046413470E-001                  1.9999999999999796E-002                  0.0000000000000000E+000                  1.5753253719962862E+009                  2.6400816323708748E+006                  1.5016932944610707E-028                  0.0000000000000000E+000                  0.0000000000000000E+000                  1.8708458352103872E+000                  1.9862708091422288E+009                  7.5463431908717030E-007                  0.0000000000000000E+000                 -3.0611317239703322E+000                  1.2415305404779286E-002                  2.5097593276461044E-001                  4.0149093059660107E-001 
                                      26                  1.1858657263119470E+001                  9.1845557689395818E-001                  4.4329412830544301E+000                 -8.9772649233101447E+000                  3.6987628166399555E+000                  6.9999999953586556E-001                  2.8000000046413470E-001                  1.9999999999999796E-002                  0.0000000000000000E+000                  1.5673416148192344E+009                  2.6477268360228054E+006                  1.5452184304211589E-028                  0.0000000000000000E+000                  0.0000000000000000E+000                  1.8878039840498788E+000                  1.9979638796664999E+009                  7.1274917557844817E-007                  0.0000000000000000E+000                 -3.0735316381786215E+000                  1.3703269584625258E-002                  2.5226389694445633E-001                  4.0277889477644696E-001 
                                      27                  1.1858657263044133E+001                  9.1842994594184224E-001                  4.4368649791478942E+000                 -8.9628406398623710E+000                  3.7163981221886897E+000                  6.9999999953586556E-001                  2.8000000046413470E-001                  1.9999999999999796E-002                  0.0000000000000000E+000                  1.5594783539060996E+009                  2.6570462332436936E+006                  1.5974034548772602E-028                  0.0000000000000000E+000                  0.0000000000000000E+000                  1.9080538955943214E+000                  2.0098295832100170E+009                  6.7296405962180299E-007                  0.0000000000000000E+000                 -3.0860040645631384E+000                  1.4982388763034340E-002                  2.5354301612286545E-001                  4.0405801395485608E-001 
                                      28                  1.1858657262935647E+001                  9.1839423552172783E-001                  4.4413662978255930E+000                 -8.9466987225443102E+000                  3.7363384532283699E+000                  6.9999999953586556E-001                  2.8000000046413470E-001                  1.9999999999999796E-002                  0.0000000000000000E+000                  1.5522779412203522E+009                  2.6678913293889989E+006                  1.6578951328189384E-028                  0.0000000000000000E+000                  0.0000000000000000E+000                  1.9317345342220873E+000                  2.0271819608890810E+009                  6.1876877630175330E-007                  0.0000000000000000E+000                 -3.1042358046792731E+000                  1.6803414766538901E-002                  2.5536404212636998E-001                  4.0587903995836067E-001 
                                      29                  1.1858657262827160E+001                  9.1835981969301550E-001                  4.4450157491779310E+000                 -8.9339129622203330E+000                  3.7522883330792394E+000                  6.9999999953586556E-001                  2.8000000046413470E-001                  1.9999999999999796E-002                  0.0000000000000000E+000                  1.5478218187456224E+009                  2.6767716700269966E+006                  1.7074312885065473E-028                  0.0000000000000000E+000                  0.0000000000000000E+000                  1.9514436069962786E+000                  2.0445944396669855E+009                  5.6747158516531681E-007                  0.0000000000000000E+000                 -3.1230279399439489E+000                  1.8587932366676198E-002                  2.5714855972650730E-001                  4.0766355755849798E-001 
                                      30                  1.1858657262754836E+001                  9.1833753707268528E-001                  4.4478798332849152E+000                 -8.9241053612881789E+000                  3.7646419617893327E+000                  6.9999999953586556E-001                  2.8000000046413470E-001                  1.9999999999999796E-002                  0.0000000000000000E+000                  1.5453421457322795E+009                  2.6838062509283731E+006                  1.7464299147925063E-028                  0.0000000000000000E+000                  0.0000000000000000E+000                  1.9671913392137106E+000                  2.0563283987743628E+009                  5.3459359894078160E-007                  0.0000000000000000E+000                 -3.1359881228284050E+000                  1.9757206645459002E-002                  2.5831783400529001E-001                  4.0883283183728075E-001 
                                      31                  1.1858657262682510E+001                  9.1831574870146115E-001                  4.4520928109560538E+000                 -8.9100552000125255E+000                  3.7825410336443070E+000                  6.9999999953586556E-001                  2.8000000046413470E-001                  1.9999999999999796E-002                  0.0000000000000000E+000                  1.5434050357206903E+009                  2.6942427459883592E+006                  1.8038557107001415E-028                  0.0000000000000000E+000                  0.0000000000000000E+000                  1.9908600804983458E+000                  2.0683322040702338E+009                  5.0254825502036392E-007                  0.0000000000000000E+000                 -3.1494111153289714E+000                  2.0911118741545640E-002                  2.5947174610137669E-001                  4.0998674393336731E-001 
                                      32                  1.1858657262537863E+001                  9.1827354985492482E-001                  4.4561757486139912E+000                 -8.8966471249657566E+000                  3.7997380702788308E+000                  6.9999999953586556E-001                  2.8000000046413470E-001                  1.9999999999999796E-002                  0.0000000000000000E+000                  1.5427611587552102E+009                  2.7042769008938861E+006                  1.8604171262875592E-028                  0.0000000000000000E+000                  0.0000000000000000E+000                  2.0150085747882769E+000                  2.0923081637082491E+009                  4.4050839693878660E-007                  0.0000000000000000E+000                 -3.1780229043417183E+000                  2.3153255933456872E-002                  2.6171388329328787E-001                  4.1222888112527856E-001 
                                      33                  1.1858657262465538E+001                  9.1825308745810619E-001                  4.4588485838124923E+000                 -8.8880877229092743E+000                  3.8108377993123335E+000                  6.9999999953586556E-001                  2.8000000046413470E-001                  1.9999999999999796E-002                  0.0000000000000000E+000                  1.5433902811170080E+009                  2.7108606796350931E+006                  1.8974486301709217E-028                  0.0000000000000000E+000                  0.0000000000000000E+000                  2.0311220994340178E+000                  2.1042762723193917E+009                  4.1037457271492180E-007                  0.0000000000000000E+000                 -3.1934097782265169E+000                  2.4239538065452926E-002                  2.6280016542528395E-001                  4.1331516325727463E-001 
                                      34                  1.1858657262393212E+001                  9.1823302159279452E-001                  4.4627870632091087E+000                 -8.8757754723464402E+000                  3.8269758780274299E+000                  6.9999999953586556E-001                  2.8000000046413470E-001                  1.9999999999999796E-002                  0.0000000000000000E+000                  1.5458242821396964E+009                  2.7205507161181876E+006                  1.9520130139215840E-028                  0.0000000000000000E+000                  0.0000000000000000E+000                  2.0552839721745686E+000                  2.1165166593877215E+009                  3.8073867509736248E-007                  0.0000000000000000E+000                 -3.2096865028480539E+000                  2.5304460112640655E-002                  2.6386508747247173E-001                  4.1438008530446241E-001 
                                      35                  1.1858657262248563E+001                  9.1819400365943504E-001                  4.4666145394522374E+000                 -8.8639753305992883E+000                  3.8425411941672758E+000                  6.9999999953586556E-001                  2.8000000046413470E-001                  1.9999999999999796E-002                  0.0000000000000000E+000                  1.5493785086556404E+009                  2.7298004743258054E+006                  2.0057798749431145E-028                  0.0000000000000000E+000                  0.0000000000000000E+000                  2.0796921587615484E+000                  2.1409303815390599E+009                  3.2298862281526846E-007                  0.0000000000000000E+000                 -3.2454063876511219E+000                  2.7359223555396380E-002                  2.6591985091522752E-001                  4.1643484874721809E-001 
                                      36                  1.1858657262176239E+001                  9.1817501382676703E-001                  4.4691237401040116E+000                 -8.8564155115593390E+000                  3.8526182797506685E+000                  6.9999999953586556E-001                  2.8000000046413470E-001                  1.9999999999999796E-002                  0.0000000000000000E+000                  1.5526969370870261E+009                  2.7358167649213145E+006                  2.0410016695195782E-028                  0.0000000000000000E+000                  0.0000000000000000E+000                  2.0958983231632891E+000                  2.1531030428935986E+009                  2.9479156620755634E-007                  0.0000000000000000E+000                 -3.2652424727570928E+000                  2.8347331120180525E-002                  2.6690795848001159E-001                  4.1742295631200232E-001 
                                      37                  1.1858657262103915E+001                  9.1815634926486867E-001                  4.4715954883374991E+000                 -8.8490750782041516E+000                  3.8624685099722660E+000                  6.9999999953586556E-001                  2.8000000046413470E-001                  1.9999999999999796E-002                  0.0000000000000000E+000                  1.5566620984546368E+009                  2.7416732947605513E+006                  2.0757930767490919E-028                  0.0000000000000000E+000                  0.0000000000000000E+000                  2.1120829651408588E+000                  2.1654125878615003E+009                  2.6696841438622291E-007                  0.0000000000000000E+000                 -3.2867700589604278E+000                  2.9308379281509717E-002                  2.6786900664134089E-001                  4.1838400447333146E-001 
                                      38                  1.1858657262031590E+001                  9.1813799517325734E-001                  4.4752435745347059E+000                 -8.8384736510591786E+000                  3.8768396058842427E+000                  6.9999999953586556E-001                  2.8000000046413470E-001                  1.9999999999999796E-002                  0.0000000000000000E+000                  1.5639737148113184E+009                  2.7501942455648552E+006                  2.1270900407646645E-028                  0.0000000000000000E+000                  0.0000000000000000E+000                  2.1362059293645430E+000                  2.1778460947787971E+009                  2.3948369816428288E-007                  0.0000000000000000E+000                 -3.3103620219978924E+000                  3.0240519993743775E-002                  2.6880114735357491E-001                  4.1931614518556548E-001 
                                      39                  1.1858657261886941E+001                  9.1810216550901735E-001                  4.4799759821285443E+000                 -8.8249846764552746E+000                  3.8952959366018467E+000                  6.9999999953586556E-001                  2.8000000046413470E-001                  1.9999999999999796E-002                  0.0000000000000000E+000                  1.5756663623386588E+009                  2.7608746494203713E+006                  2.1941956474801219E-028                  0.0000000000000000E+000                  0.0000000000000000E+000                  2.1682796798229305E+000                  2.2027934916810927E+009                  1.8549922072949888E-007                  0.0000000000000000E+000                 -3.3658289552443850E+000                  3.2016805205658860E-002                  2.7057743256548999E-001                  4.2109243039748057E-001 
                                      40                  1.1858657261742293E+001                  9.1806742312455125E-001                  4.4834321925699125E+000                 -8.8153182477426668E+000                  3.9086452327181980E+000                  6.9999999953586556E-001                  2.8000000046413470E-001                  1.9999999999999796E-002                  0.0000000000000000E+000                  1.5858807677760785E+009                  2.7683667872253270E+006                  2.2435830038503556E-028                  0.0000000000000000E+000                  0.0000000000000000E+000                  2.1922418242776529E+000                  2.2275073415717330E+009                  1.3272911018043938E-007                  0.0000000000000000E+000                 -3.4385169085592495E+000                  3.3677373796580458E-002                  2.7223800115641161E-001                  4.2275299898840224E-001 
                                      41                  1.1858657261669968E+001                  9.1805043126930463E-001                  4.4857021112661082E+000                 -8.8090955501223664E+000                  3.9173234632608289E+000                  6.9999999953586556E-001                  2.8000000046413470E-001                  1.9999999999999796E-002                  0.0000000000000000E+000                  1.5935640863503265E+009                  2.7731624006012348E+006                  2.2759623584290760E-028                  0.0000000000000000E+000                  0.0000000000000000E+000                  2.2080900171893094E+000                  2.2399044452179666E+009                  1.0667496476266842E-007                  0.0000000000000000E+000                 -3.4859687459633206E+000                  3.4462324235306617E-002                  2.7302295159513773E-001                  4.2353794942712836E-001 
                                      42                  1.1858657261597642E+001                  9.1803367919008638E-001                  4.4890571402031343E+000                 -8.8000749172083523E+000                  3.9300260101566273E+000                  6.9999999953586556E-001                  2.8000000046413470E-001                  1.9999999999999796E-002                  0.0000000000000000E+000                  1.6064034240359218E+009                  2.7800520632213098E+006                  2.3237320781359947E-028                  0.0000000000000000E+000                  0.0000000000000000E+000                  2.2316751965368029E+000                  2.2524806866667585E+009                  8.0735617546673651E-008                  0.0000000000000000E+000                 -3.5464674142287191E+000                  3.5214256027910375E-002                  2.7377488338774142E-001                  4.2428988121973216E-001 
                                      43                  1.1858657261452997E+001                  9.1800085814242649E-001                  4.4934197805792087E+000                 -8.7885426786970502E+000                  3.9464095415187477E+000                  6.9999999953586556E-001                  2.8000000046413470E-001                  1.9999999999999796E-002                  0.0000000000000000E+000                  1.6254938635897551E+009                  2.7885487039638585E+006                  2.3862653685409299E-028                  0.0000000000000000E+000                  0.0000000000000000E+000                  2.2629636808480393E+000                  2.2776873872771335E+009                  2.9317551588382018E-008                  0.0000000000000000E+000                 -3.7664361509863817E+000                  3.6628355198031565E-002                  2.7518898255786262E-001                  4.2570398038985324E-001 
                                      44                  1.1858657261308347E+001                  9.1796889000120396E-001                  4.4976720844400653E+000                 -8.7775621026176633E+000                  3.9622019812615701E+000                  6.9999999953586556E-001                  2.8000000046413470E-001                  1.9999999999999796E-002                  0.0000000000000000E+000                  1.6470936569364119E+009                  2.7963206374769220E+006                  2.4473706380738053E-028                  0.0000000000000000E+000                  0.0000000000000000E+000                  2.2939498153960707E+000                  2.3028192956627812E+009                 -2.1552764627718758E-008                  0.0000000000000000E+000                 -9.8999999999999986E+001                  3.7927257660045906E-002                  2.7648788501987703E-001                  4.2700288285186766E-001 
                                      45                  1.1858657261163698E+001                  9.1793771320196049E-001                  4.5018195781930466E+000                 -8.7670920907473437E+000                  3.9774445467737420E+000                  6.9999999953586556E-001                  2.8000000046413470E-001                  1.9999999999999796E-002                  0.0000000000000000E+000                  1.6712112310649755E+009                  2.8033716007550899E+006                  2.5070914345034650E-028                  0.0000000000000000E+000                  0.0000000000000000E+000                  2.3246068670518860E+000                  2.3280266932573190E+009                 -7.2082961283161687E-008                  0.0000000000000000E+000                 -9.8999999999999986E+001                  3.9109575879609747E-002                  2.7767020323944080E-001                  4.2818520107143143E-001 
                                      46                  1.1858657261019051E+001                  9.1790727255062032E-001                  4.5058672911438764E+000                 -8.7570962525770675E+000                  3.9921742892330454E+000                  6.9999999953586556E-001                  2.8000000046413470E-001                  1.9999999999999796E-002                  0.0000000000000000E+000                  1.6978046486148295E+009                  2.8097581208343552E+006                  2.5654668843156482E-028                  0.0000000000000000E+000                  0.0000000000000000E+000                  2.3548786825490833E+000                  2.3533074668039398E+009                 -1.2230949417745531E-007                  0.0000000000000000E+000                 -9.8999999999999986E+001                  4.0180936949995270E-002                  2.7874156430982638E-001                  4.2925656214181707E-001 
                                      47                  1.1858657260874402E+001                  9.1787751834259967E-001                  4.5098197637816053E+000                 -8.7475421983398096E+000                  4.0064246368411247E+000                  6.9999999953586556E-001                  2.8000000046413470E-001                  1.9999999999999796E-002                  0.0000000000000000E+000                  1.7267854289196558E+009                  2.8155902998527554E+006                  2.6225323592228388E-028                  0.0000000000000000E+000                  0.0000000000000000E+000                  2.3846799493211583E+000                  2.3786620878239975E+009                 -1.7209842501915699E-007                  0.0000000000000000E+000                 -9.8999999999999986E+001                  4.1155038892259771E-002                  2.7971566625209088E-001                  4.3023066408408156E-001 
                                      48                  1.1858657260729755E+001                  9.1784840563213865E-001                  4.5136810846715889E+000                 -8.7384004499363837E+000                  4.0202258523085801E+000                  6.9999999953586556E-001                  2.8000000046413470E-001                  1.9999999999999796E-002                  0.0000000000000000E+000                  1.7580702876304359E+009                  2.8209693219757173E+006                  2.6783231776677407E-028                  0.0000000000000000E+000                  0.0000000000000000E+000                  2.4139291846105442E+000                  2.4040915284796696E+009                 -2.2124466694728446E-007                  0.0000000000000000E+000                 -9.8999999999999986E+001                  4.2048830017999299E-002                  2.8060945737783044E-001                  4.3112445520982107E-001 
                                      49                  1.1858657260585106E+001                  9.1781989365528505E-001                  4.5174549501506229E+000                 -8.7296440550975589E+000                  4.0336054203324254E+000                  6.9999999953586556E-001                  2.8000000046413470E-001                  1.9999999999999796E-002                  0.0000000000000000E+000                  1.7915811303091803E+009                  2.8259858364014383E+006                  2.7328748122344796E-028                  0.0000000000000000E+000                  0.0000000000000000E+000                  2.4425505666956928E+000                  2.4295955359555635E+009                 -2.6956904536220286E-007                  0.0000000000000000E+000                 -9.8999999999999986E+001                  4.2877575880273563E-002                  2.8143820324010466E-001                  4.3195320107209534E-001 
                                      50                  1.1858657260440458E+001                  9.1779194534054631E-001                  4.5211447167454271E+000                 -8.7212482898192398E+000                  4.0465883775406617E+000                  6.9999999953586556E-001                  2.8000000046413470E-001                  1.9999999999999796E-002                  0.0000000000000000E+000                  1.8272406716176817E+009                  2.8307220507489853E+006                  2.7862228860262361E-028                  0.0000000000000000E+000                  0.0000000000000000E+000                  2.4704739483296390E+000                  2.4551726528911343E+009                 -3.1691767559883730E-007                  0.0000000000000000E+000                 -9.8999999999999986E+001                  4.3654937429230538E-002                  2.8221556478906162E-001                  4.3273056262105225E-001 
                                      51                  1.1858657260295811E+001                  9.1776452688988919E-001                  4.5247534465311388E+000                 -8.7131902431958590E+000                  4.0591975948601924E+000                  6.9999999953586556E-001                  2.8000000046413470E-001                  1.9999999999999796E-002                  0.0000000000000000E+000                  1.8648278832025213E+009                  2.8352818349204990E+006                  2.8384042134702169E-028                  0.0000000000000000E+000                  0.0000000000000000E+000                  2.4976354829544456E+000                  2.4808198544965034E+009                 -3.6310359301385367E-007                  0.0000000000000000E+000                 -9.8999999999999986E+001                  4.4395471580207756E-002                  2.8295609894003881E-001                  4.3347109677202950E-001 
                                      52                  1.1858657260151162E+001                  9.1773760742822563E-001                  4.5300381888346219E+000                 -8.7017379984602936E+000                  4.0774549167018383E+000                  6.9999999953586556E-001                  2.8000000046413470E-001                  1.9999999999999796E-002                  0.0000000000000000E+000                  1.9244610660411317E+009                  2.8421836153351883E+006                  2.9142511579818549E-028                  0.0000000000000000E+000                  0.0000000000000000E+000                  2.5367089028684089E+000                  2.5067457353343358E+009                 -4.0768388979648925E-007                  0.0000000000000000E+000                 -9.8999999999999986E+001                  4.5124004810191437E-002                  2.8368463217002254E-001                  4.3419963000201317E-001 
                                      53                  1.1858657259861863E+001                  9.1768515529240002E-001                  4.5351208481786101E+000                 -8.6908377959524632E+000                  4.0949838802497656E+000                  6.9999999953586556E-001                  2.8000000046413470E-001                  1.9999999999999796E-002                  0.0000000000000000E+000                  1.9850179029977465E+009                  2.8492760758540155E+006                  2.9883237935434841E-028                  0.0000000000000000E+000                  0.0000000000000000E+000                  2.5744932902096389E+000                  2.5583337123493743E+009                 -4.9160890351553801E-007                  0.0000000000000000E+000                 -9.8999999999999986E+001                  4.6602001992535898E-002                  2.8516262935236703E-001                  4.3567762718435765E-001 
                                      54                  1.1858657259717218E+001                  9.1765957237707640E-001                  4.5384324481662830E+000                 -8.6839350775088118E+000                  4.1062913723926799E+000                  6.9999999953586556E-001                  2.8000000046413470E-001                  1.9999999999999796E-002                  0.0000000000000000E+000                  2.0263765316748898E+009                  2.8544562207919629E+006                  3.0362020804992254E-028                  0.0000000000000000E+000                  0.0000000000000000E+000                  2.5987528517185012E+000                  2.5840037815215888E+009                 -5.3065104408030024E-007                  0.0000000000000000E+000                 -9.8999999999999986E+001                  4.7382691886410172E-002                  2.8594331924624133E-001                  4.3645831707823202E-001 
                                      55                  1.1858657259572567E+001                  9.1763438844929801E-001                  4.5416760972276586E+000                 -8.6772806421837778E+000                  4.1173144372121824E+000                  6.9999999953586556E-001                  2.8000000046413470E-001                  1.9999999999999796E-002                  0.0000000000000000E+000                  2.0678831536997497E+009                  2.8600731942347824E+006                  3.0830843204499939E-028                  0.0000000000000000E+000                  0.0000000000000000E+000                  2.6224247663788298E+000                  2.6099285577358465E+009                 -5.6718719420804651E-007                  0.0000000000000000E+000                 -9.8999999999999986E+001                  4.8229214551947945E-002                  2.8678984191177898E-001                  4.3730483974376966E-001 
                                      56                  1.1858657259427918E+001                  9.1760958317615116E-001                  4.5448541871792374E+000                 -8.6708599025036310E+000                  4.1280670573808145E+000                  6.9999999953586556E-001                  2.8000000046413470E-001                  1.9999999999999796E-002                  0.0000000000000000E+000                  2.1091194494340911E+009                  2.8662030935402736E+006                  3.1290062296840031E-028                  0.0000000000000000E+000                  0.0000000000000000E+000                  2.6455616560878044E+000                  2.6358970764971147E+009                 -6.0127409884271628E-007                  0.0000000000000000E+000                 -9.8999999999999986E+001                  4.9145845792509066E-002                  2.8770647315234010E-001                  4.3822147098433073E-001 
                                      57                  1.1858657259283271E+001                  9.1758513777603734E-001                  4.5495179351362527E+000                 -8.6616772673281268E+000                  4.1437161827567133E+000                  6.9999999953586556E-001                  2.8000000046413470E-001                  1.9999999999999796E-002                  0.0000000000000000E+000                  2.1698455046116681E+009                  2.8765660579295917E+006                  3.1958727231231157E-028                  0.0000000000000000E+000                  0.0000000000000000E+000                  2.6792133524773161E+000                  2.6620785328863010E+009                 -6.3246942111290347E-007                  0.0000000000000000E+000                 -9.8999999999999986E+001                  5.0158041292214711E-002                  2.8871866865204582E-001                  4.3923366648403650E-001 
                                      58                  1.1858657258993974E+001                  9.1753725790224250E-001                  4.5555072244835042E+000                 -8.6500692353143194E+000                  4.1637500061650101E+000                  6.9999999953586556E-001                  2.8000000046413470E-001                  1.9999999999999796E-002                  0.0000000000000000E+000                  2.2446847613500004E+009                  2.8925134658196121E+006                  3.2824493560731843E-028                  0.0000000000000000E+000                  0.0000000000000000E+000                  2.7227165100907214E+000                  2.7144662078355126E+009                 -6.8654384248178717E-007                  0.0000000000000000E+000                 -9.8999999999999986E+001                  5.2452398072093585E-002                  2.9101302543192470E-001                  4.4152802326391533E-001 
                                      59                  1.1858657258704676E+001                  9.1749062561329842E-001                  4.5598385882648111E+000                 -8.6417958818239331E+000                  4.1781973997953159E+000                  6.9999999953586556E-001                  2.8000000046413470E-001                  1.9999999999999796E-002                  0.0000000000000000E+000                  2.2946814801396689E+009                  2.9062301703643212E+006                  3.3455826845875555E-028                  0.0000000000000000E+000                  0.0000000000000000E+000                  2.7539326285908032E+000                  2.7661714729377546E+009                 -7.3003920266782747E-007                  0.0000000000000000E+000                 -9.8999999999999986E+001                  5.5068714437227162E-002                  2.9362934179705824E-001                  4.4414433962904892E-001 
                                      60                  1.1858657258560026E+001                  9.1746774394653097E-001                  4.5626678827422591E+000                 -8.6365099883629330E+000                  4.1875706678816780E+000                  6.9999999953586556E-001                  2.8000000046413470E-001                  1.9999999999999796E-002                  0.0000000000000000E+000                  2.3250449195120926E+009                  2.9163694042409328E+006                  3.3865532273141658E-028                  0.0000000000000000E+000                  0.0000000000000000E+000                  2.7737058550213689E+000                  2.7920073241023226E+009                 -7.4687722314776909E-007                  0.0000000000000000E+000                 -9.8999999999999986E+001                  5.6532310819658239E-002                  2.9509293817948928E-001                  4.4560793601147997E-001 
                                      61                  1.1858657258415381E+001                  9.1744513553768892E-001                  4.5668266102737523E+000                 -8.6288945793235978E+000                  4.2012646434086713E+000                  6.9999999953586556E-001                  2.8000000046413470E-001                  1.9999999999999796E-002                  0.0000000000000000E+000                  2.3657875031555953E+009                  2.9330277793923696E+006                  3.4464633944442123E-028                  0.0000000000000000E+000                  0.0000000000000000E+000                  2.8016075703613144E+000                  2.8181054819309936E+009                 -7.5941756977558887E-007                  0.0000000000000000E+000                 -9.8999999999999986E+001                  5.8136638071426182E-002                  2.9669726543125735E-001                  4.4721226326324798E-001 
                                      62                  1.1858657258126081E+001                  9.1740069440106975E-001                  4.5721783252866857E+000                 -8.6191492030997896E+000                  4.2188835048115259E+000                  6.9999999953586556E-001                  2.8000000046413470E-001                  1.9999999999999796E-002                  0.0000000000000000E+000                  2.4096688231372471E+009                  2.9573970213481337E+006                  3.5246784677741119E-028                  0.0000000000000000E+000                  0.0000000000000000E+000                  2.8357164565131918E+000                  2.8700285160561743E+009                 -7.7453135516287542E-007                  0.0000000000000000E+000                 -9.8999999999999986E+001                  6.1629052054736580E-002                  3.0018967941456776E-001                  4.5070467724655838E-001 
                                      63                  1.1858657257836784E+001                  9.1735722620215943E-001                  4.5773372100225513E+000                 -8.6098581769427156E+000                  4.2358220177602819E+000                  6.9999999953586556E-001                  2.8000000046413470E-001                  1.9999999999999796E-002                  0.0000000000000000E+000                  2.4421763791150622E+009                  2.9841159576718076E+006                  3.6008992807824529E-028                  0.0000000000000000E+000                  0.0000000000000000E+000                  2.8656798591276882E+000                  2.9211609382540627E+009                 -7.7792834373831945E-007                  0.0000000000000000E+000                 -9.8999999999999986E+001                  6.5422954411664055E-002                  3.0398358177149509E-001                  4.5449857960348578E-001 
                                      64                  1.1858657257547485E+001                  9.1731466541387296E-001                  4.5823108764731124E+000                 -8.6009520310719143E+000                  4.2521308866392884E+000                  6.9999999953586556E-001                  2.8000000046413470E-001                  1.9999999999999796E-002                  0.0000000000000000E+000                  2.4633903991840615E+009                  3.0128751048584143E+006                  3.6755094912625655E-028                  0.0000000000000000E+000                  0.0000000000000000E+000                  2.8913055081393821E+000                  2.9716075915175023E+009                 -7.6974180582213816E-007                  0.0000000000000000E+000                 -9.8999999999999986E+001                  6.9501866636414528E-002                  3.0806249399624569E-001                  4.5857749182823626E-001 
                                      65                  1.1858657257258189E+001                  9.1727295639999284E-001                  4.5871063461248962E+000                 -8.5923714944359428E+000                  4.2678553490792837E+000                  6.9999999953586556E-001                  2.8000000046413470E-001                  1.9999999999999796E-002                  0.0000000000000000E+000                  2.4745599355513802E+009                  3.0432557067030482E+006                  3.7488537865358970E-028                  0.0000000000000000E+000                  0.0000000000000000E+000                  2.9125873351379190E+000                  3.0211870657348089E+009                 -7.5143387932221122E-007                  0.0000000000000000E+000                 -9.8999999999999986E+001                  7.3805421344425970E-002                  3.1236604870425705E-001                  4.6288104653624768E-001 
                                      66                  1.1858657256968892E+001                  9.1723205169112454E-001                  4.5917303036783341E+000                 -8.5840667382703995E+000                  4.2830359343301039E+000                  6.9999999953586556E-001                  2.8000000046413470E-001                  1.9999999999999796E-002                  0.0000000000000000E+000                  2.4778877403320694E+009                  3.0747529042647798E+006                  3.8212342890081186E-028                  0.0000000000000000E+000                  0.0000000000000000E+000                  2.9296038688353834E+000                  3.0697442011191959E+009                 -7.2494078337555700E-007                  0.0000000000000000E+000                 -9.8999999999999986E+001                  7.8261162670515402E-002                  3.1682179003034661E-001                  4.6733678786233712E-001 
                                      67                  1.1858657256679594E+001                  9.1719191051262516E-001                  4.5961892062703722E+000                 -8.5759951954189635E+000                  4.2977090945708269E+000                  6.9999999953586556E-001                  2.8000000046413470E-001                  1.9999999999999796E-002                  0.0000000000000000E+000                  2.4753091411175318E+009                  3.1069145631380593E+006                  3.8929211647194928E-028                  0.0000000000000000E+000                  0.0000000000000000E+000                  2.9424987061116599E+000                  3.1171476074393716E+009                 -6.9224000333769570E-007                  0.0000000000000000E+000                 -9.8999999999999986E+001                  8.2796859140495074E-002                  3.2135748650032614E-001                  4.7187248433231682E-001 
                                      68                  1.1858657256390295E+001                  9.1715249765658913E-001                  4.6026219489012270E+000                 -8.5643711366290169E+000                  4.3188366877294690E+000                  6.9999999953586556E-001                  2.8000000046413470E-001                  1.9999999999999796E-002                  0.0000000000000000E+000                  2.4646833571727176E+009                  3.1561228904686794E+006                  3.9985290010228670E-028                  0.0000000000000000E+000                  0.0000000000000000E+000                  2.9536905678487027E+000                  3.1636186101590009E+009                 -6.5413578539831027E-007                  0.0000000000000000E+000                 -9.8999999999999986E+001                  8.7376740623876778E-002                  3.2593736798370787E-001                  4.7645236581569850E-001 
                                      69                  1.1858657255811702E+001                  9.1707572295776552E-001                  4.6086370067158446E+000                 -8.5528517064350993E+000                  4.3389978957893396E+000                  6.9999999953586556E-001                  2.8000000046413470E-001                  1.9999999999999796E-002                  0.0000000000000000E+000                  2.4471670269363160E+009                  3.2036432955160304E+006                  4.1060124841536174E-028                  0.0000000000000000E+000                  0.0000000000000000E+000                  2.9593357465727381E+000                  3.2517482026167359E+009                 -5.7244784166117488E-007                  0.0000000000000000E+000                 -9.8999999999999986E+001                  9.6328900026888653E-002                  3.3488952738671979E-001                  4.8540452521871041E-001 
                                      70                  1.1858657255522402E+001                  9.1703832568280974E-001                  4.6124993940814765E+000                 -8.5454278959367898E+000                  4.3519412114750660E+000                  6.9999999953586556E-001                  2.8000000046413470E-001                  1.9999999999999796E-002                  0.0000000000000000E+000                  2.4347638862534962E+009                  3.2349579528683941E+006                  4.1768074721622829E-028                  0.0000000000000000E+000                  0.0000000000000000E+000                  2.9594983459804163E+000                  3.2934055417888646E+009                 -5.3109054322997515E-007                  0.0000000000000000E+000                 -9.8999999999999986E+001                  1.0063633422734744E-001                  3.3919696158717860E-001                  4.8971195941916923E-001 
                                      71                  1.1858657255233105E+001                  9.1700155282333196E-001                  4.6162294295422281E+000                 -8.5381270266106988E+000                  4.3645141106960139E+000                  6.9999999953586556E-001                  2.8000000046413470E-001                  1.9999999999999796E-002                  0.0000000000000000E+000                  2.4222271702401347E+009                  3.2654243472727472E+006                  4.2476204643364552E-028                  0.0000000000000000E+000                  0.0000000000000000E+000                  2.9578902664181510E+000                  3.3339972295498457E+009                 -4.8975638421333713E-007                  0.0000000000000000E+000                 -9.8999999999999986E+001                  1.0482047672705035E-001                  3.4338110408688138E-001                  4.9389610191887207E-001 
                                      72                  1.1858657254943807E+001                  9.1696538386963466E-001                  4.6198340149458383E+000                 -8.5309407772303700E+000                  4.3767372544878143E+000                  6.9999999953586556E-001                  2.8000000046413470E-001                  1.9999999999999796E-002                  0.0000000000000000E+000                  2.4101606989854326E+009                  3.2948910520824138E+006                  4.3184940849121838E-028                  0.0000000000000000E+000                  0.0000000000000000E+000                  2.9549498484677987E+000                  3.3732252364222422E+009                 -4.4986987386125014E-007                  0.0000000000000000E+000                 -9.8999999999999986E+001                  1.0884246597455018E-001                  3.4740309333438130E-001                  4.9791809116637192E-001 
                                      73                  1.1858657254654508E+001                  9.1692979965984300E-001                  4.6250517846840919E+000                 -8.5204608897905985E+000                  4.3944558726627276E+000                  6.9999999953586556E-001                  2.8000000046413470E-001                  1.9999999999999796E-002                  0.0000000000000000E+000                  2.3944548449186134E+009                  3.3374957562051909E+006                  4.4239760713794312E-028                  0.0000000000000000E+000                  0.0000000000000000E+000                  2.9479903693521838E+000                  3.4113784454297953E+009                 -4.1173968512250656E-007                  0.0000000000000000E+000                 -9.8999999999999986E+001                  1.1269224950790764E-001                  3.5125287686773871E-001                  5.0176787469972939E-001 
                                      74                  1.1858657254075915E+001                  9.1686030282065845E-001                  4.6299620132929409E+000                 -8.5100221518991237E+000                  4.4114905329851002E+000                  6.9999999953586556E-001                  2.8000000046413470E-001                  1.9999999999999796E-002                  0.0000000000000000E+000                  2.3796161821439338E+009                  3.3766187719611302E+006                  4.5316051783768793E-028                  0.0000000000000000E+000                  0.0000000000000000E+000                  2.9412656365869791E+000                  3.4834341982670650E+009                 -3.4249033892379113E-007                  0.0000000000000000E+000                 -9.8999999999999986E+001                  1.1985429642104191E-001                  3.5841492378087297E-001                  5.0892992161286366E-001 
                                      75                  1.1858657253786616E+001                  9.1682636753803015E-001                  4.6331294015294882E+000                 -8.5032516131768361E+000                  4.4224901372210406E+000                  6.9999999953586556E-001                  2.8000000046413470E-001                  1.9999999999999796E-002                  0.0000000000000000E+000                  2.3713682745677714E+009                  3.4016152087016050E+006                  4.6028091540244073E-028                  0.0000000000000000E+000                  0.0000000000000000E+000                  2.9355106098187460E+000                  3.5174540559785690E+009                 -3.1128266479741539E-007                  0.0000000000000000E+000                 -9.8999999999999986E+001                  1.2317331926520597E-001                  3.6173394662503711E-001                  5.1224894445702762E-001 
                                      76                  1.1858657253497318E+001                  9.1679294942205125E-001                  4.6377292140261641E+000                 -8.4933563275441646E+000                  4.4384890251340314E+000                  6.9999999953586556E-001                  2.8000000046413470E-001                  1.9999999999999796E-002                  0.0000000000000000E+000                  2.3613675072546606E+009                  3.4374306499041179E+006                  4.7088926779267070E-028                  0.0000000000000000E+000                  0.0000000000000000E+000                  2.9250243807258771E+000                  3.5508283003322039E+009                 -2.8169589969876982E-007                  0.0000000000000000E+000                 -9.8999999999999986E+001                  1.2632691461207785E-001                  3.6488754197190892E-001                  5.1540253980389950E-001 
                                      77                  1.1858657252918722E+001                  9.1672759652779823E-001                  4.6420799170335654E+000                 -8.4835119213026111E+000                  4.4539285415058387E+000                  6.9999999953586556E-001                  2.8000000046413470E-001                  1.9999999999999796E-002                  0.0000000000000000E+000                  2.3521444436588774E+009                  3.4700519351240820E+006                  4.8168568576761936E-028                  0.0000000000000000E+000                  0.0000000000000000E+000                  2.9146204169009868E+000                  3.6140443977157698E+009                 -2.2803253809455104E-007                  0.0000000000000000E+000                 -9.8999999999999986E+001                  1.3215846157234226E-001                  3.7071908893217331E-001                  5.2123408676416394E-001 
                                      78                  1.1858657252629426E+001                  9.1669564170686346E-001                  4.6462937244728773E+000                 -8.4740142692047762E+000                  4.4688422763417419E+000                  6.9999999953586556E-001                  2.8000000046413470E-001                  1.9999999999999796E-002                  0.0000000000000000E+000                  2.3458688697923570E+009                  3.5010958412983906E+006                  4.9233637242371801E-028                  0.0000000000000000E+000                  0.0000000000000000E+000                  2.9015365075259547E+000                  3.6441642562107220E+009                 -2.0359315307399472E-007                  0.0000000000000000E+000                 -9.8999999999999986E+001                  1.3484663239520489E-001                  3.7340725975503597E-001                  5.2392225758702660E-001 
                                      79                  1.1858657252050831E+001                  9.1663309413095018E-001                  4.6516146910409901E+000                 -8.4615445037174695E+000                  4.4879733422961108E+000                  6.9999999953586556E-001                  2.8000000046413470E-001                  1.9999999999999796E-002                  0.0000000000000000E+000                  2.3387540624862423E+009                  3.5387886557988189E+006                  5.0667839933926349E-028                  0.0000000000000000E+000                  0.0000000000000000E+000                  2.8831102131656210E+000                  3.7020375201872072E+009                 -1.5839060398217832E-007                  0.0000000000000000E+000                 -9.8999999999999986E+001                  1.3981557008203890E-001                  3.7837619744187001E-001                  5.2889119527386064E-001 
                                      80                  1.1858657251472234E+001                  9.1657229102792770E-001                  4.6566567521129931E+000                 -8.4493927962398789E+000                  4.5063071557126904E+000                  6.9999999953586556E-001                  2.8000000046413470E-001                  1.9999999999999796E-002                  0.0000000000000000E+000                  2.3333450247292743E+009                  3.5731846979966313E+006                  5.2105646910315904E-028                  0.0000000000000000E+000                  0.0000000000000000E+000                  2.8630070290722793E+000                  3.7560777301760130E+009                 -1.1806042308308465E-007                  0.0000000000000000E+000                 -9.8999999999999986E+001                  1.4430096023218858E-001                  3.8286158759201971E-001                  5.3337658542401034E-001 
                                      81                  1.1858657250893639E+001                  9.1651314113459303E-001                  4.6614439509956824E+000                 -8.4375429856794124E+000                  4.5239076466808488E+000                  6.9999999953586556E-001                  2.8000000046413470E-001                  1.9999999999999796E-002                  0.0000000000000000E+000                  2.3290982006849189E+009                  3.6046464589230055E+006                  5.3547017934244536E-028                  0.0000000000000000E+000                  0.0000000000000000E+000                  2.8421469326250786E+000                  3.8069499446126409E+009                 -8.1858228646548002E-008                  0.0000000000000000E+000                 -9.8999999999999986E+001                  1.4836322758896844E-001                  3.8692385494879955E-001                  5.3743885278079018E-001 
                                      82                  1.1858657250315044E+001                  9.1645556012812013E-001                  4.6659984203827056E+000                 -8.4259825538172013E+000                  4.5408313441859942E+000                  6.9999999953586556E-001                  2.8000000046413470E-001                  1.9999999999999796E-002                  0.0000000000000000E+000                  2.3256146461554451E+009                  3.6335155996025340E+006                  5.4991605702697809E-028                  0.0000000000000000E+000                  0.0000000000000000E+000                  2.8212188506047000E+000                  3.8549096440806170E+009                 -4.9547224953129633E-008                  0.0000000000000000E+000                 -9.8999999999999986E+001                  1.5205587282322997E-001                  3.9061650018306104E-001                  5.4113149801505167E-001 
                                      83                  1.1858657249736448E+001                  9.1639946962606889E-001                  4.6714185602714746E+000                 -8.4119979657899524E+000                  4.5611089650971861E+000                  6.9999999953586556E-001                  2.8000000046413470E-001                  1.9999999999999796E-002                  0.0000000000000000E+000                  2.3226185908127084E+009                  3.6667914244721788E+006                  5.6791301646234666E-028                  0.0000000000000000E+000                  0.0000000000000000E+000                  2.7949042924870877E+000                  3.9004679045482144E+009                 -2.0712370015407300E-008                  0.0000000000000000E+000                 -9.8999999999999986E+001                  1.5542869053606920E-001                  3.9398931789590025E-001                  5.4450431572789093E-001 
                                      84                  1.1858657248868555E+001                  9.1631796122126719E-001                  4.6764948630949661E+000                 -8.3982851566863772E+000                  4.5804961179734605E+000                  6.9999999953586556E-001                  2.8000000046413470E-001                  1.9999999999999796E-002                  0.0000000000000000E+000                  2.3185010691238513E+009                  3.6964318444982050E+006                  5.8613204076290513E-028                  0.0000000000000000E+000                  0.0000000000000000E+000                  2.7713234741575428E+000                  3.9639302369608254E+009                  1.6389358823917266E-008                  0.0000000000000000E+000                 -3.8927190181714755E+000                  1.5998264570044937E-001                  3.9854327306028042E-001                  5.4905827089227111E-001 
                                      85                  1.1858657248289958E+001                  9.1626528682058006E-001                  4.6798973642583750E+000                 -8.3889562223292469E+000                  4.5935761505490076E+000                  6.9999999953586556E-001                  2.8000000046413470E-001                  1.9999999999999796E-002                  0.0000000000000000E+000                  2.3159502717177467E+009                  3.7157859335447587E+006                  5.9885953631219643E-028                  0.0000000000000000E+000                  0.0000000000000000E+000                  2.7553647550515583E+000                  4.0031866468271995E+009                  3.7424609703683074E-008                  0.0000000000000000E+000                 -3.7134213600805723E+000                  1.6272798268761463E-001                  4.0128861004744570E-001                  5.5180360787943628E-001 
                                      86                  1.1858657247856014E+001                  9.1622660837943193E-001                  4.6827232169804773E+000                 -8.3811329101773602E+000                  4.6044861996044899E+000                  6.9999999953586556E-001                  2.8000000046413470E-001                  1.9999999999999796E-002                  0.0000000000000000E+000                  2.3139414003547969E+009                  3.7315780521226684E+006                  6.0974572891950814E-028                  0.0000000000000000E+000                  0.0000000000000000E+000                  2.7419861138250679E+000                  4.0315537317740650E+009                  5.1717703806151724E-008                  0.0000000000000000E+000                 -3.6431803827161526E+000                  1.6465910233001735E-001                  4.0321972968984837E-001                  5.5373472752183905E-001 
                                      87                  1.1858657247422068E+001                  9.1618861038585497E-001                  4.6868295746249222E+000                 -8.3697281828160222E+000                  4.6203594386638844E+000                  6.9999999953586556E-001                  2.8000000046413470E-001                  1.9999999999999796E-002                  0.0000000000000000E+000                  2.3116048265818005E+009                  3.7542125718557518E+006                  6.2597099356316960E-028                  0.0000000000000000E+000                  0.0000000000000000E+000                  2.7219399857748270E+000                  4.0592335008644390E+009                  6.4986060114945511E-008                  0.0000000000000000E+000                 -3.5935898960202777E+000                  1.6649425487630712E-001                  4.0505488223613817E-001                  5.5556988006812891E-001 
                                      88                  1.1858657246554175E+001                  9.1611455545015352E-001                  4.6911474709137675E+000                 -8.3572699640527794E+000                  4.6373529206090867E+000                  6.9999999953586556E-001                  2.8000000046413470E-001                  1.9999999999999796E-002                  0.0000000000000000E+000                  2.3074542496627541E+009                  3.7770664201706457E+006                  6.4418887405427081E-028                  0.0000000000000000E+000                  0.0000000000000000E+000                  2.7020167131976880E+000                  4.1115115983156381E+009                  8.8450517856928116E-008                  0.0000000000000000E+000                 -3.5266498100275081E+000                  1.6990080657039466E-001                  4.0846143393022577E-001                  5.5897643176221634E-001 
                                      89                  1.1858657245975579E+001                  9.1606656137716380E-001                  4.6953017283089151E+000                 -8.3452597085154476E+000                  4.6537135246096115E+000                  6.9999999953586556E-001                  2.8000000046413470E-001                  1.9999999999999796E-002                  0.0000000000000000E+000                  2.3041061982106891E+009                  3.7987627903534668E+006                  6.6225348044048967E-028                  0.0000000000000000E+000                  0.0000000000000000E+000                  2.6819761012488330E+000                  4.1443574964753766E+009                  1.0214603425556332E-007                  0.0000000000000000E+000                 -3.4953892449335764E+000                  1.7199791852556542E-001                  4.1055854588539659E-001                  5.6107354371738716E-001 
                                      90                  1.1858657245107686E+001                  9.1599650532112564E-001                  4.6992500215560993E+000                 -8.3334953450801592E+000                  4.6694901011046603E+000                  6.9999999953586556E-001                  2.8000000046413470E-001                  1.9999999999999796E-002                  0.0000000000000000E+000                  2.2995838262604499E+009                  3.8187005594195034E+006                  6.8043928807489966E-028                  0.0000000000000000E+000                  0.0000000000000000E+000                  2.6636196495641942E+000                  4.1911273352917342E+009                  1.2045153823401026E-007                  0.0000000000000000E+000                 -3.4595938247224955E+000                  1.7492428143649330E-001                  4.1348490879632444E-001                  5.6399990662831501E-001 
                                      91                  1.1858657244529089E+001                  9.1595103130000077E-001                  4.7023013502677529E+000                 -8.3243490644297857E+000                  4.6817163373258452E+000                  6.9999999953586556E-001                  2.8000000046413470E-001                  1.9999999999999796E-002                  0.0000000000000000E+000                  2.2961487997430701E+009                  3.8339193063735198E+006                  6.9492232981799204E-028                  0.0000000000000000E+000                  0.0000000000000000E+000                  2.6490734853803377E+000                  4.2205911471855073E+009                  1.3127530628473668E-007                  0.0000000000000000E+000                 -3.4409084798831802E+000                  1.7674223998872246E-001                  4.1530286734855359E-001                  5.6581786518054422E-001 
                                      92                  1.1858657243950496E+001                  9.1590649110645461E-001                  4.7067234441549832E+000                 -8.3110805350662904E+000                  4.6994407190510774E+000                  6.9999999953586556E-001                  2.8000000046413470E-001                  1.9999999999999796E-002                  0.0000000000000000E+000                  2.2916095444146323E+009                  3.8558009600898596E+006                  7.1648266157089437E-028                  0.0000000000000000E+000                  0.0000000000000000E+000                  2.6272185416526437E+000                  4.2493848052814307E+009                  1.4141932973280598E-007                  0.0000000000000000E+000                 -3.4247456127287115E+000                  1.7847504659616098E-001                  4.1703567395599206E-001                  5.6755067178798269E-001 
                                      93                  1.1858657242793303E+001                  9.1582005204745631E-001                  4.7108920313944065E+000                 -8.2980623395407811E+000                  4.7164833107076314E+000                  6.9999999953586556E-001                  2.8000000046413470E-001                  1.9999999999999796E-002                  0.0000000000000000E+000                  2.2849610918971148E+009                  3.8755765719813146E+006                  7.3828622613613632E-028                  0.0000000000000000E+000                  0.0000000000000000E+000                  2.6081350247509039E+000                  4.3033028390697260E+009                  1.5911699258854010E-007                  0.0000000000000000E+000                 -3.3991417191227580E+000                  1.8169008651628696E-001                  4.2025071387611806E-001                  5.7076571170810875E-001 
                                      94                  1.1858657242214710E+001                  9.1577809021499723E-001                  4.7149257775413123E+000                 -8.2855917628931195E+000                  4.7328885146307602E+000                  6.9999999953586556E-001                  2.8000000046413470E-001                  1.9999999999999796E-002                  0.0000000000000000E+000                  2.2796654045106883E+009                  3.8947689065901274E+006                  7.5979460122412109E-028                  0.0000000000000000E+000                  0.0000000000000000E+000                  2.5885637913828989E+000                  4.3288192557778625E+009                  1.6684892204755063E-007                  0.0000000000000000E+000                 -3.3888382974123337E+000                  1.8318766010760834E-001                  4.2174828746743948E-001                  5.7226328529943005E-001 
                                      95                  1.1858657241057520E+001                  9.1569650730778740E-001                  4.7200138296976375E+000                 -8.2694428542285454E+000                  4.7538558892492473E+000                  6.9999999953586556E-001                  2.8000000046413470E-001                  1.9999999999999796E-002                  0.0000000000000000E+000                  2.2711501877802491E+009                  3.9182678425066248E+006                  7.8858088361776011E-028                  0.0000000000000000E+000                  0.0000000000000000E+000                  2.5651650832492687E+000                  4.3778496694598570E+009                  1.8068639374552836E-007                  0.0000000000000000E+000                 -3.3715372749749810E+000                  1.8600649018952559E-001                  4.2456711754935667E-001                  5.7508211538134724E-001 
                                      96                  1.1858657239900326E+001                  9.1561785877661195E-001                  4.7236358427894620E+000                 -8.2576856564118835E+000                  4.7689534830807743E+000                  6.9999999953586556E-001                  2.8000000046413470E-001                  1.9999999999999796E-002                  0.0000000000000000E+000                  2.2639351995775967E+009                  3.9345663987400550E+006                  8.1022246539628075E-028                  0.0000000000000000E+000                  0.0000000000000000E+000                  2.5493958410333653E+000                  4.4229402657842054E+009                  1.9197214512170793E-007                  0.0000000000000000E+000                 -3.3583808911105644E+000                  1.8859205756471245E-001                  4.2715268492454356E-001                  5.7766768275653413E-001 
                                      97                  1.1858657239321733E+001                  9.1557956935255747E-001                  4.7259860512948064E+000                 -8.2500738321452260E+000                  4.7787380417797989E+000                  6.9999999953586556E-001                  2.8000000046413470E-001                  1.9999999999999796E-002                  0.0000000000000000E+000                  2.2594796940103769E+009                  3.9451398443810861E+006                  8.2454935038239017E-028                  0.0000000000000000E+000                  0.0000000000000000E+000                  2.5390327299627256E+000                  4.4444945296107540E+009                  1.9689685638310006E-007                  0.0000000000000000E+000                 -3.3528806088338650E+000                  1.8981358831392181E-001                  4.2837421567375289E-001                  5.7888921350574341E-001 
                                      98                  1.1858657238743136E+001                  9.1554193530800232E-001                  4.7294195478955521E+000                 -8.2389738965842074E+000                  4.7930184355214882E+000                  6.9999999953586556E-001                  2.8000000046413470E-001                  1.9999999999999796E-002                  0.0000000000000000E+000                  2.2532564411611500E+009                  3.9605842525859363E+006                  8.4589683153388028E-028                  0.0000000000000000E+000                  0.0000000000000000E+000                  2.5237780165644925E+000                  4.4658435153884916E+009                  2.0153609282996958E-007                  0.0000000000000000E+000                 -3.3478235826691076E+000                  1.9099994814636356E-001                  4.2956057550619464E-001                  5.8007557333818527E-001 
                                      99                  1.1858657237585946E+001                  9.1546853844511566E-001                  4.7348727729154856E+000                 -8.2211338203651501E+000                  4.8158377335753277E+000                  6.9999999953586556E-001                  2.8000000046413470E-001                  1.9999999999999796E-002                  0.0000000000000000E+000                  2.2425789919400768E+009                  3.9847657732127639E+006                  8.8137108015366689E-028                  0.0000000000000000E+000                  0.0000000000000000E+000                  2.5004678547915602E+000                  4.5071721196843109E+009                  2.0977404758192537E-007                  0.0000000000000000E+000                 -3.3391241210100637E+000                  1.9326319257915306E-001                  4.3182381993898411E-001                  5.8233881777097474E-001 
                                     100                  1.1858657235850160E+001                  9.1536280865609354E-001                  4.7399814748539750E+000                 -8.2039340175637232E+000                  4.8375382500958048E+000                  6.9999999953586556E-001                  2.8000000046413470E-001                  1.9999999999999796E-002                  0.0000000000000000E+000                  2.2302564698786168E+009                  4.0067104031614223E+006                  9.1698007540349142E-028                  0.0000000000000000E+000                  0.0000000000000000E+000                  2.4808011969289905E+000                  4.5642834067106457E+009                  2.1935684575653520E-007                  0.0000000000000000E+000                 -3.3294244037252669E+000                  1.9638578035464108E-001                  4.3494640771447218E-001                  5.8546140554646287E-001 
                                     101                  1.1858657234692970E+001                  9.1529501850695905E-001                  4.7438943040752957E+000                 -8.1907585311223841E+000                  4.8541604511430378E+000                  6.9999999953586556E-001                  2.8000000046413470E-001                  1.9999999999999796E-002                  0.0000000000000000E+000                  2.2210388387238941E+009                  4.0235070940348860E+006                  9.4522761072270193E-028                  0.0000000000000000E+000                  0.0000000000000000E+000                  2.4659165677863339E+000                  4.5998330752769260E+009                  2.2427527387540360E-007                  0.0000000000000000E+000                 -3.3246093021550145E+000                  1.9831542018199716E-001                  4.3687604754182829E-001                  5.8739104537381892E-001 
                                     102                  1.1858657233535776E+001                  9.1522922372068261E-001                  4.7471839485476064E+000                 -8.1795711715595676E+000                  4.8682090157521909E+000                  6.9999999953586556E-001                  2.8000000046413470E-001                  1.9999999999999796E-002                  0.0000000000000000E+000                  2.2128232466655273E+009                  4.0374781627669092E+006                  9.6989480121776796E-028                  0.0000000000000000E+000                  0.0000000000000000E+000                  2.4540188297172167E+000                  4.6340377839982309E+009                  2.2838402930435444E-007                  0.0000000000000000E+000                 -3.3206671345990384E+000                  2.0014954980575789E-001                  4.3871017716558902E-001                  5.8922517499757954E-001 
                                     103                  1.1858657232667886E+001                  9.1518111362247512E-001                  4.7499210246795620E+000                 -8.1702536501224401E+000                  4.8799043188677720E+000                  6.9999999953586556E-001                  2.8000000046413470E-001                  1.9999999999999796E-002                  0.0000000000000000E+000                  2.2060303128164163E+009                  4.0490939074617736E+006                  9.9092979842676492E-028                  0.0000000000000000E+000                  0.0000000000000000E+000                  2.4443007565555530E+000                  4.6587835957840357E+009                  2.3095939653848844E-007                  0.0000000000000000E+000                 -3.3182321819353922E+000                  2.0146647830867656E-001                  4.4002710566850767E-001                  5.9054210350049818E-001 
                                     104                  1.1858657231799993E+001                  9.1513400921514920E-001                  4.7530235847468711E+000                 -8.1596824899917024E+000                  4.8931679810244342E+000                  6.9999999953586556E-001                  2.8000000046413470E-001                  1.9999999999999796E-002                  0.0000000000000000E+000                  2.1983745300355206E+009                  4.0622560549250594E+006                  1.0153479410795014E-027                  0.0000000000000000E+000                  0.0000000000000000E+000                  2.4335017682805793E+000                  4.6830079789523592E+009                  2.3321067679675858E-007                  0.0000000000000000E+000                 -3.3161257853446484E+000                  2.0274157431693990E-001                  4.4130220167677092E-001                  5.9181719950876155E-001 
                                     105                  1.1858657230642800E+001                  9.1507269068253816E-001                  4.7564444074868666E+000                 -8.1479344265968390E+000                  4.9078545962838032E+000                  6.9999999953586556E-001                  2.8000000046413470E-001                  1.9999999999999796E-002                  0.0000000000000000E+000                  2.1895400673552551E+009                  4.0766564537586439E+006                  1.0431911786684646E-027                  0.0000000000000000E+000                  0.0000000000000000E+000                  2.4221603079287917E+000                  4.7142687470288801E+009                  2.3570461481407239E-007                  0.0000000000000000E+000                 -3.3138159572133010E+000                  2.0437681971673341E-001                  4.4293744707656457E-001                  5.9345244490855520E-001 
                                     106                  1.1858657229485610E+001                  9.1501298368556305E-001                  4.7613895946716625E+000                 -8.1310742764285830E+000                  4.9290046392455409E+000                  6.9999999953586556E-001                  2.8000000046413470E-001                  1.9999999999999796E-002                  0.0000000000000000E+000                  2.1776187649774785E+009                  4.0976835080047837E+006                  1.0844897264710740E-027                  0.0000000000000000E+000                  0.0000000000000000E+000                  2.4055645600777993E+000                  4.7447553633617392E+009                  2.3780441706448873E-007                  0.0000000000000000E+000                 -3.3118900414505097E+000                  2.0595030050660620E-001                  4.4451092786643737E-001                  5.9502592569842805E-001 
                                     107                  1.1858657227171230E+001                  9.1489804743368419E-001                  4.7660352324613982E+000                 -8.1147607842947771E+000                  4.9491932068580082E+000                  6.9999999953586556E-001                  2.8000000046413470E-001                  1.9999999999999796E-002                  0.0000000000000000E+000                  2.1640479618833203E+009                  4.1168398267083019E+006                  1.1260049542036036E-027                  0.0000000000000000E+000                  0.0000000000000000E+000                  2.3920491659518102E+000                  4.8019891793483782E+009                  2.4074542400197682E-007                  0.0000000000000000E+000                 -3.3092209795151670E+000                  2.0890491197468528E-001                  4.4746553933451638E-001                  5.9798053716650690E-001 
                                     108                  1.1858657226014037E+001                  9.1484266538349146E-001                  4.7690315568030703E+000                 -8.1043283054012676E+000                  4.9621555437964053E+000                  6.9999999953586556E-001                  2.8000000046413470E-001                  1.9999999999999796E-002                  0.0000000000000000E+000                  2.1558700147142582E+009                  4.1293494477890404E+006                  1.1533833239414933E-027                  0.0000000000000000E+000                  0.0000000000000000E+000                  2.3830410064108420E+000                  4.8288991706839914E+009                  2.4167085710809856E-007                  0.0000000000000000E+000                 -3.3083878588264461E+000                  2.1029376399472538E-001                  4.4885439135455646E-001                  5.9936938918654714E-001 
                                     109                  1.1858657224856847E+001                  9.1478857740438335E-001                  4.7728454254049959E+000                 -8.0910983744229519E+000                  4.9786228474304863E+000                  6.9999999953586556E-001                  2.8000000046413465E-001                  1.9999999999999796E-002                  0.0000000000000000E+000                  2.1458196826308713E+009                  4.1453784637726876E+006                  1.1890626567746085E-027                  0.0000000000000000E+000                  0.0000000000000000E+000                  2.3714113608848395E+000                  4.8556385682683372E+009                  2.4258970443107898E-007                  0.0000000000000000E+000                 -3.3075638173234507E+000                  2.1164741179415655E-001                  4.5020803915398760E-001                  6.0072303698597818E-001 
                                     110                  1.1858657222973976E+001                  9.1470316993947853E-001                  4.7776815262261687E+000                 -8.0741837233145386E+000                  4.9995991926008161E+000                  6.9999999953586556E-001                  2.8000000046413470E-001                  1.9999999999999796E-002                  0.0000000000000000E+000                  2.1324901383203292E+009                  4.1655817243822231E+006                  1.2362914781139157E-027                  0.0000000000000000E+000                  0.0000000000000000E+000                  2.3571783418887056E+000                  4.8976926308488131E+009                  2.4380583129459999E-007                  0.0000000000000000E+000                 -3.3064779556164452E+000                  2.1375947667408945E-001                  4.5232010403392053E-001                  6.0283510186591116E-001 
                                     111                  1.1858657220816802E+001                  9.1460899943417628E-001                  4.7825998157197764E+000                 -8.0568775664035126E+000                  5.0210047868394554E+000                  6.9999999953586556E-001                  2.8000000046413470E-001                  1.9999999999999796E-002                  0.0000000000000000E+000                  2.1185503216785870E+009                  4.1860732993648201E+006                  1.2865556651932531E-027                  0.0000000000000000E+000                  0.0000000000000000E+000                  2.3431637211519307E+000                  4.9433122535671282E+009                  2.4468042151297415E-007                  0.0000000000000000E+000                 -3.3057003900054576E+000                  2.1604401995531661E-001                  4.5460464731514771E-001                  6.0511964514713834E-001 
                                     112                  1.1858657218648840E+001                  9.1451799698070302E-001                  4.7871543297068690E+000                 -8.0407854492559903E+000                  5.0408743114032761E+000                  6.9999999953586556E-001                  2.8000000046413470E-001                  1.9999999999999796E-002                  0.0000000000000000E+000                  2.1054411436257145E+009                  4.2050422085370151E+006                  1.3351257340652580E-027                  0.0000000000000000E+000                  0.0000000000000000E+000                  2.3306929723775909E+000                  4.9869040960945148E+009                  2.4509918174817799E-007                  0.0000000000000000E+000                 -3.3053290693083635E+000                  2.1821502328335415E-001                  4.5677565064318526E-001                  6.0729064847517589E-001 
                                     113                  1.1858657216610238E+001                  9.1443548789818163E-001                  4.7910675961053668E+000                 -8.0269119983478348E+000                  5.0579802618643290E+000                  6.9999999953586556E-001                  2.8000000046413470E-001                  1.9999999999999796E-002                  0.0000000000000000E+000                  2.0940475435097411E+009                  4.2213401094407383E+006                  1.3784686879460122E-027                  0.0000000000000000E+000                  0.0000000000000000E+000                  2.3204939436653924E+000                  5.0261025606509142E+009                  2.4508691548292648E-007                  0.0000000000000000E+000                 -3.3053399369591263E+000                  2.2015579480516426E-001                  4.5871642216499531E-001                  6.0923141999698593E-001 
                                     114                  1.1858657214872812E+001                  9.1436734379052909E-001                  4.7944692444056001E+000                 -8.0148558669949246E+000                  5.0728490619890678E+000                  6.9999999953586556E-001                  2.8000000046413470E-001                  1.9999999999999796E-002                  0.0000000000000000E+000                  2.0842466925598905E+009                  4.2355604960610839E+006                  1.4172751509476146E-027                  0.0000000000000000E+000                  0.0000000000000000E+000                  2.3119612237532570E+000                  5.0583814336141872E+009                  2.4479522268316394E-007                  0.0000000000000000E+000                 -3.3055985309727665E+000                  2.2174241503245959E-001                  4.6030304239229070E-001                  6.1081804022428132E-001 
                                     115                  1.1858657213207163E+001                  9.1430377448899758E-001                  4.7995551568865711E+000                 -7.9970511867115395E+000                  5.0949326206185539E+000                  6.9999999953586556E-001                  2.8000000046413465E-001                  1.9999999999999796E-002                  0.0000000000000000E+000                  2.0708541572034850E+009                  4.2572097624519756E+006                  1.4765921643524676E-027                  0.0000000000000000E+000                  0.0000000000000000E+000                  2.2991521837878204E+000                  5.0890209084495974E+009                  2.4439783185209096E-007                  0.0000000000000000E+000                 -3.3059513256035498E+000                  2.2322111116926011E-001                  4.6178173852909121E-001                  6.1229673636108173E-001 
                                     116                  1.1858657209601580E+001                  9.1417160598266922E-001                  4.8041475055190617E+000                 -7.9805181682584996E+000                  5.1151862600270572E+000                  6.9999999953586556E-001                  2.8000000046413470E-001                  1.9999999999999796E-002                  0.0000000000000000E+000                  2.0565993823197989E+009                  4.2762213160413625E+006                  1.5338934540488910E-027                  0.0000000000000000E+000                  0.0000000000000000E+000                  2.2901706143988108E+000                  5.1514807395545988E+009                  2.4260414108587527E-007                  0.0000000000000000E+000                 -3.3075508951489940E+000                  2.2624373093225078E-001                  4.6480435829208189E-001                  6.1531935612407240E-001 
                                     117                  1.1858657208137505E+001                  9.1411990974532298E-001                  4.8072674480014035E+000                 -7.9694846711515197E+000                  5.1288126407774008E+000                  6.9999999953586556E-001                  2.8000000046413470E-001                  1.9999999999999796E-002                  0.0000000000000000E+000                  2.0479962370616715E+009                  4.2894573501192154E+006                  1.5733660941788596E-027                  0.0000000000000000E+000                  0.0000000000000000E+000                  2.2837959145264275E+000                  5.1755911842302008E+009                  2.4154867995855041E-007                  0.0000000000000000E+000                 -3.3084976657753047E+000                  2.2740827200730160E-001                  4.6596889936713271E-001                  6.1648389719912333E-001 
                                     118                  1.1858657206056975E+001                  9.1404825901539766E-001                  4.8103574837855589E+000                 -7.9584832978014957E+000                  5.1423599566337543E+000                  6.9999999953586556E-001                  2.8000000046413470E-001                  1.9999999999999796E-002                  0.0000000000000000E+000                  2.0391724845514035E+009                  4.3025027337272745E+006                  1.6137351796401482E-027                  0.0000000000000000E+000                  0.0000000000000000E+000                  2.2780601618372809E+000                  5.2094995056534176E+009                  2.4000869559081582E-007                  0.0000000000000000E+000                 -3.3098865116885792E+000                  2.2902282487610243E-001                  4.6758345223593356E-001                  6.1809845006792419E-001 
                                     119                  1.1858657204503874E+001                  9.1399608782975406E-001                  4.8133154534750542E+000                 -7.9480180731834151E+000                  5.1552844737188037E+000                  6.9999999953586556E-001                  2.8000000046413470E-001                  1.9999999999999796E-002                  0.0000000000000000E+000                  2.0311138307337077E+009                  4.3151148534469884E+006                  1.6530978346529195E-027                  0.0000000000000000E+000                  0.0000000000000000E+000                  2.2725822068254931E+000                  5.2341702315655794E+009                  2.3876834517145148E-007                  0.0000000000000000E+000                 -3.3110116252634105E+000                  2.3019134817215151E-001                  4.6875197553198261E-001                  6.1926697336397329E-001 
                                     120                  1.1858657202484842E+001                  9.1392985299732499E-001                  4.8171877965704137E+000                 -7.9343479764223508E+000                  5.1721853634814829E+000                  6.9999999953586556E-001                  2.8000000046413470E-001                  1.9999999999999796E-002                  0.0000000000000000E+000                  2.0208002289787047E+009                  4.3317160509242313E+006                  1.7059647970318040E-027                  0.0000000000000000E+000                  0.0000000000000000E+000                  2.2656159843422699E+000                  5.2658315029870424E+009                  2.3716570938787282E-007                  0.0000000000000000E+000                 -3.3124740516255828E+000                  2.3167329241659948E-001                  4.7023391977643059E-001                  6.2074891760842121E-001 
                                     121                  1.1858657199672376E+001                  9.1384040009972811E-001                  4.8209165510906153E+000                 -7.9210845399665395E+000                  5.1885301470411402E+000                  6.9999999953586556E-001                  2.8000000046413470E-001                  1.9999999999999796E-002                  0.0000000000000000E+000                  2.0104746078610637E+009                  4.3476159606043892E+006                  1.7588746610589168E-027                  0.0000000000000000E+000                  0.0000000000000000E+000                  2.2595344046245760E+000                  5.3082706073448515E+009                  2.3480863294326620E-007                  0.0000000000000000E+000                 -3.3146429699585909E+000                  2.3365597927807252E-001                  4.7221660663790355E-001                  6.2273160446989428E-001 
                                     122                  1.1858657197634029E+001                  9.1377748567726069E-001                  4.8256595482611182E+000                 -7.9044941543822222E+000                  5.2091308354207992E+000                  6.9999999953586556E-001                  2.8000000046413470E-001                  1.9999999999999796E-002                  0.0000000000000000E+000                  1.9988376592445440E+009                  4.3682970937727494E+006                  1.8273723428985666E-027                  0.0000000000000000E+000                  0.0000000000000000E+000                  2.2510912280610893E+000                  5.3384623472612896E+009                  2.3315904935612790E-007                  0.0000000000000000E+000                 -3.3161738620344825E+000                  2.3504675149565843E-001                  4.7360737885548948E-001                  6.2412237668748016E-001 
                                     123                  1.1858657193296301E+001                  9.1364853260020829E-001                  4.8302790006524621E+000                 -7.8880002669703879E+000                  5.2294284308140497E+000                  6.9999999953586556E-001                  2.8000000046413470E-001                  1.9999999999999796E-002                  0.0000000000000000E+000                  1.9860246788609717E+009                  4.3880591882958841E+006                  1.8981159043856274E-027                  0.0000000000000000E+000                  0.0000000000000000E+000                  2.2442919430045718E+000                  5.3999952763746881E+009                  2.2966720417643862E-007                  0.0000000000000000E+000                 -3.3194505081971908E+000                  2.3787057537230810E-001                  4.7643120273213924E-001                  6.2694620056412975E-001 
                                     124                  1.1858657191056716E+001                  9.1358439207189446E-001                  4.8332507191704366E+000                 -7.8775066771493840E+000                  5.2424071125556582E+000                  6.9999999953586556E-001                  2.8000000046413470E-001                  1.9999999999999796E-002                  0.0000000000000000E+000                  1.9784204353069165E+009                  4.4009737688149465E+006                  1.9445426659171939E-027                  0.0000000000000000E+000                  0.0000000000000000E+000                  2.2396633433799926E+000                  5.4301964327242508E+009                  2.2779590113768226E-007                  0.0000000000000000E+000                 -3.3212270473481733E+000                  2.3925620797959760E-001                  4.7781683533942870E-001                  6.2833183317141927E-001 
                                     125                  1.1858657188929206E+001                  9.1352489044326535E-001                  4.8372857215314369E+000                 -7.8633972331883326E+000                  5.2599357455176605E+000                  6.9999999953586556E-001                  2.8000000046413465E-001                  1.9999999999999796E-002                  0.0000000000000000E+000                  1.9688438096202042E+009                  4.4187509680629233E+006                  2.0087620758704442E-027                  0.0000000000000000E+000                  0.0000000000000000E+000                  2.2331404367812038E+000                  5.4589642346348047E+009                  2.2618779138553766E-007                  0.0000000000000000E+000                 -3.3227654200345982E+000                  2.4054785386182015E-001                  4.7910848122165123E-001                  6.2962347905364180E-001 
                                     126                  1.1858657184950967E+001                  9.1341712253478857E-001                  4.8426739091238842E+000                 -7.8444713888990387E+000                  5.2834043738431262E+000                  6.9999999953586556E-001                  2.8000000046413470E-001                  1.9999999999999796E-002                  0.0000000000000000E+000                  1.9558078348561022E+009                  4.4424680073690405E+006                  2.0982464879090026E-027                  0.0000000000000000E+000                  0.0000000000000000E+000                  2.2252440377013456E+000                  5.5113767361177645E+009                  2.2324392314897491E-007                  0.0000000000000000E+000                 -3.3256101770344597E+000                  2.4287727655833954E-001                  4.8143790391817065E-001                  6.3195290175016128E-001 
                                     127                  1.1858657180367317E+001                  9.1329815615657106E-001                  4.8470883223715902E+000                 -7.8288494471850605E+000                  5.3027150993573526E+000                  6.9999999953586556E-001                  2.8000000046413470E-001                  1.9999999999999796E-002                  0.0000000000000000E+000                  1.9447105755538080E+009                  4.4618240582258105E+006                  2.1751051926379828E-027                  0.0000000000000000E+000                  0.0000000000000000E+000                  2.2196929202326365E+000                  5.5682788492546892E+009                  2.1963687730509690E-007                  0.0000000000000000E+000                 -3.3291473697577958E+000                  2.4541100188829740E-001                  4.8397162924812853E-001                  6.3448662708011905E-001 
                                     128                  1.1858657177558708E+001                  9.1322778959544049E-001                  4.8515342423340684E+000                 -7.8133851414491815E+000                  5.3219797723884588E+000                  6.9999999953586556E-001                  2.8000000046413470E-001                  1.9999999999999796E-002                  0.0000000000000000E+000                  1.9348897644715314E+009                  4.4817709987509651E+006                  2.2539610331141256E-027                  0.0000000000000000E+000                  0.0000000000000000E+000                  2.2137298551879363E+000                  5.6023179483391323E+009                  2.1745777376745591E-007                  0.0000000000000000E+000                 -3.3313125311941629E+000                  2.4690497312737977E-001                  4.8546560048721082E-001                  6.3598059831920140E-001 
                                     129                  1.1858657172662785E+001                  9.1310934141597588E-001                  4.8569133241119360E+000                 -7.7945676256383276E+000                  5.3453655736172569E+000                  6.9999999953586556E-001                  2.8000000046413470E-001                  1.9999999999999796E-002                  0.0000000000000000E+000                  1.9226258362552261E+009                  4.5058830487516522E+006                  2.3537817641784154E-027                  0.0000000000000000E+000                  0.0000000000000000E+000                  2.2076638578044769E+000                  5.6603740951368361E+009                  2.1376024635771419E-007                  0.0000000000000000E+000                 -3.3350365293409197E+000                  2.4941761538160054E-001                  4.8797824274143159E-001                  6.3849324057342227E-001 
                                     130                  1.1858657167745630E+001                  9.1299533249214726E-001                  4.8610296587714688E+000                 -7.7801141764361832E+000                  5.3633011044272711E+000                  6.9999999953586556E-001                  2.8000000046413470E-001                  1.9999999999999796E-002                  0.0000000000000000E+000                  1.9130758841307564E+009                  4.5243620171520626E+006                  2.4334443768226453E-027                  0.0000000000000000E+000                  0.0000000000000000E+000                  2.2037721448753524E+000                  5.7154807084142389E+009                  2.0987685893200018E-007                  0.0000000000000000E+000                 -3.3390177220908317E+000                  2.5180711599792116E-001                  4.9036774335775229E-001                  6.4088274118974287E-001 
                                     131                  1.1858657164778716E+001                  9.1292875200548995E-001                  4.8653406525050960E+000                 -7.7652467533487055E+000                  5.3818993236466648E+000                  6.9999999953586556E-001                  2.8000000046413470E-001                  1.9999999999999796E-002                  0.0000000000000000E+000                  1.9043608597208211E+009                  4.5441835677583916E+006                  2.5182028405786987E-027                  0.0000000000000000E+000                  0.0000000000000000E+000                  2.1993086310420513E+000                  5.7481939129298716E+009                  2.0761535512209362E-007                  0.0000000000000000E+000                 -3.3413702647225234E+000                  2.5320367594692522E-001                  4.9176430330675636E-001                  6.4227930113874698E-001 
                                     132                  1.1858657159224242E+001                  9.1280822103031922E-001                  4.8707498286216797E+000                 -7.7464945166354422E+000                  5.4053059552038043E+000                  6.9999999953586556E-001                  2.8000000046413470E-001                  1.9999999999999796E-002                  0.0000000000000000E+000                  1.8930459410313005E+009                  4.5690775365658803E+006                  2.6293314821610714E-027                  0.0000000000000000E+000                  0.0000000000000000E+000                  2.1947670508433470E+000                  5.8082474765442801E+009                  2.0356650685490707E-007                  0.0000000000000000E+000                 -3.3456468378352713E+000                  2.5573448287225942E-001                  4.9429511023209055E-001                  6.4481010806408123E-001 
                                     133                  1.1858657153534805E+001                  9.1268988115527772E-001                  4.8751038425395485E+000                 -7.7313668509875946E+000                  5.4241723169565343E+000                  6.9999999953586556E-001                  2.8000000046413470E-001                  1.9999999999999796E-002                  0.0000000000000000E+000                  1.8838278971571805E+009                  4.5892064529463593E+006                  2.7225444390722791E-027                  0.0000000000000000E+000                  0.0000000000000000E+000                  2.1917916048718329E+000                  5.8665151808594408E+009                  1.9937624153497801E-007                  0.0000000000000000E+000                 -3.3501632975984657E+000                  2.5819560454920432E-001                  4.9675623190903540E-001                  6.4727122974102602E-001 
                                     134                  1.1858657149720131E+001                  9.1261320086348985E-001                  4.8796491818937620E+000                 -7.7158319455296720E+000                  5.4436896335261524E+000                  6.9999999953586556E-001                  2.8000000046413470E-001                  1.9999999999999796E-002                  0.0000000000000000E+000                  1.8753707678171954E+009                  4.6107143562492533E+006                  2.8217071715211464E-027                  0.0000000000000000E+000                  0.0000000000000000E+000                  2.1883390856000275E+000                  5.9048584867372532E+009                  1.9671191364406551E-007                  0.0000000000000000E+000                 -3.3530846683545303E+000                  2.5979294917311513E-001                  4.9835357653294621E-001                  6.4886857436493683E-001 
                                     135                  1.1858657143265738E+001                  9.1248793000629091E-001                  4.8848088579983182E+000                 -7.6980951752424565E+000                  5.4659186269731252E+000                  6.9999999953586556E-001                  2.8000000046413470E-001                  1.9999999999999796E-002                  0.0000000000000000E+000                  1.8653202101338775E+009                  4.6351758916990077E+006                  2.9393486891327375E-027                  0.0000000000000000E+000                  0.0000000000000000E+000                  2.1853097475706815E+000                  5.9681694240395336E+009                  1.9246709736831235E-007                  0.0000000000000000E+000                 -3.3578217516562225E+000                  2.6240494823754540E-001                  5.0096557559737653E-001                  6.5148057342936716E-001 
                                     136                  1.1858657137462304E+001                  9.1237971358197045E-001                  4.8895000566299478E+000                 -7.6820627717397816E+000                  5.4860654366939077E+000                  6.9999999953586556E-001                  2.8000000046413470E-001                  1.9999999999999796E-002                  0.0000000000000000E+000                  1.8565997541125119E+009                  4.6577168698390611E+006                  3.0499008475026267E-027                  0.0000000000000000E+000                  0.0000000000000000E+000                  2.1826711125951679E+000                  6.0227098815865183E+009                  1.8879493904522402E-007                  0.0000000000000000E+000                 -3.3620048259252031E+000                  2.6465015077876908E-001                  5.0321077813860016E-001                  6.5372577597059078E-001 
                                     137                  1.1858657131612500E+001                  9.1227450842941693E-001                  4.8934129676739655E+000                 -7.6686837032399620E+000                  5.5028757197671805E+000                  6.9999999953586556E-001                  2.8000000046413470E-001                  1.9999999999999796E-002                  0.0000000000000000E+000                  1.8493022655638332E+009                  4.6766317305093184E+006                  3.1453332319826726E-027                  0.0000000000000000E+000                  0.0000000000000000E+000                  2.1807483716124825E+000                  6.0759387977065039E+009                  1.8531548924973868E-007                  0.0000000000000000E+000                 -3.3660441397346283E+000                  2.6682838690286925E-001                  5.0538901426270033E-001                  6.5590401209469096E-001 
                                     138                  1.1858657127326428E+001                  9.1219971797029986E-001                  4.8978279705449568E+000                 -7.6538079172583879E+000                  5.5216896124545327E+000                  6.9999999953586556E-001                  2.8000000046413470E-001                  1.9999999999999796E-002                  0.0000000000000000E+000                  1.8420263194343266E+009                  4.6984095470517650E+006                  3.2549518433594242E-027                  0.0000000000000000E+000                  0.0000000000000000E+000                  2.1780881710933335E+000                  6.1143502663858624E+009                  1.8297317600935239E-007                  0.0000000000000000E+000                 -3.3688062867331245E+000                  2.6837986648926127E-001                  5.0694049384909234E-001                  6.5745549168108297E-001 
                                     139                  1.1858657119801554E+001                  9.1207274457243315E-001                  4.9020869431342131E+000                 -7.6392900032370754E+000                  5.5399579070598284E+000                  6.9999999953586556E-001                  2.8000000046413470E-001                  1.9999999999999796E-002                  0.0000000000000000E+000                  1.8342830073464377E+009                  4.7193186651234496E+006                  3.3656161577006335E-027                  0.0000000000000000E+000                  0.0000000000000000E+000                  2.1762564929218038E+000                  6.1796434790309668E+009                  1.7913316168833163E-007                  0.0000000000000000E+000                 -3.3734120043811653E+000                  2.7100610981060291E-001                  5.0956673717043399E-001                  6.6008173500242473E-001 
                                     140                  1.1858657115371821E+001                  9.1200040562980456E-001                  4.9051502854672906E+000                 -7.6289507545922959E+000                  5.5530258473684793E+000                  6.9999999953586556E-001                  2.8000000046413470E-001                  1.9999999999999796E-002                  0.0000000000000000E+000                  1.8291601751571922E+009                  4.7345789017576845E+006                  3.4467148187601707E-027                  0.0000000000000000E+000                  0.0000000000000000E+000                  2.1747310258351864E+000                  6.2166770420447388E+009                  1.7697164438231767E-007                  0.0000000000000000E+000                 -3.3760481568609322E+000                  2.7249361722774312E-001                  5.1105424458757420E-001                  6.6156924241956483E-001 
                                     141                  1.1858657110942088E+001                  9.1192973362288632E-001                  4.9077824001517518E+000                 -7.6200656409723777E+000                  5.5642555716333710E+000                  6.9999999953586556E-001                  2.8000000046413470E-001                  1.9999999999999796E-002                  0.0000000000000000E+000                  1.8247572737859523E+009                  4.7477392964517223E+006                  3.5179671889021863E-027                  0.0000000000000000E+000                  0.0000000000000000E+000                  2.1735461474554731E+000                  6.2532196988306713E+009                  1.7494379828662435E-007                  0.0000000000000000E+000                 -3.3785507242688353E+000                  2.7394768152625859E-001                  5.1250830888608978E-001                  6.6302330671808030E-001 
                                     142                  1.1858657107547778E+001                  9.1187665468968304E-001                  4.9109258390578336E+000                 -7.6095602272548568E+000                  5.5775926610402484E+000                  6.9999999953586556E-001                  2.8000000046413470E-001                  1.9999999999999796E-002                  0.0000000000000000E+000                  1.8199581341729386E+009                  4.7636607951654419E+006                  3.6041161290892825E-027                  0.0000000000000000E+000                  0.0000000000000000E+000                  2.1719757914634243E+000                  6.2809487251766186E+009                  1.7346149101857062E-007                  0.0000000000000000E+000                 -3.3803984624377557E+000                  2.7504043560500674E-001                  5.1360106296483776E-001                  6.6411606079682850E-001 
                                     143                  1.1858657101387779E+001                  9.1178258139920010E-001                  4.9144465815972698E+000                 -7.5977235265007801E+000                  5.5925808168675557E+000                  6.9999999953586556E-001                  2.8000000046413470E-001                  1.9999999999999796E-002                  0.0000000000000000E+000                  1.8142986154845228E+009                  4.7814668393251896E+006                  3.7037125861920541E-027                  0.0000000000000000E+000                  0.0000000000000000E+000                  2.1707414331687809E+000                  6.3302434249279413E+009                  1.7083853667280332E-007                  0.0000000000000000E+000                 -3.3837070786016761E+000                  2.7697266175465224E-001                  5.1553328911448337E-001                  6.6604828694647400E-001 
                                     144                  1.1858657096464269E+001                  9.1170937064339719E-001                  4.9177628253839227E+000                 -7.5866507993077086E+000                  5.6066449036821089E+000                  6.9999999953586556E-001                  2.8000000046413470E-001                  1.9999999999999796E-002                  0.0000000000000000E+000                  1.8093109634954379E+009                  4.7984090776947634E+006                  3.7993710679289187E-027                  0.0000000000000000E+000                  0.0000000000000000E+000                  2.1696737150493233E+000                  6.3685701303458958E+009                  1.6874918506635813E-007                  0.0000000000000000E+000                 -3.3863791579063598E+000                  2.7846934569532167E-001                  5.1702997305515275E-001                  6.6754497088714337E-001 
                                     145                  1.1858657090641172E+001                  9.1162491714915128E-001                  4.9223840597594775E+000                 -7.5713497776403749E+000                  5.6261528676980292E+000                  6.9999999953586556E-001                  2.8000000046413470E-001                  1.9999999999999796E-002                  0.0000000000000000E+000                  1.8029406211542954E+009                  4.8222940568366451E+006                  3.9356378379988776E-027                  0.0000000000000000E+000                  0.0000000000000000E+000                  2.1684259139807862E+000                  6.4134900775062046E+009                  1.6635118266238795E-007                  0.0000000000000000E+000                 -3.3894870535985913E+000                  2.8019778952273561E-001                  5.1875841688256674E-001                  6.6927341471455737E-001 
                                     146                  1.1858657080981894E+001                  9.1148957377453499E-001                  4.9269536705042283E+000                 -7.5560835152257102E+000                  5.6455401182553997E+000                  6.9999999953586556E-001                  2.8000000046413470E-001                  1.9999999999999796E-002                  0.0000000000000000E+000                  1.7961185979501281E+009                  4.8458267574514905E+006                  4.0764659673510695E-027                  0.0000000000000000E+000                  0.0000000000000000E+000                  2.1685076683249047E+000                  6.4852206038818903E+009                  1.6229003870197918E-007                  0.0000000000000000E+000                 -3.3948540680891286E+000                  2.8294917219066845E-001                  5.2150979955049948E-001                  6.7202479738249021E-001 
                                     147                  1.1858657074569999E+001                  9.1140276856162283E-001                  4.9301469424162621E+000                 -7.5454965323374310E+000                  5.6590310260097834E+000                  6.9999999953586556E-001                  2.8000000046413470E-001                  1.9999999999999796E-002                  0.0000000000000000E+000                  1.7917228700062578E+009                  4.8624442164744828E+006                  4.1770773263870097E-027                  0.0000000000000000E+000                  0.0000000000000000E+000                  2.1688593616910357E+000                  6.5310100252115088E+009                  1.5950611916474439E-007                  0.0000000000000000E+000                 -3.3986113256811232E+000                  2.8470031466899837E-001                  5.2326094202882945E-001                  6.7377593986082018E-001 
                                     148                  1.1858657069376877E+001                  9.1133411959447985E-001                  4.9332393422400669E+000                 -7.5353174255718329E+000                  5.6720440129425294E+000                  6.9999999953586556E-001                  2.8000000046413470E-001                  1.9999999999999796E-002                  0.0000000000000000E+000                  1.7877974642372997E+009                  4.8786845865258761E+006                  4.2761535022152534E-027                  0.0000000000000000E+000                  0.0000000000000000E+000                  2.1693918045273848E+000                  6.5677621067626381E+009                  1.5727567253568768E-007                  0.0000000000000000E+000                 -3.4016692245134950E+000                  2.8608627291703048E-001                  5.2464690027686156E-001                  6.7516189810885219E-001 
                                     149                  1.1858657063036588E+001                  9.1125220498934278E-001                  4.9365408313605323E+000                 -7.5244665081314377E+000                  5.6859255155301938E+000                  6.9999999953586556E-001                  2.8000000046413470E-001                  1.9999999999999796E-002                  0.0000000000000000E+000                  1.7837039240563555E+009                  4.8960935479411874E+006                  4.3843579183318714E-027                  0.0000000000000000E+000                  0.0000000000000000E+000                  2.1703627261868865E+000                  6.6119501613557301E+009                  1.5456404629364839E-007                  0.0000000000000000E+000                 -3.4054457607463764E+000                  2.8773783413232112E-001                  5.2629846149215220E-001                  6.7681345932414294E-001 
                                     150                  1.1858657056696300E+001                  9.1117226700304499E-001                  4.9414729797788963E+000                 -7.5084953802029704E+000                  5.7064939182842380E+000                  6.9999999953586556E-001                  2.8000000046413470E-001                  1.9999999999999796E-002                  0.0000000000000000E+000                  1.7786366351541271E+009                  4.9225235204709601E+006                  4.5486216460789993E-027                  0.0000000000000000E+000                  0.0000000000000000E+000                  2.1718949167426902E+000                  6.6557677299409809E+009                  1.5190117183053234E-007                  0.0000000000000000E+000                 -3.4092194378955623E+000                  2.8935076958009848E-001                  5.2791139693992950E-001                  6.7842639477192024E-001 
                                     151                  1.1858657043500822E+001                  9.1101177302514913E-001                  4.9469973698800533E+000                 -7.4904407214846307E+000                  5.7296506071544000E+000                  6.9999999953586556E-001                  2.8000000046413470E-001                  1.9999999999999796E-002                  0.0000000000000000E+000                  1.7723623762126443E+009                  4.9520152298624432E+006                  4.7417381526092647E-027                  0.0000000000000000E+000                  0.0000000000000000E+000                  2.1753204955270413E+000                  6.7439403879718761E+009                  1.4639609933700553E-007                  0.0000000000000000E+000                 -3.4172352473593821E+000                  2.9257317919295811E-001                  5.3113380655278919E-001                  6.8164880438477982E-001 
                                     152                  1.1858657033600247E+001                  9.1089614752089576E-001                  4.9515845694727538E+000                 -7.4756207416514835E+000                  5.7487572414572075E+000                  6.9999999953586556E-001                  2.8000000046413470E-001                  1.9999999999999796E-002                  0.0000000000000000E+000                  1.7679240080922105E+009                  4.9768449293995090E+006                  4.9063681982845140E-027                  0.0000000000000000E+000                  0.0000000000000000E+000                  2.1785198250468274E+000                  6.8073170669179754E+009                  1.4226953034814087E-007                  0.0000000000000000E+000                 -3.4234440510772934E+000                  2.9487640044223273E-001                  5.3343702780206381E-001                  6.8395202563405444E-001 
                                     153                  1.1858657023516095E+001                  9.1078223882657938E-001                  4.9555339255260913E+000                 -7.4628919365769724E+000                  5.7651857864974660E+000                  6.9999999953586556E-001                  2.8000000046413470E-001                  1.9999999999999796E-002                  0.0000000000000000E+000                  1.7642713005960369E+009                  4.9983397186950957E+006                  5.0523240857302727E-027                  0.0000000000000000E+000                  0.0000000000000000E+000                  2.1818268484300676E+000                  6.8704657488991175E+009                  1.3818567514298684E-007                  0.0000000000000000E+000                 -3.4297684876299721E+000                  2.9714146943587105E-001                  5.3570209679570224E-001                  6.8621709462769276E-001 
                                     154                  1.1858657015718251E+001                  9.1069664105307624E-001                  4.9588455558665308E+000                 -7.4523007580781426E+000                  5.7789031811067257E+000                  6.9999999953586556E-001                  2.8000000046413470E-001                  1.9999999999999796E-002                  0.0000000000000000E+000                  1.7615738234142034E+009                  5.0165343390983650E+006                  5.1770729490164660E-027                  0.0000000000000000E+000                  0.0000000000000000E+000                  2.1848061106801429E+000                  6.9182779298524103E+009                  1.3509568049817574E-007                  0.0000000000000000E+000                 -3.4346792683675811E+000                  2.9883963656824442E-001                  5.3740026392807549E-001                  6.8791526176006623E-001 
                                     155                  1.1858657008070264E+001                  9.1061466344483999E-001                  4.9628279800589468E+000                 -7.4396875056218992E+000                  5.7953115307305483E+000                  6.9999999953586556E-001                  2.8000000046413470E-001                  1.9999999999999796E-002                  0.0000000000000000E+000                  1.7588652049819088E+009                  5.0386566357906973E+006                  5.3296640707471729E-027                  0.0000000000000000E+000                  0.0000000000000000E+000                  2.1885703238697456E+000                  6.9648086605904341E+009                  1.3215955029181574E-007                  0.0000000000000000E+000                 -3.4394507239121004E+000                  3.0046789753762282E-001                  5.3902852489745401E-001                  6.8954352272944464E-001 
                                     156                  1.1858656996604442E+001                  9.1049519800512246E-001                  4.9667834598771847E+000                 -7.4271229637053615E+000                  5.8116352083146454E+000                  6.9999999953586556E-001                  2.8000000046413470E-001                  1.9999999999999796E-002                  0.0000000000000000E+000                  1.7560585388258591E+009                  5.0606530198327173E+006                  5.4861376725005091E-027                  0.0000000000000000E+000                  0.0000000000000000E+000                  2.1930674081469954E+000                  7.0328589355762835E+009                  1.2783808875984637E-007                  0.0000000000000000E+000                 -3.4466698654451773E+000                  3.0283343863041184E-001                  5.4139406599024298E-001                  6.9190906382223361E-001 
                                     157                  1.1858656988346569E+001                  9.1041155199309609E-001                  4.9697914315580052E+000                 -7.4176409123185598E+000                  5.8239969346027527E+000                  6.9999999953586556E-001                  2.8000000046413470E-001                  1.9999999999999796E-002                  0.0000000000000000E+000                  1.7542387269460557E+009                  5.0775366957111275E+006                  5.6072578700041213E-027                  0.0000000000000000E+000                  0.0000000000000000E+000                  2.1966850223833667E+000                  7.0805616841217794E+009                  1.2476743351793138E-007                  0.0000000000000000E+000                 -3.4519493791582869E+000                  3.0448309431500020E-001                  5.4304372167483128E-001                  6.9355871950682191E-001 
                                     158                  1.1858656981178681E+001                  9.1034047672096075E-001                  4.9734130197476638E+000                 -7.4063513877698028E+000                  5.8387900567677899E+000                  6.9999999953586556E-001                  2.8000000046413470E-001                  1.9999999999999796E-002                  0.0000000000000000E+000                  1.7525800581450222E+009                  5.0981093267916078E+006                  5.7549584640984770E-027                  0.0000000000000000E+000                  0.0000000000000000E+000                  2.2011335468681748E+000                  7.1218014051910877E+009                  1.2218511835071379E-007                  0.0000000000000000E+000                 -3.4564908430849286E+000                  3.0588786733387846E-001                  5.4444849469370948E-001                  6.9496349252570011E-001 
                                     159                  1.1858656969312717E+001                  9.1022576192694649E-001                  4.9772666418361045E+000                 -7.3943075598908647E+000                  5.8545532361819550E+000                  6.9999999953586556E-001                  2.8000000046413470E-001                  1.9999999999999796E-002                  0.0000000000000000E+000                  1.7507083929150414E+009                  5.1200351699748328E+006                  5.9168196922454996E-027                  0.0000000000000000E+000                  0.0000000000000000E+000                  2.2065807087556411E+000                  7.1887274030318003E+009                  1.1799770555333691E-007                  0.0000000000000000E+000                 -3.4640632186995335E+000                  3.0815131849227878E-001                  5.4671194585210980E-001                  6.9722694368410043E-001 
                                     160                  1.1858656960192526E+001                  9.1013994416266675E-001                  4.9819553765061659E+000                 -7.3799081630446794E+000                  5.8735509860662409E+000                  6.9999999953586556E-001                  2.8000000046413470E-001                  1.9999999999999796E-002                  0.0000000000000000E+000                  1.7494799643925190E+009                  5.1471945904056411E+006                  6.1163247998613256E-027                  0.0000000000000000E+000                  0.0000000000000000E+000                  2.2131531427740159E+000                  7.2393923747924795E+009                  1.1487674170889468E-007                  0.0000000000000000E+000                 -3.4698839454902815E+000                  3.0984411619025964E-001                  5.4840474355009072E-001                  6.9891974138208146E-001 
                                     161                  1.1858656943007661E+001                  9.0998338315639038E-001                  4.9870918914673776E+000                 -7.3640551696669680E+000                  5.8944192655258885E+000                  6.9999999953586556E-001                  2.8000000046413470E-001                  1.9999999999999796E-002                  0.0000000000000000E+000                  1.7478350277110887E+009                  5.1769898978778226E+006                  6.3437590521169273E-027                  0.0000000000000000E+000                  0.0000000000000000E+000                  2.2213880578766005E+000                  7.3325939600803394E+009                  1.0926166881892796E-007                  0.0000000000000000E+000                 -3.4807660852654827E+000                  3.1292809277714595E-001                  5.5148872013697692E-001                  7.0200371796896766E-001 
                                     162                  1.1858656929983439E+001                  9.0986887328580923E-001                  4.9906149562959543E+000                 -7.3532534410832397E+000                  5.9086815046620238E+000                  6.9999999953586556E-001                  2.8000000046413470E-001                  1.9999999999999796E-002                  0.0000000000000000E+000                  1.7470007437607706E+009                  5.1976290611164887E+006                  6.5035515111660211E-027                  0.0000000000000000E+000                  0.0000000000000000E+000                  2.2271566082424386E+000                  7.4005089533835697E+009                  1.0519065627410264E-007                  0.0000000000000000E+000                 -3.4890114176805800E+000                  3.1517039466163732E-001                  5.5373102202146851E-001                  7.0424601985345914E-001 
                                     163                  1.1858656921533134E+001                  9.0979635586672913E-001                  4.9939290753485741E+000                 -7.3432221652373109E+000                  5.9220052158971965E+000                  6.9999999953586556E-001                  2.8000000046413470E-001                  1.9999999999999796E-002                  0.0000000000000000E+000                  1.7467387597966812E+009                  5.2173113357818630E+006                  6.6555493164125169E-027                  0.0000000000000000E+000                  0.0000000000000000E+000                  2.2323433080712789E+000                  7.4442398911927252E+009                  1.0272881994047824E-007                  0.0000000000000000E+000                 -3.4941538503276366E+000                  3.1659306323373060E-001                  5.5515369059356168E-001                  7.0566868842555230E-001 
                                     164                  1.1858656909288625E+001                  9.0969361506921731E-001                  4.9980474571942306E+000                 -7.3307996280201637E+000                  5.9385315918564094E+000                  6.9999999953586545E-001                  2.8000000046413470E-001                  1.9999999999999796E-002                  0.0000000000000000E+000                  1.7465816186718519E+009                  5.2419444627548782E+006                  6.8487136607070848E-027                  0.0000000000000000E+000                  0.0000000000000000E+000                  2.2387983666280644E+000                  7.5070394237055168E+009                  9.9419578156658205E-008                  0.0000000000000000E+000                 -3.5012640419655598E+000                  3.1861117075290646E-001                  5.5717179811273765E-001                  7.0768679594472828E-001 
                                     165                  1.1858656894990915E+001                  9.0957694093988761E-001                  5.0011908394234608E+000                 -7.3212858784469557E+000                  5.9511685089072959E+000                  6.9999999953586556E-001                  2.8000000046413470E-001                  1.9999999999999796E-002                  0.0000000000000000E+000                  1.7463250899955647E+009                  5.2607850839968827E+006                  7.0004305066298961E-027                  0.0000000000000000E+000                  0.0000000000000000E+000                  2.2438726341185609E+000                  7.5780776021229305E+009                  9.5803317805426728E-008                  0.0000000000000000E+000                 -3.5093097252120935E+000                  3.2089180567702469E-001                  5.5945243303685566E-001                  7.0996743086884639E-001 
                                     166                  1.1858656888323145E+001                  9.0952367741300832E-001                  5.0034001137771549E+000                 -7.3146765293692191E+000                  5.9599950121226080E+000                  6.9999999953586556E-001                  2.8000000046413470E-001                  1.9999999999999796E-002                  0.0000000000000000E+000                  1.7464507520024202E+009                  5.2741869995319741E+006                  7.1078048129173102E-027                  0.0000000000000000E+000                  0.0000000000000000E+000                  2.2471987810271132E+000                  7.6106849950411301E+009                  9.4233720835801038E-008                  0.0000000000000000E+000                 -3.5128968301728847E+000                  3.2193145097368830E-001                  5.6049207833351944E-001                  7.1100707616551007E-001 
                                     167                  1.1858656879988434E+001                  9.0945807665173717E-001                  5.0058065642206397E+000                 -7.3074874232867852E+000                  5.9696020701963626E+000                  6.9999999953586556E-001                  2.8000000046413470E-001                  1.9999999999999796E-002                  0.0000000000000000E+000                  1.7466228096048143E+009                  5.2888446847127285E+006                  7.2264687516115473E-027                  0.0000000000000000E+000                  0.0000000000000000E+000                  2.2508295202323194E+000                  7.6512998956432953E+009                  9.2396315327425092E-008                  0.0000000000000000E+000                 -3.5171726738319071E+000                  3.2321363627633348E-001                  5.6177426363616456E-001                  7.1228926146815530E-001 
                                     168                  1.1858656871653720E+001                  9.0939352386379113E-001                  5.0081927624155131E+000                 -7.3003805633245467E+000                  5.9791127674144198E+000                  6.9999999953586556E-001                  2.8000000046413470E-001                  1.9999999999999796E-002                  0.0000000000000000E+000                  1.7468744525655942E+009                  5.3034581165171070E+006                  7.3457224298542348E-027                  0.0000000000000000E+000                  0.0000000000000000E+000                  2.2544309801023035E+000                  7.6913624201538095E+009                  9.0637814531423529E-008                  0.0000000000000000E+000                 -3.5213452873864615E+000                  3.2447324116926585E-001                  5.6303386852909687E-001                  7.1354886636108761E-001 
                                     169                  1.1858656863128996E+001                  9.0932854200389035E-001                  5.0107830933915265E+000                 -7.2926972447020386E+000                  5.9894145898753202E+000                  6.9999999953586556E-001                  2.8000000046413470E-001                  1.9999999999999796E-002                  0.0000000000000000E+000                  1.7472662817516367E+009                  5.3194225452349465E+006                  7.4768642368706938E-027                  0.0000000000000000E+000                  0.0000000000000000E+000                  2.2583552988625377E+000                  7.7318998627290087E+009                  8.8914233421714526E-008                  0.0000000000000000E+000                 -3.5255143557257211E+000                  3.2574016924794158E-001                  5.6430079660777255E-001                  7.1481579443976329E-001 
                                     170                  1.1858656852981644E+001                  9.0925251064917345E-001                  5.0149044310191151E+000                 -7.2805999594434976E+000                  6.0057144326917040E+000                  6.9999999953586556E-001                  2.8000000046413470E-001                  1.9999999999999796E-002                  0.0000000000000000E+000                  1.7483822395910370E+009                  5.3451322533222744E+006                  7.6881071515101143E-027                  0.0000000000000000E+000                  0.0000000000000000E+000                  2.2645315107499089E+000                  7.7799225321399307E+009                  8.6962332264086140E-008                  0.0000000000000000E+000                 -3.5303344106577508E+000                  3.2722421604665070E-001                  5.6578484340648183E-001                  7.1629984123847246E-001 
                                     171                  1.1858656832686941E+001                  9.0910451073206067E-001                  5.0192374815184504E+000                 -7.2677729555435544E+000                  6.0229289951958167E+000                  6.9999999953586556E-001                  2.8000000046413470E-001                  1.9999999999999796E-002                  0.0000000000000000E+000                  1.7490882106874359E+009                  5.3721634654334821E+006                  7.9186159261119037E-027                  0.0000000000000000E+000                  0.0000000000000000E+000                  2.2720035921314201E+000                  7.8732619876109114E+009                  8.3159699582473540E-008                  0.0000000000000000E+000                 -3.5400435441214002E+000                  3.3010075300502068E-001                  5.6866138036485181E-001                  7.1917637819684244E-001 
                                     172                  1.1858656819611760E+001                  9.0901185753295233E-001                  5.0218770609645134E+000                 -7.2600071920709910E+000                  6.0333813089937918E+000                  6.9999999953586556E-001                  2.8000000046413470E-001                  1.9999999999999796E-002                  0.0000000000000000E+000                  1.7496945516773531E+009                  5.3887867583401250E+006                  8.0615172374920321E-027                  0.0000000000000000E+000                  0.0000000000000000E+000                  2.2767911306848343E+000                  7.9313394264906921E+009                  8.0716342269201936E-008                  0.0000000000000000E+000                 -3.5465192633774842E+000                  3.3189045755106089E-001                  5.7045108491089203E-001                  7.2096608274288265E-001 
                                     173                  1.1858656811788395E+001                  9.0895737450952030E-001                  5.0248059440049886E+000                 -7.2515023498065316E+000                  6.0448992121667757E+000                  6.9999999953586556E-001                  2.8000000046413470E-001                  1.9999999999999796E-002                  0.0000000000000000E+000                  1.7508039404592655E+009                  5.4074775468995506E+006                  8.2209793549084021E-027                  0.0000000000000000E+000                  0.0000000000000000E+000                  2.2821483251513905E+000                  7.9660693547770691E+009                  7.9286838779292978E-008                  0.0000000000000000E+000                 -3.5503994487113295E+000                  3.3294565570788798E-001                  5.7150628306771911E-001                  7.2202128089970974E-001 
                                     174                  1.1858656796004453E+001                  9.0884952409367614E-001                  5.0286225612774151E+000                 -7.2404071439939681E+000                  6.0599171632575715E+000                  6.9999999953586556E-001                  2.8000000046413470E-001                  1.9999999999999796E-002                  0.0000000000000000E+000                  1.7521761215798700E+009                  5.4319340631886162E+006                  8.4337613478874013E-027                  0.0000000000000000E+000                  0.0000000000000000E+000                  2.2899087312931790E+000                  8.0354433698523235E+009                  7.6411899328838612E-008                  0.0000000000000000E+000                 -3.5584195025809353E+000                  3.3503507382099840E-001                  5.7359570118082948E-001                  7.2411069901282010E-001 
                                     175                  1.1858656780083297E+001                  9.0874340177439183E-001                  5.0323413525181140E+000                 -7.2296541871196540E+000                  6.0745089021737932E+000                  6.9999999953586556E-001                  2.8000000046413470E-001                  1.9999999999999796E-002                  0.0000000000000000E+000                  1.7537240016450698E+009                  5.4559816391275870E+006                  8.6452341659702530E-027                  0.0000000000000000E+000                  0.0000000000000000E+000                  2.2981241721224022E+000                  8.1037376286716995E+009                  7.3467541226025867E-008                  0.0000000000000000E+000                 -3.5669522473286475E+000                  3.3708447844103756E-001                  5.7564510580086858E-001                  7.2616010363285921E-001 
                                     176                  1.1858656764162140E+001                  9.0863979972105635E-001                  5.0350532082229043E+000                 -7.2218126748696330E+000                  6.0851497441903337E+000                  6.9999999953586556E-001                  2.8000000046413470E-001                  1.9999999999999796E-002                  0.0000000000000000E+000                  1.7548388510940175E+009                  5.4735979305281565E+006                  8.8027853824962205E-027                  0.0000000000000000E+000                  0.0000000000000000E+000                  2.3046584381114239E+000                  8.1705062601590538E+009                  7.0488406522658126E-008                  0.0000000000000000E+000                 -3.5759411535417027E+000                  3.3908005613349140E-001                  5.7764068349332254E-001                  7.2815568132531316E-001 
                                     177                  1.1858656756201562E+001                  9.0858889845118995E-001                  5.0372533221633971E+000                 -7.2155229745418197E+000                  6.0937311843980915E+000                  6.9999999953586556E-001                  2.8000000046413470E-001                  1.9999999999999796E-002                  0.0000000000000000E+000                  1.7560274529040332E+009                  5.4880509042298170E+006                  8.9312305838835520E-027                  0.0000000000000000E+000                  0.0000000000000000E+000                  2.3100675039519856E+000                  8.2035815893141642E+009                  6.8995100001737750E-008                  0.0000000000000000E+000                 -3.5805908757746412E+000                  3.4006070345490325E-001                  5.7862133081473432E-001                  7.2913632864672484E-001 
                                     178                  1.1858656744480838E+001                  9.0851499990814832E-001                  5.0398221465206738E+000                 -7.2081909303662171E+000                  6.1037424150610411E+000                  6.9999999953586556E-001                  2.8000000046413470E-001                  1.9999999999999796E-002                  0.0000000000000000E+000                  1.7574546266819737E+009                  5.5050009589078156E+006                  9.0833300401886475E-027                  0.0000000000000000E+000                  0.0000000000000000E+000                  2.3167453085541321E+000                  8.2520907529607935E+009                  6.6801191659088799E-008                  0.0000000000000000E+000                 -3.5876078950619990E+000                  3.4148640743756531E-001                  5.8004703479739639E-001                  7.3056203262938713E-001 
                                     179                  1.1858656732760114E+001                  9.0844230169654894E-001                  5.0423621650570443E+000                 -7.2009739496093932E+000                  6.1136179815292806E+000                  6.9999999953586556E-001                  2.8000000046413470E-001                  1.9999999999999796E-002                  0.0000000000000000E+000                  1.7589910340177805E+009                  5.5218720747095309E+006                  9.2355722561409196E-027                  0.0000000000000000E+000                  0.0000000000000000E+000                  2.3236742081828563E+000                  8.2999568122676277E+009                  6.4595435781780818E-008                  0.0000000000000000E+000                 -3.5948990837641861E+000                  3.4288752498410974E-001                  5.8144815234394076E-001                  7.3196315017593150E-001 
                                     180                  1.1858656720837363E+001                  9.0836953259234032E-001                  5.0454998111084910E+000                 -7.1921331574426874E+000                  6.1257642417189713E+000                  6.9999999953586556E-001                  2.8000000046413470E-001                  1.9999999999999796E-002                  0.0000000000000000E+000                  1.7611819812746789E+009                  5.5429105657686070E+006                  9.4255510060754091E-027                  0.0000000000000000E+000                  0.0000000000000000E+000                  2.3325998677156101E+000                  8.3483234751563511E+009                  6.2350871745436079E-008                  0.0000000000000000E+000                 -3.6025787350735858E+000                  3.4429130057576790E-001                  5.8285192793559903E-001                  7.3336692576758966E-001 
                                     181                  1.1858656702953235E+001                  9.0826251204326480E-001                  5.0491617275238978E+000                 -7.1818450667784077E+000                  6.1399188035258883E+000                  6.9999999953586556E-001                  2.8000000046413470E-001                  1.9999999999999796E-002                  0.0000000000000000E+000                  1.7638529231268761E+009                  5.5676244818883911E+006                  9.6515566178295946E-027                  0.0000000000000000E+000                  0.0000000000000000E+000                  2.3437966131658250E+000                  8.4199542113176317E+009                  5.8973827663645090E-008                  0.0000000000000000E+000                 -3.6146703418322081E+000                  3.4635559207980654E-001                  5.8491621943963756E-001                  7.3543121727162830E-001 
                                     182                  1.1858656685069107E+001                  9.0815792051647759E-001                  5.0521742745144786E+000                 -7.1734125035946859E+000                  6.1515412383477708E+000                  6.9999999953586556E-001                  2.8000000046413470E-001                  1.9999999999999796E-002                  0.0000000000000000E+000                  1.7661740505220516E+009                  5.5880946575223673E+006                  9.8408365158886099E-027                  0.0000000000000000E+000                  0.0000000000000000E+000                  2.3536335108793769E+000                  8.4900803841638546E+009                  5.5571100445989403E-008                  0.0000000000000000E+000                 -3.6275755015093365E+000                  3.4836891849672952E-001                  5.8692954585656065E-001                  7.3744454368855117E-001 
                                     183                  1.1858656672728513E+001                  9.0808709407958843E-001                  5.0563607051192845E+000                 -7.1619227046899452E+000                  6.1675299497167480E+000                  6.9999999953586556E-001                  2.8000000046413470E-001                  1.9999999999999796E-002                  0.0000000000000000E+000                  1.7703368364319251E+009                  5.6170372129495293E+006                  1.0104729636129738E-026                  0.0000000000000000E+000                  0.0000000000000000E+000                  2.3676456732218991E+000                  8.5384384872365618E+009                  5.3231930841991686E-008                  0.0000000000000000E+000                 -3.6369138903514009E+000                  3.4973641881627060E-001                  5.8829704617610168E-001                  7.3881204400809231E-001 
                                     184                  1.1858656642173534E+001                  9.0791616571590494E-001                  5.0609328785038930E+000                 -7.1492965551922030E+000                  6.1850475149137534E+000                  6.9999999953586556E-001                  2.8000000046413470E-001                  1.9999999999999796E-002                  0.0000000000000000E+000                  1.7745764669360528E+009                  5.6486963064934146E+006                  1.0402891253227459E-026                  0.0000000000000000E+000                  0.0000000000000000E+000                  2.3846489128739230E+000                  8.6559745482850552E+009                  4.7452382656832893E-008                  0.0000000000000000E+000                 -3.6618709880489493E+000                  3.5303515405083946E-001                  5.9159578141067060E-001                  7.4211077924266111E-001 
                                     185                  1.1858656623959147E+001                  9.0781709951258116E-001                  5.0642601533450726E+000                 -7.1402460133151706E+000                  6.1976977217179829E+000                  6.9999999953586556E-001                  2.8000000046413470E-001                  1.9999999999999796E-002                  0.0000000000000000E+000                  1.7782409175825074E+009                  5.6720683276267713E+006                  1.0622015505423359E-026                  0.0000000000000000E+000                  0.0000000000000000E+000                  2.3975087117416169E+000                  8.7242370656567955E+009                  4.4004414579408329E-008                  0.0000000000000000E+000                 -3.6782518761739018E+000                  3.5494179217037586E-001                  5.9350241953020688E-001                  7.4401741736219762E-001 
                                     186                  1.1858656605744763E+001                  9.0772001069540953E-001                  5.0675086072814723E+000                 -7.1314772234773924E+000                  6.2100006989198917E+000                  6.9999999953586556E-001                  2.8000000046413470E-001                  1.9999999999999796E-002                  0.0000000000000000E+000                  1.7821109627340081E+009                  5.6950870535602020E+006                  1.0838720122167250E-026                  0.0000000000000000E+000                  0.0000000000000000E+000                  2.4106027643611130E+000                  8.7922323947552452E+009                  4.0594884658407289E-008                  0.0000000000000000E+000                 -3.6957643441053687E+000                  3.5681491629859025E-001                  5.9537554365842138E-001                  7.4589054149041201E-001 
                                     187                  1.1858656587530376E+001                  9.0762479931299644E-001                  5.0706824914935575E+000                 -7.1229752448838237E+000                  6.2219750820403785E+000                  6.9999999953586556E-001                  2.8000000046413470E-001                  1.9999999999999796E-002                  0.0000000000000000E+000                  1.7861804225869606E+009                  5.7177715859166263E+006                  1.1053052031340544E-026                  0.0000000000000000E+000                  0.0000000000000000E+000                  2.4239050409144287E+000                  8.8595377489864349E+009                  3.7215992120638857E-008                  0.0000000000000000E+000                 -3.7146351994501807E+000                  3.5865276923459505E-001                  5.9721339659442618E-001                  7.4772839442641681E-001 
                                     188                  1.1858656569315992E+001                  9.0753137286247643E-001                  5.0737857010707224E+000                 -7.1147262534627265E+000                  6.2336380447683251E+000                  6.9999999953586556E-001                  2.8000000046413470E-001                  1.9999999999999796E-002                  0.0000000000000000E+000                  1.7904431665993071E+009                  5.7401392117667627E+006                  1.1265057013435094E-026                  0.0000000000000000E+000                  0.0000000000000000E+000                  2.4373941413176206E+000                  8.9261976638989086E+009                  3.3871259589032183E-008                  0.0000000000000000E+000                 -3.7350843263544693E+000                  3.6045719443994101E-001                  5.9901782179977214E-001                  7.4953281963176277E-001 
                                     189                  1.1858656551101605E+001                  9.0743964556699375E-001                  5.0768747795940792E+000                 -7.1065804454375625E+000                  6.2452018267154417E+000                  6.9999999953586556E-001                  2.8000000046413470E-001                  1.9999999999999796E-002                  0.0000000000000000E+000                  1.7949823990025599E+009                  5.7625957987931781E+006                  1.1478400748962686E-026                  0.0000000000000000E+000                  0.0000000000000000E+000                  2.4512907087767259E+000                  8.9922720310332699E+009                  3.0562833775165097E-008                  0.0000000000000000E+000                 -3.7574031902991440E+000                  3.6223001178500996E-001                  6.0079063914484110E-001                  7.5130563697683173E-001 
                                     190                  1.1858656532249475E+001                  9.0734641117584935E-001                  5.0799489504281015E+000                 -7.0985355906514265E+000                  6.2566666512705957E+000                  6.9999999953586556E-001                  2.8000000046413470E-001                  1.9999999999999796E-002                  0.0000000000000000E+000                  1.7997831670367732E+009                  5.7851283376300996E+006                  1.1693066306973589E-026                  0.0000000000000000E+000                  0.0000000000000000E+000                  2.4656433283674732E+000                  9.0600618115840168E+009                  2.7170368004078989E-008                  0.0000000000000000E+000                 -3.7829522396600557E+000                  3.6403311974831504E-001                  6.0259374710814606E-001                  7.5310874494013669E-001 
                                     191                  1.1858656513397344E+001                  9.0725482951640102E-001                  5.0836624361549374E+000                 -7.0889378755712418E+000                  6.2704314830645895E+000                  6.9999999953586556E-001                  2.8000000046413470E-001                  1.9999999999999796E-002                  0.0000000000000000E+000                  1.8061263921527405E+009                  5.8126576424101936E+006                  1.1954426545873241E-026                  0.0000000000000000E+000                  0.0000000000000000E+000                  2.4836643744893605E+000                  9.1275239780820503E+009                  2.3794793746879566E-008                  0.0000000000000000E+000                 -3.8117590276553539E+000                  3.6580720720493226E-001                  6.0436783456476328E-001                  7.5488283239675391E-001 
                                     192                  1.1858656485685721E+001                  9.0712305016071726E-001                  5.0868856788185850E+000                 -7.0806133992329583E+000                  6.2823755795421397E+000                  6.9999999953586556E-001                  2.8000000046413470E-001                  1.9999999999999796E-002                  0.0000000000000000E+000                  1.8116955462651999E+009                  5.8366629076038068E+006                  1.2185841369824673E-026                  0.0000000000000000E+000                  0.0000000000000000E+000                  2.5003478829764698E+000                  9.2251643913143597E+009                  1.8822373920506538E-008                  0.0000000000000000E+000                 -3.8626628016244409E+000                  3.6835888442989279E-001                  6.0691951178972381E-001                  7.5743450962171444E-001 
                                     193                  1.1858656471829907E+001                  9.0705836753933933E-001                  5.0890008581190624E+000                 -7.0752211712996402E+000                  6.2901642309467958E+000                  6.9999999953586556E-001                  2.8000000046413470E-001                  1.9999999999999796E-002                  0.0000000000000000E+000                  1.8156687885561488E+009                  5.8525862325662374E+006                  1.2338127316644427E-026                  0.0000000000000000E+000                  0.0000000000000000E+000                  2.5116477421356200E+000                  9.2734192980439415E+009                  1.6317985484382927E-008                  0.0000000000000000E+000                 -3.8936667287659059E+000                  3.6961137803078009E-001                  6.0817200539061123E-001                  7.5868700322260185E-001 
                                     194                  1.1858656457974094E+001                  9.0699445467557904E-001                  5.0921251064504167E+000                 -7.0673574603326621E+000                  6.3015980475051645E+000                  6.9999999953586556E-001                  2.8000000046413470E-001                  1.9999999999999796E-002                  0.0000000000000000E+000                  1.8219992694270644E+009                  5.8763543511240510E+006                  1.2563630675202906E-026                  0.0000000000000000E+000                  0.0000000000000000E+000                  2.5289181160268073E+000                  9.3219961427924328E+009                  1.3793558497482071E-008                  0.0000000000000000E+000                 -3.9301618394843940E+000                  3.7085400413008507E-001                  6.0941463148991615E-001                  7.5992962932190677E-001 
                                     195                  1.1858656430262471E+001                  9.0686884044492977E-001                  5.0961828919188958E+000                 -7.0572058959010500E+000                  6.3164062688776683E+000                  6.9999999953586556E-001                  2.8000000046413470E-001                  1.9999999999999796E-002                  0.0000000000000000E+000                  1.8305480511817858E+009                  5.9074709282935346E+006                  1.2860847809228686E-026                  0.0000000000000000E+000                  0.0000000000000000E+000                  2.5528975233196154E+000                  9.4185023349503956E+009                  8.6743008037787930E-009                  0.0000000000000000E+000                 -4.0308827608217728E+000                  3.7330058453882081E-001                  6.1186121189865195E-001                  7.6237620973064257E-001 
                                     196                  1.1858656402550846E+001                  9.0674602303726404E-001                  5.1001358811577111E+000                 -7.0474468442998335E+000                  6.3307421189978657E+000                  6.9999999953586556E-001                  2.8000000046413470E-001                  1.9999999999999796E-002                  0.0000000000000000E+000                  1.8395097666918659E+009                  5.9381654632339580E+006                  1.3153200625937129E-026                  0.0000000000000000E+000                  0.0000000000000000E+000                  2.5779006591954925E+000                  9.5137389595208855E+009                  3.4452982707426978E-009                  0.0000000000000000E+000                 -4.2313865869173251E+000                  3.7569550501107740E-001                  6.1425613237090848E-001                  7.6477113020289911E-001 
                                     197                  1.1858656374839221E+001                  9.0662583385365314E-001                  5.1039914649855467E+000                 -7.0380587934971883E+000                  6.3446349598851901E+000                  6.9999999953586556E-001                  2.8000000046413470E-001                  1.9999999999999796E-002                  0.0000000000000000E+000                  1.8488930840435581E+009                  5.9684852292529000E+006                  1.3440710056998231E-026                  0.0000000000000000E+000                  0.0000000000000000E+000                  2.6039526369880241E+000                  9.6083782912373886E+009                 -1.9100249582600981E-009                  0.0000000000000000E+000                 -9.8999999999999986E+001                  3.7804690943842784E-001                  6.1660753679825897E-001                  7.6712253463024960E-001 
                                     198                  1.1858656347127598E+001                  9.0650811820713828E-001                  5.1068509534096398E+000                 -7.0311555818800144E+000                  6.3548982872669102E+000                  6.9999999953586556E-001                  2.8000000046413470E-001                  1.9999999999999796E-002                  0.0000000000000000E+000                  1.8561643659915125E+009                  5.9911778958474370E+006                  1.3656123668306518E-026                  0.0000000000000000E+000                  0.0000000000000000E+000                  2.6243889459538390E+000                  9.7021058521984196E+009                 -7.3617205865817130E-009                  0.0000000000000000E+000                 -9.8999999999999986E+001                  3.8035589795957736E-001                  6.1891652531940844E-001                  7.6943152315139918E-001 
                                     199                  1.1858656332787099E+001                  9.0644812531814234E-001                  5.1102003705567380E+000                 -7.0232486673516226E+000                  6.3667962608591244E+000                  6.9999999953586556E-001                  2.8000000046413470E-001                  1.9999999999999796E-002                  0.0000000000000000E+000                  1.8655308921989269E+009                  6.0181899169673882E+006                  1.3907103453531946E-026                  0.0000000000000000E+000                  0.0000000000000000E+000                  2.6491045206530139E+000                  9.7508122312634201E+009                 -1.0217650361815618E-008                  0.0000000000000000E+000                 -9.8999999999999986E+001                  3.8153864625174327E-001                  6.2009927361157435E-001                  7.7061427144356498E-001 
                                     200                  1.1858656297145222E+001                  9.0630160461968146E-001                  5.1139187952074288E+000                 -7.0145057073715957E+000                  6.3799830488387590E+000                  6.9999999953586556E-001                  2.8000000046413470E-001                  1.9999999999999796E-002                  0.0000000000000000E+000                  1.8761722906408911E+009                  6.0483909969629319E+006                  1.4189995120419702E-026                  0.0000000000000000E+000                  0.0000000000000000E+000                  2.6780952856153681E+000                  9.8714894391405659E+009                 -1.7338296787874159E-008                  0.0000000000000000E+000                 -9.8999999999999986E+001                  3.8443941295278422E-001                  6.2300004031261524E-001                  7.7351503814460598E-001 
                                     201                  1.1858656275843840E+001                  9.0621571279603808E-001                  5.1166524726488980E+000                 -7.0081902467437738E+000                  6.3896010195512796E+000                  6.9999999953586556E-001                  2.8000000046413470E-001                  1.9999999999999796E-002                  0.0000000000000000E+000                  1.8845570609215450E+009                  6.0708994940218301E+006                  1.4397914879876857E-026                  0.0000000000000000E+000                  0.0000000000000000E+000                  2.7001169096790640E+000                  9.9429090976236687E+009                 -2.1583646363333171E-008                  0.0000000000000000E+000                 -9.8999999999999986E+001                  3.8614461299227254E-001                  6.2470524035210362E-001                  7.7522023818409425E-001 
                                     202                  1.1858656254542458E+001                  9.0613101107132910E-001                  5.1206817038565715E+000                 -6.9990674089193483E+000                  6.4036508012394027E+000                  6.9999999953586556E-001                  2.8000000046413470E-001                  1.9999999999999796E-002                  0.0000000000000000E+000                  1.8978575514380348E+009                  6.1045807820931571E+006                  1.4703651515662852E-026                  0.0000000000000000E+000                  0.0000000000000000E+000                  2.7335618806414068E+000                  1.0015020238340740E+010                 -2.5818456506988103E-008                  0.0000000000000000E+000                 -9.8999999999999986E+001                  3.8783757011413017E-001                  6.2639819747396119E-001                  7.7691319530595182E-001 
                                     203                  1.1858656211939696E+001                  9.0596498530823077E-001                  5.1246006210939488E+000                 -6.9902506819926034E+000                  6.4172807717516926E+000                  6.9999999953586556E-001                  2.8000000046413470E-001                  1.9999999999999796E-002                  0.0000000000000000E+000                  1.9111837741854422E+009                  6.1376431057215873E+006                  1.5005297994325859E-026                  0.0000000000000000E+000                  0.0000000000000000E+000                  2.7676660990643591E+000                  1.0158075093615019E+010                 -3.4167261636027026E-008                  0.0000000000000000E+000                 -9.8999999999999986E+001                  3.9116925036463640E-001                  6.2972987772446753E-001                  7.8024487555645816E-001 
                                     204                  1.1858656190638317E+001                  9.0588357114934159E-001                  5.1271708052393459E+000                 -6.9845836177094673E+000                  6.4261420016237594E+000                  6.9999999953586556E-001                  2.8000000046413470E-001                  1.9999999999999796E-002                  0.0000000000000000E+000                  1.9205270104923823E+009                  6.1596506514205839E+006                  1.5202444849270166E-026                  0.0000000000000000E+000                  0.0000000000000000E+000                  2.7905580751434291E+000                  1.0229064697328703E+010                 -3.8270816660213088E-008                  0.0000000000000000E+000                 -9.8999999999999986E+001                  3.9280910686798265E-001                  6.3136973422781373E-001                  7.8188473205980435E-001 
                                     205                  1.1858656169336935E+001                  9.0580316752923351E-001                  5.1297038806741595E+000                 -6.9790630336263604E+000                  6.4348324080184467E+000                  6.9999999953586556E-001                  2.8000000046413470E-001                  1.9999999999999796E-002                  0.0000000000000000E+000                  1.9300983284311666E+009                  6.1815503454392059E+006                  1.5396986681323646E-026                  0.0000000000000000E+000                  0.0000000000000000E+000                  2.8136060699309668E+000                  1.0300462413184029E+010                 -4.2324245510883804E-008                  0.0000000000000000E+000                 -9.8999999999999986E+001                  3.9443738849777105E-001                  6.3299801585760218E-001                  7.8351301368959281E-001 
                                     206                  1.1858656148035555E+001                  9.0572373566191944E-001                  5.1334444222088864E+000                 -6.9710692322414598E+000                  6.4475595821702862E+000                  6.9999999953586556E-001                  2.8000000046413470E-001                  1.9999999999999796E-002                  0.0000000000000000E+000                  1.9450956182182856E+009                  6.2143554285315853E+006                  1.5683104484509435E-026                  0.0000000000000000E+000                  0.0000000000000000E+000                  2.8483989217429659E+000                  1.0372245547558891E+010                 -4.6327259492723454E-008                  0.0000000000000000E+000                 -9.8999999999999986E+001                  3.9605437989489606E-001                  6.3461500725472719E-001                  7.8513000508671782E-001 
                                     207                  1.1858656105432793E+001                  9.0556764237039045E-001                  5.1383030075412988E+000                 -6.9608401998496925E+000                  6.4639921286253283E+000                  6.9999999953586556E-001                  2.8000000046413470E-001                  1.9999999999999796E-002                  0.0000000000000000E+000                  1.9655496610009754E+009                  6.2575718411918478E+006                  1.6056996078681679E-026                  0.0000000000000000E+000                  0.0000000000000000E+000                  2.8953926721754728E+000                  1.0515752363460962E+010                 -5.4169493844584217E-008                  0.0000000000000000E+000                 -9.8999999999999986E+001                  3.9924905767364971E-001                  6.3780968503348079E-001                  7.8832468286547142E-001 
                                     208                  1.1858656062830033E+001                  9.0541501996963714E-001                  5.1430343373429892E+000                 -6.9511055370931505E+000                  6.4798473840949491E+000                  6.9999999953586556E-001                  2.8000000046413470E-001                  1.9999999999999796E-002                  0.0000000000000000E+000                  1.9868424893153756E+009                  6.3004488907936076E+006                  1.6421093588885945E-026                  0.0000000000000000E+000                  0.0000000000000000E+000                  2.9429270560703316E+000                  1.0658464345329199E+010                 -6.1784503347441405E-008                  0.0000000000000000E+000                 -9.8999999999999986E+001                  4.0238930618052687E-001                  6.4094993354035801E-001                  7.9146493137234863E-001 
                                     209                  1.1858656020227270E+001                  9.0526562476922534E-001                  5.1477262650788536E+000                 -6.9416744024346775E+000                  6.4954277321014917E+000                  6.9999999953586556E-001                  2.8000000046413470E-001                  1.9999999999999796E-002                  0.0000000000000000E+000                  2.0093543491718893E+009                  6.3437711189472582E+006                  1.6781711835145792E-026                  0.0000000000000000E+000                  0.0000000000000000E+000                  2.9917817127510782E+000                  1.0801327479097509E+010                 -6.9163622892591503E-008                  0.0000000000000000E+000                 -9.8999999999999986E+001                  4.0548399418122871E-001                  6.4404462154105979E-001                  7.9455961937305042E-001 
                                     210                  1.1858655976135632E+001                  9.0511417267702277E-001                  5.1523785167370688E+000                 -6.9325332258024916E+000                  6.5107432263844363E+000                  6.9999999953586556E-001                  2.8000000046413470E-001                  1.9999999999999796E-002                  0.0000000000000000E+000                  2.0330570148229325E+009                  6.3875260496136257E+006                  1.7138800454199127E-026                  0.0000000000000000E+000                  0.0000000000000000E+000                  3.0419129801792573E+000                  1.0949341369317499E+010                 -7.6525336824045856E-008                  0.0000000000000000E+000                 -9.8999999999999986E+001                  4.0864161315296244E-001                  6.4720224051279351E-001                  7.9771723834478414E-001 
                                     211                  1.1858655932043993E+001                  9.0496572139367160E-001                  5.1569165443603620E+000                 -6.9238175799937913E+000                  6.5255568636444030E+000                  6.9999999953586556E-001                  2.8000000046413470E-001                  1.9999999999999796E-002                  0.0000000000000000E+000                  2.0575494439685826E+009                  6.4309985941398162E+006                  1.7486341058600062E-026                  0.0000000000000000E+000                  0.0000000000000000E+000                  3.0923391294826272E+000                  1.1097498245375938E+010                 -8.3564723589391447E-008                  0.0000000000000000E+000                 -9.8999999999999986E+001                  4.1175545171809214E-001                  6.5031607907792310E-001                  8.0083107690991384E-001 
                                     212                  1.1858655887952354E+001                  9.0482007173785028E-001                  5.1613458391800551E+000                 -6.9154970094846062E+000                  6.5399007506322349E+000                  6.9999999953586556E-001                  2.8000000046413470E-001                  1.9999999999999796E-002                  0.0000000000000000E+000                  2.0827840384110384E+009                  6.4741985879342742E+006                  1.7824702429741395E-026                  0.0000000000000000E+000                  0.0000000000000000E+000                  3.1428758338917167E+000                  1.1245853886804028E+010                 -9.0223447660659792E-008                  0.0000000000000000E+000                 -9.8999999999999986E+001                  4.1482770335038294E-001                  6.5338833071021396E-001                  8.0390332854220470E-001 
                                     213                  1.1858655843860715E+001                  9.0467704345991584E-001                  5.1678174105662169E+000                 -6.9037674423023647E+000                  6.5605922143756183E+000                  6.9999999953586556E-001                  2.8000000046413470E-001                  1.9999999999999796E-002                  0.0000000000000000E+000                  2.1226308445211518E+009                  6.5389402696446627E+006                  1.8312844596266358E-026                  0.0000000000000000E+000                  0.0000000000000000E+000                  3.2183820720555683E+000                  1.1395695941795942E+010                 -9.6434086048659114E-008                  0.0000000000000000E+000                 -9.8999999999999986E+001                  4.1786733346203492E-001                  6.5642796082186594E-001                  8.0694295865385668E-001 
                                     214                  1.1858655755677436E+001                  9.0439820344891919E-001                  5.1740239098284864E+000                 -6.8926255189009877E+000                  6.5803921748026344E+000                  6.9999999953586556E-001                  2.8000000046413470E-001                  1.9999999999999796E-002                  0.0000000000000000E+000                  2.1623639735610385E+009                  6.6021090295450827E+006                  1.8788907970569421E-026                  0.0000000000000000E+000                  0.0000000000000000E+000                  3.2934981078491621E+000                  1.1692923572910667E+010                 -1.0732054181702873E-007                  0.0000000000000000E+000                 -9.8999999999999986E+001                  4.2381029627235484E-001                  6.6237092363218586E-001                  8.1288592146417649E-001 
                                     215                  1.1858655711585797E+001                  9.0426211990567407E-001                  5.1780575821607524E+000                 -6.8856118028972304E+000                  6.5931235058566111E+000                  6.9999999953586556E-001                  2.8000000046413470E-001                  1.9999999999999796E-002                  0.0000000000000000E+000                  2.1899549455910101E+009                  6.6441230457453998E+006                  1.9094912648292594E-026                  0.0000000000000000E+000                  0.0000000000000000E+000                  3.3428546008560853E+000                  1.1840230061864149E+010                 -1.1192591545364700E-007                  0.0000000000000000E+000                 -9.8999999999999986E+001                  4.2671337020618821E-001                  6.6527399756601935E-001                  8.1578899539800998E-001 
                                     216                  1.1858655667494160E+001                  9.0412809143531414E-001                  5.1820677882157034E+000                 -6.8787492207100431E+000                  6.6057203705263481E+000                  6.9999999953586556E-001                  2.8000000046413470E-001                  1.9999999999999796E-002                  0.0000000000000000E+000                  2.2184576761275043E+009                  6.6865162101985207E+006                  1.9399147521978003E-026                  0.0000000000000000E+000                  0.0000000000000000E+000                  3.3921863753055685E+000                  1.1988599725702093E+010                 -1.1589487332263639E-007                  0.0000000000000000E+000                 -9.8999999999999986E+001                  4.2958231719973411E-001                  6.6814294455956524E-001                  8.1865794239155587E-001 
                                     217                  1.1858655621863054E+001                  9.0399143022555861E-001                  5.1860506429563920E+000                 -6.8720241752646816E+000                  6.6181846531747217E+000                  6.9999999953586556E-001                  2.8000000046413470E-001                  1.9999999999999796E-002                  0.0000000000000000E+000                  2.2477628854685473E+009                  6.7292082465131348E+006                  1.9701987946534124E-026                  0.0000000000000000E+000                  0.0000000000000000E+000                  3.4410398738032435E+000                  1.2141733005384748E+010                 -1.1929649122667347E-007                  0.0000000000000000E+000                 -9.8999999999999986E+001                  4.3250583001563986E-001                  6.7106645737547099E-001                  8.2158145520746162E-001 
                                     218                  1.1858655576231950E+001                  9.0385674274196559E-001                  5.1899387422655874E+000                 -6.8655346618594262E+000                  6.6303159996946750E+000                  6.9999999953586556E-001                  2.8000000046413470E-001                  1.9999999999999796E-002                  0.0000000000000000E+000                  2.2772992521518822E+009                  6.7714337261421420E+006                  1.9998704119461793E-026                  0.0000000000000000E+000                  0.0000000000000000E+000                  3.4881717872862916E+000                  1.2294202990184509E+010                 -1.2195438497283891E-007                  0.0000000000000000E+000                 -9.8999999999999986E+001                  4.3538080794994027E-001                  6.7394143530977135E-001                  8.2445643314176198E-001 
                                     219                  1.1858655530600844E+001                  9.0372393023455722E-001                  5.1937336515270518E+000                 -6.8592583779618064E+000                  6.6421319144870363E+000                  6.9999999953586556E-001                  2.8000000046413470E-001                  1.9999999999999796E-002                  0.0000000000000000E+000                  2.3069615331205034E+009                  6.8131459997244989E+006                  2.0289921767784458E-026                  0.0000000000000000E+000                  0.0000000000000000E+000                  3.5332407645030726E+000                  1.2445836678357824E+010                 -1.2387040574338930E-007                  0.0000000000000000E+000                 -9.8999999999999986E+001                  4.3820540715559531E-001                  6.7676603451542638E-001                  8.2728103234741701E-001 
                                     220                  1.1858655484969740E+001                  9.0359290394260039E-001                  5.1992763201351844E+000                 -6.8502744364897774E+000                  6.6592943405191054E+000                  6.9999999953586556E-001                  2.8000000046413470E-001                  1.9999999999999796E-002                  0.0000000000000000E+000                  2.3523104268902307E+009                  6.8751649814454364E+006                  2.0714170145037410E-026                  0.0000000000000000E+000                  0.0000000000000000E+000                  3.5961663569053544E+000                  1.2597494203111977E+010                 -1.2501587703439808E-007                  0.0000000000000000E+000                 -9.8999999999999986E+001                  4.4098369369400836E-001                  6.7954432105383933E-001                  8.3005931888583007E-001 
                                     221                  1.1858655393707528E+001                  9.0333587232495671E-001                  5.2045741639295713E+000                 -6.8415093426185063E+000                  6.6758426419875665E+000                  6.9999999953586556E-001                  2.8000000046413470E-001                  1.9999999999999796E-002                  0.0000000000000000E+000                  2.3956675452843165E+009                  6.9347558918158449E+006                  2.1136633249520391E-026                  0.0000000000000000E+000                  0.0000000000000000E+000                  3.6535061669368507E+000                  1.2894556132930904E+010                 -1.2548985972858347E-007                  0.0000000000000000E+000                 -9.8999999999999986E+001                  4.4636267129338203E-001                  6.8492329865321322E-001                  8.3543829648520385E-001 
                                     222                  1.1858655348076423E+001                  9.0320975747632126E-001                  5.2097812728788098E+000                 -6.8331258048633448E+000                  6.6919838124743105E+000                  6.9999999953586556E-001                  2.8000000046413470E-001                  1.9999999999999796E-002                  0.0000000000000000E+000                  2.4407823699149685E+009                  6.9946120932385642E+006                  2.1548766737542837E-026                  0.0000000000000000E+000                  0.0000000000000000E+000                  3.7054983822416596E+000                  1.3040769155892052E+010                 -1.2492492763559805E-007                  0.0000000000000000E+000                 -9.8999999999999986E+001                  4.4896794582845850E-001                  6.8752857318828953E-001                  8.3804357102028026E-001 
                                     223                  1.1858655255222493E+001                  9.0295770603011283E-001                  5.2148105134047151E+000                 -6.8247820275107998E+000                  6.7077581033333962E+000                  6.9999999953586556E-001                  2.8000000046413470E-001                  1.9999999999999796E-002                  0.0000000000000000E+000                  2.4838339941236367E+009                  7.0524840910650827E+006                  2.1966925776012595E-026                  0.0000000000000000E+000                  0.0000000000000000E+000                  3.7535723253683444E+000                  1.3332861709394615E+010                 -1.2261944211423315E-007                  0.0000000000000000E+000                 -9.8999999999999986E+001                  4.5409444565358753E-001                  6.9265507301341867E-001                  8.4317007084540929E-001 
                                     224                  1.1858655207999668E+001                  9.0283179491449073E-001                  5.2181110237944752E+000                 -6.8193563714941954E+000                  6.7180911721352770E+000                  6.9999999953586556E-001                  2.8000000046413470E-001                  1.9999999999999796E-002                  0.0000000000000000E+000                  2.5129633752578702E+009                  7.0909538931686161E+006                  2.2243184321315861E-026                  0.0000000000000000E+000                  0.0000000000000000E+000                  3.7833750365694878E+000                  1.3477415306571882E+010                 -1.2106319036758906E-007                  0.0000000000000000E+000                 -9.8999999999999986E+001                  4.5660632605209422E-001                  6.9516695341192536E-001                  8.4568195124391599E-001 
                                     225                  1.1858655160776843E+001                  9.0270733945111137E-001                  5.2213303042266039E+000                 -6.8140400965134269E+000                  6.7281955336148158E+000                  6.9999999953586556E-001                  2.8000000046413470E-001                  1.9999999999999796E-002                  0.0000000000000000E+000                  2.5416513733410964E+009                  7.1286941615008451E+006                  2.2517243757126769E-026                  0.0000000000000000E+000                  0.0000000000000000E+000                  3.8114148827364014E+000                  1.3620857352322142E+010                 -1.1927556208968733E-007                  0.0000000000000000E+000                 -9.8999999999999986E+001                  4.5906463846333989E-001                  6.9762526582317086E-001                  8.4814026365516160E-001 
                                     226                  1.1858655113554018E+001                  9.0258429304195908E-001                  5.2260331868871921E+000                 -6.8063266694859825E+000                  6.7429409274044003E+000                  6.9999999953586556E-001                  2.8000000046413470E-001                  1.9999999999999796E-002                  0.0000000000000000E+000                  2.5847013249148021E+009                  7.1844696928979643E+006                  2.2920894932122815E-026                  0.0000000000000000E+000                  0.0000000000000000E+000                  3.8502747897277043E+000                  1.3763082659087736E+010                 -1.1732064560985299E-007                  0.0000000000000000E+000                 -9.8999999999999986E+001                  4.6146999422094975E-001                  7.0003062158078078E-001                  8.5054561941277151E-001 
                                     227                  1.1858655019108369E+001                  9.0234222740443881E-001                  5.2320191882908214E+000                 -6.7962643765670352E+000                  6.7618948928594778E+000                  6.9999999953586556E-001                  2.8000000046413470E-001                  1.9999999999999796E-002                  0.0000000000000000E+000                  2.6391813030500698E+009                  7.2556744693276128E+006                  2.3458363072358558E-026                  0.0000000000000000E+000                  0.0000000000000000E+000                  3.8971251168622145E+000                  1.4041033414405233E+010                 -1.1313777648349319E-007                  0.0000000000000000E+000                 -9.8999999999999986E+001                  4.6611243205334707E-001                  7.0467305941317826E-001                  8.5518805724516878E-001 
                                     228                  1.1858654924662718E+001                  9.0210531417053041E-001                  5.2378304466149617E+000                 -6.7863713111592467E+000                  6.7804054440088759E+000                  6.9999999953586556E-001                  2.8000000046413470E-001                  1.9999999999999796E-002                  0.0000000000000000E+000                  2.6926203060271139E+009                  7.3253850773632312E+006                  2.3999079716989565E-026                  0.0000000000000000E+000                  0.0000000000000000E+000                  3.9378394110784631E+000                  1.4308767506115791E+010                 -1.0873801383712703E-007                  0.0000000000000000E+000                 -9.8999999999999986E+001                  4.7053133874164998E-001                  7.0909196610148106E-001                  8.5960696393347169E-001 
                                     229                  1.1858654826925694E+001                  9.0186527128008365E-001                  5.2420675538239623E+000                 -6.7789615494007958E+000                  6.7940436210561854E+000                  6.9999999953586556E-001                  2.8000000046413470E-001                  1.9999999999999796E-002                  0.0000000000000000E+000                  2.7310354737787127E+009                  7.3762335933578089E+006                  2.4412217973620457E-026                  0.0000000000000000E+000                  0.0000000000000000E+000                  3.9641002829773462E+000                  1.4575380933033180E+010                 -1.0402630281197055E-007                  0.0000000000000000E+000                 -9.8999999999999986E+001                  4.7488342301301251E-001                  7.1344405037284364E-001                  8.6395904820483427E-001 
                                     230                  1.1858654778057179E+001                  9.0174713415499541E-001                  5.2448236633621121E+000                 -6.7741577681443879E+000                  6.8029130186145874E+000                  6.9999999953586556E-001                  2.8000000046413470E-001                  1.9999999999999796E-002                  0.0000000000000000E+000                  2.7565234007901301E+009                  7.4096126555300150E+006                  2.4683850442763015E-026                  0.0000000000000000E+000                  0.0000000000000000E+000                  3.9788604258452804E+000                  1.4705344010087801E+010                 -1.0160876556383802E-007                  0.0000000000000000E+000                 -9.8999999999999986E+001                  4.7698218215666638E-001                  7.1554280951649740E-001                  8.6605780734848814E-001 
                                     231                  1.1858654729188668E+001                  9.0163020165865049E-001                  5.2488586891018434E+000                 -6.7671403494711164E+000                  6.8159002376796467E+000                  6.9999999953586556E-001                  2.8000000046413470E-001                  1.9999999999999796E-002                  0.0000000000000000E+000                  2.7945103365260577E+009                  7.4588985383888865E+006                  2.5086097102361188E-026                  0.0000000000000000E+000                  0.0000000000000000E+000                  3.9967720986990036E+000                  1.4834699069423517E+010                 -9.9103777189521316E-008                  0.0000000000000000E+000                 -9.8999999999999986E+001                  4.7904028370190976E-001                  7.1760091106174084E-001                  8.6811590889373158E-001 
                                     232                  1.1858654631451643E+001                  9.0139980893859439E-001                  5.2540126410080035E+000                 -6.7579181736189549E+000                  6.8326684953102816E+000                  6.9999999953586556E-001                  2.8000000046413470E-001                  1.9999999999999796E-002                  0.0000000000000000E+000                  2.8420208490707588E+009                  7.5217373215394840E+006                  2.5624709718641678E-026                  0.0000000000000000E+000                  0.0000000000000000E+000                  4.0137833424402745E+000                  1.5086782812435902E+010                 -9.4031944198726542E-008                  0.0000000000000000E+000                 -9.8999999999999986E+001                  4.8301356909588322E-001                  7.2157419645571430E-001                  8.7208919428770493E-001 
                                     233                  1.1858654533714617E+001                  9.0117390124135033E-001                  5.2615652838788867E+000                 -6.7444396708855461E+000                  6.8572573562461212E+000                  6.9999999953586556E-001                  2.8000000046413470E-001                  1.9999999999999796E-002                  0.0000000000000000E+000                  2.9138013302220721E+009                  7.6152352156900503E+006                  2.6432783880044322E-026                  0.0000000000000000E+000                  0.0000000000000000E+000                  4.0245996078838706E+000                  1.5331641083516703E+010                 -8.8908291260822158E-008                  0.0000000000000000E+000                 -9.8999999999999986E+001                  4.8681249494766821E-001                  7.2537312230749929E-001                  8.7588812013948980E-001 
                                     234                  1.1858654331434861E+001                  9.0071957686021642E-001                  5.2686210591008651E+000                 -6.7308391993198669E+000                  6.8808812732213642E+000                  6.9999999953586556E-001                  2.8000000046413470E-001                  1.9999999999999796E-002                  0.0000000000000000E+000                  2.9747049515456386E+009                  7.7008607232176391E+006                  2.7274007767828973E-026                  0.0000000000000000E+000                  0.0000000000000000E+000                  4.0250617642857422E+000                  1.5806662731993151E+010                 -7.8782176717107371E-008                  0.0000000000000000E+000                 -9.8999999999999986E+001                  4.9412019453295991E-001                  7.3268082189279093E-001                  8.8319581972478167E-001 
                                     235                  1.1858654230294984E+001                  9.0049890436388547E-001                  5.2731267503705821E+000                 -6.7221672002331365E+000                  6.8959756733963271E+000                  6.9999999953586556E-001                  2.8000000046413470E-001                  1.9999999999999796E-002                  0.0000000000000000E+000                  3.0145440489822712E+009                  7.7562405414560903E+006                  2.7824320331734088E-026                  0.0000000000000000E+000                  0.0000000000000000E+000                  4.0188952168249816E+000                  1.6028776508820854E+010                 -7.4049276266205937E-008                  0.0000000000000000E+000                 -9.8999999999999986E+001                  4.9751227823255545E-001                  7.3607290559238658E-001                  8.8658790342437721E-001 
                                     236                  1.1858654129155106E+001                  9.0028226759266272E-001                  5.2775346388593443E+000                 -6.7135392298732786E+000                  6.9108415690968794E+000                  6.9999999953586556E-001                  2.8000000046413470E-001                  1.9999999999999796E-002                  0.0000000000000000E+000                  3.0529526584653692E+009                  7.8104592574062776E+006                  2.8382860190402366E-026                  0.0000000000000000E+000                  0.0000000000000000E+000                  4.0090456959803484E+000                  1.6245840941882442E+010                 -6.9456273120416355E-008                  0.0000000000000000E+000                 -9.8999999999999986E+001                  5.0077155460517619E-001                  7.3933218196500727E-001                  8.8984717979699801E-001 
                                     237                  1.1858654024497250E+001                  9.0006217333507543E-001                  5.2818462781777198E+000                 -6.7049458051714987E+000                  6.9254861877412681E+000                  6.9999999953586556E-001                  2.8000000046413470E-001                  1.9999999999999796E-002                  0.0000000000000000E+000                  3.0897998010797448E+009                  7.8634679853758719E+006                  2.8950310557823469E-026                  0.0000000000000000E+000                  0.0000000000000000E+000                  3.9958168714385667E+000                  1.6462590777497620E+010                 -6.4925159497995593E-008                  0.0000000000000000E+000                 -9.8999999999999986E+001                  5.0399878359069739E-001                  7.4255941095052858E-001                  8.9307440878251920E-001 
                                     238                  1.1858653919839393E+001                  8.9984606595868510E-001                  5.2869665938774233E+000                 -6.6946461825574310E+000                  6.9429472736220195E+000                  6.9999999953586556E-001                  2.8000000046413470E-001                  1.9999999999999796E-002                  0.0000000000000000E+000                  3.1334596761077867E+009                  7.9267053866220517E+006                  2.9645396600321653E-026                  0.0000000000000000E+000                  0.0000000000000000E+000                  3.9746439669278946E+000                  1.6672714269232924E+010                 -6.0575966589369940E-008                  0.0000000000000000E+000                 -9.8999999999999986E+001                  5.0709312807114404E-001                  7.4565375543097523E-001                  8.9616875326296586E-001 
                                     239                  1.1858653766037976E+001                  8.9953536067572359E-001                  5.2927491189724591E+000                 -6.6826346780572239E+000                  6.9629087210990290E+000                  6.9999999953586556E-001                  2.8000000046413470E-001                  1.9999999999999796E-002                  0.0000000000000000E+000                  3.1803266720726442E+009                  7.9976158759213863E+006                  3.0477124178271334E-026                  0.0000000000000000E+000                  0.0000000000000000E+000                  3.9441272930238003E+000                  1.6968336930619892E+010                 -5.4489258263750828E-008                  0.0000000000000000E+000                 -9.8999999999999986E+001                  5.1140870037800990E-001                  7.4996932773784097E-001                  9.0048432556983160E-001 
                                     240                  1.1858653612236562E+001                  8.9923248980817383E-001                  5.2983373425162776E+000                 -6.6707627679183084E+000                  6.9823701640892057E+000                  6.9999999953586556E-001                  2.8000000046413470E-001                  1.9999999999999796E-002                  0.0000000000000000E+000                  3.2240731254085436E+009                  8.0659845166339697E+006                  3.1322117925306243E-026                  0.0000000000000000E+000                  0.0000000000000000E+000                  3.9068578866818573E+000                  1.7247802133008743E+010                 -4.8716455466304105E-008                  0.0000000000000000E+000                 -9.8999999999999986E+001                  5.1546196359889140E-001                  7.5402259095872248E-001                  9.0453758879071311E-001 
                                     241                  1.1858653453090531E+001                  8.9892690359580685E-001                  5.3037388573278728E+000                 -6.6590044410320752E+000                  7.0013602849939307E+000                  6.9999999953586556E-001                  2.8000000046413470E-001                  1.9999999999999796E-002                  0.0000000000000000E+000                  3.2644827355524716E+009                  8.1317575875811614E+006                  3.6137377324057312E-026                  0.0000000000000000E+000                  0.0000000000000000E+000                  3.8632742408393423E+000                  1.7522401281592903E+010                 -4.2957965106128952E-008                  0.0000000000000000E+000                 -9.8999999999999986E+001                  5.1941070682980672E-001                  7.5797133418963780E-001                  9.0848633202162854E-001 
                                     242                  1.1858653293944499E+001                  8.9862885925604463E-001                  5.3076015741855311E+000                 -6.6503107949773268E+000                  7.0151141769201617E+000                  6.9999999953586556E-001                  2.8000000046413470E-001                  1.9999999999999796E-002                  0.0000000000000000E+000                  3.2911311424982972E+009                  8.1781811642493755E+006                  4.3476270359982402E-026                  0.0000000000000000E+000                  0.0000000000000000E+000                  3.8283335193686954E+000                  1.7780823498469582E+010                 -3.7399343817834302E-008                  0.0000000000000000E+000                 -9.8999999999999986E+001                  5.2311845543529689E-001                  7.6167908279512797E-001                  9.1219408062711871E-001 
                                     243                  1.1858653214371486E+001                  8.9848256617011468E-001                  5.3113618579400432E+000                 -6.6419234861267444E+000                  7.0284635295867730E+000                  6.9999999953586556E-001                  2.8000000046413470E-001                  1.9999999999999796E-002                  0.0000000000000000E+000                  3.3180469318302422E+009                  8.2239380303671919E+006                  5.2015393094307267E-026                  0.0000000000000000E+000                  0.0000000000000000E+000                  3.7904698672368569E+000                  1.7906010258684952E+010                 -3.4651516921322954E-008                  0.0000000000000000E+000                 -9.8999999999999986E+001                  5.2489649066871003E-001                  7.6345711802854110E-001                  9.1397211586053173E-001 
                                     244                  1.1858653055225455E+001                  8.9819514615711360E-001                  5.3149605614050337E+000                 -6.6335449241533029E+000                  7.0414485788080770E+000                  6.9999999953586556E-001                  2.8000000046413470E-001                  1.9999999999999796E-002                  0.0000000000000000E+000                  3.3407477984575610E+009                  8.2667467911247769E+006                  6.1776387010930874E-026                  0.0000000000000000E+000                  0.0000000000000000E+000                  3.7528715364603622E+000                  1.8146813536782070E+010                 -2.9233268493575320E-008                  0.0000000000000000E+000                 -9.8999999999999986E+001                  5.2830231331270028E-001                  7.6686294067253136E-001                  9.1737793850452209E-001 
                                     245                  1.1858652975652438E+001                  8.9805397323942504E-001                  5.3185492986308480E+000                 -6.6252587511132548E+000                  7.0543606792458746E+000                  6.9999999953586556E-001                  2.8000000046413470E-001                  1.9999999999999796E-002                  0.0000000000000000E+000                  3.3642420058625784E+009                  8.3099369966896279E+006                  7.3290612762158639E-026                  0.0000000000000000E+000                  0.0000000000000000E+000                  3.7126616784483648E+000                  1.8262509577378567E+010                 -2.6555418756561503E-008                  0.0000000000000000E+000                 -9.8999999999999986E+001                  5.2993238501453266E-001                  7.6849301237436374E-001                  9.1900801020635436E-001 
                                     246                  1.1858652810981361E+001                  8.9776692227294397E-001                  5.3231759871980389E+000                 -6.6142027018987823E+000                  7.0712288088969988E+000                  6.9999999953586556E-001                  2.8000000046413470E-001                  1.9999999999999796E-002                  0.0000000000000000E+000                  3.3912520216695333E+009                  8.3646299435048597E+006                  9.1377311589490548E-026                  0.0000000000000000E+000                  0.0000000000000000E+000                  3.6594274316776132E+000                  1.8494093033536095E+010                 -2.0994573752392487E-008                  0.0000000000000000E+000                 -9.8999999999999986E+001                  5.3317077173183758E-001                  7.7173139909166866E-001                  9.2224639692365940E-001 
                                     247                  1.1858652646310285E+001                  8.9748653769599496E-001                  5.3275979969597467E+000                 -6.6033721120656494E+000                  7.0875074059849297E+000                  6.9999999953586556E-001                  2.8000000046413470E-001                  1.9999999999999796E-002                  0.0000000000000000E+000                  3.4147705349068093E+009                  8.4162997924562991E+006                  1.1281416138504822E-025                  0.0000000000000000E+000                  0.0000000000000000E+000                  3.6071462744621403E+000                  1.8711048101088322E+010                 -1.5357397268752004E-008                  0.0000000000000000E+000                 -9.8999999999999986E+001                  5.3621261170493795E-001                  7.7477323906476891E-001                  9.2528823689675965E-001 
                                     248                  1.1858652481639206E+001                  8.9721253482384111E-001                  5.3318260757710583E+000                 -6.5927366956663933E+000                  7.1032367530116636E+000                  6.9999999953586556E-001                  2.8000000046413470E-001                  1.9999999999999796E-002                  0.0000000000000000E+000                  3.4347212807547998E+009                  8.4649833019443005E+006                  1.3800342909139549E-025                  0.0000000000000000E+000                  0.0000000000000000E+000                  3.5563287121928990E+000                  1.8915474091777603E+010                 -9.3117608090529582E-009                  0.0000000000000000E+000                 -9.8999999999999986E+001                  5.3907604856023894E-001                  7.7763667592007002E-001                  9.2815167375206076E-001 
                                     249                  1.1858652316968127E+001                  8.9694465961737035E-001                  5.3359336485884850E+000                 -6.5820707970757528E+000                  7.1187123475972101E+000                  6.9999999953586556E-001                  2.8000000046413470E-001                  1.9999999999999796E-002                  0.0000000000000000E+000                  3.4509704341843019E+009                  8.5113116153986230E+006                  1.6788349004377727E-025                  0.0000000000000000E+000                  0.0000000000000000E+000                  3.5065079954073157E+000                  1.9106882792307697E+010                 -2.0218824011316687E-009                  0.0000000000000000E+000                 -9.8999999999999986E+001                  5.4176117877618535E-001                  7.8032180613601643E-001                  9.3083680396800705E-001 
                                     250                  1.1858652146585682E+001                  8.9667371384997929E-001                  5.3408999483669701E+000                 -6.5687522470085566E+000                  7.1376686804819540E+000                  6.9999999953586556E-001                  2.8000000046413470E-001                  1.9999999999999796E-002                  0.0000000000000000E+000                  3.4665738425708137E+009                  8.5660729934742358E+006                  2.1282347200501042E-025                  0.0000000000000000E+000                  0.0000000000000000E+000                  3.4456212871861958E+000                  1.9291375051189365E+010                  6.8634131585007393E-009                  0.0000000000000000E+000                 -4.0817299284975279E+000                  5.4435215974875950E-001                  7.8291278710859058E-001                  9.3342778494058121E-001 
                                     251                  1.1858651891012013E+001                  8.9627866208637108E-001                  5.3455419598661287E+000                 -6.5554191988730590E+000                  7.1558969244771120E+000                  6.9999999953586556E-001                  2.8000000046413470E-001                  1.9999999999999796E-002                  0.0000000000000000E+000                  3.4724787365930009E+009                  8.6142074227460381E+006                  2.6599243565531730E-025                  0.0000000000000000E+000                  0.0000000000000000E+000                  3.3899540229660121E+000                  1.9538217773435432E+010                  1.8752480449836334E-008                  0.0000000000000000E+000                 -3.8634706393167160E+000                  5.4787800309213364E-001                  7.8643863045196483E-001                  9.3695362828395545E-001 
                                     252                  1.1858651720629565E+001                  8.9602268191597523E-001                  5.3482073058682724E+000                 -6.5475220473707045E+000                  7.1665022571626649E+000                  6.9999999953586556E-001                  2.8000000046413470E-001                  1.9999999999999796E-002                  0.0000000000000000E+000                  3.4734843314235158E+009                  8.6410408761275578E+006                  3.0239933925144194E-025                  0.0000000000000000E+000                  0.0000000000000000E+000                  3.3579333519059849E+000                  1.9683701432964310E+010                  2.5769372841063317E-008                  0.0000000000000000E+000                 -3.7944480754544632E+000                  5.5000672552007346E-001                  7.8856735287990454E-001                  9.3908235071189528E-001 
                                     253                  1.1858651635438344E+001                  8.9589683227982553E-001                  5.3508709855544980E+000                 -6.5396260413411653E+000                  7.1771031557298608E+000                  6.9999999953586556E-001                  2.8000000046413470E-001                  1.9999999999999796E-002                  0.0000000000000000E+000                  3.4744543430333138E+009                  8.6679247404613364E+006                  3.4368463770668242E-025                  0.0000000000000000E+000                  0.0000000000000000E+000                  3.3252002244133569E+000                  1.9753269963266888E+010                  2.9090752481821830E-008                  0.0000000000000000E+000                 -3.7681225224208785E+000                  5.5102235126778909E-001                  7.8958297862762017E-001                  9.4009797645961080E-001 
                                     254                  1.1858651459152139E+001                  8.9564076607788512E-001                  5.3543152223227723E+000                 -6.5290315681482660E+000                  7.1910317875651941E+000                  6.9999999953586556E-001                  2.8000000046413470E-001                  1.9999999999999796E-002                  0.0000000000000000E+000                  3.4719010254122148E+009                  8.7013271668030322E+006                  4.0575260193337001E-025                  0.0000000000000000E+000                  0.0000000000000000E+000                  3.2833515216189122E+000                  1.9889707852116913E+010                  3.5578210622092585E-008                  0.0000000000000000E+000                 -3.7244079490998119E+000                  5.5302347818452713E-001                  7.9158410554435821E-001                  9.4209910337634883E-001 
                                     255                  1.1858651282865935E+001                  8.9539043349092695E-001                  5.3576202840279938E+000                 -6.5185861981652531E+000                  7.2045582213122463E+000                  6.9999999953586556E-001                  2.8000000046413470E-001                  1.9999999999999796E-002                  0.0000000000000000E+000                  3.4666967005673218E+009                  8.7324222945350241E+006                  4.7595929028598552E-025                  0.0000000000000000E+000                  0.0000000000000000E+000                  3.2432818303099533E+000                  2.0013962488670547E+010                  4.1509794166950055E-008                  0.0000000000000000E+000                 -3.6909247100678999E+000                  5.5488349745344356E-001                  7.9344412481327464E-001                  9.4395912264526538E-001 
                                     256                  1.1858651106579732E+001                  8.9514563162628480E-001                  5.3607967717043925E+000                 -6.5082926390660667E+000                  7.2177052243492810E+000                  6.9999999953586556E-001                  2.8000000046413470E-001                  1.9999999999999796E-002                  0.0000000000000000E+000                  3.4591952893610334E+009                  8.7614281092865467E+006                  5.5499736541704433E-025                  0.0000000000000000E+000                  0.0000000000000000E+000                  3.2049388561563781E+000                  2.0128375765153496E+010                  4.6965287981937363E-008                  0.0000000000000000E+000                 -3.6641115051553141E+000                  5.5662290722358077E-001                  7.9518353458341184E-001                  9.4569853241540247E-001 
                                     257                  1.1858650930293528E+001                  8.9490616358083719E-001                  5.3639069143484344E+000                 -6.4979820669938286E+000                  7.2307117341392120E+000                  6.9999999953586556E-001                  2.8000000046413470E-001                  1.9999999999999796E-002                  0.0000000000000000E+000                  3.4495907565636687E+009                  8.7890249972029328E+006                  6.4522692963616432E-025                  0.0000000000000000E+000                  0.0000000000000000E+000                  3.1676043296713075E+000                  2.0233937267189022E+010                  5.1987076748790895E-008                  0.0000000000000000E+000                 -3.6420523012039863E+000                  5.5825368135553788E-001                  7.9681430871536896E-001                  9.4732930654735958E-001 
                                     258                  1.1858650747904928E+001                  8.9466381578058962E-001                  5.3669520038001082E+000                 -6.4876562819293833E+000                  7.2435799971421151E+000                  6.9999999953586556E-001                  2.8000000046413470E-001                  1.9999999999999796E-002                  0.0000000000000000E+000                  3.4379605374288373E+009                  8.8152381916442979E+006                  7.4793621832359783E-025                  0.0000000000000000E+000                  0.0000000000000000E+000                  3.1313585908290551E+000                  2.0334651478310226E+010                  5.6764993198502820E-008                  0.0000000000000000E+000                 -3.6229597049231757E+000                  5.5983716743972811E-001                  7.9839779479955930E-001                  9.4891279263154993E-001 
                                     259                  1.1858650565516328E+001                  8.9442676991245496E-001                  5.3698874469173967E+000                 -6.4774961219090512E+000                  7.2561048429352955E+000                  6.9999999953586556E-001                  2.8000000046413470E-001                  1.9999999999999796E-002                  0.0000000000000000E+000                  3.4247878726018758E+009                  8.8397888386544995E+006                  8.6256044548705279E-025                  0.0000000000000000E+000                  0.0000000000000000E+000                  3.0967317080307213E+000                  2.0427475433114494E+010                  6.1154284967210674E-008                  0.0000000000000000E+000                 -3.6067865536767503E+000                  5.6132474735539517E-001                  7.9988537471522636E-001                  9.5040037254721699E-001 
                                     260                  1.1858650383127729E+001                  8.9419482988161103E-001                  5.3727209005346834E+000                 -6.4675011073690607E+000                  7.2683042517608261E+000                  6.9999999953586556E-001                  2.8000000046413470E-001                  1.9999999999999796E-002                  0.0000000000000000E+000                  3.4103129643854609E+009                  8.8628322684659958E+006                  9.9000246010730403E-025                  0.0000000000000000E+000                  0.0000000000000000E+000                  3.0636381949321132E+000                  2.0513227935922535E+010                  6.5191547276925157E-008                  0.0000000000000000E+000                 -3.5929043555770370E+000                  5.6272587473369273E-001                  8.0128650209352381E-001                  9.5180149992551444E-001 
                                     261                  1.1858650200739129E+001                  8.9396780725609937E-001                  5.3755064675471171E+000                 -6.4575044802304316E+000                  7.2803975863784300E+000                  6.9999999953586556E-001                  2.8000000046413470E-001                  1.9999999999999796E-002                  0.0000000000000000E+000                  3.3945144602579365E+009                  8.8848960482532866E+006                  1.1337900345407258E-024                  0.0000000000000000E+000                  0.0000000000000000E+000                  3.0314306492267895E+000                  2.0592636193679508E+010                  6.8909702963612002E-008                  0.0000000000000000E+000                 -3.5808598110573286E+000                  5.6404891793136058E-001                  8.0260954529119166E-001                  9.5312454312318240E-001 
                                     262                  1.1858650012043064E+001                  8.9373791568717142E-001                  5.3782445653133344E+000                 -6.4475073562670824E+000                  7.2923855402374569E+000                  6.9999999953586556E-001                  2.8000000046413470E-001                  1.9999999999999796E-002                  0.0000000000000000E+000                  3.3774381541804466E+009                  8.9059906421982758E+006                  1.2956587633308245E-024                  0.0000000000000000E+000                  0.0000000000000000E+000                  3.0001570000856028E+000                  2.0668693564644138E+010                  7.2449870424436625E-008                  0.0000000000000000E+000                 -3.5699811934608094E+000                  5.6534280844618068E-001                  8.0390343580601176E-001                  9.5441843363800238E-001 
                                     263                  1.1858649823346997E+001                  8.9351290234026304E-001                  5.3822124000670986E+000                 -6.4329454343088868E+000                  7.3098043180953542E+000                  6.9999999953586556E-001                  2.8000000046413470E-001                  1.9999999999999796E-002                  0.0000000000000000E+000                  3.3521684471253085E+009                  8.9363943643993642E+006                  1.5716952136128904E-024                  0.0000000000000000E+000                  0.0000000000000000E+000                  2.9547884722841942E+000                  2.0740614854158009E+010                  7.5730639192807958E-008                  0.0000000000000000E+000                 -3.5603641887820823E+000                  5.6657638277115341E-001                  8.0513701013098449E-001                  9.5565200796297511E-001 
                                     264                  1.1858649445954866E+001                  8.9307672005241012E-001                  5.3872741549312062E+000                 -6.4136433298572690E+000                  7.3324551552810657E+000                  6.9999999953586556E-001                  2.8000000046413470E-001                  1.9999999999999796E-002                  0.0000000000000000E+000                  3.3134841006298852E+009                  8.9725851469815671E+006                  2.0127007810699062E-024                  0.0000000000000000E+000                  0.0000000000000000E+000                  2.8993170798665759E+000                  2.0869723587099419E+010                  8.1535829643036138E-008                  0.0000000000000000E+000                 -3.5443257527047125E+000                  5.6886234679883485E-001                  8.0742297415866593E-001                  9.5793797199065667E-001 
                                     265                  1.1858649055524412E+001                  8.9264378730055438E-001                  5.3909136599150527E+000                 -6.3992732530600165E+000                  7.3490356400427297E+000                  6.9999999953586556E-001                  2.8000000046413470E-001                  1.9999999999999796E-002                  0.0000000000000000E+000                  3.2814761791708627E+009                  8.9968615349564310E+006                  2.4059260371919274E-024                  0.0000000000000000E+000                  0.0000000000000000E+000                  2.8612133937344781E+000                  2.0979938673546803E+010                  8.6502831454500171E-008                  0.0000000000000000E+000                 -3.5314848383777684E+000                  5.7096957816564886E-001                  8.0953020552547994E-001                  9.6004520335747068E-001 
                                     266                  1.1858648860309183E+001                  8.9243390069575201E-001                  5.3932678264108578E+000                 -6.3899710817669382E+000                  7.3597682239757392E+000                  6.9999999953586556E-001                  2.8000000046413470E-001                  1.9999999999999796E-002                  0.0000000000000000E+000                  3.2609148408706841E+009                  9.0126093943263255E+006                  2.6997514505230839E-024                  0.0000000000000000E+000                  0.0000000000000000E+000                  2.8366481114037079E+000                  2.1029420619542324E+010                  8.8673004851329685E-008                  0.0000000000000000E+000                 -3.5261042872008090E+000                  5.7195018433793265E-001                  8.1051081169776384E-001                  9.6102580952975447E-001 
                                     267                  1.1858648665093956E+001                  8.9222816673679040E-001                  5.3967756528106445E+000                 -6.3761058977289782E+000                  7.3757681624455573E+000                  6.9999999953586556E-001                  2.8000000046413470E-001                  1.9999999999999796E-002                  0.0000000000000000E+000                  3.2305374767095499E+009                  9.0361622577874139E+006                  3.2044317017145769E-024                  0.0000000000000000E+000                  0.0000000000000000E+000                  2.8002395401739260E+000                  2.1078252582662624E+010                  9.0702129163753007E-008                  0.0000000000000000E+000                 -3.5211912590431838E+000                  5.7290515948195775E-001                  8.1146578684178883E-001                  9.6198078467377945E-001 
                                     268                  1.1858648261188174E+001                  8.9181499041007850E-001                  5.4012572834700681E+000                 -6.3578738892914837E+000                  7.3965254746227025E+000                  6.9999999953586556E-001                  2.8000000046413470E-001                  1.9999999999999796E-002                  0.0000000000000000E+000                  3.1876356125752721E+009                  9.0644519120146222E+006                  3.9912777196043207E-024                  0.0000000000000000E+000                  0.0000000000000000E+000                  2.7560588675744260E+000                  2.1170065796783390E+010                  9.4380559820031223E-008                  0.0000000000000000E+000                 -3.5125587254798503E+000                  5.7476145115614186E-001                  8.1332207851597305E-001                  9.6383707634796367E-001 
                                     269                  1.1858647857282394E+001                  8.9141768987655901E-001                  5.4055851617230974E+000                 -6.3400003440200017E+000                  7.4167416463006504E+000                  6.9999999953586556E-001                  2.8000000046413470E-001                  1.9999999999999796E-002                  0.0000000000000000E+000                  3.1445536181162014E+009                  9.0909611940199211E+006                  4.9340938071859320E-024                  0.0000000000000000E+000                  0.0000000000000000E+000                  2.7149121768408704E+000                  2.1249028655428207E+010                  9.7405651087084897E-008                  0.0000000000000000E+000                 -3.5057079231790502E+000                  5.7646082890928252E-001                  8.1502145626911360E-001                  9.6553645410110422E-001 
                                     270                  1.1858647439450325E+001                  8.9102218073971751E-001                  5.4087272303897906E+000                 -6.3267258799177926E+000                  7.4316050711781187E+000                  6.9999999953586556E-001                  2.8000000046413470E-001                  1.9999999999999796E-002                  0.0000000000000000E+000                  3.1111657489138241E+009                  9.1092092552765142E+006                  5.7571479687427881E-024                  0.0000000000000000E+000                  0.0000000000000000E+000                  2.6863596645216745E+000                  2.1319854968905529E+010                  9.9988029461654179E-008                  0.0000000000000000E+000                 -3.5000259952496613E+000                  5.7808152649996547E-001                  8.1664215385979655E-001                  9.6715715169178729E-001 
                                     271                  1.1858647230534292E+001                  8.9082998944394343E-001                  5.4107692632143936E+000                 -6.3181215510161577E+000                  7.4412556123503517E+000                  6.9999999953586556E-001                  2.8000000046413470E-001                  1.9999999999999796E-002                  0.0000000000000000E+000                  3.0899029771785078E+009                  9.1212201803519651E+006                  6.3629115468668093E-024                  0.0000000000000000E+000                  0.0000000000000000E+000                  2.6678117594866828E+000                  2.1352402690950184E+010                  1.0111606089004906E-007                  0.0000000000000000E+000                 -3.4975899286241834E+000                  5.7885004001583651E-001                  8.1741066737566759E-001                  9.6792566520765821E-001 
                                     272                  1.1858647021618257E+001                  8.9064132038744148E-001                  5.4138254566382322E+000                 -6.3052801656392941E+000                  7.4556836367631734E+000                  6.9999999953586556E-001                  2.8000000046413470E-001                  1.9999999999999796E-002                  0.0000000000000000E+000                  3.0587302341574817E+009                  9.1394281951447576E+006                  7.3882340513816137E-024                  0.0000000000000000E+000                  0.0000000000000000E+000                  2.6400227339870197E+000                  2.1385284881124050E+010                  1.0218889060079383E-007                  0.0000000000000000E+000                 -3.4952981578395121E+000                  5.7960714986481610E-001                  8.1816777722464717E-001                  9.6868277505663780E-001 
                                     273                  1.1858646589394661E+001                  8.9026161351467170E-001                  5.4167804954609098E+000                 -6.2925163960229504E+000                  7.4698505757174924E+000                  6.9999999953586556E-001                  2.8000000046413470E-001                  1.9999999999999796E-002                  0.0000000000000000E+000                  3.0260749939136667E+009                  9.1558356277628392E+006                  8.5409258224188464E-024                  0.0000000000000000E+000                  0.0000000000000000E+000                  2.6144244812889283E+000                  2.1446643609467884E+010                  1.0414023763198792E-007                  0.0000000000000000E+000                 -3.4911907178330277E+000                  5.8109000105041497E-001                  8.1965062841024605E-001                  9.7016562624223668E-001 
                                     274                  1.1858646373282864E+001                  8.9007689883117813E-001                  5.4187041475455162E+000                 -6.2842358257021402E+000                  7.4790602952125758E+000                  6.9999999953586556E-001                  2.8000000046413470E-001                  1.9999999999999796E-002                  0.0000000000000000E+000                  3.0052909967175202E+009                  9.1666847780958582E+006                  9.3842856414534699E-024                  0.0000000000000000E+000                  0.0000000000000000E+000                  2.5976762936824129E+000                  2.1474213721873966E+010                  1.0499151732754269E-007                  0.0000000000000000E+000                 -3.4894228939253042E+000                  5.8179144566184215E-001                  8.2035207302167323E-001                  9.7086707085366386E-001 
                                     275                  1.1858646157171068E+001                  8.8989544334384996E-001                  5.4215875516849144E+000                 -6.2718671451254098E+000                  7.4928452444116829E+000                  6.9999999953586556E-001                  2.8000000046413470E-001                  1.9999999999999796E-002                  0.0000000000000000E+000                  2.9748324282946157E+009                  9.1831987862430904E+006                  1.0803504326615514E-023                  0.0000000000000000E+000                  0.0000000000000000E+000                  2.5724197553584305E+000                  2.1502313314890675E+010                  1.0581658618199779E-007                  0.0000000000000000E+000                 -3.4877231268179512E+000                  5.8248485463490085E-001                  8.2104548199473193E-001                  9.7156047982672256E-001 
                                     276                  1.1858645710076246E+001                  8.8952989652715353E-001                  5.4253103752822360E+000                 -6.2556197812942838E+000                  7.5108237511454323E+000                  6.9999999953586556E-001                  2.8000000046413470E-001                  1.9999999999999796E-002                  0.0000000000000000E+000                  2.9338634561517282E+009                  9.2036494201080315E+006                  1.2961233426719124E-023                  0.0000000000000000E+000                  0.0000000000000000E+000                  2.5406984274268178E+000                  2.1556690155035564E+010                  1.0736578429568338E-007                  0.0000000000000000E+000                 -3.4845670495374907E+000                  5.8386052466939242E-001                  8.2242115202922350E-001                  9.7293614986121413E-001 
                                     277                  1.1858645262981426E+001                  8.8917689753214468E-001                  5.4298228058350828E+000                 -6.2359202676752448E+000                  7.5326382282132567E+000                  6.9999999953586556E-001                  2.8000000046413470E-001                  1.9999999999999796E-002                  0.0000000000000000E+000                  2.8851212163777251E+009                  9.2286762695489265E+006                  1.6153161856008677E-023                  0.0000000000000000E+000                  0.0000000000000000E+000                  2.5021710129834340E+000                  2.1606482709149010E+010                  1.0872496539336890E-007                  0.0000000000000000E+000                 -3.4818353609482195E+000                  5.8516239376815504E-001                  8.2372302112798612E-001                  9.7423801895997675E-001 
                                     278                  1.1858644577884510E+001                  8.8865841584062955E-001                  5.4349620457114929E+000                 -6.2130623606543232E+000                  7.5577682887290605E+000                  6.9999999953586556E-001                  2.8000000046413470E-001                  1.9999999999999796E-002                  0.0000000000000000E+000                  2.8276398655120087E+009                  9.2559939670624658E+006                  2.0760597941768384E-023                  0.0000000000000000E+000                  0.0000000000000000E+000                  2.4598635654030736E+000                  2.1675548444313946E+010                  1.1050157323375054E-007                  0.0000000000000000E+000                 -3.4783157693972502E+000                  5.8703642184979332E-001                  8.2559704920962440E-001                  9.7611204704161514E-001 
                                     279                  1.1858643892787594E+001                  8.8816479476486498E-001                  5.4398947335721646E+000                 -6.1909453806352381E+000                  7.5820270337531568E+000                  6.9999999953586556E-001                  2.8000000046413470E-001                  1.9999999999999796E-002                  0.0000000000000000E+000                  2.7725160950862651E+009                  9.2819569812959265E+006                  2.6405136822291752E-023                  0.0000000000000000E+000                  0.0000000000000000E+000                  2.4203299523276312E+000                  2.1735467152494511E+010                  1.1189203136089955E-007                  0.0000000000000000E+000                 -3.4756004208074005E+000                  5.8876980102202692E-001                  8.2733042838185811E-001                  9.7784542621384885E-001 
                                     280                  1.1858643184173859E+001                  8.8767793375476811E-001                  5.4434561657213845E+000                 -6.1746950188409810E+000                  7.5997357306530553E+000                  6.9999999953586556E-001                  2.8000000046413470E-001                  1.9999999999999796E-002                  0.0000000000000000E+000                  2.7315104374553137E+009                  9.2999355407587253E+006                  3.1418230617838989E-023                  0.0000000000000000E+000                  0.0000000000000000E+000                  2.3931682371436960E+000                  2.1789158523742287E+010                  1.1297007349830499E-007                  0.0000000000000000E+000                 -3.4735182943462548E+000                  5.9043518237499004E-001                  8.2899580973482123E-001                  9.7951080756681197E-001 
                                     281                  1.1858642829866994E+001                  8.8744285807516754E-001                  5.4457644149411886E+000                 -6.1642347876604431E+000                  7.6111771032253950E+000                  6.9999999953586556E-001                  2.8000000046413470E-001                  1.9999999999999796E-002                  0.0000000000000000E+000                  2.7058694254247527E+009                  9.3119633087370098E+006                  3.5151904061208765E-023                  0.0000000000000000E+000                  0.0000000000000000E+000                  2.3755859435858420E+000                  2.1814265797494488E+010                  1.1339616710204080E-007                  0.0000000000000000E+000                 -3.4727008123801348E+000                  5.9123095597475550E-001                  8.2979158333458658E-001                  9.8030658116657721E-001 
                                     282                  1.1858642475560128E+001                  8.8721300788890101E-001                  5.4492097391362524E+000                 -6.1487274078905880E+000                  7.6282008370367604E+000                  6.9999999953586556E-001                  2.8000000046413470E-001                  1.9999999999999796E-002                  0.0000000000000000E+000                  2.6689185326569281E+009                  9.3304611834139880E+006                  4.1543441216597721E-023                  0.0000000000000000E+000                  0.0000000000000000E+000                  2.3494418427426078E+000                  2.1840974590383377E+010                  1.1379510128438537E-007                  0.0000000000000000E+000                 -3.4719382166460084E+000                  5.9202242798375238E-001                  8.3058305534358345E-001                  9.8109805317557408E-001 
                                     283                  1.1858641742653917E+001                  8.8675313186825488E-001                  5.4536266124808543E+000                 -6.1285471066595711E+000                  7.6502356800621518E+000                  6.9999999953586556E-001                  2.8000000046413470E-001                  1.9999999999999796E-002                  0.0000000000000000E+000                  2.6204079044700646E+009                  9.3534126980904117E+006                  5.1473838945978099E-023                  0.0000000000000000E+000                  0.0000000000000000E+000                  2.3177380311808804E+000                  2.1893325204449013E+010                  1.1443017742929388E-007                  0.0000000000000000E+000                 -3.4707297143329865E+000                  5.9359692566732380E-001                  8.3215755302715488E-001                  9.8267255085914562E-001 
                                     284                  1.1858641009747709E+001                  8.8631276885256016E-001                  5.4579048355001767E+000                 -6.1089408970094663E+000                  7.6716411353993879E+000                  6.9999999953586556E-001                  2.8000000046413470E-001                  1.9999999999999796E-002                  0.0000000000000000E+000                  2.5740916699604888E+009                  9.3757727271180674E+006                  6.3323281831187015E-023                  0.0000000000000000E+000                  0.0000000000000000E+000                  2.2880597281942583E+000                  2.1940245935286167E+010                  1.1481070965448358E-007                  0.0000000000000000E+000                 -3.4700087993187307E+000                  5.9508052561584612E-001                  8.3364115297567720E-001                  9.8415615080766783E-001 
                                     285                  1.1858640251752226E+001                  8.8587611391729215E-001                  5.4620523838662844E+000                 -6.0898684768462372E+000                  7.6924577460828969E+000                  6.9999999953586556E-001                  2.8000000046413470E-001                  1.9999999999999796E-002                  0.0000000000000000E+000                  2.5297554750141540E+009                  9.3975486563383434E+006                  7.7379876045130637E-023                  0.0000000000000000E+000                  0.0000000000000000E+000                  2.2601890972259873E+000                  2.1986386137412331E+010                  1.1503772850448887E-007                  0.0000000000000000E+000                 -3.4695798511531692E+000                  5.9654813150577712E-001                  8.3510875886560831E-001                  9.8562375669759883E-001 
                                     286                  1.1858639493756742E+001                  8.8545698305139264E-001                  5.4660832832802431E+000                 -6.0713032830066709E+000                  7.7127300502588758E+000                  6.9999999953586556E-001                  2.8000000046413470E-001                  1.9999999999999796E-002                  0.0000000000000000E+000                  2.4874113376364770E+009                  9.4189232918706033E+006                  9.3984829994600764E-023                  0.0000000000000000E+000                  0.0000000000000000E+000                  2.2337871357981482E+000                  2.2030582790064835E+010                  1.1514084139384420E-007                  0.0000000000000000E+000                 -3.4693853006271342E+000                  5.9795605572316057E-001                  8.3651668308299165E-001                  9.8703168091498228E-001 
                                     287                  1.1858638709854658E+001                  8.8504046567252592E-001                  5.4700030519176925E+000                 -6.0532104190179155E+000                  7.7324902424856017E+000                  6.9999999953586556E-001                  2.8000000046413470E-001                  1.9999999999999796E-002                  0.0000000000000000E+000                  2.4468557330617552E+009                  9.4398700036357995E+006                  1.1350011737554525E-022                  0.0000000000000000E+000                  0.0000000000000000E+000                  2.2087574730072412E+000                  2.2074639601342136E+010                  1.1515190242571791E-007                  0.0000000000000000E+000                 -3.4693644413285263E+000                  5.9935656517100722E-001                  8.3791719253083841E-001                  9.8843219036282903E-001 
                                     288                  1.1858637925952575E+001                  8.8463981486149634E-001                  5.4728553837650988E+000                 -6.0399349735499230E+000                  7.7469536810175059E+000                  6.9999999953586556E-001                  2.8000000046413470E-001                  1.9999999999999796E-002                  0.0000000000000000E+000                  2.4171942200053539E+009                  9.4549270304477513E+006                  1.3019834897267932E-022                  0.0000000000000000E+000                  0.0000000000000000E+000                  2.1911897664220512E+000                  2.2115635331429199E+010                  1.1506390470983484E-007                  0.0000000000000000E+000                 -3.4695304461079761E+000                  6.0069570542528339E-001                  8.3925633278511447E-001                  9.8977133061710521E-001 
                                     289                  1.1858637520629594E+001                  8.8443847346347837E-001                  5.4757043019441740E+000                 -6.0268672418416722E+000                  7.7612866931134441E+000                  6.9999999953586556E-001                  2.8000000046413470E-001                  1.9999999999999796E-002                  0.0000000000000000E+000                  2.3892079604340868E+009                  9.4707701990242135E+006                  1.4922656155524140E-022                  0.0000000000000000E+000                  0.0000000000000000E+000                  2.1733107790118731E+000                  2.2137259284796993E+010                  1.1500769164218520E-007                  0.0000000000000000E+000                 -3.4696365566664453E+000                  6.0137534189656583E-001                  8.3993596925639691E-001                  9.9045096708838753E-001 
                                     290                  1.1858636709983637E+001                  8.8404692585119804E-001                  5.4784440914737766E+000                 -6.0141004709839931E+000                  7.7752110785756665E+000                  6.9999999953586556E-001                  2.8000000046413470E-001                  1.9999999999999796E-002                  0.0000000000000000E+000                  2.3614792902977748E+009                  9.4854848316083476E+006                  1.7018381543360397E-022                  0.0000000000000000E+000                  0.0000000000000000E+000                  2.1569698531796271E+000                  2.2179665780051903E+010                  1.1486139614917386E-007                  0.0000000000000000E+000                 -3.4699129545698382E+000                  6.0270110544622124E-001                  8.4126173280605232E-001                  9.9177673063804306E-001 
                                     291                  1.1858636304660656E+001                  8.8385644077171144E-001                  5.4811848867606541E+000                 -6.0015171163521668E+000                  7.7890281282178737E+000                  6.9999999953586556E-001                  2.8000000046413470E-001                  1.9999999999999796E-002                  0.0000000000000000E+000                  2.3352770489562416E+009                  9.5009785925755352E+006                  1.9396626987050509E-022                  0.0000000000000000E+000                  0.0000000000000000E+000                  2.1403049916209320E+000                  2.2200483630233112E+010                  1.1476862772392766E-007                  0.0000000000000000E+000                 -3.4700884055700669E+000                  6.0334737088576340E-001                  8.4190799824559459E-001                  9.9242299607758522E-001 
                                     292                  1.1858635466413547E+001                  8.8347299031823390E-001                  5.4847389555465655E+000                 -5.9850660662490869E+000                  7.8070479141496634E+000                  6.9999999953586556E-001                  2.8000000046413470E-001                  1.9999999999999796E-002                  0.0000000000000000E+000                  2.3010737308803225E+009                  9.5208418288107775E+006                  2.2981620273802745E-022                  0.0000000000000000E+000                  0.0000000000000000E+000                  2.1194960200948758E+000                  2.2244303122644466E+010                  1.1457045819902138E-007                  0.0000000000000000E+000                 -3.4704636750197633E+000                  6.0466221746362647E-001                  8.4322284482345755E-001                  9.9373784265544818E-001 
                                     293                  1.1858634628166435E+001                  8.8310283104922949E-001                  5.4882175496591863E+000                 -5.9689722636537068E+000                  7.8246966212581910E+000                  6.9999999953586556E-001                  2.8000000046413470E-001                  1.9999999999999796E-002                  0.0000000000000000E+000                  2.2682698284177833E+009                  9.5405465149531979E+006                  2.7121016401981105E-022                  0.0000000000000000E+000                  0.0000000000000000E+000                  2.0995503421288015E+000                  2.2285731209550945E+010                  1.1430909674932105E-007                  0.0000000000000000E+000                 -3.4709596034776364E+000                  6.0592732960965323E-001                  8.4448795696948442E-001                  9.9500295480147494E-001 
                                     294                  1.1858633761439785E+001                  8.8273307542912560E-001                  5.4916228264822351E+000                 -5.9532145219227175E+000                  7.8419914299075959E+000                  6.9999999953586556E-001                  2.8000000046413470E-001                  1.9999999999999796E-002                  0.0000000000000000E+000                  2.2367294161639633E+009                  9.5600514730399344E+006                  3.1883673816285110E-022                  0.0000000000000000E+000                  0.0000000000000000E+000                  2.0804679050869366E+000                  2.2327798375755657E+010                  1.1400553621222647E-007                  0.0000000000000000E+000                 -3.4715370292087764E+000                  6.0719701906772194E-001                  8.4575764642755302E-001                  9.9627264425954376E-001 
                                     295                  1.1858632894713134E+001                  8.8237559859883241E-001                  5.4949617299561417E+000                 -5.9377781275571140E+000                  7.8589549783295443E+000                  6.9999999953586556E-001                  2.8000000046413470E-001                  1.9999999999999796E-002                  0.0000000000000000E+000                  2.2064383775393023E+009                  9.5794376837354619E+006                  3.7351083405903372E-022                  0.0000000000000000E+000                  0.0000000000000000E+000                  2.0621315956331774E+000                  2.2369175848073833E+010                  1.1367431993748975E-007                  0.0000000000000000E+000                 -3.4721688176521637E+000                  6.0843054236984340E-001                  8.4699116972967448E-001                  9.9750616756166521E-001 
                                     296                  1.1858631998606258E+001                  8.8201802805496454E-001                  5.4982358025517089E+000                 -5.9226449045479477E+000                  7.8756014226545874E+000                  6.9999999953586556E-001                  2.8000000046413470E-001                  1.9999999999999796E-002                  0.0000000000000000E+000                  2.1772755783919535E+009                  9.5986641942366045E+006                  4.3607586740262362E-022                  0.0000000000000000E+000                  0.0000000000000000E+000                  2.0445367121718951E+000                  2.2411317522269966E+010                  1.1330969070199352E-007                  0.0000000000000000E+000                 -3.4728664729657970E+000                  6.0967072375562514E-001                  8.4823135111545622E-001                  9.9874634894744685E-001 
                                     297                  1.1858631102499382E+001                  8.8167186228316952E-001                  5.5014510716674403E+000                 -5.9078019660976908E+000                  7.8919504379597845E+000                  6.9999999953586556E-001                  2.8000000046413470E-001                  1.9999999999999796E-002                  0.0000000000000000E+000                  2.1492289149785919E+009                  9.6178011820157561E+006                  5.0753012116128246E-022                  0.0000000000000000E+000                  0.0000000000000000E+000                  2.0275753908507554E+000                  2.2452871849726784E+010                  1.1292818513100111E-007                  0.0000000000000000E+000                 -3.4735988256752477E+000                  6.1087758416317572E-001                  8.4943821152300680E-001                  9.9995320935499743E-001 
                                     298                  1.1858630176087187E+001                  8.8132518538528914E-001                  5.5046085811247254E+000                 -5.8932335634842232E+000                  7.9080137529108159E+000                  6.9999999953586556E-001                  2.8000000046413465E-001                  1.9999999999999796E-002                  0.0000000000000000E+000                  2.1221919157809234E+009                  9.6368079245221727E+006                  5.8890101203040895E-022                  0.0000000000000000E+000                  0.0000000000000000E+000                  2.0112364978396435E+000                  2.2495272196450310E+010                  1.1252243077513490E-007                  0.0000000000000000E+000                 -3.4743804472614830E+000                  6.1209265137565183E-001                  8.5065327873548291E-001                  1.0011682765674734E+000 
                                     299                  1.1858629249674991E+001                  8.8098915343797457E-001                  5.5084860580075237E+000                 -5.8754749738800918E+000                  7.9276684745153467E+000                  6.9999999953586556E-001                  2.8000000046413470E-001                  1.9999999999999796E-002                  0.0000000000000000E+000                  2.0902825724535384E+009                  9.6608131170287039E+006                  7.0638921374967422E-022                  0.0000000000000000E+000                  0.0000000000000000E+000                  1.9912146382785887E+000                  2.2538186866092266E+010                  1.1212584872926166E-007                  0.0000000000000000E+000                 -3.4751471282858990E+000                  6.1328253368287100E-001                  8.5184316104270208E-001                  1.0023581588746926E+000 
                                     300                  1.1858627821074709E+001                  8.8049029115355537E-001                  5.5129678158537159E+000                 -5.8548449858235436E+000                  7.9504804858436238E+000                  6.9999999953586556E-001                  2.8000000046413470E-001                  1.9999999999999796E-002                  0.0000000000000000E+000                  2.0536731043181124E+009                  9.6885770237055495E+006                  8.7141588995312827E-022                  0.0000000000000000E+000                  0.0000000000000000E+000                  1.9689149049711068E+000                  2.2603216720215466E+010                  1.1151503764813090E-007                  0.0000000000000000E+000                 -3.4763332823292026E+000                  6.1506012065942062E-001                  8.5362074801925170E-001                  1.0041357458512423E+000 
                                     301                  1.1858626392474427E+001                  8.8001296527181805E-001                  5.5173158469323011E+000                 -5.8348776487123084E+000                  7.9726042181847898E+000                  6.9999999953586556E-001                  2.8000000046413470E-001                  1.9999999999999796E-002                  0.0000000000000000E+000                  2.0192082698707235E+009                  9.7160060967420228E+006                  1.0675736996376761E-021                  0.0000000000000000E+000                  0.0000000000000000E+000                  1.9476493544535392E+000                  2.2665528649755013E+010                  1.1088838820970012E-007                  0.0000000000000000E+000                 -3.4775569645290316E+000                  6.1676431832278578E-001                  8.5532494568261686E-001                  1.0058399435146075E+000 
                                     302                  1.1858624915773280E+001                  8.7954019007690620E-001                  5.5215367029176470E+000                 -5.8155191998060412E+000                  7.9940865057557460E+000                  6.9999999953586556E-001                  2.8000000046413470E-001                  1.9999999999999796E-002                  0.0000000000000000E+000                  1.9866157907656660E+009                  9.7430315932339858E+006                  1.2993912376234231E-021                  0.0000000000000000E+000                  0.0000000000000000E+000                  1.9273742834206735E+000                  2.2728834323715183E+010                  1.1025871207428594E-007                  0.0000000000000000E+000                 -3.4787935423980714E+000                  6.1846429962385852E-001                  8.5702492698368959E-001                  1.0075399248156802E+000 
                                     303                  1.1858623439072133E+001                  8.7908657672264134E-001                  5.5246034705508711E+000                 -5.8013761817872940E+000                  8.0097625054127288E+000                  6.9999999953586556E-001                  2.8000000046413470E-001                  1.9999999999999796E-002                  0.0000000000000000E+000                  1.9630158225633330E+009                  9.7626323000983093E+006                  1.4985991604801710E-021                  0.0000000000000000E+000                  0.0000000000000000E+000                  1.9131194022891156E+000                  2.2789215345668945E+010                  1.0962412636478610E-007                  0.0000000000000000E+000                 -3.4800469273327437E+000                  6.2009629273626277E-001                  8.5865692009609385E-001                  1.0091719179280845E+000 
                                     304                  1.1858622675910709E+001                  8.7885912546558553E-001                  5.5266455581630485E+000                 -5.7920402880513375E+000                  8.0201509624768228E+000                  6.9999999953586556E-001                  2.8000000046413470E-001                  1.9999999999999796E-002                  0.0000000000000000E+000                  1.9478953244130514E+009                  9.7760222547748145E+006                  1.6473539396949579E-021                  0.0000000000000000E+000                  0.0000000000000000E+000                  1.9035096366141833E+000                  2.2820087891358929E+010                  1.0930537101233188E-007                  0.0000000000000000E+000                 -3.4806792486513709E+000                  6.2091865958373460E-001                  8.5947928694356568E-001                  1.0099942847755563E+000 
                                     305                  1.1858621912749284E+001                  8.7863616489499108E-001                  5.5296732339441359E+000                 -5.7783185936656833E+000                  8.0354792040080909E+000                  6.9999999953586556E-001                  2.8000000046413470E-001                  1.9999999999999796E-002                  0.0000000000000000E+000                  1.9263226979605265E+009                  9.7963658370096125E+006                  1.8945667746256943E-021                  0.0000000000000000E+000                  0.0000000000000000E+000                  1.8890894998725103E+000                  2.2852475968647995E+010                  1.0901980599480229E-007                  0.0000000000000000E+000                 -3.4812472975762017E+000                  6.2173696056737915E-001                  8.6029758792721023E-001                  1.0108125857592010E+000 
                                     306                  1.1858620360828517E+001                  8.7819585922069776E-001                  5.5325980762932954E+000                 -5.7648792722242446E+000                  8.0504247609214481E+000                  6.9999999953586556E-001                  2.8000000046413470E-001                  1.9999999999999796E-002                  0.0000000000000000E+000                  1.9049586019172795E+009                  9.8156247336989064E+006                  2.1689336713336865E-021                  0.0000000000000000E+000                  0.0000000000000000E+000                  1.8758646788452393E+000                  2.2915680245672737E+010                  1.0843425398343504E-007                  0.0000000000000000E+000                 -3.4824167520443199E+000                  6.2335108222319613E-001                  8.6191170958302721E-001                  1.0124267074150179E+000 
                                     307                  1.1858619584868134E+001                  8.7798193180601958E-001                  5.5345063240933907E+000                 -5.7561860131740117E+000                  8.0601290560066126E+000                  6.9999999953586556E-001                  2.8000000046413470E-001                  1.9999999999999796E-002                  0.0000000000000000E+000                  1.8915328940469463E+009                  9.8284920123256836E+006                  2.3682929689741110E-021                  0.0000000000000000E+000                  0.0000000000000000E+000                  1.8671248032461725E+000                  2.2946000523277763E+010                  1.0813603164002212E-007                  0.0000000000000000E+000                 -3.4830147860710765E+000                  6.2413370514853206E-001                  8.6269433250836314E-001                  1.0132093303403538E+000 
                                     308                  1.1858618808907751E+001                  8.7777193675062670E-001                  5.5373710606899964E+000                 -5.7432441054441705E+000                  8.0746293951593664E+000                  6.9999999953586556E-001                  2.8000000046413470E-001                  1.9999999999999796E-002                  0.0000000000000000E+000                  1.8721050645416183E+009                  9.8482441832317468E+006                  2.7013022968658954E-021                  0.0000000000000000E+000                  0.0000000000000000E+000                  1.8538495156483219E+000                  2.2977681471985458E+010                  1.0786742275260326E-007                  0.0000000000000000E+000                 -3.4835548488124610E+000                  6.2491255880830032E-001                  8.6347318616813140E-001                  1.0139881840001221E+000 
                                     309                  1.1858617204976328E+001                  8.7734969453908240E-001                  5.5410841076950179E+000                 -5.7263659196094565E+000                  8.0935102231438609E+000                  6.9999999953586556E-001                  2.8000000046413470E-001                  1.9999999999999796E-002                  0.0000000000000000E+000                  1.8468824621276538E+009                  9.8737486440869328E+006                  3.2032000289528125E-021                  0.0000000000000000E+000                  0.0000000000000000E+000                  1.8372037373218137E+000                  2.3042157330149551E+010                  1.0732806687708615E-007                  0.0000000000000000E+000                 -3.4846433463985673E+000                  6.2648423243012441E-001                  8.6504485978995549E-001                  1.0155598576219462E+000 
                                     310                  1.1858615601044905E+001                  8.7694238197696828E-001                  5.5447159727815460E+000                 -5.7098924632299939E+000                  8.1119683678912278E+000                  6.9999999953586556E-001                  2.8000000046413470E-001                  1.9999999999999796E-002                  0.0000000000000000E+000                  1.8228196717480259E+009                  9.8990256001468487E+006                  3.7824831729612548E-021                  0.0000000000000000E+000                  0.0000000000000000E+000                  1.8211247228561249E+000                  2.3103897620069729E+010                  1.0678387007580117E-007                  0.0000000000000000E+000                 -3.4857471717160751E+000                  6.2799922052491941E-001                  8.6655984788475049E-001                  1.0170748457167411E+000 
                                     311                  1.1858613943444780E+001                  8.7653596773867581E-001                  5.5490948492302135E+000                 -5.6901766634800106E+000                  8.1341393585355739E+000                  6.9999999953586556E-001                  2.8000000046413470E-001                  1.9999999999999796E-002                  0.0000000000000000E+000                  1.7949972387788315E+009                  9.9302166714826562E+006                  4.6180399620469543E-021                  0.0000000000000000E+000                  0.0000000000000000E+000                  1.8017485004672467E+000                  2.3167806255872250E+010                  1.0625619362407784E-007                  0.0000000000000000E+000                 -3.4868228728582924E+000                  6.2952385193617877E-001                  8.6808447929600985E-001                  1.0185994771280005E+000 
                                     312                  1.1858611511056486E+001                  8.7596412911129695E-001                  5.5528263360290779E+000                 -5.6731566720272939E+000                  8.1532046078505420E+000                  6.9999999953586556E-001                  2.8000000046413470E-001                  1.9999999999999796E-002                  0.0000000000000000E+000                  1.7708541970699756E+009                  9.9564342728510126E+006                  5.4746627213086016E-021                  0.0000000000000000E+000                  0.0000000000000000E+000                  1.7862062246610177E+000                  2.3256680832619961E+010                  1.0547474288087947E-007                  0.0000000000000000E+000                 -3.4884257623191006E+000                  6.3166730173117613E-001                  8.7022792909100721E-001                  1.0207429269229977E+000 
                                     313                  1.1858610274864422E+001                  8.7568385374510926E-001                  5.5552729554804365E+000                 -5.6621168284651029E+000                  8.1656284795718097E+000                  6.9999999953586556E-001                  2.8000000046413470E-001                  1.9999999999999796E-002                  0.0000000000000000E+000                  1.7557556712582624E+009                  9.9740938702410758E+006                  6.1178558736308633E-021                  0.0000000000000000E+000                  0.0000000000000000E+000                  1.7758716359452436E+000                  2.3300160876288300E+010                  1.0507524628301124E-007                  0.0000000000000000E+000                 -3.4892497916951553E+000                  6.3271808401733010E-001                  8.7127871137716129E-001                  1.0217937092091518E+000 
                                     314                  1.1858609038672357E+001                  8.7541008986531577E-001                  5.5576978056064616E+000                 -5.6511919880975370E+000                  8.1779361824629131E+000                  6.9999999953586556E-001                  2.8000000046413470E-001                  1.9999999999999796E-002                  0.0000000000000000E+000                  1.7410362643983352E+009                  9.9917448932389785E+006                  6.8284674076767361E-021                  0.0000000000000000E+000                  0.0000000000000000E+000                  1.7657237214079868E+000                  2.3344438290820515E+010                  1.0470338826411995E-007                  0.0000000000000000E+000                 -3.4900196320325896E+000                  6.3375429558792540E-001                  8.7231492294775648E-001                  1.0228299207797471E+000 
                                     315                  1.1858607761204656E+001                  8.7513368827936344E-001                  5.5601002746541015E+000                 -5.6403783194209982E+000                  8.1901290533977669E+000                  6.9999999953586556E-001                  2.8000000046413470E-001                  1.9999999999999796E-002                  0.0000000000000000E+000                  1.7266642141380837E+009                  1.0009361487938916E+007                  7.6124771621591056E-021                  0.0000000000000000E+000                  0.0000000000000000E+000                  1.7557745373905831E+000                  2.3389608062973831E+010                  1.0432766181540775E-007                  0.0000000000000000E+000                 -3.4908002629438992E+000                  6.3480346193439530E-001                  8.7336408929422638E-001                  1.0238790871262169E+000 
                                     316                  1.1858606483736958E+001                  8.7486357456320496E-001                  5.5636491436891182E+000                 -5.6245653729017500E+000                  8.2080356089227227E+000                  6.9999999953586556E-001                  2.8000000046413470E-001                  1.9999999999999796E-002                  0.0000000000000000E+000                  1.7063652625361071E+009                  1.0036008565022156E+007                  8.9323142309092586E-021                  0.0000000000000000E+000                  0.0000000000000000E+000                  1.7408719210698562E+000                  2.3435353511524197E+010                  1.0397626108203408E-007                  0.0000000000000000E+000                 -3.4915329017828012E+000                  6.3583691698616718E-001                  8.7439754434599837E-001                  1.0249125421779890E+000 
                                     317                  1.1858603886203777E+001                  8.7433251106458754E-001                  5.5681861124279983E+000                 -5.6042073270552271E+000                  8.2310487351016022E+000                  6.9999999953586556E-001                  2.8000000046413470E-001                  1.9999999999999796E-002                  0.0000000000000000E+000                  1.6803560768998995E+009                  1.0069995295445044E+007                  1.0956104509343523E-020                  0.0000000000000000E+000                  0.0000000000000000E+000                  1.7225713934213822E+000                  2.3526400558339039E+010                  1.0329171283558455E-007                  0.0000000000000000E+000                 -3.4929672604122626E+000                  6.3787638099359301E-001                  8.7643700835342409E-001                  1.0269520061854147E+000 
                                     318                  1.1858601288670597E+001                  8.7382394442098787E-001                  5.5725888370925611E+000                 -5.5845080668497182E+000                  8.2533601538726078E+000                  6.9999999953586556E-001                  2.8000000046413470E-001                  1.9999999999999796E-002                  0.0000000000000000E+000                  1.6558582809779770E+009                  1.0103470472839618E+007                  1.3348441121033624E-020                  0.0000000000000000E+000                  0.0000000000000000E+000                  1.7049992145645527E+000                  2.3612888102900043E+010                  1.0261548858236781E-007                  0.0000000000000000E+000                 -3.4943935413558687E+000                  6.3982789078357372E-001                  8.7838851814340491E-001                  1.0289035159753954E+000 
                                     319                  1.1858598604576883E+001                  8.7331997522687943E-001                  5.5768635864968115E+000                 -5.5654133978837326E+000                  8.2750182811244013E+000                  6.9999999953586556E-001                  2.8000000046413470E-001                  1.9999999999999796E-002                  0.0000000000000000E+000                  1.6326682554084289E+009                  1.0136381986955211E+007                  1.6160584265061692E-020                  0.0000000000000000E+000                  0.0000000000000000E+000                  1.6881135059797634E+000                  2.3700033635568615E+010                  1.0196446161866417E-007                  0.0000000000000000E+000                 -3.4957755847674647E+000                  6.4177049757640192E-001                  8.8033112493623300E-001                  1.0308461227682235E+000 
                                     320                  1.1858595920483172E+001                  8.7283603558170797E-001                  5.5799700084234525E+000                 -5.5514668741085380E+000                  8.2908198672825328E+000                  6.9999999953586556E-001                  2.8000000046413470E-001                  1.9999999999999796E-002                  0.0000000000000000E+000                  1.6158457659574325E+009                  1.0160312977104761E+007                  1.8566289179313420E-020                  0.0000000000000000E+000                  0.0000000000000000E+000                  1.6761504277988533E+000                  2.3783193935471680E+010                  1.0133913182002992E-007                  0.0000000000000000E+000                 -3.4971114103314629E+000                  6.4363558376321695E-001                  8.8219621112304802E-001                  1.0327112089550385E+000 
                                     321                  1.1858594533769047E+001                  8.7259330522245371E-001                  5.5825323292232110E+000                 -5.5401012558867802E+000                  8.3037599874150505E+000                  6.9999999953586556E-001                  2.8000000046413470E-001                  1.9999999999999796E-002                  0.0000000000000000E+000                  1.6026459628271155E+009                  1.0180548542765295E+007                  2.0807125724550224E-020                  0.0000000000000000E+000                  0.0000000000000000E+000                  1.6659642567349402E+000                  2.3825838786528278E+010                  1.0104308820436792E-007                  0.0000000000000000E+000                 -3.4977466944012430E+000                  6.4457564142582768E-001                  8.8313626878565876E-001                  1.0336512666176494E+000 
                                     322                  1.1858592482447973E+001                  8.7224279960550455E-001                  5.5854963840435650E+000                 -5.5269205230402223E+000                  8.3187608950252194E+000                  6.9999999953586556E-001                  2.8000000046413470E-001                  1.9999999999999796E-002                  0.0000000000000000E+000                  1.5874482955107646E+009                  1.0204013083612762E+007                  2.3735234014958304E-020                  0.0000000000000000E+000                  0.0000000000000000E+000                  1.6542995119843615E+000                  2.3889162030075752E+010                  1.0065185310851091E-007                  0.0000000000000000E+000                 -3.4985891124373798E+000                  6.4594170715529231E-001                  8.8450233451512339E-001                  1.0350173323471141E+000 
                                     323                  1.1858590431126895E+001                  8.7190195904231904E-001                  5.5883708243718102E+000                 -5.5141524844416168E+000                  8.3333057447146377E+000                  6.9999999953586556E-001                  2.8000000046413470E-001                  1.9999999999999796E-002                  0.0000000000000000E+000                  1.5729529857732861E+009                  1.0226953207183925E+007                  2.6960764412490720E-020                  0.0000000000000000E+000                  0.0000000000000000E+000                  1.6429571407516135E+000                  2.3950633612683647E+010                  1.0028330662571460E-007                  0.0000000000000000E+000                 -3.4993856772770040E+000                  6.4727007866091879E-001                  8.8583070602074987E-001                  1.0363457038527404E+000 
                                     324                  1.1858588379805822E+001                  8.7157022342311652E-001                  5.5912069582257535E+000                 -5.5015707722600311E+000                  8.3476523867169536E+000                  6.9999999953586556E-001                  2.8000000046413470E-001                  1.9999999999999796E-002                  0.0000000000000000E+000                  1.5588888564032552E+009                  1.0249772069010545E+007                  3.0564774219706253E-020                  0.0000000000000000E+000                  0.0000000000000000E+000                  1.6317076401917088E+000                  2.4010973277655094E+010                  9.9947576392688206E-008                  0.0000000000000000E+000                 -3.5001138662658953E+000                  6.4856549777665828E-001                  8.8712612513648936E-001                  1.0376411229684801E+000 
                                     325                  1.1858586260292077E+001                  8.7123648116201347E-001                  5.5940044155245241E+000                 -5.4891664162872997E+000                  8.3618063677843217E+000                  6.9999999953586556E-001                  2.8000000046413470E-001                  1.9999999999999796E-002                  0.0000000000000000E+000                  1.5452099533850901E+009                  1.0272433095119651E+007                  3.4583431636591172E-020                  0.0000000000000000E+000                  0.0000000000000000E+000                  1.6205600022189504E+000                  2.4072087782378620E+010                  9.9633587993175249E-008                  0.0000000000000000E+000                 -3.5007971148189991E+000                  6.4987067430498158E-001                  8.8843130166481266E-001                  1.0389462994968033E+000 
                                     326                  1.1858584140778332E+001                  8.7091139753864155E-001                  5.5967213621358525E+000                 -5.4771268946084097E+000                  8.3755540387368974E+000                  6.9999999953586556E-001                  2.8000000046413470E-001                  1.9999999999999796E-002                  0.0000000000000000E+000                  1.5321136401039386E+009                  1.0294593876037719E+007                  3.8982952118438238E-020                  0.0000000000000000E+000                  0.0000000000000000E+000                  1.6096587975560233E+000                  2.4131919057452980E+010                  9.9351197918221978E-008                  0.0000000000000000E+000                 -3.5014134460277768E+000                  6.5114325050342892E-001                  8.8970387786326000E-001                  1.0402188756952506E+000 
                                     327                  1.1858582021264587E+001                  8.7059450023351426E-001                  5.5993620839544604E+000                 -5.4654308364433213E+000                  8.3889182004341620E+000                  6.9999999953586556E-001                  2.8000000046413470E-001                  1.9999999999999796E-002                  0.0000000000000000E+000                  1.5195542913784475E+009                  1.0316272232417876E+007                  4.3785796083409195E-020                  0.0000000000000000E+000                  0.0000000000000000E+000                  1.5989799398201028E+000                  2.4190543346192890E+010                  9.9100189625110081E-008                  0.0000000000000000E+000                 -3.5019627572525178E+000                  6.5238487227546327E-001                  8.9094549963529435E-001                  1.0414604974672850E+000 
                                     328                  1.1858579901750842E+001                  8.7028535571187415E-001                  5.6019730260692198E+000                 -5.4538739745515272E+000                  8.4021323898761864E+000                  6.9999999953586545E-001                  2.8000000046413470E-001                  1.9999999999999796E-002                  0.0000000000000000E+000                  1.5073036608881123E+009                  1.0337846015468188E+007                  4.9106030063232071E-020                  0.0000000000000000E+000                  0.0000000000000000E+000                  1.5883220415618169E+000                  2.4248025396813492E+010                  9.8879914706228558E-008                  0.0000000000000000E+000                 -3.5024459584386642E+000                  6.5359702541353992E-001                  8.9215765277337111E-001                  1.0426726506053616E+000 
                                     329                  1.1858577711859374E+001                  8.6997366612245097E-001                  5.6045535204143793E+000                 -5.4424503833539246E+000                  8.4151995779905437E+000                  6.9999999953586545E-001                  2.8000000046413470E-001                  1.9999999999999796E-002                  0.0000000000000000E+000                  1.4953283667742388E+009                  1.0359283272997895E+007                  5.4989342499116095E-020                  0.0000000000000000E+000                  0.0000000000000000E+000                  1.5777241263202100E+000                  2.4306187541074562E+010                  9.8680591144065806E-008                  0.0000000000000000E+000                 -3.5028841287711425E+000                  6.5481957690574855E-001                  8.9338020426557974E-001                  1.0438952020975703E+000 
                                     330                  1.1858575521967907E+001                  8.6966942171025718E-001                  5.6070645566171926E+000                 -5.4313350732720140E+000                  8.4279201320274773E+000                  6.9999999953586545E-001                  2.8000000046413470E-001                  1.9999999999999796E-002                  0.0000000000000000E+000                  1.4838077315367448E+009                  1.0380259235791888E+007                  6.1379560757293813E-020                  0.0000000000000000E+000                  0.0000000000000000E+000                  1.5673655136450380E+000                  2.4363085170111523E+010                  9.8503838480324566E-008                  0.0000000000000000E+000                 -3.5032734228306701E+000                  6.5601288084807141E-001                  8.9457350820790260E-001                  1.0450885060398931E+000 
                                     331                  1.1858573332076437E+001                  8.6937224865422280E-001                  5.6095096433134346E+000                 -5.4205115487499267E+000                  8.4403120687068256E+000                  6.9999999953586545E-001                  2.8000000046413470E-001                  1.9999999999999796E-002                  0.0000000000000000E+000                  1.4727107812357078E+009                  1.0400791886971315E+007                  6.8303721300189941E-020                  0.0000000000000000E+000                  0.0000000000000000E+000                  1.5572568361111572E+000                  2.4418799723197929E+010                  9.8345036798722142E-008                  0.0000000000000000E+000                 -3.5036237764148610E+000                  6.5717839254904920E-001                  8.9573901990888027E-001                  1.0462540177408708E+000 
                                     332                  1.1858571142184971E+001                  8.6908180135674451E-001                  5.6131567124454156E+000                 -5.4045105875736636E+000                  8.4586979139551683E+000                  6.9999999953586556E-001                  2.8000000046413465E-001                  1.9999999999999796E-002                  0.0000000000000000E+000                  1.4568250560825651E+009                  1.0431971170219084E+007                  8.0059322500788797E-020                  0.0000000000000000E+000                  0.0000000000000000E+000                  1.5418168173975486E+000                  2.4474615639665100E+010                  9.8216292177919798E-008                  0.0000000000000000E+000                 -3.5039082326030440E+000                  6.5832210895512377E-001                  8.9688273631495485E-001                  1.0473977341469454E+000 
                                     333                  1.1858566617140363E+001                  8.6850160847732849E-001                  5.6178307146860416E+000                 -5.3838011545767577E+000                  8.4824299309565383E+000                  6.9999999953586556E-001                  2.8000000046413465E-001                  1.9999999999999796E-002                  0.0000000000000000E+000                  1.4362032404811330E+009                  1.0471771631790483E+007                  9.8124184389969886E-020                  0.0000000000000000E+000                  0.0000000000000000E+000                  1.5226221062178609E+000                  2.4586224077976395E+010                  9.7976097816628803E-008                  0.0000000000000000E+000                 -3.5044399307887577E+000                  6.6060557520226171E-001                  8.9916620256209279E-001                  1.0496812003940834E+000 
                                     334                  1.1858562092095758E+001                  8.6794625908721645E-001                  5.6217141391464533E+000                 -5.3665229626905875E+000                  8.5022165435463570E+000                  6.9999999953586556E-001                  2.8000000046413470E-001                  1.9999999999999796E-002                  0.0000000000000000E+000                  1.4191735848779392E+009                  1.0504963611187661E+007                  1.1616437820019710E-019                  0.0000000000000000E+000                  0.0000000000000000E+000                  1.5069981899032969E+000                  2.4689836531175362E+010                  9.7704374782964493E-008                  0.0000000000000000E+000                 -3.5050429950005686E+000                  6.6277555296609347E-001                  9.0133618032592455E-001                  1.0518511781579152E+000 
                                     335                  1.1858558724700691E+001                  8.6754779410161786E-001                  5.6249118861583645E+000                 -5.3523549093186773E+000                  8.5184745714619208E+000                  6.9999999953586556E-001                  2.8000000046413470E-001                  1.9999999999999796E-002                  0.0000000000000000E+000                  1.4055454077138186E+009                  1.0532643817431306E+007                  1.3342519946163306E-019                  0.0000000000000000E+000                  0.0000000000000000E+000                  1.4941377595423366E+000                  2.4764458845694221E+010                  9.7505385519528312E-008                  0.0000000000000000E+000                 -3.5054856981157578E+000                  6.6433168306652324E-001                  9.0289231042635432E-001                  1.0534073082583451E+000 
                                     336                  1.1858555357305626E+001                  8.6716107119166708E-001                  5.6280543126535711E+000                 -5.3384366234568263E+000                  8.5344563977292136E+000                  6.9999999953586556E-001                  2.8000000046413470E-001                  1.9999999999999796E-002                  0.0000000000000000E+000                  1.3923503934102337E+009                  1.0560036009604337E+007                  1.5284188118534099E-019                  0.0000000000000000E+000                  0.0000000000000000E+000                  1.4816537901600026E+000                  2.4837903245427658E+010                  9.7314938880408939E-008                  0.0000000000000000E+000                 -3.5059102428908853E+000                  6.6584463464277399E-001                  9.0440526200260518E-001                  1.0549202598345957E+000 
                                     337                  1.1858551878416675E+001                  8.6677310834482801E-001                  5.6311422059715754E+000                 -5.3247554058064424E+000                  8.5501725275982867E+000                  6.9999999953586556E-001                  2.8000000046413470E-001                  1.9999999999999796E-002                  0.0000000000000000E+000                  1.3795457647790327E+009                  1.0587116381692484E+007                  1.7462915546290102E-019                  0.0000000000000000E+000                  0.0000000000000000E+000                  1.4695478617286728E+000                  2.4911772014683556E+010                  9.7114931300905405E-008                  0.0000000000000000E+000                 -3.5063569963587313E+000                  6.6736191703323988E-001                  9.0592254439307085E-001                  1.0564375422250616E+000 
                                     338                  1.1858548399527725E+001                  8.6639618220170911E-001                  5.6341311293208811E+000                 -5.3115141729089199E+000                  8.5653915613296761E+000                  6.9999999953586556E-001                  2.8000000046413470E-001                  1.9999999999999796E-002                  0.0000000000000000E+000                  1.3673182293255997E+009                  1.0613497615517320E+007                  1.9862343842809870E-019                  0.0000000000000000E+000                  0.0000000000000000E+000                  1.4579507626244872E+000                  2.4983670060316467E+010                  9.6913858253516039E-008                  0.0000000000000000E+000                 -3.5068070581583304E+000                  6.6883538709149137E-001                  9.0739601445132245E-001                  1.0579110122833131E+000 
                                     339                  1.1858544920638776E+001                  8.6602963471603400E-001                  5.6370273054442031E+000                 -5.2986856687948212E+000                  8.5801441646465939E+000                  6.9999999953586556E-001                  2.8000000046413470E-001                  1.9999999999999796E-002                  0.0000000000000000E+000                  1.3556252395252523E+009                  1.0639220249987137E+007                  2.2496232574063896E-019                  0.0000000000000000E+000                  0.0000000000000000E+000                  1.4468098655064434E+000                  2.5053781857680805E+010                  9.6715670718750255E-008                  0.0000000000000000E+000                 -3.5072515760128380E+000                  6.7026797264085636E-001                  9.0882860000068744E-001                  1.0593435978326780E+000 
                                     340                  1.1858541441749827E+001                  8.6567286603642979E-001                  5.6398826478385216E+000                 -5.2860441255961543E+000                  8.5946910267755108E+000                  6.9999999953586556E-001                  2.8000000046413470E-001                  1.9999999999999796E-002                  0.0000000000000000E+000                  1.3442558788778639E+009                  1.0664744875089817E+007                  2.5428849948688267E-019                  0.0000000000000000E+000                  0.0000000000000000E+000                  1.4358937578790765E+000                  2.5122261341684330E+010                  9.6523368511881037E-008                  0.0000000000000000E+000                 -3.5076837651564134E+000                  6.7166224240043337E-001                  9.1022286976026445E-001                  1.0607378675922550E+000 
                                     341                  1.1858537847805408E+001                  8.6531398588436736E-001                  5.6426971310405651E+000                 -5.2735811546067302E+000                  8.6090381945128200E+000                  6.9999999953586556E-001                  2.8000000046413470E-001                  1.9999999999999796E-002                  0.0000000000000000E+000                  1.3331784183429775E+009                  1.0690045202891899E+007                  2.8687552855380111E-019                  0.0000000000000000E+000                  0.0000000000000000E+000                  1.4252049710243373E+000                  2.5191323512427380E+010                  9.6332121978416923E-008                  0.0000000000000000E+000                 -3.5081144365424404E+000                  6.7306445114681623E-001                  9.1162507850664731E-001                  1.0621400763386377E+000 
                                     342                  1.1858534253860990E+001                  8.6496440379934747E-001                  5.6454292636610344E+000                 -5.2614845333118057E+000                  8.6229705875479734E+000                  6.9999999953586556E-001                  2.8000000046413470E-001                  1.9999999999999796E-002                  0.0000000000000000E+000                  1.3225571323362870E+009                  1.0714748191459127E+007                  3.2243352014634236E-019                  0.0000000000000000E+000                  0.0000000000000000E+000                  1.4148738924204651E+000                  2.5258709066116642E+010                  9.6149135141271275E-008                  0.0000000000000000E+000                 -3.5085273089372060E+000                  6.7442976689954770E-001                  9.1299039425937878E-001                  1.0635053920913693E+000 
                                     343                  1.1858530659916573E+001                  8.6462361280328659E-001                  5.6480836926639100E+000                 -5.2497332441001108E+000                  8.6365116595927045E+000                  6.9999999953586556E-001                  2.8000000046413470E-001                  1.9999999999999796E-002                  0.0000000000000000E+000                  1.3123600938247244E+009                  1.0738882728252700E+007                  3.6112799422442152E-019                  0.0000000000000000E+000                  0.0000000000000000E+000                  1.4048674373098580E+000                  2.5324550972908592E+010                  9.5976212318592676E-008                  0.0000000000000000E+000                 -3.5089181967037426E+000                  6.7576032255885321E-001                  9.1432094991868429E-001                  1.0648359477506750E+000 
                                     344                  1.1858527065972154E+001                  8.6429114720588773E-001                  5.6507071595458491E+000                 -5.2381233241850635E+000                  8.6498971657195458E+000                  6.9999999953586556E-001                  2.8000000046413465E-001                  1.9999999999999796E-002                  0.0000000000000000E+000                  1.3024066262559683E+009                  1.0762872591181064E+007                  4.0385482563866556E-019                  0.0000000000000000E+000                  0.0000000000000000E+000                  1.3949888655114613E+000                  2.5388962681738026E+010                  9.5814686029860546E-008                  1.0126665936963169E-018                 -3.5092839595896175E+000                  6.7705802509959201E-001                  9.1561865245942309E-001                  1.0661336502914136E+000 
                                     345                  1.1858523353301024E+001                  8.6395598629998460E-001                  5.6532992088970042E+000                 -5.2266491981114811E+000                  8.6631304162735319E+000                  6.9999999953586556E-001                  2.8000000046413465E-001                  1.9999999999999796E-002                  0.0000000000000000E+000                  1.2926726412457325E+009                  1.0786691896411812E+007                  4.5095649650970004E-019                  0.0000000000000000E+000                  0.0000000000000000E+000                  1.3852509138262088E+000                  2.5454014596930351E+010                  9.5659403080961278E-008                  4.6404055755923821E-018                 -3.5096361667364881E+000                  6.7836564173270186E-001                  9.1692626909253294E-001                  1.0674412669245235E+000 
                                     346                  1.1858519640629890E+001                  8.6362881686075632E-001                  5.6564187073380090E+000                 -5.2128976133286917E+000                  8.6790191602820439E+000                  6.9999999953426462E-001                  2.8000000046573564E-001                  1.9999999999999796E-002                  0.0000000000000000E+000                  1.2812477542004881E+009                  1.0815651118037829E+007                  5.1479587389335058E-019                  0.0000000000000000E+000                  0.0000000000000000E+000                  1.3734271912402625E+000                  2.5518196623408928E+010                  9.5521593823167363E-008                  8.4458346366744685E-018                 -3.5099492198722611E+000                  6.7964327293322224E-001                  9.1820390029305332E-001                  1.0687188981250439E+000 
                                     347                  1.1858514161526040E+001                  8.6315974599580425E-001                  5.6599969025821055E+000                 -5.1970530021806560E+000                  8.6973089476129655E+000                  6.9999999953314718E-001                  2.8000000046685297E-001                  1.9999999999999796E-002                  0.0000000000000000E+000                  1.2681459062378464E+009                  1.0848929110818863E+007                  5.9913763955015891E-019                  0.0000000000000000E+000                  0.0000000000000000E+000                  1.3600740288043665E+000                  2.5610317667153179E+010                  9.5334089923638439E-008                  7.6020885739165002E-018                 -3.5103758874647637E+000                  6.8147366305381996E-001                  9.2003429041365103E-001                  1.0705492882456416E+000 
                                     348                  1.1858508682422189E+001                  8.6270603633092591E-001                  5.6634990526898230E+000                 -5.1815498387709766E+000                  8.7152163632270376E+000                  6.9999999953314718E-001                  2.8000000046685297E-001                  1.9999999999999796E-002                  0.0000000000000000E+000                  1.2555258677174058E+009                  1.0881739754281932E+007                  6.9482258622572138E-019                  0.0000000000000000E+000                  0.0000000000000000E+000                  1.3470567843846797E+000                  2.5698752844369198E+010                  9.5150838329937820E-008                  3.3864543878526860E-018                 -3.5107936904963513E+000                  6.8323954478838356E-001                  9.2180017214821464E-001                  1.0723151699802052E+000 
                                     349                  1.1858503022520470E+001                  8.6225237131832366E-001                  5.6669269358957912E+000                 -5.1663673900534866E+000                  8.7327598382552551E+000                  6.9999999953314718E-001                  2.8000000046685297E-001                  1.9999999999999796E-002                  0.0000000000000000E+000                  1.2433340654613748E+009                  1.0914055854644310E+007                  8.0303004214142524E-019                  0.0000000000000000E+000                  0.0000000000000000E+000                  1.3344078847443048E+000                  2.5787319080468880E+010                  9.4973696839023890E-008                  5.9561004324889850E-019                 -3.5111983284049351E+000                  6.8500348576864922E-001                  9.2356411312848030E-001                  1.0740791109604708E+000 
                                     350                  1.1858497362618753E+001                  8.6181293849221663E-001                  5.6702599530980864E+000                 -5.1516062208476443E+000                  8.7498259219886716E+000                  6.9999999953314718E-001                  2.8000000046685297E-001                  1.9999999999999796E-002                  0.0000000000000000E+000                  1.2316522576433744E+009                  1.0945687010594152E+007                  9.2410896009842991E-019                  0.0000000000000000E+000                  0.0000000000000000E+000                  1.3221907111464735E+000                  2.5873189226440086E+010                  9.4804958009809754E-008                  0.0000000000000000E+000                 -3.5115844748963845E+000                  6.8671010508820596E-001                  9.2527073244803715E-001                  1.0757857302800278E+000 
                                     351                  1.1858491609441957E+001                  8.6137988765014151E-001                  5.6735030073323420E+000                 -5.1372391442763785E+000                  8.7664432247533011E+000                  6.9999999953314718E-001                  2.8000000046685297E-001                  1.9999999999999796E-002                  0.0000000000000000E+000                  1.2204340963018966E+009                  1.0976650110352067E+007                  1.0591413317370226E-018                  0.0000000000000000E+000                  0.0000000000000000E+000                  1.3104052284542134E+000                  2.5957927456027828E+010                  9.4639931614883828E-008                  0.0000000000000000E+000                 -3.5119627910967055E+000                  6.8839009483270575E-001                  9.2695072219253682E-001                  1.0774657200245275E+000 
                                     352                  1.1858485856265160E+001                  8.6095969186649524E-001                  5.6766367199861598E+000                 -5.1233553997760195E+000                  8.7825089857791738E+000                  6.9999999953314718E-001                  2.8000000046685297E-001                  1.9999999999999796E-002                  0.0000000000000000E+000                  1.2097384378269677E+009                  1.1006749322265986E+007                  1.2080300244071134E-018                  0.0000000000000000E+000                  0.0000000000000000E+000                  1.2991183079155304E+000                  2.6040222870633724E+010                  9.4478743122326238E-008                  0.0000000000000000E+000                 -3.5123329464497526E+000                  6.9001828957916633E-001                  9.2857891693899752E-001                  1.0790939147709881E+000 
                                     353                  1.1858480103088366E+001                  8.6055155064501365E-001                  5.6796683001418167E+000                 -5.1099236318273329E+000                  8.7980588784128901E+000                  6.9999999953314718E-001                  2.8000000046685297E-001                  1.9999999999999796E-002                  0.0000000000000000E+000                  1.1995256571392539E+009                  1.1036036591438446E+007                  1.3716292782345124E-018                  0.0000000000000000E+000                  0.0000000000000000E+000                  1.2883109805380570E+000                  2.6120263586036816E+010                  9.4319535432275741E-008                  0.0000000000000000E+000                 -3.5126991735053386E+000                  6.9159806247734279E-001                  9.3015868983717387E-001                  1.0806736876691645E+000 
                                     354                  1.1858474349911569E+001                  8.6015473742587778E-001                  5.6826524911734930E+000                 -5.0967064498392354E+000                  8.8133690416955197E+000                  6.9999999953314718E-001                  2.8000000046685297E-001                  1.9999999999999796E-002                  0.0000000000000000E+000                  1.1896119080989444E+009                  1.1065038901076347E+007                  1.5539236249550044E-018                  0.0000000000000000E+000                  0.0000000000000000E+000                  1.2777912753714784E+000                  2.6198248208681534E+010                  9.4160218852001432E-008                  0.0000000000000000E+000                 -3.5130662703769895E+000                  6.9313256651412813E-001                  9.3169319387395921E-001                  1.0822081917059498E+000 
                                     355                  1.1858468407221405E+001                  8.5975604537766481E-001                  5.6855897132091737E+000                 -5.0836939083678274E+000                  8.8284476522729047E+000                  6.9999999953314718E-001                  2.8000000046685297E-001                  1.9999999999999796E-002                  0.0000000000000000E+000                  1.1799696307145879E+009                  1.1093734885068940E+007                  1.7566171017405474E-018                  0.0000000000000000E+000                  0.0000000000000000E+000                  1.2675885306006247E+000                  2.6276716023374111E+010                  9.3992445848871550E-008                  0.0000000000000000E+000                 -3.5134535245723986E+000                  6.9467280897189443E-001                  9.3323343633172551E-001                  1.0837484341637160E+000 
                                     356                  1.1858462464531238E+001                  8.5936806921613262E-001                  5.6884374684913794E+000                 -5.0710799627784775E+000                  8.8430715471084174E+000                  6.9999999953314718E-001                  2.8000000046685297E-001                  1.9999999999999796E-002                  0.0000000000000000E+000                  1.1707415660650604E+009                  1.1121709870160963E+007                  1.9779247026894484E-018                  0.0000000000000000E+000                  0.0000000000000000E+000                  1.2578453834128454E+000                  2.6353142770577065E+010                  9.3819005918937646E-008                  0.0000000000000000E+000                 -3.5138545865162545E+000                  6.9617007351516880E-001                  9.3473070087499988E-001                  1.0852456987069905E+000 
                                     357                  1.1858456521841074E+001                  8.5899020143011817E-001                  5.6912012497036271E+000                 -5.0588412711598041E+000                  8.8572675327587920E+000                  6.9999999953314718E-001                  2.8000000046685297E-001                  1.9999999999999796E-002                  0.0000000000000000E+000                  1.1619003702816272E+009                  1.1149005767527357E+007                  2.2188828091992818E-018                  0.0000000000000000E+000                  0.0000000000000000E+000                  1.2485415929108650E+000                  2.6427717359528698E+010                  9.3639391589966731E-008                  0.0000000000000000E+000                 -3.5142707083696938E+000                  6.9762710171424758E-001                  9.3618772907407866E-001                  1.0867027269060694E+000 
                                     358                  1.1858450579150910E+001                  8.5862188553728092E-001                  5.6945739926612733E+000                 -5.0439819216162887E+000                  8.8745386777716462E+000                  6.9999999953314718E-001                  2.8000000046685297E-001                  1.9999999999999796E-002                  0.0000000000000000E+000                  1.1514194266748338E+009                  1.1182656633493444E+007                  2.5519360333510928E-018                  0.0000000000000000E+000                  0.0000000000000000E+000                  1.2372634986013911E+000                  2.6501325192192642E+010                  9.3459551484632313E-008                  0.0000000000000000E+000                 -3.5146881537498853E+000                  6.9904836966162631E-001                  9.3760899702145750E-001                  1.0881239948534480E+000 
                                     359                  1.1858441578818049E+001                  8.5808113113593987E-001                  5.6984718980351428E+000                 -5.0267352146211817E+000                  8.8945683408644989E+000                  6.9999999953314718E-001                  2.8000000046685297E-001                  1.9999999999999796E-002                  0.0000000000000000E+000                  1.1393341187878356E+009                  1.1221645019324945E+007                  2.9990315150449418E-018                  0.0000000000000000E+000                  0.0000000000000000E+000                  1.2247221755664646E+000                  2.6609636593196537E+010                  9.3173354957417325E-008                  0.0000000000000000E+000                 -3.5153541331439060E+000                  7.0113341071849500E-001                  9.3969403807832608E-001                  1.0902090359103167E+000 
                                     360                  1.1858432578485189E+001                  8.5755951991913826E-001                  5.7022158988208034E+000                 -5.0101854858111929E+000                  8.9138049972381737E+000                  6.9999999953314718E-001                  2.8000000046685297E-001                  1.9999999999999796E-002                  0.0000000000000000E+000                  1.1279500716274731E+009                  1.1259377601894246E+007                  3.5006774617430206E-018                  0.0000000000000000E+000                  0.0000000000000000E+000                  1.2130120948569689E+000                  2.6713378061777107E+010                  9.2859133641107251E-008                  2.1044577926858892E-021                 -3.5160876862698869E+000                  7.0313967315305403E-001                  9.4170030051288511E-001                  1.0922152983448759E+000 
                                     361                  1.1858423578152328E+001                  8.5705563024334930E-001                  5.7058183748833047E+000                 -4.9942797271104569E+000                  8.9323094778144334E+000                  6.9999999953314718E-001                  2.8000000046685297E-001                  1.9999999999999796E-002                  0.0000000000000000E+000                  1.1172072187816341E+009                  1.1295951573463658E+007                  4.0608962677630695E-018                  0.0000000000000000E+000                  0.0000000000000000E+000                  1.2020477507673244E+000                  2.6814039712149036E+010                  9.2530610647974273E-008                  8.3557321693355376E-021                 -3.5168572858666058E+000                  7.0507666983807260E-001                  9.4363729719790368E-001                  1.0941522950298943E+000 
                                     362                  1.1858414577819469E+001                  8.5656819525197425E-001                  5.7111283919914513E+000                 -4.9711545927434573E+000                  8.9593442570301516E+000                  6.9999999953314729E-001                  2.8000000046685297E-001                  1.9999999999999796E-002                  0.0000000000000000E+000                  1.1023283301013691E+009                  1.1350903676002514E+007                  5.0474667425872890E-018                  0.0000000000000000E+000                  0.0000000000000000E+000                  1.1858393860016627E+000                  2.6914525198605618E+010                  9.2213300162408691E-008                  1.2446312583921752E-020                 -3.5176032175069958E+000                  7.0695635435372606E-001                  9.4551698171355703E-001                  1.0960319795455478E+000 
                                     363                  1.1858395985593152E+001                  8.5560871913013892E-001                  5.7161434887240832E+000                 -4.9488363772629365E+000                  8.9852807162296919E+000                  6.9999999953314718E-001                  2.8000000046685297E-001                  1.9999999999999796E-002                  0.0000000000000000E+000                  1.0876178667401054E+009                  1.1402302775055466E+007                  6.2012262258382363E-018                  0.0000000000000000E+000                  0.0000000000000000E+000                  1.1720511678724244E+000                  2.7108726614051189E+010                  9.1511848493244223E-008                  8.1845209024624986E-021                 -3.5192613360154175E+000                  7.1064391690262696E-001                  9.4920454426245804E-001                  1.0997195420944486E+000 
                                     364                  1.1858386689479996E+001                  8.5515077478090240E-001                  5.7193697136666479E+000                 -4.9346741254131805E+000                  9.0018175559197253E+000                  6.9999999953314718E-001                  2.8000000046685297E-001                  1.9999999999999796E-002                  0.0000000000000000E+000                  1.0787121930731249E+009                  1.1435977981351871E+007                  7.0738075579867264E-018                  0.0000000000000000E+000                  0.0000000000000000E+000                  1.1630970097803905E+000                  2.7199672609590530E+010                  9.1133555416468724E-008                  2.0328175024520077E-021                 -3.5201608430777109E+000                  7.1239576320887932E-001                  9.5095639056871040E-001                  1.1014713884007010E+000 
                                     365                  1.1858377393366837E+001                  8.5470613907722859E-001                  5.7225433811676378E+000                 -4.9207701597052651E+000                  9.0180695540077309E+000                  6.9999999953314718E-001                  2.8000000046685297E-001                  1.9999999999999796E-002                  0.0000000000000000E+000                  1.0701251299368083E+009                  1.1469327945312364E+007                  8.0493531804971201E-018                  0.0000000000000000E+000                  0.0000000000000000E+000                  1.1544552243861237E+000                  2.7290814558784840E+010                  9.0778996771030223E-008                  0.0000000000000000E+000                 -3.5210073105499067E+000                  7.1410287799340721E-001                  9.5266350535323829E-001                  1.1031785031852288E+000 
                                     366                  1.1858367792127506E+001                  8.5426000806857683E-001                  5.7256652672996982E+000                 -4.9071115422468647E+000                  9.0340479402871061E+000                  6.9999999953314718E-001                  2.8000000046685297E-001                  1.9999999999999796E-002                  0.0000000000000000E+000                  1.0618265364668982E+009                  1.1502333508369042E+007                  9.1375475818983559E-018                  0.0000000000000000E+000                  0.0000000000000000E+000                  1.1461287584311577E+000                  2.7382736846424774E+010                  9.0415864520266327E-008                  0.0000000000000000E+000                 -3.5218776803977168E+000                  7.1581552959746952E-001                  9.5437615695730060E-001                  1.1048911547892912E+000 
                                     367                  1.1858358190888174E+001                  8.5382637394544392E-001                  5.7294112946707072E+000                 -4.8908299167493592E+000                  9.0531415276655700E+000                  6.9999999953314718E-001                  2.8000000046685297E-001                  1.9999999999999796E-002                  0.0000000000000000E+000                  1.0522172967677833E+009                  1.1542356966056151E+007                  1.0633172928089222E-017                  0.0000000000000000E+000                  0.0000000000000000E+000                  1.1362148805783998E+000                  2.7473388281024555E+010                  9.0062497776626330E-008                  0.0000000000000000E+000                 -3.5227280062816835E+000                  7.1748198015822240E-001                  9.5604260751805359E-001                  1.1065576053500441E+000 
                                     368                  1.1858343995018936E+001                  8.5320656689568597E-001                  5.7326240291215829E+000                 -4.8767302781923689E+000                  9.0696349459542933E+000                  6.9999999953314718E-001                  2.8000000046685297E-001                  1.9999999999999796E-002                  0.0000000000000000E+000                  1.0438397945235339E+009                  1.1576612728085566E+007                  1.2109911973763700E-017                  0.0000000000000000E+000                  0.0000000000000000E+000                  1.1282079569039305E+000                  2.7601798422290997E+010                  8.9532329645931562E-008                  1.1381307327663725E-019                 -3.5240100574731370E+000                  7.1985948673318478E-001                  9.5842011409301586E-001                  1.1089351119250064E+000 
                                     369                  1.1858336897084316E+001                  8.5290560724025100E-001                  5.7347178978664530E+000                 -4.8676220891907098E+000                  9.0803217543054924E+000                  6.9999999953314718E-001                  2.8000000046685297E-001                  1.9999999999999796E-002                  0.0000000000000000E+000                  1.0385924458992034E+009                  1.1599184299341932E+007                  1.3176797961197910E-017                  0.0000000000000000E+000                  0.0000000000000000E+000                  1.1229683213270860E+000                  2.7663894891275578E+010                  8.9263645997269732E-008                  5.0118785795675059E-019                 -3.5246626891300159E+000                  7.2101220189310544E-001                  9.5957282925293652E-001                  1.1100878270849270E+000 
                                     370                  1.1858329799149697E+001                  8.5261028611395917E-001                  5.7378567554160487E+000                 -4.8540860345616084E+000                  9.0962507311130683E+000                  6.9999999953295977E-001                  2.8000000046704038E-001                  1.9999999999999796E-002                  0.0000000000000000E+000                  1.0310282403369658E+009                  1.1633375452488272E+007                  1.4947697620623815E-017                  0.0000000000000000E+000                  0.0000000000000000E+000                  1.1150970430514513E+000                  2.7726930095843742E+010                  8.9010293580568034E-008                  8.6784357980547446E-019                 -3.5252798832689041E+000                  7.2214768835876542E-001                  9.6070831571859650E-001                  1.1112233135505871E+000 
                                     371                  1.1858315137925452E+001                  8.5201718449586306E-001                  5.7419184649013921E+000                 -4.8364842793045959E+000                  9.1169421814501899E+000                  6.9999999953286762E-001                  2.8000000046713258E-001                  1.9999999999999796E-002                  0.0000000000000000E+000                  1.0212271249487715E+009                  1.1677699426727660E+007                  1.7594277563531461E-017                  0.0000000000000000E+000                  0.0000000000000000E+000                  1.1054251670394371E+000                  2.7854117991933144E+010                  8.8489558446878058E-008                  7.3153319182717111E-019                 -3.5265539859868791E+000                  7.2442824536068051E-001                  9.6298887272051170E-001                  1.1135038705525022E+000 
                                     372                  1.1858300476701205E+001                  8.5144534415731676E-001                  5.7448492064083680E+000                 -4.8237381877422250E+000                  9.1319157757805556E+000                  6.9999999953286762E-001                  2.8000000046713253E-001                  1.9999999999999796E-002                  0.0000000000000000E+000                  1.0141751131425494E+009                  1.1709768558598740E+007                  1.9787588733259025E-017                  0.0000000000000000E+000                  0.0000000000000000E+000                  1.0987861111609394E+000                  2.7974206772476086E+010                  8.7945548576872543E-008                  2.9870894436927102E-019                 -3.5278930688788472E+000                  7.2661944994520189E-001                  9.6518007730503308E-001                  1.1156950751370236E+000 
                                     373                  1.1858293146089082E+001                  8.5116687674588676E-001                  5.7467636713915748E+000                 -4.8154805632285074E+000                  9.1416434762492003E+000                  6.9999999953286762E-001                  2.8000000046713253E-001                  1.9999999999999796E-002                  0.0000000000000000E+000                  1.0097363251172941E+009                  1.1730920338468350E+007                  2.1360159269065301E-017                  0.0000000000000000E+000                  0.0000000000000000E+000                  1.0944500645150741E+000                  2.8033062857714745E+010                  8.7673942199684281E-008                  4.6704439629651309E-020                 -3.5285647326240648E+000                  7.2768662469568890E-001                  9.6624725205551998E-001                  1.1167622498875107E+000 
                                     374                  1.1858285815476957E+001                  8.5089313245337395E-001                  5.7495786660846449E+000                 -4.8034324081516884E+000                  9.1558735426024374E+000                  6.9999999953286762E-001                  2.8000000046713258E-001                  1.9999999999999796E-002                  0.0000000000000000E+000                  1.0034360475622146E+009                  1.1762302661379911E+007                  2.3893214514455841E-017                  0.0000000000000000E+000                  0.0000000000000000E+000                  1.0880913365476699E+000                  2.8092656265932793E+010                  8.7412923629687511E-008                  0.0000000000000000E+000                 -3.5292121770115457E+000                  7.2873917868154514E-001                  9.6729980604137633E-001                  1.1178148038733668E+000 
                                     375                  1.1858271154252714E+001                  8.5035913603618662E-001                  5.7532603126275186E+000                 -4.7876256712124325E+000                  9.1745319287751688E+000                  6.9999999953286762E-001                  2.8000000046713253E-001                  1.9999999999999796E-002                  0.0000000000000000E+000                  9.9521409780714500E+008                  1.1803459066354902E+007                  2.7660041269674630E-017                  0.0000000000000000E+000                  0.0000000000000000E+000                  1.0801875467307229E+000                  2.8209563248740326E+010                  8.6892233965419255E-008                  0.0000000000000000E+000                 -3.5305095185459807E+000                  7.3079326140859258E-001                  9.6935388876842377E-001                  1.1198688866004143E+000 
                                     376                  1.1858256013066084E+001                  8.4982540448755195E-001                  5.7568688236115735E+000                 -4.7721759185141162E+000                  9.1927914513394668E+000                  6.9999999953286762E-001                  2.8000000046713258E-001                  1.9999999999999796E-002                  0.0000000000000000E+000                  9.8734299447651207E+008                  1.1844099230959708E+007                  3.1914471253282653E-017                  0.0000000000000000E+000                  0.0000000000000000E+000                  1.0727024815869590E+000                  2.8325794350580135E+010                  8.6347298591113200E-008                  0.0000000000000000E+000                 -3.5318756224780516E+000                  7.3284403075323845E-001                  9.7140465811306953E-001                  1.1219196559450602E+000 
                                     377                  1.1858240871879456E+001                  8.4930845374858599E-001                  5.7603543715102683E+000                 -4.7573001998305555E+000                  9.2103960790103709E+000                  6.9999999953286762E-001                  2.8000000046713253E-001                  1.9999999999999796E-002                  0.0000000000000000E+000                  9.7992379997525942E+008                  1.1883651290549263E+007                  3.6629312692920862E-017                  0.0000000000000000E+000                  0.0000000000000000E+000                  1.0656747052824818E+000                  2.8439132255736877E+010                  8.5810281396102053E-008                  0.0000000000000000E+000                 -3.5332303369259646E+000                  7.3483124414969836E-001                  9.7339187150952944E-001                  1.1239068693415200E+000 
                                     378                  1.1858225730692830E+001                  8.4880715013281083E-001                  5.7637255294528424E+000                 -4.7429578779033399E+000                  9.2273915604595000E+000                  6.9999999953286762E-001                  2.8000000046713253E-001                  1.9999999999999796E-002                  0.0000000000000000E+000                  9.7291621710557866E+008                  1.1922184651819574E+007                  4.1835086584128504E-017                  0.0000000000000000E+000                  0.0000000000000000E+000                  1.0590358145257766E+000                  2.8549844175016823E+010                  8.5286609676147689E-008                  0.0000000000000000E+000                 -3.5345595746873499E+000                  7.3675941665647993E-001                  9.7532004401631101E-001                  1.1258350418483016E+000 
                                     379                  1.1858210589506202E+001                  8.4832047349620221E-001                  5.7678381822762459E+000                 -4.7256107145163728E+000                  9.2480085845364481E+000                  6.9999999953286762E-001                  2.8000000046713258E-001                  1.9999999999999796E-002                  0.0000000000000000E+000                  9.6473119819357491E+008                  1.1969723481099067E+007                  4.9162854372303597E-017                  0.0000000000000000E+000                  0.0000000000000000E+000                  1.0509572982054218E+000                  2.8659217388550999E+010                  8.4787706505450642E-008                  0.0000000000000000E+000                 -3.5358335560879275E+000                  7.3863451883882414E-001                  9.7719514619865522E-001                  1.1277101440306458E+000 
                                     380                  1.1858187540171803E+001                  8.4760565824170309E-001                  5.7725790582480414E+000                 -4.7055843489568279E+000                  9.2718095531564355E+000                  6.9999999953286762E-001                  2.8000000046713258E-001                  1.9999999999999796E-002                  0.0000000000000000E+000                  9.5539471176074088E+008                  1.2024845440956524E+007                  5.9190717853463587E-017                  0.0000000000000000E+000                  0.0000000000000000E+000                  1.0419985976104744E+000                  2.8821035179084099E+010                  8.4067659528942392E-008                  1.5287129882364035E-018                 -3.5376855216572709E+000                  7.4139042416790712E-001                  9.7995105152773820E-001                  1.1304660493597287E+000 
                                     381                  1.1858164490837403E+001                  8.4691974597038899E-001                  5.7771124843258184E+000                 -4.6865136646512200E+000                  9.2945129148694665E+000                  6.9999999953286762E-001                  2.8000000046713258E-001                  1.9999999999999796E-002                  0.0000000000000000E+000                  9.4673619473047853E+008                  1.2078073878643561E+007                  7.0639350062062085E-017                  0.0000000000000000E+000                  0.0000000000000000E+000                  1.0335412925911616E+000                  2.8975991121011425E+010                  8.3386016257321021E-008                  7.0546355145486949E-018                 -3.5394533869801488E+000                  7.4403303152187561E-001                  9.8259365888170669E-001                  1.1331086567136974E+000 
                                     382                  1.1858141441503003E+001                  8.4626024408677447E-001                  5.7814561587335902E+000                 -4.6683112948724776E+000                  9.3162163361412169E+000                  6.9999999952941405E-001                  2.8000000047058615E-001                  1.9999999999999796E-002                  0.0000000000000000E+000                  9.3867255510163701E+008                  1.2129551652748002E+007                  8.3629135190328999E-017                  0.0000000000000000E+000                  0.0000000000000000E+000                  1.0255535147550812E+000                  2.9126180787571903E+010                  8.2753875647229863E-008                  1.2954659134389815E-017                 -3.5411058287894703E+000                  7.4657507897996878E-001                  9.8513570633979985E-001                  1.1356507041717905E+000 
                                     383                  1.1858118392168604E+001                  8.4562497773891221E-001                  5.7856934962585687E+000                 -4.6506266976444781E+000                  9.3373361234957972E+000                  6.9999999952724357E-001                  2.8000000047275664E-001                  1.9999999999999796E-002                  0.0000000000000000E+000                  9.3102679917625833E+008                  1.2180233947974745E+007                  9.8540716062819160E-017                  0.0000000000000000E+000                  0.0000000000000000E+000                  1.0179425936083906E+000                  2.9272010470567543E+010                  8.2158859776573709E-008                  1.1821169323877169E-017                 -3.5426727983140696E+000                  7.4902474189608337E-001                  9.8758536925591445E-001                  1.1381003670879051E+000 
                                     384                  1.1858094590519666E+001                  8.4499238865213011E-001                  5.7898289180465596E+000                 -4.6334228549762919E+000                  9.3579089163841438E+000                  6.9999999952724357E-001                  2.8000000047275664E-001                  1.9999999999999796E-002                  0.0000000000000000E+000                  9.2374714297785008E+008                  1.2230119907177992E+007                  1.1559207569176809E-016                  0.0000000000000000E+000                  0.0000000000000000E+000                  1.0107889260403633E+000                  2.9418204072849915E+010                  8.1565904858637219E-008                  5.3522877219163852E-018                 -3.5442456707830483E+000                  7.5146481684312683E-001                  9.9002544420295802E-001                  1.1405404420349485E+000 
                                     385                  1.1858070788870730E+001                  8.4438175221624867E-001                  5.7938080334440807E+000                 -4.6169305559597422E+000                  9.3776593438264388E+000                  6.9999999952724357E-001                  2.8000000047275664E-001                  1.9999999999999796E-002                  0.0000000000000000E+000                  9.1692091829926884E+008                  1.2278533584793936E+007                  1.3470858619196408E-016                  0.0000000000000000E+000                  0.0000000000000000E+000                  1.0042181274695032E+000                  2.9560151253790615E+010                  8.0980858957407048E-008                  9.6061897823235291E-019                 -3.5458088105084031E+000                  7.5382082995848987E-001                  9.9238145731832106E-001                  1.1428964551503116E+000 
                                     386                  1.1858046987221796E+001                  8.4379142625881720E-001                  5.7976433833146368E+000                 -4.6010946762138092E+000                  9.3966512511854088E+000                  6.9999999952724357E-001                  2.8000000047275664E-001                  1.9999999999999796E-002                  0.0000000000000000E+000                  9.1050646423979771E+008                  1.2325591071073465E+007                  1.5604457323491976E-016                  0.0000000000000000E+000                  0.0000000000000000E+000                  9.9823119538486771E-001                  2.9698300690199039E+010                  8.0394905373056695E-008                  0.0000000000000000E+000                 -3.5473857358152805E+000                  7.5609962288728538E-001                  9.9466025024711657E-001                  1.1451752480791071E+000 
                                     387                  1.1858023185572858E+001                  8.4321994930160904E-001                  5.8014062907330350E+000                 -4.5856254867278237E+000                  9.4152330108311535E+000                  6.9999999952724357E-001                  2.8000000047275664E-001                  1.9999999999999796E-002                  0.0000000000000000E+000                  9.0437976524470723E+008                  1.2372154320812041E+007                  1.8017063547284260E-016                  0.0000000000000000E+000                  0.0000000000000000E+000                  9.9272546790146809E-001                  2.9833055671030376E+010                  7.9801821921590919E-008                  0.0000000000000000E+000                 -3.5489935966713708E+000                  7.5830736420457612E-001                  9.9686799156440720E-001                  1.1473829893963978E+000 
                                     388                  1.1857998608363527E+001                  8.4264824715104514E-001                  5.8046177363455342E+000                 -4.5724340850017908E+000                  9.4310867235384190E+000                  6.9999999952724357E-001                  2.8000000047275664E-001                  1.9999999999999796E-002                  0.0000000000000000E+000                  8.9921603123385978E+008                  1.2412135550820205E+007                  2.0363189670355491E-016                  0.0000000000000000E+000                  0.0000000000000000E+000                  9.8838468612417496E-001                  2.9968109190616222E+010                  7.9176938555532469E-008                  0.0000000000000000E+000                 -3.5507006473145326E+000                  7.6051688819456276E-001                  9.9907751555439384E-001                  1.1495925133863845E+000 
                                     389                  1.1857980466425529E+001                  8.4223747273642646E-001                  5.8072775380980053E+000                 -4.5615788005387765E+000                  9.4441607203673055E+000                  6.9999999952724357E-001                  2.8000000047275664E-001                  1.9999999999999796E-002                  0.0000000000000000E+000                  8.9507451162423801E+008                  1.2445518726727568E+007                  2.2528232040485437E-016                  0.0000000000000000E+000                  0.0000000000000000E+000                  9.8491776138268949E-001                  3.0065749045289032E+010                  7.8712494457081784E-008                  0.0000000000000000E+000                 -3.5519781621364053E+000                  7.6210580123372829E-001                  1.0006664285935594E+000                  1.1511814264255500E+000 
                                     390                  1.1857962324487529E+001                  8.4183571253861167E-001                  5.8098744759133476E+000                 -4.5510145190541245E+000                  9.4568989614532679E+000                  6.9999999952724357E-001                  2.8000000047275664E-001                  1.9999999999999796E-002                  0.0000000000000000E+000                  8.9110793032804024E+008                  1.2478304292973107E+007                  2.4858127301254379E-016                  0.0000000000000000E+000                  0.0000000000000000E+000                  9.8166411344979465E-001                  3.0162324492384510E+010                  7.8253193509031032E-008                  0.0000000000000000E+000                 -3.5532489649415582E+000                  7.6366207664784558E-001                  1.0022227040076765E+000                  1.1527377018396672E+000 
                                     391                  1.1857944182549531E+001                  8.4144252925180318E-001                  5.8124117463309943E+000                 -4.5407263712704609E+000                  9.4693184422777517E+000                  6.9999999952724357E-001                  2.8000000047275664E-001                  1.9999999999999796E-002                  0.0000000000000000E+000                  8.8730546303361607E+008                  1.2510519757563608E+007                  2.7360818842953823E-016                  0.0000000000000000E+000                  0.0000000000000000E+000                  9.7859102720748892E-001                  3.0257364793961201E+010                  7.7799814077388870E-008                  0.0000000000000000E+000                 -3.5545107204335649E+000                  7.6518642033691819E-001                  1.0037470476967494E+000                  1.1542620455287400E+000 
                                     392                  1.1857926040611531E+001                  8.4105751731063871E-001                  5.8148922598949433E+000                 -4.5307005170026757E+000                  9.4814348971757916E+000                  6.9999999952724357E-001                  2.8000000047275664E-001                  1.9999999999999796E-002                  0.0000000000000000E+000                  8.8365682127968216E+008                  1.2542189819788616E+007                  3.0044400608959334E-016                  0.0000000000000000E+000                  0.0000000000000000E+000                  9.7567046018634140E-001                  3.0350936940611225E+010                  7.7355076475629849E-008                  0.0000000000000000E+000                 -3.5557555900901927E+000                  7.6668031703166029E-001                  1.0052409443914914E+000                  1.1557559422234820E+000 
                                     393                  1.1857907898673535E+001                  8.4068029993071336E-001                  5.8173186773602694E+000                 -4.5209240606116339E+000                  9.4932629212076574E+000                  6.9999999952724357E-001                  2.8000000047275664E-001                  1.9999999999999796E-002                  0.0000000000000000E+000                  8.8015226994015741E+008                  1.2573336800100056E+007                  3.2917112429838955E-016                  0.0000000000000000E+000                  0.0000000000000000E+000                  9.7287841644193029E-001                  3.0443098294956112E+010                  7.6921146717045132E-008                  0.0000000000000000E+000                 -3.5569771250276676E+000                  7.6814511935649532E-001                  1.0067057467163263E+000                  1.1572207445483169E+000 
                                     394                  1.1857889756735535E+001                  8.4031052647764881E-001                  5.8209526258437867E+000                 -4.5064415882283493E+000                  9.5108452610144596E+000                  6.9999999952724357E-001                  2.8000000047275664E-001                  1.9999999999999796E-002                  0.0000000000000000E+000                  8.7516249188106239E+008                  1.2620456480675172E+007                  3.7717878527948762E-016                  0.0000000000000000E+000                  0.0000000000000000E+000                  9.6863606908278221E-001                  3.0535122654330139E+010                  7.6506495128028255E-008                  0.0000000000000000E+000                 -3.5581508466158662E+000                  7.6958382940946646E-001                  1.0081444567692976E+000                  1.1586594546012883E+000 
                                     395                  1.1857852292740290E+001                  8.3956913077402839E-001                  5.8256500370394040E+000                 -4.4876775206087789E+000                  9.5336154933101671E+000                  6.9999999952724357E-001                  2.8000000047275664E-001                  1.9999999999999796E-002                  0.0000000000000000E+000                  8.6871270131935227E+008                  1.2681685882059550E+007                  4.4959869678200256E-016                  0.0000000000000000E+000                  0.0000000000000000E+000                  9.6345757807423693E-001                  3.0720791998661163E+010                  7.5695891183633600E-008                  0.0000000000000000E+000                 -3.5604638468067948E+000                  7.7247129464546005E-001                  1.0110319220052910E+000                  1.1615469198372819E+000 
                                     396                  1.1857814828745042E+001                  8.3885550823288957E-001                  5.8301585072807116E+000                 -4.4697685786348895E+000                  9.5553902024668371E+000                  6.9999999952724357E-001                  2.8000000047275664E-001                  1.9999999999999796E-002                  0.0000000000000000E+000                  8.6272400247154343E+008                  1.2741017453346951E+007                  5.3177657070335613E-016                  0.0000000000000000E+000                  0.0000000000000000E+000                  9.5854674012903596E-001                  3.0898597335358955E+010                  7.4932714539607204E-008                  0.0000000000000000E+000                 -3.5626642671040036E+000                  7.7524935180580679E-001                  1.0138099791656379E+000                  1.1643249769976285E+000 
                                     397                  1.1857777364749795E+001                  8.3816739127965911E-001                  5.8344929549929301E+000                 -4.4526397757179037E+000                  9.5762537453930960E+000                  6.9999999952724357E-001                  2.8000000047275669E-001                  1.9999999999999796E-002                  0.0000000000000000E+000                  8.5714364130181551E+008                  1.2798567891577652E+007                  6.2451322743987132E-016                  0.0000000000000000E+000                  0.0000000000000000E+000                  9.5390624356110665E-001                  3.1071401515970718E+010                  7.4226468731855812E-008                  0.0000000000000000E+000                 -3.5647206000937821E+000                  7.7792958104778853E-001                  1.0164902084076197E+000                  1.1670052062396103E+000 
                                     398                  1.1857739900754547E+001                  8.3750278787337107E-001                  5.8376609983435195E+000                 -4.4401038346710795E+000                  9.5915200747139284E+000                  6.9999999952724357E-001                  2.8000000047275664E-001                  1.9999999999999796E-002                  0.0000000000000000E+000                  8.5307764324743259E+008                  1.2840833229033129E+007                  7.0221053312965342E-016                  0.0000000000000000E+000                  0.0000000000000000E+000                  9.5068211942730496E-001                  3.1237757055615356E+010                  7.3557037615248777E-008                  0.0000000000000000E+000                 -3.5666878847771835E+000                  7.8051657966692101E-001                  1.0190772070267522E+000                  1.1695922048587428E+000 
                                     399                  1.1857720560720127E+001                  8.3716830900664851E-001                  5.8397754262135759E+000                 -4.4318109496379430E+000                  9.6016474198136219E+000                  6.9999999952724357E-001                  2.8000000047275664E-001                  1.9999999999999796E-002                  0.0000000000000000E+000                  8.5047784463736224E+008                  1.2869262229472863E+007                  7.5915019094652056E-016                  0.0000000000000000E+000                  0.0000000000000000E+000                  9.4849957343308777E-001                  3.1321939024419895E+010                  7.3226203910368676E-008                  0.0000000000000000E+000                 -3.5676667396809374E+000                  7.8181851057486029E-001                  1.0203791379346914E+000                  1.1708941357666820E+000 
                                     400                  1.1857701220685703E+001                  8.3683940370233090E-001                  5.8423589142757866E+000                 -4.4217335936518181E+000                  9.6139755856510973E+000                  6.9999999952724357E-001                  2.8000000047275664E-001                  1.9999999999999796E-002                  0.0000000000000000E+000                  8.4739016608651054E+008                  1.2904196764680386E+007                  8.3480495006432162E-016                  0.0000000000000000E+000                  0.0000000000000000E+000                  9.4584047721635955E-001                  3.1406291229178146E+010                  7.2910935124063075E-008                  0.0000000000000000E+000                 -3.5686036658280407E+000                  7.8310041360280946E-001                  1.0216610409626405E+000                  1.1721760387946312E+000 
                                     401                  1.1857672387277775E+001                  8.3635895593587273E-001                  5.8453710494032078E+000                 -4.4099858898729014E+000                  9.6283497005530947E+000                  6.9999999952724357E-001                  2.8000000047275658E-001                  1.9999999999999796E-002                  0.0000000000000000E+000                  8.4381445549896634E+008                  1.2945086937093306E+007                  9.3240325380630271E-016                  0.0000000000000000E+000                  0.0000000000000000E+000                  9.4286129380695383E-001                  3.1529926837931366E+010                  7.2454627027109309E-008                  0.0000000000000000E+000                 -3.5699669374071297E+000                  7.8497268756810468E-001                  1.0235333149279358E+000                  1.1740483127599264E+000 
                                     402                  1.1857643553869849E+001                  8.3588979386025108E-001                  5.8483054716020053E+000                 -4.3985790628365242E+000                  9.6423225289075063E+000                  6.9999999952724357E-001                  2.8000000047275664E-001                  1.9999999999999796E-002                  0.0000000000000000E+000                  8.4040301669355142E+008                  1.2985140619517932E+007                  1.0381519430655249E-015                  0.0000000000000000E+000                  0.0000000000000000E+000                  9.4003989223524032E-001                  3.1650523595791924E+010                  7.2009212198351619E-008                  0.0000000000000000E+000                 -3.5713059701802954E+000                  7.8679966462809925E-001                  1.0253602919879303E+000                  1.1758752898199210E+000 
                                     403                  1.1857614720461921E+001                  8.3543132744909943E-001                  5.8511663418674900E+000                 -4.3874940265957187E+000                  9.6559161423457880E+000                  6.9999999952724357E-001                  2.8000000047275664E-001                  1.9999999999999796E-002                  0.0000000000000000E+000                  8.3714482548635042E+008                  1.3024395796455948E+007                  1.1524767603467039E-015                  0.0000000000000000E+000                  0.0000000000000000E+000                  9.3737117821331117E-001                  3.1768842089933407E+010                  7.1576098989416238E-008                  2.9592009907733953E-018                 -3.5726159875185330E+000                  7.8858441456931139E-001                  1.0271450419291424E+000                  1.1776600397611330E+000 
                                     404                  1.1857585887053995E+001                  8.3498301307246270E-001                  5.8539575013734408E+000                 -4.3767132671214712E+000                  9.6691508358318288E+000                  6.9999999952724357E-001                  2.8000000047275664E-001                  1.9999999999999796E-002                  0.0000000000000000E+000                  8.3402992935384536E+008                  1.3062887964636363E+007                  1.2758136349859481E-015                  0.0000000000000000E+000                  0.0000000000000000E+000                  9.3484615466303034E-001                  3.1884984663307304E+010                  7.1153940120884860E-008                  1.1983693544772937E-017                 -3.5739005230155705E+000                  7.9032897957773507E-001                  1.0288896069375661E+000                  1.1794046047695568E+000 
                                     405                  1.1857557053646065E+001                  8.3454434868082195E-001                  5.8566824915514895E+000                 -4.3662206545449660E+000                  9.6820453135583051E+000                  6.9999999952308245E-001                  2.8000000047691775E-001                  1.9999999999999796E-002                  0.0000000000000000E+000                  8.3104932224665105E+008                  1.3100650091718564E+007                  1.4086083471409487E-015                  0.0000000000000000E+000                  0.0000000000000000E+000                  9.3245261322805872E-001                  3.1999047057455055E+010                  7.0742193954081657E-008                  1.8387756419791758E-017                 -3.5751607376877188E+000                  7.9203525439206468E-001                  1.0305958817518959E+000                  1.1811108795838865E+000 
                                     406                  1.1857528220238137E+001                  8.3411486962301506E-001                  5.8593875536706284E+000                 -4.3558390249296828E+000                  9.6948174793132011E+000                  6.9999999952281022E-001                  2.8000000047719004E-001                  1.9999999999999796E-002                  0.0000000000000000E+000                  8.2815218767718697E+008                  1.3138316130544942E+007                  1.5537231841855740E-015                  0.0000000000000000E+000                  0.0000000000000000E+000                  9.3014036403176070E-001                  3.2111164668885612E+010                  7.0340857980701567E-008                  1.2850715846857592E-017                 -3.5763961693458204E+000                  7.9370504578202250E-001                  1.0322656731418536E+000                  1.1827806709738442E+000 
                                     407                  1.1857498452930102E+001                  8.3368065996716934E-001                  5.8620720857172310E+000                 -4.3455649081938779E+000                  9.7074693632203761E+000                  6.9999999952281022E-001                  2.8000000047719004E-001                  1.9999999999999796E-002                  0.0000000000000000E+000                  8.2533101848912656E+008                  1.3175864357009416E+007                  1.7121248972273922E-015                  0.0000000000000000E+000                  0.0000000000000000E+000                  9.2791285784278654E-001                  3.2224908178927200E+010                  6.9936939102874008E-008                  3.6765954734444621E-018                 -3.5776466895866008E+000                  7.9539231965216395E-001                  1.0339529470119950E+000                  1.1844679448439857E+000 
                                     408                  1.1857468685622063E+001                  8.3325534108908006E-001                  5.8646959218241417E+000                 -4.3355531002150878E+000                  9.7198106247444613E+000                  6.9999999952281022E-001                  2.8000000047719004E-001                  1.9999999999999796E-002                  0.0000000000000000E+000                  8.2262802976366401E+008                  1.3212728057142083E+007                  1.8821187409471109E-015                  0.0000000000000000E+000                  0.0000000000000000E+000                  9.2579540452671216E-001                  3.2336651678507912E+010                  6.9543007117404247E-008                  4.0601236254441191E-019                 -3.5788732669338090E+000                  7.9704401463170660E-001                  1.0356046419915377E+000                  1.1861196398235283E+000 
                                     409                  1.1857438918314024E+001                  8.3283850425244976E-001                  5.8672619149906913E+000                 -4.3257906153883861E+000                  9.7318563515689078E+000                  6.9999999952281022E-001                  2.8000000047719004E-001                  1.9999999999999796E-002                  0.0000000000000000E+000                  8.2003596226814055E+008                  1.3248935558558064E+007                  2.0642381146215145E-015                  0.0000000000000000E+000                  0.0000000000000000E+000                  9.2378056236977524E-001                  3.2446522507470730E+010                  6.9158889701679855E-008                  1.4509923552104513E-018                 -3.5800759938204014E+000                  7.9866177052621046E-001                  1.0372223978860415E+000                  1.1877373957180322E+000 
                                     410                  1.1857409151005989E+001                  8.3242976911850253E-001                  5.8710225591881313E+000                 -4.3116302115408400E+000                  9.7493852746958112E+000                  6.9999999952239578E-001                  2.8000000047760454E-001                  1.9999999999999685E-002                  0.0000000000000000E+000                  8.1644540076944900E+008                  1.3302420819947196E+007                  2.3620371974204313E-015                  0.0000000000000000E+000                  0.0000000000000000E+000                  9.2080046733793863E-001                  3.2555875747601456E+010                  6.8789439130067387E-008                  3.6345003593096527E-018                 -3.5812391157629868E+000                  8.0024835993442878E-001                  1.0388089872942599E+000                  1.1893239851262505E+000 
                                     411                  1.1857349616389911E+001                  8.3163522855362182E-001                  5.8758374006934018E+000                 -4.2934579247084041E+000                  9.7718678062935869E+000                  6.9999999952094738E-001                  2.8000000047905282E-001                  1.9999999999999796E-002                  0.0000000000000000E+000                  8.1184222935105836E+008                  1.3371182746222746E+007                  2.8058575651810848E-015                  0.0000000000000000E+000                  0.0000000000000000E+000                  9.1732719215477720E-001                  3.2769229905403774E+010                  6.8076844406877595E-008                  4.3493275364653504E-018                 -3.5835002917411285E+000                  8.0332959412328597E-001                  1.0418902214831169E+000                  1.1924052193151076E+000 
                                     412                  1.1857290081773836E+001                  8.3086912974783556E-001                  5.8804999141886194E+000                 -4.2759581253281764E+000                  9.7935582015076434E+000                  6.9999999952094738E-001                  2.8000000047905282E-001                  1.9999999999999796E-002                  0.0000000000000000E+000                  8.0755237643236053E+008                  1.3438279586491797E+007                  3.3126151504440019E-015                  0.0000000000000000E+000                  0.0000000000000000E+000                  9.1413648172937179E-001                  3.2973643072834915E+010                  6.7384680366181695E-008                  2.5283065782087627E-018                 -3.5857194136660748E+000                  8.0629352166572088E-001                  1.0448541490255518E+000                  1.1953691468575425E+000 
                                     413                  1.1857229599409031E+001                  8.3011764427840318E-001                  5.8844484132627670E+000                 -4.2611620354113589E+000                  9.8119088895882776E+000                  6.9999999952094738E-001                  2.8000000047905282E-001                  1.9999999999999796E-002                  0.0000000000000000E+000                  8.0398548119905853E+008                  1.3495415012903165E+007                  3.8110905496629821E-015                  0.0000000000000000E+000                  0.0000000000000000E+000                  9.1161628932668970E-001                  3.3174157180276318E+010                  6.6708568676059810E-008                  7.1981593411415501E-019                 -3.5879091888159493E+000                  8.0919552173740039E-001                  1.0477561490972316E+000                  1.1982711469292222E+000 
                                     414                  1.1857184489638776E+001                  8.2957350507248295E-001                  5.8877269802386873E+000                 -4.2489654105303529E+000                  9.8270706738933420E+000                  6.9999999952094738E-001                  2.8000000047905282E-001                  1.9999999999999796E-002                  0.0000000000000000E+000                  8.0115465502506220E+008                  1.3543181735325122E+007                  4.2795433938743281E-015                  0.0000000000000000E+000                  0.0000000000000000E+000                  9.0954575166769969E-001                  3.3319973921274475E+010                  6.6224506197833035E-008                  2.5333663408291860E-018                 -3.5894906356648995E+000                  8.1129377417617610E-001                  1.0498544015360072E+000                  1.2003693993679978E+000 
                                     415                  1.1857139379868524E+001                  8.2904246637157242E-001                  5.8909691351359781E+000                 -4.2369509305264037E+000                  9.8420250417134039E+000                  6.9999999952070413E-001                  2.8000000047929613E-001                  1.9999999999999796E-002                  0.0000000000000000E+000                  7.9843136702585018E+008                  1.3590660698753625E+007                  4.7977775629891061E-015                  0.0000000000000000E+000                  0.0000000000000000E+000                  9.0754987758075611E-001                  3.3463616719682083E+010                  6.5761991954369568E-008                  8.6639550634855565E-018                 -3.5910125201664180E+000                  8.1333989359778514E-001                  1.0519005209576162E+000                  1.2024155187896068E+000 
                                     416                  1.1857092814129860E+001                  8.2850727770115096E-001                  5.8941746667472916E+000                 -4.2251104781402180E+000                  9.8567786034282356E+000                  6.9999999951748637E-001                  2.8000000048251394E-001                  1.9999999999999685E-002                  0.0000000000000000E+000                  7.9580354995634484E+008                  1.3637830339283148E+007                  5.3701517057155185E-015                  0.0000000000000000E+000                  0.0000000000000000E+000                  9.0562668941738955E-001                  3.3608840335600967E+010                  6.5303239095828893E-008                  1.2233478922980801E-017                 -3.5925326384087342E+000                  8.1539942681186228E-001                  1.0539600541716934E+000                  1.2044750520036840E+000 
                                     417                  1.1857046248391200E+001                  8.2798457673286052E-001                  5.8972966786778844E+000                 -4.2136176281923508E+000                  9.8711150699836789E+000                  6.9999999951748637E-001                  2.8000000048251394E-001                  1.9999999999999685E-002                  0.0000000000000000E+000                  7.9330808534793985E+008                  1.3683991701175258E+007                  5.9913676639428820E-015                  0.0000000000000000E+000                  0.0000000000000000E+000                  9.0378893082365896E-001                  3.3751030429438675E+010                  6.4863132040175228E-008                  7.8887925571737870E-018                 -3.5940010422092281E+000                  8.1740821196940172E-001                  1.0559688393292328E+000                  1.2064838371612236E+000 
                                     418                  1.1856999682652534E+001                  8.2747370623618866E-001                  5.9003395460046368E+000                 -4.2024524148305131E+000                  9.8850577227323111E+000                  6.9999999951748637E-001                  2.8000000048251394E-001                  1.9999999999999685E-002                  0.0000000000000000E+000                  7.9093478698624325E+008                  1.3729191149448765E+007                  6.6640185648111657E-015                  0.0000000000000000E+000                  0.0000000000000000E+000                  9.0202321535796026E-001                  3.3890381725606819E+010                  6.4441892174512048E-008                  1.9297798963354272E-018                 -3.5954158580487809E+000                  8.1936888712559786E-001                  1.0579295144854290E+000                  1.2084445123174197E+000 
                                     419                  1.1856953116913870E+001                  8.2697406141324548E-001                  5.9033072882047462E+000                 -4.1915965155321668E+000                  9.8986279409786295E+000                  6.9999999951748637E-001                  2.8000000048251394E-001                  1.9999999999999685E-002                  0.0000000000000000E+000                  7.8867432650781000E+008                  1.3773471732355408E+007                  7.3907521397082438E-015                  0.0000000000000000E+000                  0.0000000000000000E+000                  9.0032167690050291E-001                  3.4027008302819016E+010                  6.4039054383351633E-008                  6.8825481504545754E-019                 -3.5967775448030119E+000                  8.2128381446508725E-001                  1.0598444418249182E+000                  1.2103594396569088E+000 
                                     420                  1.1856906551175207E+001                  8.2648508441022561E-001                  5.9062036312375277E+000                 -4.1810331144660138E+000                  9.9118454039000650E+000                  6.9999999951748637E-001                  2.8000000048251394E-001                  1.9999999999999685E-002                  0.0000000000000000E+000                  7.8651807530599964E+008                  1.3816874941016467E+007                  8.1742738953580808E-015                  0.0000000000000000E+000                  0.0000000000000000E+000                  8.9868822878889465E-001                  3.4161017090486740E+010                  6.3652964238056965E-008                  4.1106618340492566E-018                 -3.5980906834972637E+000                  8.2315520347613513E-001                  1.0617158308359662E+000                  1.2122308286679568E+000 
                                     421                  1.1856859985436543E+001                  8.2600625949032425E-001                  5.9090320542202708E+000                 -4.1707467724935752E+000                  9.9247282663541370E+000                  6.9999999951648095E-001                  2.8000000048351925E-001                  1.9999999999999796E-002                  0.0000000000000000E+000                  7.8445841467611921E+008                  1.3859440226399792E+007                  9.0173507863832821E-015                  0.0000000000000000E+000                  0.0000000000000000E+000                  8.9712738970599881E-001                  3.4292511166381195E+010                  6.3281173614629290E-008                  9.5521700298782700E-018                 -3.5993627374983079E+000                  8.2498513850294486E-001                  1.0635457658627760E+000                  1.2140607636947667E+000 
                                     422                  1.1856813419697882E+001                  8.2553710878447051E-001                  5.9117958104872947E+000                 -4.1607232812874848E+000                  9.9372933125268474E+000                  6.9999999951454062E-001                  2.8000000048545953E-001                  1.9999999999999796E-002                  0.0000000000000000E+000                  7.8248860317139828E+008                  1.3901204898897298E+007                  9.9228121755288015E-015                  0.0000000000000000E+000                  0.0000000000000000E+000                  8.9564232232515706E-001                  3.4421590957402245E+010                  6.2921478571227451E-008                  1.0875509511180129E-017                 -3.6006005402924899E+000                  8.2677557606950969E-001                  1.0653362034293408E+000                  1.2158512012613314E+000 
                                     423                  1.1856766853959217E+001                  8.2507718857159729E-001                  5.9145412998461939E+000                 -4.1507952053647390E+000                  9.9497506821001256E+000                  6.9999999951454062E-001                  2.8000000048545953E-001                  1.9999999999999796E-002                  0.0000000000000000E+000                  7.8057527312352610E+008                  1.3942866642626878E+007                  1.0909799743681780E-014                  0.0000000000000000E+000                  0.0000000000000000E+000                  8.9421013862074816E-001                  3.4548402128127953E+010                  6.2572204760429081E-008                  6.0958723322806277E-018                 -3.6018092710934764E+000                  8.2852838826647857E-001                  1.0670890156263098E+000                  1.2176040134583004E+000 
                                     424                  1.1856718789068985E+001                  8.2461170540539941E-001                  5.9172678482444923E+000                 -4.1409596937898963E+000                  9.9621018697312262E+000                  6.9999999951454062E-001                  2.8000000048545953E-001                  1.9999999999999796E-002                  0.0000000000000000E+000                  7.7871201814712906E+008                  1.3984406199260496E+007                  1.1984550064312246E-014                  0.0000000000000000E+000                  0.0000000000000000E+000                  8.9284197628657647E-001                  3.4676962504573837E+010                  6.2220786879093584E-008                  1.3499973295118796E-018                 -3.6030322504300560E+000                  8.3029995303045645E-001                  1.0688605803902875E+000                  1.2193755782222782E+000 
                                     425                  1.1856670724178750E+001                  8.2415519417393046E-001                  5.9212619516763878E+000                 -4.1266991528927850E+000                  9.9800677863446694E+000                  6.9999999951454062E-001                  2.8000000048545953E-001                  1.9999999999999796E-002                  0.0000000000000000E+000                  7.7616371767038786E+008                  1.4045705001083065E+007                  1.3744391220105472E-014                  0.0000000000000000E+000                  0.0000000000000000E+000                  8.9082159264015071E-001                  3.4804662293812569E+010                  6.1881845297742184E-008                  0.0000000000000000E+000                 -3.6042183721253296E+000                  8.3203605660033164E-001                  1.0705966839601626E+000                  1.2211116817921532E+000 
                                     426                  1.1856574594398285E+001                  8.2326755461807732E-001                  5.9263728005657015E+000                 -4.1083995145458170E+000                  1.0003104157339594E+001                  6.9999999951454062E-001                  2.8000000048545953E-001                  1.9999999999999796E-002                  0.0000000000000000E+000                  7.7287029631383383E+008                  1.4124486558205761E+007                  1.6372115992294929E-014                  0.0000000000000000E+000                  0.0000000000000000E+000                  8.8860264239569509E-001                  3.5053379081097641E+010                  6.1222807876760237E-008                  0.0000000000000000E+000                 -3.6065433780634080E+000                  8.3540537606307985E-001                  1.0739660034229110E+000                  1.2244810012549017E+000 
                                     427                  1.1856478464617819E+001                  8.2241139892406523E-001                  5.9306414976850617E+000                 -4.0931378229975399E+000                  1.0022326667843526E+001                  6.9999999951454062E-001                  2.8000000048545953E-001                  1.9999999999999796E-002                  0.0000000000000000E+000                  7.7016514327112854E+008                  1.4190684097226165E+007                  1.8939073561389669E-014                  0.0000000000000000E+000                  0.0000000000000000E+000                  8.8698816523457302E-001                  3.5289866215199654E+010                  6.0569911970435709E-008                  1.3677659042020950E-018                 -3.6088715287600759E+000                  8.3864376095402560E-001                  1.0772043883138567E+000                  1.2277193861458473E+000 
                                     428                  1.1856407494238217E+001                  8.2179803982014632E-001                  5.9341621383442122E+000                 -4.0806449399000515E+000                  1.0038099337016675E+001                  6.9999999951454062E-001                  2.8000000048545953E-001                  1.9999999999999796E-002                  0.0000000000000000E+000                  7.6805023478877771E+008                  1.4245668840388112E+007                  2.1345605051664389E-014                  0.0000000000000000E+000                  0.0000000000000000E+000                  8.8571259208134268E-001                  3.5459809238621666E+010                  6.0101242141283224E-008                  7.1895093509697515E-018                 -3.6105582760657646E+000                  8.4095898646495870E-001                  1.0795196138247898E+000                  1.2300346116567804E+000 
                                     429                  1.1856336523858616E+001                  8.2119957353904227E-001                  5.9376408580074251E+000                 -4.0683489010567362E+000                  1.0053643091398637E+001                  6.9999999951211100E-001                  2.8000000048788909E-001                  1.9999999999999907E-002                  0.0000000000000000E+000                  7.6602262710099661E+008                  1.4300295885218397E+007                  2.4014902240071106E-014                  0.0000000000000000E+000                  0.0000000000000000E+000                  8.8453367518098236E-001                  3.5627019862089249E+010                  5.9649142698736158E-008                  1.5077605091684329E-017                 -3.6121978969011259E+000                  8.4321514965330480E-001                  1.0817757770131358E+000                  1.2322907748451264E+000 
                                     430                  1.1856263274695843E+001                  8.2059663744469669E-001                  5.9410777512726316E+000                 -4.0562405258343652E+000                  1.0068965987705573E+001                  6.9999999950906300E-001                  2.8000000049093715E-001                  1.9999999999999796E-002                  0.0000000000000000E+000                  7.6407088872362828E+008                  1.4354549126331244E+007                  2.6970580812886583E-014                  0.0000000000000000E+000                  0.0000000000000000E+000                  8.8344873908156296E-001                  3.5795830208269440E+010                  5.9196861289590251E-008                  1.5771599458490570E-017                 -3.6138506598205340E+000                  8.4548455679378576E-001                  1.0840451841536167E+000                  1.2345601819856076E+000 
                                     431                  1.1856190025533071E+001                  8.2000786091201472E-001                  5.9444231451880354E+000                 -4.0444957333978300E+000                  1.0083845657274928E+001                  6.9999999950906300E-001                  2.8000000049093715E-001                  1.9999999999999796E-002                  0.0000000000000000E+000                  7.6222267341773880E+008                  1.4407634977201248E+007                  3.0186578387604527E-014                  0.0000000000000000E+000                  0.0000000000000000E+000                  8.8245893746441928E-001                  3.5960929779965271E+010                  5.8759101880821422E-008                  8.2314080570823695E-018                 -3.6154624254604975E+000                  8.4769713136569691E-001                  1.0862577587255280E+000                  1.2367727565575186E+000 
                                     432                  1.1856116776370301E+001                  8.1943248464811658E-001                  5.9476820699890345E+000                 -4.0330933129050255E+000                  1.0098307463801879E+001                  6.9999999950906300E-001                  2.8000000049093715E-001                  1.9999999999999796E-002                  0.0000000000000000E+000                  7.6047006985153675E+008                  1.4459612063366344E+007                  3.3677282520615878E-014                  0.0000000000000000E+000                  0.0000000000000000E+000                  8.8155340557751494E-001                  3.6122577081129128E+010                  5.8336016845999023E-008                  1.7151439744730995E-018                 -3.6170316138057963E+000                  8.4985601464853866E-001                  1.0884166420083696E+000                  1.2389316398403605E+000 
                                     433                  1.1856043527207529E+001                  8.1886981095770484E-001                  5.9508591353885620E+000                 -4.0220138379664112E+000                  1.0112374647020843E+001                  6.9999999950906311E-001                  2.8000000049093721E-001                  1.9999999999999685E-002                  0.0000000000000000E+000                  7.5880588953706396E+008                  1.4510534365957500E+007                  3.7457426050450294E-014                  0.0000000000000000E+000                  0.0000000000000000E+000                  8.8072362263248627E-001                  3.6280934009689903E+010                  5.7927201538048723E-008                  0.0000000000000000E+000                 -3.6185587258759648E+000                  8.5196400984109133E-001                  1.0905246372009223E+000                  1.2410396350329129E+000 
                                     434                  1.1855970278044756E+001                  8.1831919717699297E-001                  5.9539585845154717E+000                 -4.0112394849471942E+000                  1.0126068553738765E+001                  6.9999999950906300E-001                  2.8000000049093715E-001                  1.9999999999999796E-002                  0.0000000000000000E+000                  7.5722360192792964E+008                  1.4560451992670931E+007                  4.1542090540818817E-014                  0.0000000000000000E+000                  0.0000000000000000E+000                  8.7996521049670673E-001                  3.6436150085484009E+010                  5.7531899299059990E-008                  6.4965902005951099E-019                 -3.6200456441928330E+000                  8.5402370060956889E-001                  1.0925843279693999E+000                  1.2430993258013907E+000 
                                     435                  1.1855897028881984E+001                  8.1778004994984765E-001                  5.9569843442465800E+000                 -4.0007538806145542E+000                  1.0139408838263755E+001                  6.9999999950906300E-001                  2.8000000049093715E-001                  1.9999999999999796E-002                  0.0000000000000000E+000                  7.5571732123511791E+008                  1.4609411821298808E+007                  4.5946716562582523E-014                  0.0000000000000000E+000                  0.0000000000000000E+000                  8.7927805871711651E-001                  3.6588365048441231E+010                  5.7148832759866233E-008                  6.0552162121661248E-018                 -3.6214963177273152E+000                  8.5603748202798557E-001                  1.0945981093878168E+000                  1.2451131072198072E+000 
                                     436                  1.1855823779719213E+001                  8.1725182021197496E-001                  5.9599400608710997E+000                 -3.9905419566242069E+000                  1.0152413636973385E+001                  6.9999999950808245E-001                  2.8000000049191753E-001                  2.0000000000000018E-002                  0.0000000000000000E+000                  7.5428175370648980E+008                  1.4657457877328979E+007                  5.0687110547831037E-014                  0.0000000000000000E+000                  0.0000000000000000E+000                  8.7866114917356386E-001                  3.6737710816122681E+010                  5.6776610615505465E-008                  1.7693586725831363E-017                 -3.6229152685232453E+000                  8.5800758425203483E-001                  1.0965682116118658E+000                  1.2470832094438566E+000 
                                     437                  1.1855750530556442E+001                  8.1673399879441455E-001                  5.9628635288327105E+000                 -3.9804732262374216E+000                  1.0165249102700072E+001                  6.9999999950291636E-001                  2.8000000049708373E-001                  1.9999999999999907E-002                  0.0000000000000000E+000                  7.5289791943696582E+008                  1.4705196742608353E+007                  5.5842767282877170E-014                  0.0000000000000000E+000                  0.0000000000000000E+000                  8.7810416265159408E-001                  3.6884353639188148E+010                  5.6414271109618168E-008                  2.3247767322347825E-017                 -3.6243055093544694E+000                  8.5993611006974735E-001                  1.0984967374295784E+000                  1.2490117352615691E+000 
                                     438                  1.1855675530720886E+001                  8.1621409197323480E-001                  5.9657550972593150E+000                 -3.9705418687002463E+000                  1.0177920773536927E+001                  6.9999999950291636E-001                  2.8000000049708373E-001                  1.9999999999999907E-002                  0.0000000000000000E+000                  7.5156045566621482E+008                  1.4752622131153448E+007                  6.1443365317145745E-014                  0.0000000000000000E+000                  0.0000000000000000E+000                  8.7761071878905916E-001                  3.7031777599021843E+010                  5.6052515602506374E-008                  1.4386382993433062E-017                 -3.6257024458808806E+000                  8.6186962599047356E-001                  1.1004302533503045E+000                  1.2509452511822954E+000 
                                     439                  1.1855600530885329E+001                  8.1570412861547614E-001                  5.9685832707080291E+000                 -3.9608564398589432E+000                  1.0190290245026510E+001                  6.9999999950291636E-001                  2.8000000049708373E-001                  1.9999999999999907E-002                  0.0000000000000000E+000                  7.5028404557534742E+008                  1.4799209686972486E+007                  6.7448617080456285E-014                  0.0000000000000000E+000                  0.0000000000000000E+000                  8.7718193423608504E-001                  3.7176522964517509E+010                  5.5699294497948312E-008                  3.4514297082208723E-018                 -3.6270751528403209E+000                  8.6376340833481247E-001                  1.1023240356946435E+000                  1.2528390335266342E+000 
                                     440                  1.1855525531049771E+001                  8.1520366882914608E-001                  5.9713509718514803E+000                 -3.9514050844204331E+000                  1.0202371870330214E+001                  6.9999999950291636E-001                  2.8000000049708373E-001                  1.9999999999999907E-002                  0.0000000000000000E+000                  7.4906510473634803E+008                  1.4844994426707145E+007                  7.3877060960824311E-014                  0.0000000000000000E+000                  0.0000000000000000E+000                  8.7681372331722385E-001                  3.7318743807902153E+010                  5.5354241396729528E-008                  1.5148480402814940E-019                 -3.6284245483264752E+000                  8.6561925654098093E-001                  1.1041798839008121E+000                  1.2546948817328027E+000 
                                     441                  1.1855450531214215E+001                  8.1471230229087055E-001                  5.9747560616988347E+000                 -3.9398541923073904E+000                  1.0217168562075116E+001                  6.9999999950287639E-001                  2.8000000049712370E-001                  1.9999999999999907E-002                  0.0000000000000000E+000                  7.4764804792256153E+008                  1.4901642552838776E+007                  8.2600235812658161E-014                  0.0000000000000000E+000                  0.0000000000000000E+000                  8.7638351020387673E-001                  3.7459333997223259E+010                  5.5019268105045205E-008                  1.8309074740426265E-018                 -3.6297425955596299E+000                  8.6743929006286125E-001                  1.1059999174226924E+000                  1.2565149152546831E+000 
                                     442                  1.1855336900073789E+001                  8.1398432050489522E-001                  5.9787363657442834E+000                 -3.9263534989812632E+000                  1.0234464055401073E+001                  6.9999999950276393E-001                  2.8000000049723617E-001                  1.9999999999999907E-002                  0.0000000000000000E+000                  7.4599618313068461E+008                  1.4968157752312016E+007                  9.4082798419934417E-014                  0.0000000000000000E+000                  0.0000000000000000E+000                  8.7602464324519924E-001                  3.7667855579413635E+010                  5.4526655383692665E-008                  6.9615704354485180E-018                 -3.6316955703657809E+000                  8.7013112908107315E-001                  1.1086917564409042E+000                  1.2592067542728949E+000 
                                     443                  1.1855223268933363E+001                  8.1327510922721546E-001                  5.9845173994117218E+000                 -3.9070262629592918E+000                  1.0259337824901941E+001                  6.9999999949848002E-001                  2.8000000050152007E-001                  1.9999999999999907E-002                  0.0000000000000000E+000                  7.4389172042496705E+008                  1.5065729548734633E+007                  1.1352306646096847E-013                  0.0000000000000000E+000                  0.0000000000000000E+000                  8.7539478773738455E-001                  3.7873243201644272E+010                  5.4059970751109867E-008                  1.1824036461202931E-017                 -3.6335620968050968E+000                  8.7274901228264889E-001                  1.1113096396424800E+000                  1.2618246374744706E+000 
                                     444                  1.1854996006652511E+001                  8.1190866883222368E-001                  5.9900007171109086E+000                 -3.8884421398129660E+000                  1.0283153306029135E+001                  6.9999999949655911E-001                  2.8000000050344087E-001                  2.0000000000000018E-002                  0.0000000000000000E+000                  7.4164252711600697E+008                  1.5158543125518870E+007                  1.3565613123885153E-013                  0.0000000000000000E+000                  0.0000000000000000E+000                  8.7520808421921126E-001                  3.8263635448813217E+010                  5.3184273946287672E-008                  1.0307056423959237E-017                 -3.6371083826118014E+000                  8.7777464097013647E-001                  1.1163352683299677E+000                  1.2668502661619583E+000 
                                     445                  1.1854882375512085E+001                  8.1124947024348071E-001                  5.9935502915029284E+000                 -3.8765772031641927E+000                  1.0298425068091671E+001                  6.9999999949639857E-001                  2.8000000050360163E-001                  1.9999999999999796E-002                  0.0000000000000000E+000                  7.4035917508306575E+008                  1.5219179770969473E+007                  1.5212812305851787E-013                  0.0000000000000000E+000                  0.0000000000000000E+000                  8.7491977001530485E-001                  3.8449396293596367E+010                  5.2776441428181985E-008                  5.3964572891702067E-018                 -3.6387799482118894E+000                  8.8018887639274124E-001                  1.1187495037525723E+000                  1.2692645015845629E+000 
                                     446                  1.1854768744371659E+001                  8.1060514278712936E-001                  5.9970064053948304E+000                 -3.8650596980312435E+000                  1.0313264186679890E+001                  6.9999999949639857E-001                  2.8000000050360163E-001                  1.9999999999999796E-002                  0.0000000000000000E+000                  7.3914773466387856E+008                  1.5278511753071975E+007                  1.7003132517311149E-013                  0.0000000000000000E+000                  0.0000000000000000E+000                  8.7458422229944188E-001                  3.8633836846598160E+010                  5.2409583510763342E-008                  6.0832750259023893E-018                 -3.6402946457706831E+000                  8.8254495500163843E-001                  1.1211055823614695E+000                  1.2716205801934601E+000 
                                     447                  1.1854655113231233E+001                  8.0997491000620836E-001                  6.0003736954050195E+000                 -3.8538690702624652E+000                  1.0327695008034645E+001                  6.9999999949523617E-001                  2.8000000050476387E-001                  2.0000000000000018E-002                  0.0000000000000000E+000                  7.3800114486618054E+008                  1.5336592146536844E+007                  1.8944193996190623E-013                  2.2118819199959134E-039                  0.0000000000000000E+000                  8.7418567738527064E-001                  3.8814244669758080E+010                  5.2073767598449724E-008                  1.3415452353978939E-017                 -3.6416904997350064E+000                  8.8484395810151206E-001                  1.1234045854613430E+000                  1.2739195832933337E+000 
                                     448                  1.1854541482090807E+001                  8.0935805796997506E-001                  6.0045711103089552E+000                 -3.8400227869225705E+000                  1.0345592889959262E+001                  6.9999999949030178E-001                  2.8000000050969825E-001                  2.0000000000000018E-002                  0.0000000000000000E+000                  7.3667927103730857E+008                  1.5409453745589206E+007                  2.1664899758228874E-013                  3.4991608231419027E-039                  0.0000000000000000E+000                  8.7350437692047422E-001                  3.8992025589703522E+010                  5.1773653343740439E-008                  1.7692568011904673E-017                 -3.6429455942422524E+000                  8.8708912770711434E-001                  1.1256497550669455E+000                  1.2761647528989362E+000 
                                     449                  1.1854364209153486E+001                  8.0842090524547205E-001                  6.0094983284565711E+000                 -3.8237384306993469E+000                  1.0366630051151898E+001                  6.9999999949030178E-001                  2.8000000050969825E-001                  2.0000000000000018E-002                  0.0000000000000000E+000                  7.3510126206977952E+008                  1.5495390427809365E+007                  2.5351728835338772E-013                  6.0352042979488448E-039                  0.0000000000000000E+000                  8.7265481951957224E-001                  3.9261694427989037E+010                  5.1359968659154959E-008                  1.4655553808512707E-017                 -3.6446876249770019E+000                  8.9048878336584958E-001                  1.1290494107256805E+000                  1.2795644085576714E+000 
                                     450                  1.1854186936216168E+001                  8.0751246901804197E-001                  6.0142456201394570E+000                 -3.8080939949096853E+000                  1.0386859510336810E+001                  6.9999999948756952E-001                  2.8000000051243040E-001                  2.0000000000000018E-002                  0.0000000000000000E+000                  7.3363145337094891E+008                  1.5578713105935907E+007                  2.9479754351025915E-013                  1.0184313034723065E-038                  0.0000000000000000E+000                  8.7172682707536808E-001                  3.9520630393018753E+010                  5.0992825845399907E-008                  1.0697390067031941E-017                 -3.6462454601364991E+000                  8.9376926983514038E-001                  1.1323298971949713E+000                  1.2828448950269620E+000 
                                     451                  1.1854009663278848E+001                  8.0663073966477639E-001                  6.0188254338451657E+000                 -3.7930392835734930E+000                  1.0406342312003824E+001                  6.9999999948697178E-001                  2.8000000051302842E-001                  1.9999999999999796E-002                  0.0000000000000000E+000                  7.3225634149155760E+008                  1.5659577918969225E+007                  3.4080692668030516E-013                  1.6841357472760645E-038                  0.0000000000000000E+000                  8.7075855560174875E-001                  3.9771331742028130E+010                  5.0668756664159636E-008                  9.9303081821289835E-018                 -3.6476298762592392E+000                  8.9693965738981696E-001                  1.1355002847496480E+000                  1.2860152825816387E+000 
                                     452                  1.1853832390341530E+001                  8.0577392193295738E-001                  6.0226639038481906E+000                 -3.7804098830600759E+000                  1.0422681899619448E+001                  6.9999999948575509E-001                  2.8000000051424501E-001                  1.9999999999999907E-002                  0.0000000000000000E+000                  7.3109636492198992E+008                  1.5727660226590343E+007                  3.8474371832662323E-013                  2.5639904695858649E-038                  0.0000000000000000E+000                  8.6995163094365890E-001                  4.0013134717785858E+010                  5.0374692966074641E-008                  1.1552546032796995E-017                 -3.6488937939345574E+000                  9.0000667152168368E-001                  1.1385672988815148E+000                  1.2890822967135054E+000 
                                     453                  1.1853702236471774E+001                  8.0515976343985174E-001                  6.0258326195499032E+000                 -3.7700339294941019E+000                  1.0436126700686131E+001                  6.9999999948343994E-001                  2.8000000051656032E-001                  1.9999999999999796E-002                  0.0000000000000000E+000                  7.3019104005896115E+008                  1.5784157110681970E+007                  4.2511027683571921E-013                  3.6238746723923574E-038                  0.0000000000000000E+000                  8.6923590087226243E-001                  4.0186032138924927E+010                  5.0175901771709057E-008                  1.2131370713335817E-017                 -3.6497524067699354E+000                  9.0219681737108770E-001                  1.1407574447309188E+000                  1.2912724425629094E+000 
                                     454                  1.1853572082602021E+001                  8.0455757968630992E-001                  6.0289258637496745E+000                 -3.7599191077123804E+000                  1.0449239053229530E+001                  6.9999999948343994E-001                  2.8000000051656032E-001                  1.9999999999999796E-002                  0.0000000000000000E+000                  7.2932339960021007E+008                  1.5839523959912507E+007                  4.6849352407411032E-013                  5.0758019803803866E-038                  0.0000000000000000E+000                  8.6853306911781891E-001                  4.0355963122195160E+010                  4.9991604860928418E-008                  1.1986010526842170E-017                 -3.6505514605189053E+000                  9.0433797220016021E-001                  1.1428985995599914E+000                  1.2934135973919820E+000 
                                     455                  1.1853441928732268E+001                  8.0396682982980761E-001                  6.0319472190415784E+000                 -3.7500522838006054E+000                  1.0462035379191828E+001                  6.9999999948210490E-001                  2.8000000051789525E-001                  1.9999999999999796E-002                  0.0000000000000000E+000                  7.2849078413502705E+008                  1.5893809880120983E+007                  5.1503148764788330E-013                  7.0486515589159177E-038                  0.0000000000000000E+000                  8.6784931020666001E-001                  4.0522251865701477E+010                  4.9816871968292136E-008                  1.5632855884768680E-017                 -3.6513117727791133E+000                  9.0643200122182077E-001                  1.1449926285816519E+000                  1.2955076264136425E+000 
                                     456                  1.1853311774862515E+001                  8.0338701053195527E-001                  6.0363687719322288E+000                 -3.7357439420956267E+000                  1.0480646386287612E+001                  6.9999999947706593E-001                  2.8000000052293417E-001                  1.9999999999999907E-002                  0.0000000000000000E+000                  7.2740489890984297E+008                  1.5973776120973678E+007                  5.9122823999032598E-013                  1.1378882547213227E-037                  0.0000000000000000E+000                  8.6675058757611245E-001                  4.0686940286933151E+010                  4.9655360816690102E-008                  1.9519485346764785E-017                 -3.6520169289979236E+000                  9.0848187192248842E-001                  1.1470424992823194E+000                  1.2975574971143102E+000 
                                     457                  1.1853051467123006E+001                  8.0225831636637235E-001                  6.0406129560888404E+000                 -3.7218241308975393E+000                  1.0498674797385126E+001                  6.9999999947681146E-001                  2.8000000052318880E-001                  1.9999999999999796E-002                  0.0000000000000000E+000                  7.2618429070152235E+008                  1.6050646490788937E+007                  6.7500027011355959E-013                  1.8001579194536902E-037                  0.0000000000000000E+000                  8.6595569927573801E-001                  4.1002619115819290E+010                  4.9340567928760168E-008                  1.9347988903292583E-017                 -3.6533979279611719E+000                  9.1245347219105166E-001                  1.1510140995508826E+000                  1.3015290973828735E+000 
                                     458                  1.1852921313253253E+001                  8.0170859205991851E-001                  6.0433782334888662E+000                 -3.7128365344033045E+000                  1.0510348997234951E+001                  6.9999999947364533E-001                  2.8000000052635482E-001                  1.9999999999999796E-002                  0.0000000000000000E+000                  7.2547146091352463E+008                  1.6101046995631769E+007                  7.3559116067423807E-013                  2.4249014756587264E-037                  0.0000000000000000E+000                  8.6539072717131893E-001                  4.1154028826618614E+010                  4.9184000557317681E-008                  1.6970137859806008E-017                 -3.6540880746296178E+000                  9.1437839131160425E-001                  1.1529390186714354E+000                  1.3034540165034261E+000 
                                     459                  1.1852791159383500E+001                  8.0116809581250559E-001                  6.0466076829357505E+000                 -3.7023815014629915E+000                  1.0523946494039782E+001                  6.9999999947364533E-001                  2.8000000052635482E-001                  1.9999999999999796E-002                  0.0000000000000000E+000                  7.2468122441812861E+008                  1.6160166497726416E+007                  8.1304292464648925E-013                  3.4310441514780932E-037                  0.0000000000000000E+000                  8.6473407842977112E-001                  4.1304893470465660E+010                  4.9037460735378539E-008                  1.3738341176343309E-017                 -3.6547360133023763E+000                  9.1626684878795195E-001                  1.1548274761477830E+000                  1.3053424739797737E+000 
                                     460                  1.1852610712705033E+001                  8.0043334154168733E-001                  6.0502580849870586E+000                 -3.6905477400624571E+000                  1.0539330600322995E+001                  6.9999999947187308E-001                  2.8000000052812712E-001                  1.9999999999999796E-002                  0.0000000000000000E+000                  7.2377485331398535E+008                  1.6227229879511895E+007                  9.1026715255293230E-013                  5.0745574528247631E-037                  0.0000000000000000E+000                  8.6407759646949245E-001                  4.1509357341539284E+010                  4.8838126161946867E-008                  1.3938183470255029E-017                 -3.6556205037839118E+000                  9.1882582539102764E-001                  1.1573864527508586E+000                  1.3079014505828492E+000 
                                     461                  1.1852430266026570E+001                  7.9971473955693206E-001                  6.0555752916547725E+000                 -3.6734981754762712E+000                  1.0561573582952958E+001                  6.9999999946933655E-001                  2.8000000053066360E-001                  1.9999999999999796E-002                  0.0000000000000000E+000                  7.2264125430828035E+008                  1.6325682125375666E+007                  1.0721054144060577E-012                  8.9534173716368156E-037                  0.0000000000000000E+000                  8.6306516480441742E-001                  4.1710607583142113E+010                  4.8646313924672095E-008                  1.8484479055227443E-017                 -3.6564750309642435E+000                  9.2132019103017904E-001                  1.1598808183900100E+000                  1.3103958162220006E+000 
                                     462                  1.1852069372669641E+001                  7.9832275796631424E-001                  6.0606425108440307E+000                 -3.6569930530503836E+000                  1.0582998406295330E+001                  6.9999999946339186E-001                  2.8000000053660834E-001                  1.9999999999999796E-002                  0.0000000000000000E+000                  7.2131591718299592E+008                  1.6419688807349728E+007                  1.2531538757287037E-012                  1.5358996917836449E-036                  0.0000000000000000E+000                  8.6251801297692487E-001                  4.2093268086864464E+010                  4.8260636736696345E-008                  1.9895127242627485E-017                 -3.6582034762176630E+000                  9.2612568463650546E-001                  1.1646863119963364E+000                  1.3152013098283271E+000 
                                     463                  1.1851888925991174E+001                  7.9764791941632185E-001                  6.0639311572119459E+000                 -3.6463979276599501E+000                  1.0596800064090198E+001                  6.9999999946339186E-001                  2.8000000053660840E-001                  1.9999999999999796E-002                  0.0000000000000000E+000                  7.2057133536825287E+008                  1.6481157985761072E+007                  1.3859742614645721E-012                  2.1771859847834088E-036                  0.0000000000000000E+000                  8.6211102370051762E-001                  4.2275414523775261E+010                  4.8065362998499561E-008                  1.6593697101892604E-017                 -3.6590838867336872E+000                  9.2844228688385055E-001                  1.1670029142436815E+000                  1.3175179120756721E+000 
                                     464                  1.1851708479312711E+001                  7.9698629813931576E-001                  6.0679117912828655E+000                 -3.6336451714188667E+000                  1.0613442436103051E+001                  6.9999999946000946E-001                  2.8000000053999080E-001                  1.9999999999999796E-002                  0.0000000000000000E+000                  7.1974167726426435E+008                  1.6555971975046476E+007                  1.5650240384178652E-012                  3.3171018334691280E-036                  0.0000000000000000E+000                  8.6161253784774416E-001                  4.2457119121828957E+010                  4.7884129808822945E-008                  1.4884825498663902E-017                 -3.6599042002706828E+000                  9.3070792497740851E-001                  1.1692685523372395E+000                  1.3197835501692301E+000 
                                     465                  1.1851440951486753E+001                  7.9602843029458759E-001                  6.0713632296395383E+000                 -3.6224971267415871E+000                  1.0627952652642085E+001                  6.9999999945998925E-001                  2.8000000054001101E-001                  1.9999999999999796E-002                  0.0000000000000000E+000                  7.1893715510736942E+008                  1.6620981682802714E+007                  1.7388319355768795E-012                  4.7750400971421746E-036                  0.0000000000000000E+000                  8.6133156367480856E-001                  4.2716837034266197E+010                  4.7618420473791768E-008                  1.7570260130941873E-017                 -3.6611125072258934E+000                  9.3397477806350182E-001                  1.1725354054233328E+000                  1.3230504032553234E+000 
                                     466                  1.1851307187573774E+001                  7.9555932685944142E-001                  6.0736226326120812E+000                 -3.6152531741908662E+000                  1.0637403812055025E+001                  6.9999999945690516E-001                  2.8000000054309510E-001                  1.9999999999999796E-002                  0.0000000000000000E+000                  7.1846343712745237E+008                  1.6663754193362454E+007                  1.8624786601627289E-012                  6.0573503958922094E-036                  0.0000000000000000E+000                  8.6111815720457785E-001                  4.2842889670565765E+010                  4.7487312197972339E-008                  2.1478940261752923E-017                 -3.6617112054871881E+000                  9.3556891864407610E-001                  1.1741295460039072E+000                  1.3246445438358978E+000 
                                     467                  1.1851173423660795E+001                  7.9509649572339902E-001                  6.0770215461385471E+000                 -3.6044351313831897E+000                  1.0651551406252224E+001                  6.9999999945642710E-001                  2.8000000054357305E-001                  1.9999999999999796E-002                  0.0000000000000000E+000                  7.1782846383326471E+008                  1.6728419362111686E+007                  2.0644932607428370E-012                  8.6554904940016776E-036                  0.0000000000000000E+000                  8.6075196708882884E-001                  4.2969376540533325E+010                  4.7365169987365176E-008                  2.3614838315499701E-017                 -3.6622704498651104E+000                  9.3713929518459271E-001                  1.1756999225444238E+000                  1.3262149203764144E+000 
                                     468                  1.1850897427109530E+001                  7.9416051509241870E-001                  6.0814558900006466E+000                 -3.5902589177701167E+000                  1.0670064373848273E+001                  6.9999999945011693E-001                  2.8000000054988328E-001                  1.9999999999999796E-002                  0.0000000000000000E+000                  7.1694277292594564E+008                  1.6813065401292518E+007                  2.3609179050162526E-012                  1.3772482240287787E-035                  0.0000000000000000E+000                  8.6040040182883359E-001                  4.3224290397989166E+010                  4.7122363961012232E-008                  2.3087390991386183E-017                 -3.6633864653342592E+000                  9.4030489874262724E-001                  1.1788655261024583E+000                  1.3293805239344489E+000 
                                     469                  1.1850621430558263E+001                  7.9324879350069588E-001                  6.0857498101282559E+000                 -3.5765593728315257E+000                  1.0687966612543963E+001                  6.9999999944946512E-001                  2.8000000055053503E-001                  1.9999999999999796E-002                  0.0000000000000000E+000                  7.1611482383801305E+008                  1.6895474280191552E+007                  2.6873440835123651E-012                  2.1562575988140750E-035                  0.0000000000000000E+000                  8.6009027835462704E-001                  4.3469204381434204E+010                  4.6885267509642230E-008                  2.1220532731560652E-017                 -3.6644818008642379E+000                  9.4337427541109531E-001                  1.1819349027709263E+000                  1.3324499006029169E+000 
                                     470                  1.1850345434007000E+001                  7.9235987141606956E-001                  6.0899122634961351E+000                 -3.5633048256675517E+000                  1.0705298183959458E+001                  6.9999999944603675E-001                  2.8000000055396340E-001                  1.9999999999999796E-002                  0.0000000000000000E+000                  7.1533967778143144E+008                  1.6975776978937943E+007                  3.0456202601867380E-012                  3.3252609246262672E-035                  0.0000000000000000E+000                  8.5981164918542297E-001                  4.3707049158170105E+010                  4.6660547261884986E-008                  2.2398648804771677E-017                 -3.6655250859277659E+000                  9.4635449952190154E-001                  1.1849151268817326E+000                  1.3354301247137232E+000 
                                     471                  1.1850069437455733E+001                  7.9149242284200250E-001                  6.0939513416260196E+000                 -3.5504666307946935E+000                  1.0722095311538601E+001                  6.9999999944239355E-001                  2.8000000055760660E-001                  1.9999999999999796E-002                  0.0000000000000000E+000                  7.1461284026127505E+008                  1.7054092127744209E+007                  3.4376381752476861E-012                  5.0560341015838344E-035                  0.0000000000000000E+000                  8.5955620648543640E-001                  4.3938230228232048E+010                  4.6448107595111887E-008                  2.6241353273215232E-017                 -3.6665159877430540E+000                  9.4925098622838511E-001                  1.1878116135882162E+000                  1.3383266114202068E+000 
                                     472                  1.1849793440904470E+001                  7.9064523927946384E-001                  6.0978743815224394E+000                 -3.5380187978534616E+000                  1.0738390856766673E+001                  6.9999999943862723E-001                  2.8000000056137303E-001                  1.9999999999999796E-002                  0.0000000000000000E+000                  7.1393021569213867E+008                  1.7130527607251666E+007                  3.8653319372964586E-012                  7.5863994272388573E-035                  0.0000000000000000E+000                  8.5931699301039499E-001                  4.4163114618974480E+010                  4.6247758721428166E-008                  2.6567899004014606E-017                 -3.6674546546895210E+000                  9.5206864440367478E-001                  1.1906292717635059E+000                  1.3411442695954965E+000 
                                     473                  1.1849517444353204E+001                  7.8981721604035027E-001                  6.1016880593083034E+000                 -3.5259376763316546E+000                  1.0754214723655997E+001                  6.9999999943551805E-001                  2.8000000056448215E-001                  1.9999999999999796E-002                  0.0000000000000000E+000                  7.1328807054063785E+008                  1.7205181900613304E+007                  4.3306771479640373E-012                  1.1242164102171365E-034                  0.0000000000000000E+000                  8.5908827544457300E-001                  4.4382035971335785E+010                  4.6059235972113596E-008                  2.3845796260886025E-017                 -3.6683416351816289E+000                  9.5481194042978312E-001                  1.1933725677896143E+000                  1.3438875656216049E+000 
                                     474                  1.1849241447801939E+001                  7.8900734050866550E-001                  6.1053984759800608E+000                 -3.5142016956543918E+000                  1.0769594204098073E+001                  6.9999999943464164E-001                  2.8000000056535868E-001                  1.9999999999999685E-002                  0.0000000000000000E+000                  7.1268300622781694E+008                  1.7278145710507840E+007                  4.8356906321478970E-012                  1.6465275808699363E-034                  0.0000000000000000E+000                  8.5886827795181175E-001                  4.4595299338897064E+010                  4.5881981989651277E-008                  2.4237849916673827E-017                 -3.6691789149518956E+000                  9.5748495815823509E-001                  1.1960455855180661E+000                  1.3465605833500567E+000 
                                     475                  1.1848965451250676E+001                  7.8821468200654199E-001                  6.1090536106448097E+000                 -3.5026598795723416E+000                  1.0784727468044846E+001                  6.9999999942837809E-001                  2.8000000057162200E-001                  1.9999999999999907E-002                  0.0000000000000000E+000                  7.1210774184330416E+008                  1.7350345656192116E+007                  5.3891581686129392E-012                  2.3953281748970961E-034                  0.0000000000000000E+000                  8.5865395322480387E-001                  4.4803257231576546E+010                  4.5715125134599464E-008                  2.6322886322091200E-017                 -3.6699700435567957E+000                  9.6009147715194798E-001                  1.1986521045117791E+000                  1.3491671023437697E+000 
                                     476                  1.1848682952239153E+001                  7.8742028396315533E-001                  6.1126546400582793E+000                 -3.4913022504434772E+000                  1.0799624932604406E+001                  6.9999999942837809E-001                  2.8000000057162200E-001                  1.9999999999999907E-002                  0.0000000000000000E+000                  7.1155604396701026E+008                  1.7421783802386623E+007                  5.9947291244535783E-012                  3.4619215884854886E-034                  0.0000000000000000E+000                  8.5845255431449374E-001                  4.5010814381027023E+010                  4.5553669739764823E-008                  2.5905060137078548E-017                 -3.6707383155635691E+000                  9.6269413434783457E-001                  1.2012547617076657E+000                  1.3517697595396563E+000 
                                     477                  1.1848400453227633E+001                  7.8664217697385652E-001                  6.1170132518380269E+000                 -3.4776344400755574E+000                  1.0817586297654806E+001                  6.9999999942171709E-001                  2.8000000057828306E-001                  1.9999999999999796E-002                  0.0000000000000000E+000                  7.1096615824049139E+008                  1.7508751634632938E+007                  6.8160261758578507E-012                  5.3986285701764856E-034                  0.0000000000000000E+000                  8.5816361103973016E-001                  4.5214593117638916E+010                  4.5403579750299385E-008                  2.7113266835467744E-017                 -3.6714549523763726E+000                  9.6523457442932015E-001                  1.2037952017891513E+000                  1.3543101996211420E+000 
                                     478                  1.1847980509533260E+001                  7.8551392891708061E-001                  6.1207887882389231E+000                 -3.4656841970333874E+000                  1.0833243228728408E+001                  6.9999999942117364E-001                  2.8000000057882662E-001                  1.9999999999999796E-002                  0.0000000000000000E+000                  7.1035376755243099E+008                  1.7584260710142385E+007                  7.6176865146488493E-012                  7.9260350887435095E-034                  0.0000000000000000E+000                  8.5805518352830712E-001                  4.5505490284643135E+010                  4.5187013810350247E-008                  3.3504650655929402E-017                 -3.6724931790637450E+000                  9.6890122722300775E-001                  1.2074618545828388E+000                  1.3579768524148295E+000 
                                     479                  1.1847770537686074E+001                  7.8496192065754722E-001                  6.1232574091193355E+000                 -3.4579308588475510E+000                  1.0843427006908609E+001                  6.9999999941502111E-001                  2.8000000058497904E-001                  1.9999999999999796E-002                  0.0000000000000000E+000                  7.1001153611018670E+008                  1.7633893094827697E+007                  8.1898793214046904E-012                  1.0181057023711768E-033                  0.0000000000000000E+000                  8.5794187825311530E-001                  4.5646214660233322E+010                  4.5081294511747283E-008                  3.8325159935348277E-017                 -3.6730018108289730E+000                  9.7068779557333496E-001                  1.2092484229331659E+000                  1.3597634207651568E+000 
                                     480                  1.1847560565838890E+001                  7.8441762270026849E-001                  6.1269281088084782E+000                 -3.4464870905606344E+000                  1.0858494315401714E+001                  6.9999999941390190E-001                  2.8000000058609836E-001                  1.9999999999999796E-002                  0.0000000000000000E+000                  7.0958446280570889E+008                  1.7708072454820566E+007                  9.1174800032471064E-012                  1.4758223118123350E-033                  0.0000000000000000E+000                  8.5771706275676751E-001                  4.5787454957534317E+010                  4.4985514553186836E-008                  3.6135610568478278E-017                 -3.6734636538052259E+000                  9.7244597997793913E-001                  1.2110066073377701E+000                  1.3615216051697610E+000 
                                     481                  1.1847134056321137E+001                  7.8333469196311967E-001                  6.1316857900209927E+000                 -3.4315786526319041E+000                  1.0878090785402120E+001                  6.9999999940693247E-001                  2.8000000059306768E-001                  1.9999999999999796E-002                  0.0000000000000000E+000                  7.0896322853093863E+008                  1.7804554811704960E+007                  1.0475858732348216E-011                  2.3848594473762075E-033                  0.0000000000000000E+000                  8.5755137005343562E-001                  4.6067052272251663E+010                  4.4799357194276345E-008                  3.2426287264546671E-017                 -3.6743641087261683E+000                  9.7593124160310141E-001                  1.2144918689629325E+000                  1.3650068667949231E+000 
                                     482                  1.1846707546803382E+001                  7.8228055291640552E-001                  6.1362864812218616E+000                 -3.4171861316141010E+000                  1.0897019394251585E+001                  6.9999999940318702E-001                  2.8000000059681318E-001                  1.9999999999999796E-002                  0.0000000000000000E+000                  7.0838875501407206E+008                  1.7898375345329892E+007                  1.1976286000968286E-011                  3.7871172116779298E-033                  0.0000000000000000E+000                  8.5742670125545983E-001                  4.6334746048309151E+010                  4.4615895575268524E-008                  3.2044478889226764E-017                 -3.6752551924967465E+000                  9.7930643787241523E-001                  1.2178670652322463E+000                  1.3683820630642369E+000 
                                     483                  1.1846281037285626E+001                  7.8125341836536533E-001                  6.1407406898889878E+000                 -3.4032742251811037E+000                  1.0915325520585819E+001                  6.9999999939894741E-001                  2.8000000060105279E-001                  1.9999999999999796E-002                  0.0000000000000000E+000                  7.0785698662372828E+008                  1.7989700211047225E+007                  1.3627761331031378E-011                  5.9170013525946957E-033                  0.0000000000000000E+000                  8.5734371114993591E-001                  4.6594059794864799E+010                  4.4440634330631228E-008                  3.4904043673812008E-017                 -3.6761098753569583E+000                  9.8257988266156948E-001                  1.2211405100214006E+000                  1.3716555078533912E+000 
                                     484                  1.1845854527767871E+001                  7.8025166963343784E-001                  6.1450914386961228E+000                 -3.3897089928235524E+000                  1.0933185588359509E+001                  6.9999999939176238E-001                  2.8000000060823782E-001                  1.9999999999999796E-002                  0.0000000000000000E+000                  7.0736280204681778E+008                  1.8079376736504078E+007                  1.5454384491054478E-011                  9.1362468988507532E-033                  0.0000000000000000E+000                  8.5730030274503466E-001                  4.6845587402321976E+010                  4.4272406555902374E-008                  3.7435382613042224E-017                 -3.6769334350175549E+000                  9.8575812597569823E-001                  1.2243187533355293E+000                  1.3748337511675199E+000 
                                     485                  1.1845421359784096E+001                  7.7925875203941630E-001                  6.1493437012458507E+000                 -3.3764688810397638E+000                  1.0950625375186881E+001                  6.9999999938777258E-001                  2.8000000061222774E-001                  1.9999999999999685E-002                  0.0000000000000000E+000                  7.0689968642789900E+008                  1.8167470594816763E+007                  1.7469599052044980E-011                  1.3949939638767844E-032                  0.0000000000000000E+000                  8.5730186551038756E-001                  4.7093488028511871E+010                  4.4107475416347850E-008                  3.6963474256493417E-017                 -3.6777438996318388E+000                  9.8889461701216408E-001                  1.2274552443719950E+000                  1.3779702422039859E+000 
                                     486                  1.1844988191800319E+001                  7.7828909759598697E-001                  6.1534718064738421E+000                 -3.3636348199380830E+000                  1.0967538703744276E+001                  6.9999999938362611E-001                  2.8000000061637403E-001                  1.9999999999999796E-002                  0.0000000000000000E+000                  7.0647103997386992E+008                  1.8253421175096415E+007                  1.9670129610757441E-011                  2.1011191564848274E-032                  0.0000000000000000E+000                  8.5734675181012943E-001                  4.7334167639471626E+010                  4.3947360631114421E-008                  3.8434284634744744E-017                 -3.6785336012252849E+000                  9.9194460819794161E-001                  1.2305052355577728E+000                  1.3810202333897634E+000 
                                     487                  1.1844555023816541E+001                  7.7734142360859548E-001                  6.1574832240189101E+000                 -3.3511821707232556E+000                  1.0983957429678801E+001                  6.9999999937624147E-001                  2.8000000062375874E-001                  1.9999999999999796E-002                  0.0000000000000000E+000                  7.0607442954015231E+008                  1.8337349498512607E+007                  2.2066380685594910E-011                  3.1244556092803143E-032                  0.0000000000000000E+000                  8.5743811784529822E-001                  4.7568119428491280E+010                  4.3791074967325313E-008                  4.0870165493330351E-017                 -3.6793071968872950E+000                  9.9491326352268628E-001                  1.2334738908825174E+000                  1.3839888887145080E+000 
                                     488                  1.1844121855832766E+001                  7.7641455503293599E-001                  6.1614304058003162E+000                 -3.3389500317204566E+000                  1.1000094524340534E+001                  6.9999999937231694E-001                  2.8000000062768327E-001                  1.9999999999999796E-002                  0.0000000000000000E+000                  7.0570621793796384E+008                  1.8420332572042435E+007                  2.4700982073897115E-011                  4.6113723368234811E-032                  0.0000000000000000E+000                  8.5757892896921784E-001                  4.7795818917361336E+010                  4.3637465625219187E-008                  3.9437864521686980E-017                 -3.6800702401434053E+000                  9.9780531004929518E-001                  1.2363659374091263E+000                  1.3868809352411169E+000 
                                     489                  1.1843678512197194E+001                  7.7548633105164766E-001                  6.1653151945667402E+000                 -3.3269266158321500E+000                  1.1015962914318218E+001                  6.9999999936820845E-001                  2.8000000063179165E-001                  1.9999999999999907E-002                  0.0000000000000000E+000                  7.0536040882486296E+008                  1.8502384356374174E+007                  2.7592535370047869E-011                  6.7565954450836347E-032                  0.0000000000000000E+000                  8.5777913520782634E-001                  4.8022672771600395E+010                  4.3481638510126164E-008                  4.0058597953689632E-017                 -3.6808470494214509E+000                  1.0006904501403129E+000                  1.2392510775001440E+000                  1.3897660753321346E+000 
                                     490                  1.1843235168561622E+001                  7.7457770606986354E-001                  6.1699975751604592E+000                 -3.3125240346511564E+000                  1.1035009902535267E+001                  6.9999999936012947E-001                  2.8000000063987068E-001                  1.9999999999999796E-002                  0.0000000000000000E+000                  7.0502940127690375E+008                  1.8601893706836481E+007                  3.1513586136810056E-011                  1.0690009000669570E-031                  0.0000000000000000E+000                  8.5804826202212403E-001                  4.8245199490680290E+010                  4.3328809525505857E-008                  4.5222200114264206E-017                 -3.6816116215987389E+000                  1.0035045228123636E+000                  1.2420651501721947E+000                  1.3925801480041853E+000 
                                     491                  1.1842579723923688E+001                  7.7326821047536931E-001                  6.1753811785539998E+000                 -3.2959216472350885E+000                  1.1056947476963025E+001                  6.9999999935199597E-001                  2.8000000064800423E-001                  1.9999999999999796E-002                  0.0000000000000000E+000                  7.0461287316373622E+008                  1.8716883119197659E+007                  3.6701484525082792E-011                  1.8083342440431602E-031                  0.0000000000000000E+000                  8.5856306573798491E-001                  4.8563857335934570E+010                  4.3101920391516276E-008                  4.8743884798044454E-017                 -3.6827516897820622E+000                  1.0075423206888139E+000                  1.2461029480486450E+000                  1.3966179458806356E+000 
                                     492                  1.1841924279285752E+001                  7.7199654323699052E-001                  6.1805728227617864E+000                 -3.2799493850061014E+000                  1.1078068991930207E+001                  6.9999999934378898E-001                  2.8000000065621128E-001                  1.9999999999999796E-002                  0.0000000000000000E+000                  7.0425027864229715E+008                  1.8828488406571928E+007                  4.2487786735380013E-011                  2.9961312920898900E-031                  0.0000000000000000E+000                  8.5920954446677822E-001                  4.8868824535073471E+010                  4.2867406262773032E-008                  5.0068907022232185E-017                 -3.6839363965680199E+000                  1.0114429934099429E+000                  1.2500036207697738E+000                  1.4005186186017646E+000 
                                     493                  1.1841268834647817E+001                  7.7076013065274884E-001                  6.1855870153660293E+000                 -3.2645608809740669E+000                  1.1098435000504921E+001                  6.9999999933543688E-001                  2.8000000066456338E-001                  1.9999999999999796E-002                  0.0000000000000000E+000                  7.0393821331382382E+008                  1.8936955650969718E+007                  4.8914900301332837E-011                  4.8700136881500932E-031                  0.0000000000000000E+000                  8.5998886774364325E-001                  4.9163493275410896E+010                  4.2628375967142590E-008                  5.2359670258149005E-017                 -3.6851506062772250E+000                  1.0152175954289000E+000                  1.2537782227887311E+000                  1.4042932206207217E+000 
                                     494                  1.1840613390009883E+001                  7.6955666194046879E-001                  6.1928409464167942E+000                 -3.2426255497925887E+000                  1.1127607647358026E+001                  6.9999999932265411E-001                  2.8000000067734609E-001                  1.9999999999999796E-002                  0.0000000000000000E+000                  7.0379241079216599E+008                  1.9095480011344224E+007                  5.9880378777031369E-011                  9.7961620945724921E-031                  0.0000000000000000E+000                  8.6118369107177339E-001                  4.9454447993241478E+010                  4.2391417370068472E-008                  5.5673189229459852E-017                 -3.6863610312097701E+000                  1.0188767887390984E+000                  1.2574374160989295E+000                  1.4079524139309201E+000 
                                     495                  1.1839302500734012E+001                  7.6724030316385261E-001                  6.1997430230903561E+000                 -3.2213528923198553E+000                  1.1155721947888070E+001                  6.9999999930940959E-001                  2.8000000069059061E-001                  1.9999999999999796E-002                  0.0000000000000000E+000                  7.0328551386794257E+008                  1.9246900770656977E+007                  7.2594705486746871E-011                  1.9001572636385911E-030                  0.0000000000000000E+000                  8.6312247182497726E-001                  4.9999096811009933E+010                  4.1886969727377251E-008                  5.8851718625139634E-017                 -3.6889605285599134E+000                  1.0258755662510066E+000                  1.2644361936108379E+000                  1.4149511914428285E+000 
                                     496                  1.1838631730553827E+001                  7.6609812931581356E-001                  6.2042647814995293E+000                 -3.2076226363332689E+000                  1.1173957342725375E+001                  6.9999999930055845E-001                  2.8000000069944175E-001                  1.9999999999999796E-002                  0.0000000000000000E+000                  7.0314399913197172E+008                  1.9347082315315407E+007                  8.2279086145644329E-011                  2.9262324370035603E-030                  0.0000000000000000E+000                  8.6445630437743348E-001                  5.0260403421867920E+010                  4.1608114916672119E-008                  6.1402797246511318E-017                 -3.6904109798808920E+000                  1.0293046033147761E+000                  1.2678652306746072E+000                  1.4183802285065978E+000 
                                     497                  1.1837960960373639E+001                  7.6498283829486613E-001                  6.2086565509312770E+000                 -3.1943260567124891E+000                  1.1191633899691936E+001                  6.9999999929170809E-001                  2.8000000070829212E-001                  1.9999999999999796E-002                  0.0000000000000000E+000                  7.0304172834349740E+008                  1.9444951581924386E+007                  9.2881041366133371E-011                  4.4443942850812436E-030                  0.0000000000000000E+000                  8.6589694475936807E-001                  5.0519628888060837E+010                  4.1331402530420466E-008                  6.3440198616046269E-017                 -3.6918599286089950E+000                  1.0326428427600454E+000                  1.2712034701198764E+000                  1.4217184679518671E+000 
                                     498                  1.1837290190193452E+001                  7.6389290602916571E-001                  6.2129264722135167E+000                 -3.1814365534846987E+000                  1.1208786112813529E+001                  6.9999999928285550E-001                  2.8000000071714470E-001                  1.9999999999999796E-002                  0.0000000000000000E+000                  7.0297578419598651E+008                  1.9540652417987391E+007                  1.0445519404177992E-010                  6.6633215195980883E-030                  0.0000000000000000E+000                  8.6741889745434031E-001                  5.0771974348990433E+010                  4.1052703041932450E-008                  6.5541503351845435E-017                 -3.6933291211291817E+000                  1.0358944915111756E+000                  1.2744551188710067E+000                  1.4249701167029973E+000 
                                     499                  1.1836619420013264E+001                  7.6282693868536688E-001                  6.2192406252607322E+000                 -3.1626391700471550E+000                  1.1233916230796460E+001                  6.9999999926957279E-001                  2.8000000073042752E-001                  1.9999999999999685E-002                  0.0000000000000000E+000                  7.0311554641306067E+008                  1.9683491918710332E+007                  1.2412024791656337E-010                  1.2092421315642574E-029                  0.0000000000000000E+000                  8.6968621614090480E-001                  5.1022409522462265E+010                  4.0781552208731653E-008                  6.8517148782398293E-017                 -3.6947681241629775E+000                  1.0390659685572701E+000                  1.2776265959171011E+000                  1.4281415937490918E+000 
                                     500                  1.1835246512640861E+001                  7.6071452630442260E-001                  6.2273053594053209E+000                 -3.1384912550242410E+000                  1.1266137164429116E+001                  6.9999999925103895E-001                  2.8000000074896125E-001                  1.9999999999999796E-002                  0.0000000000000000E+000                  7.0315419177326596E+008                  1.9867296557268910E+007                  1.5461116579647493E-010                  2.5794083518159579E-029                  0.0000000000000000E+000                  8.7307379062601520E-001                  5.1515385587777260E+010                  4.0242902310677670E-008                  7.2694649707657952E-017                 -3.6976553527924283E+000                  1.0453237500688386E+000                  1.2838843774286697E+000                  1.4343993752606603E+000 
                                     501                  1.1833873605268460E+001                  7.5868758992310370E-001                  6.2330727265268910E+000                 -3.1211554021674210E+000                  1.1289238858721049E+001                  6.9999999923687994E-001                  2.8000000076312032E-001                  1.9999999999999796E-002                  0.0000000000000000E+000                  7.0311198719623411E+008                  1.9999731744715389E+007                  1.8081769545379056E-010                  4.4228146437511450E-029                  0.0000000000000000E+000                  8.7575808311070247E-001                  5.1968731202792343E+010                  3.9708744380776508E-008                  7.7225084279590352E-017                 -3.7005569227123489E+000                  1.0512900364971334E+000                  1.2898506638569645E+000                  1.4403656616889551E+000 
                                     502                  1.1833187151582258E+001                  7.5770359381761498E-001                  6.2368186318571528E+000                 -3.1100396876691985E+000                  1.1304115475568118E+001                  6.9999999922730449E-001                  2.8000000077269577E-001                  1.9999999999999796E-002                  0.0000000000000000E+000                  7.0321344111138010E+008                  2.0086481350061502E+007                  2.0004800635600315E-010                  6.2680296373752388E-029                  0.0000000000000000E+000                  8.7744519542592458E-001                  5.2188001796460915E+010                  3.9455947214724228E-008                  8.1184279048845657E-017                 -3.7019437630476721E+000                  1.0541745674493110E+000                  1.2927351948091421E+000                  1.4432501926411327E+000 
                                     503                  1.1832500697896057E+001                  7.5673798303583717E-001                  6.2404782746485434E+000                 -3.0992076491846814E+000                  1.1318624875552945E+001                  6.9999999921764389E-001                  2.8000000078235632E-001                  1.9999999999999796E-002                  0.0000000000000000E+000                  7.0333511470123231E+008                  2.0171659641865611E+007                  2.2074530212331035E-010                  8.8034488487678916E-029                  0.0000000000000000E+000                  8.7911151428741630E-001                  5.2406174649903893E+010                  3.9220850493356169E-008                  8.4647451515304173E-017                 -3.7032414965048632E+000                  1.0569988639305850E+000                  1.2955594912904160E+000                  1.4460744891224067E+000 
                                     504                  1.1831814244209857E+001                  7.5578991256778449E-001                  6.2440557240783319E+000                 -3.0886446427508094E+000                  1.1332785502602947E+001                  6.9999999920783040E-001                  2.8000000079216980E-001                  1.9999999999999796E-002                  0.0000000000000000E+000                  7.0347496647268713E+008                  2.0255333058318906E+007                  2.4297954948787587E-010                  1.2259107281029481E-028                  0.0000000000000000E+000                  8.8074909218813824E-001                  5.2619629374247200E+010                  3.8997632558579131E-008                  8.8183598541211522E-017                 -3.7044808785117924E+000                  1.0597646539425536E+000                  1.2983252813023849E+000                  1.4488402791343755E+000 
                                     505                  1.1831127790523656E+001                  7.5485859731004123E-001                  6.2493742469671538E+000                 -3.0731195861025880E+000                  1.1353678948568056E+001                  6.9999999919269051E-001                  2.8000000080730975E-001                  1.9999999999999796E-002                  0.0000000000000000E+000                  7.0384379299055076E+008                  2.0380695624655537E+007                  2.8001659518221854E-010                  2.0016405499326780E-028                  0.0000000000000000E+000                  8.8306411076237923E-001                  5.2831832552383392E+010                  3.8792510974201085E-008                  9.2207949527864441E-017                 -3.7056260541681878E+000                  1.0624753008112700E+000                  1.3010359281711010E+000                  1.4515509260030917E+000 
                                     506                  1.1829722934074868E+001                  7.5300176638565286E-001                  6.2562273054614206E+000                 -3.0530073283685621E+000                  1.1380696481557678E+001                  6.9999999917216083E-001                  2.8000000082783938E-001                  1.9999999999999796E-002                  0.0000000000000000E+000                  7.0421544734712827E+008                  2.0543214133012127E+007                  3.3603605695028583E-010                  3.7553709061784494E-028                  0.0000000000000000E+000                  8.8616333875921571E-001                  5.3252027457606270E+010                  3.8413017973428961E-008                  9.7005828605223436E-017                 -3.7077607852651426E+000                  1.0678584823879360E+000                  1.3064191097477671E+000                  1.4569341075797577E+000 
                                     507                  1.1828318077626079E+001                  7.5120646030342531E-001                  6.2628493905416445E+000                 -3.0336514469341456E+000                  1.1406733611942492E+001                  6.9999999915122013E-001                  2.8000000084878007E-001                  1.9999999999999796E-002                  0.0000000000000000E+000                  7.0464589855755067E+008                  2.0701627098103080E+007                  4.0042725545568403E-010                  6.8761921216396490E-028                  0.0000000000000000E+000                  8.8904433542300298E-001                  5.3648603123659218E+010                  3.8076095282689990E-008                  1.0251010490563312E-016                 -3.7096737975299483E+000                  1.0730335265994493E+000                  1.3115941539592801E+000                  1.4621091517912710E+000 
                                     508                  1.1826891528595686E+001                  7.4944132447634759E-001                  6.2692554490171650E+000                 -3.0149828221488724E+000                  1.1431871726545598E+001                  6.9999999912965294E-001                  2.8000000087034727E-001                  1.9999999999999796E-002                  0.0000000000000000E+000                  7.0511546547394192E+008                  2.0856121514002614E+007                  4.7405349421138150E-010                  1.2309034538168920E-027                  0.0000000000000000E+000                  8.9167036085850826E-001                  5.4035075291562859E+010                  3.7792419504548314E-008                  1.0834839562770160E-016                 -3.7112976516355953E+000                  1.0780938176275472E+000                  1.3166544449873783E+000                  1.4671694428193689E+000 
                                     509                  1.1825464979565293E+001                  7.4773003172948871E-001                  6.2754854822633845E+000                 -2.9968813996074428E+000                  1.1456270919455962E+001                  6.9999999910798105E-001                  2.8000000089201910E-001                  1.9999999999999796E-002                  0.0000000000000000E+000                  7.0562583249085093E+008                  2.1007551692129556E+007                  5.5819541959807735E-010                  2.1626032719152987E-027                  0.0000000000000000E+000                  8.9400585447942527E-001                  5.4406215886435036E+010                  3.7568704451533182E-008                  1.1461847796582491E-016                 -3.7125868906137889E+000                  1.0829723934777775E+000                  1.3215330208376086E+000                  1.4720480186695992E+000 
                                     510                  1.1824005292750808E+001                  7.4603056745453100E-001                  6.2815475690959914E+000                 -2.9792977073368037E+000                  1.1479985946261012E+001                  6.9999999908530930E-001                  2.8000000091469096E-001                  1.9999999999999796E-002                  0.0000000000000000E+000                  7.0615534995080233E+008                  2.1155977690950565E+007                  6.5394655164618675E-010                  3.7329036855507621E-027                  0.0000000000000000E+000                  8.9603000965371460E-001                  5.4770882881986671E+010                  3.7401668446929331E-008                  1.2169581839063698E-016                 -3.7135545119862199E+000                  1.0877895202174248E+000                  1.3263501475772561E+000                  1.4768651454092467E+000 
                                     511                  1.1822545605936325E+001                  7.4437954026798325E-001                  6.2873863397913938E+000                 -2.9623861900530963E+000                  1.1502805687937274E+001                  6.9999999906203814E-001                  2.8000000093796207E-001                  1.9999999999999796E-002                  0.0000000000000000E+000                  7.0669451385787594E+008                  2.1299934584608909E+007                  7.6120106124668742E-010                  6.3005673921244384E-027                  0.0000000000000000E+000                  8.9769545538400586E-001                  5.5120832553581055E+010                  3.7295742878933752E-008                  1.2877740051171570E-016                 -3.7141703689442078E+000                  1.0924417674464466E+000                  1.3310023948062777E+000                  1.4815173926382683E+000 
                                     512                  1.1821085919121840E+001                  7.4277360409993531E-001                  6.2916161754597200E+000                 -2.9500599211510310E+000                  1.1519403725627319E+001                  6.9999999904448562E-001                  2.8000000095551458E-001                  1.9999999999999796E-002                  0.0000000000000000E+000                  7.0701958579142463E+008                  2.1404676351421583E+007                  8.4958897895613039E-010                  9.1948880386655709E-027                  0.0000000000000000E+000                  8.9877733776639890E-001                  5.5452784572229500E+010                  3.7239875545802274E-008                  1.3471744491229981E-016                 -3.7144958895416638E+000                  1.0969392160904008E+000                  1.3354998434502319E+000                  1.4860148412822225E+000 
                                     513                  1.1820356075714599E+001                  7.4198662521654268E-001                  6.2943819737293101E+000                 -2.9420604392759140E+000                  1.1530203211191319E+001                  6.9999999903265198E-001                  2.8000000096734828E-001                  1.9999999999999796E-002                  0.0000000000000000E+000                  7.0729046063173163E+008                  2.1473540462793488E+007                  9.1259450429493478E-010                  1.1764135115689671E-026                  0.0000000000000000E+000                  8.9933316621411397E-001                  5.5613964792786781E+010                  3.7234021502582120E-008                  1.3964660613959653E-016                 -3.7145300273909414E+000                  1.0991332211963127E+000                  1.3376938485561438E+000                  1.4882088463881344E+000 
                                     514                  1.1819626232307357E+001                  7.4120982510426403E-001                  6.2985356773400252E+000                 -2.9301329992347909E+000                  1.1546345444568491E+001                  6.9999999901454346E-001                  2.8000000098545685E-001                  1.9999999999999685E-002                  0.0000000000000000E+000                  7.0778108748332727E+008                  2.1577516577487014E+007                  1.0156692766648671E-009                  1.7013206261254822E-026                  0.0000000000000000E+000                  8.9993101840090961E-001                  5.5776154155436264E+010                  3.7253279109974121E-008                  1.4499840617008110E-016                 -3.7144177468714092E+000                  1.1012931962499606E+000                  1.3398538236097917E+000                  1.4903688214417825E+000 
                                     515                  1.1818121348470616E+001                  7.3963882862116226E-001                  6.3039440079242679E+000                 -2.9144795798268328E+000                  1.1567472942525903E+001                  6.9999999898951959E-001                  2.8000000101048056E-001                  1.9999999999999796E-002                  0.0000000000000000E+000                  7.0831088795395136E+008                  2.1713396921174999E+007                  1.1673752071965237E-009                  2.7467178359485968E-026                  0.0000000000000000E+000                  9.0050750707194849E-001                  5.6100276997500122E+010                  3.7336581300225032E-008                  1.5185075707513764E-016                 -3.7139327252290792E+000                  1.1056410519603015E+000                  1.3442016793201328E+000                  1.4947166771521234E+000 
                                     516                  1.1816616464633874E+001                  7.3810712071075035E-001                  6.3091694113717267E+000                 -2.8993428659778440E+000                  1.1587897211197880E+001                  6.9999999896407805E-001                  2.8000000103592221E-001                  1.9999999999999796E-002                  0.0000000000000000E+000                  7.0881723896772921E+008                  2.1845436675432794E+007                  1.3348935743700104E-009                  4.3556102759997697E-026                  0.0000000000000000E+000                  9.0074082748898587E-001                  5.6407114194930473E+010                  3.7461887690494842E-008                  1.5980028804942054E-016                 -3.7132051712365297E+000                  1.1098522515933875E+000                  1.3484128789532186E+000                  1.4989278767852092E+000 
                                     517                  1.1815111580797133E+001                  7.3661233451315855E-001                  6.3142228369130526E+000                 -2.8846857434679971E+000                  1.1607665834659725E+001                  6.9999999893821263E-001                  2.8000000106178752E-001                  1.9999999999999796E-002                  0.0000000000000000E+000                  7.0929528590104866E+008                  2.1973829959415484E+007                  1.5191757378234462E-009                  6.7919751491269281E-026                  0.0000000000000000E+000                  9.0068489962291232E-001                  5.6701647568030281E+010                  3.7631777506736648E-008                  1.6794382425556897E-016                 -3.7122226338225883E+000                  1.1139359008136172E+000                  1.3524965281734485E+000                  1.5030115260054391E+000 
                                     518                  1.1813606696960393E+001                  7.3515232988825663E-001                  6.3179250092198433E+000                 -2.8738667571945511E+000                  1.1622220434096171E+001                  6.9999999891820253E-001                  2.8000000108179779E-001                  1.9999999999999685E-002                  0.0000000000000000E+000                  7.0957286670052981E+008                  2.2068201571023036E+007                  1.6700269135513841E-009                  9.3969435410772289E-026                  0.0000000000000000E+000                  9.0054019658122886E-001                  5.6981233082120926E+010                  3.7829512289345421E-008                  1.7528260565386983E-016                 -3.7110846288700357E+000                  1.1178987809445469E+000                  1.3564594083043779E+000                  1.5069744061363686E+000 
                                     519                  1.1812836920515100E+001                  7.3441834139681816E-001                  6.3203869010125482E+000                 -2.8667102946981893E+000                  1.1631865331918377E+001                  6.9999999890461950E-001                  2.8000000109538076E-001                  1.9999999999999796E-002                  0.0000000000000000E+000                  7.0979477283496153E+008                  2.2131244037505139E+007                  1.7781783201404242E-009                  1.1654589651981117E-025                  0.0000000000000000E+000                  9.0032978065491376E-001                  5.7120011328552025E+010                  3.7942173338117754E-008                  1.8132925881753521E-016                 -3.7104388981137832E+000                  1.1198816111043599E+000                  1.3584422384641910E+000                  1.5089572362961816E+000 
                                     520                  1.1812067144069806E+001                  7.3369269967727824E-001                  6.3240341155393249E+000                 -2.8561628005391468E+000                  1.1646105560971392E+001                  6.9999999888405884E-001                  2.8000000111594142E-001                  1.9999999999999796E-002                  0.0000000000000000E+000                  7.1017715084056044E+008                  2.2225061661152050E+007                  1.9508248561558806E-009                  1.6020275542526741E-025                  0.0000000000000000E+000                  8.9985530810985515E-001                  5.7259246757125465E+010                  3.8069411417973189E-008                  1.8752813737701375E-016                 -3.7097119188282037E+000                  1.1218363937337725E+000                  1.3603970210936038E+000                  1.5109120189255945E+000 
                                     521                  1.1810515826211700E+001                  7.3225471242385720E-001                  6.3287637094556812E+000                 -2.8423673749086369E+000                  1.1664676366221849E+001                  6.9999999885602804E-001                  2.8000000114397217E-001                  1.9999999999999796E-002                  0.0000000000000000E+000                  7.1056530330567050E+008                  2.2347077674479321E+007                  2.1998282317918602E-009                  2.4178373239638292E-025                  0.0000000000000000E+000                  8.9915603520856135E-001                  5.7531203558337837E+010                  3.8341833841003915E-008                  1.9555606110306715E-016                 -3.7081635596050559E+000                  1.1256918975119647E+000                  1.3642525248717958E+000                  1.5147675227037867E+000 
                                     522                  1.1808964508353593E+001                  7.3084793029858119E-001                  6.3333671497505231E+000                 -2.8289108326798544E+000                  1.1682777680390165E+001                  6.9999999882731567E-001                  2.8000000117268453E-001                  1.9999999999999796E-002                  0.0000000000000000E+000                  7.1091786559538531E+008                  2.2466418633778315E+007                  2.4720248652179170E-009                  3.6046385404545095E-025                  0.0000000000000000E+000                  8.9830605015309417E-001                  5.7789102821998680E+010                  3.8623604618936955E-008                  2.0565913175696344E-016                 -3.7065735986669521E+000                  1.1294396596353391E+000                  1.3680002869951702E+000                  1.5185152848271608E+000 
                                     523                  1.1807401425527969E+001                  7.2946039827154552E-001                  6.3401766844071066E+000                 -2.8091861784817578E+000                  1.1709393575223510E+001                  6.9999999878314034E-001                  2.8000000121685981E-001                  1.9999999999999796E-002                  0.0000000000000000E+000                  7.1161181465138781E+008                  2.2644465777011234E+007                  2.9346500075644612E-009                  6.4889915976979246E-025                  0.0000000000000000E+000                  8.9655152318436526E-001                  5.8044566402964706E+010                  3.8933966789840487E-008                  2.1876355287581406E-016                 -3.7048356729524508E+000                  1.1331150583580736E+000                  1.3716756857179049E+000                  1.5221906835498953E+000 
                                     524                  1.1804203401321903E+001                  7.2670856390084704E-001                  6.3488213367409294E+000                 -2.7837030229762405E+000                  1.1743575122295475E+001                  6.9999999872127505E-001                  2.8000000127872493E-001                  2.0000000000000018E-002                  0.0000000000000000E+000                  7.1207268338933051E+008                  2.2871700359865151E+007                  3.6486959724995695E-009                  1.3644153977114373E-024                  0.0000000000000000E+000                  8.9422881900164264E-001                  5.8535735255844048E+010                  3.9593478710549122E-008                  2.3582810110553627E-016                 -3.7011881695782498E+000                  1.1403402405069489E+000                  1.3789008678667800E+000                  1.5294158656987706E+000 
                                     525                  1.1801005377115837E+001                  7.2406473630493795E-001                  6.3550304476601642E+000                 -2.7651294479974573E+000                  1.1768365845916414E+001                  6.9999999867254026E-001                  2.8000000132745978E-001                  2.0000000000000018E-002                  0.0000000000000000E+000                  7.1214202767921662E+008                  2.3035837818683606E+007                  4.2661639170702898E-009                  2.3217574252540397E-024                  0.0000000000000000E+000                  8.9250018605951353E-001                  5.8968888627082924E+010                  4.0222080852887725E-008                  2.5356138884443653E-016                 -3.6977677326633942E+000                  1.1471987810128521E+000                  1.3857594083726832E+000                  1.5362744062046738E+000 
                                     526                  1.1799357387996508E+001                  7.2274134737405060E-001                  6.3591294340358120E+000                 -2.7529661567969872E+000                  1.1784644580683780E+001                  6.9999999863911777E-001                  2.8000000136088243E-001                  1.9999999999999796E-002                  0.0000000000000000E+000                  7.1227575851522231E+008                  2.3145065591157082E+007                  4.7274287408474733E-009                  3.2928010657982798E-024                  0.0000000000000000E+000                  8.9110069284650906E-001                  5.9179788715738678E+010                  4.0552008112245273E-008                  2.6904051854111968E-016                 -3.6959938174530023E+000                  1.1506042075898639E+000                  1.3891648349496950E+000                  1.5396798327816856E+000 
                                     527                  1.1797709398877181E+001                  7.2144280189532739E-001                  6.3651608056898370E+000                 -2.7352055550755048E+000                  1.1808476319623743E+001                  6.9999999858811945E-001                  2.8000000141188058E-001                  2.0000000000000018E-002                  0.0000000000000000E+000                  7.1259284183033669E+008                  2.3307062897940453E+007                  5.4940859320394434E-009                  5.4942004335608593E-024                  0.0000000000000000E+000                  8.8861382305116721E-001                  5.9392163635081879E+010                  4.0912375601623435E-008                  2.8555044169905586E-016                 -3.6940726510999666E+000                  1.1539306225938524E+000                  1.3924912499536835E+000                  1.5430062477856741E+000 
                                     528                  1.1794363138872518E+001                  7.1887776835193506E-001                  6.3728452402699229E+000                 -2.7121997202399206E+000                  1.1839174406525268E+001                  6.9999999851703942E-001                  2.8000000148296050E-001                  2.0000000000000018E-002                  0.0000000000000000E+000                  7.1262461466424310E+008                  2.3514447145840168E+007                  6.6541055234488218E-009                  1.0523751852214758E-023                  0.0000000000000000E+000                  8.8519187130681865E-001                  5.9798497614643539E+010                  4.1676165762176609E-008                  3.0764833851458461E-016                 -3.6900561216408052E+000                  1.1604507781483575E+000                  1.3990114055081886E+000                  1.5495264033401792E+000 
                                     529                  1.1791016878867852E+001                  7.1640235186532297E-001                  6.3802625020845207E+000                 -2.6898781428781366E+000                  1.1868907610259779E+001                  6.9999999844199734E-001                  2.8000000155800270E-001                  2.0000000000000018E-002                  0.0000000000000000E+000                  7.1253191465584171E+008                  2.3716225088479884E+007                  8.0010019094452170E-009                  1.9645741233229583E-023                  0.0000000000000000E+000                  8.8121966697128340E-001                  6.0166010491360672E+010                  4.2467215774186821E-008                  3.3413768873966554E-016                 -3.6859731055953588E+000                  1.1666770812489244E+000                  1.4052377086087555E+000                  1.5557527064407464E+000 
                                     530                  1.1787568729759508E+001                  7.1393765637462847E-001                  6.3874260711230626E+000                 -2.6681686600572672E+000                  1.1897757954098166E+001                  6.9999999836371751E-001                  2.8000000163628253E-001                  2.0000000000000018E-002                  0.0000000000000000E+000                  7.1228748989331007E+008                  2.3912507340230513E+007                  9.5560000380224468E-009                  3.5799970558628384E-023                  0.0000000000000000E+000                  8.7667976826361982E-001                  6.0516459626280525E+010                  4.3344649894230694E-008                  3.6186621077461111E-016                 -3.6815322503027139E+000                  1.1728144976101638E+000                  1.4113751249699948E+000                  1.5618901228019855E+000 
                                     531                  1.1784120580651164E+001                  7.1155354059620268E-001                  6.3925834977126623E+000                 -2.6522976137135470E+000                  1.1918742665425304E+001                  6.9999999830224857E-001                  2.8000000169775147E-001                  2.0000000000000018E-002                  0.0000000000000000E+000                  7.1187879592346406E+008                  2.4054360773850963E+007                  1.0860385910578846E-008                  5.5071924844307631E-023                  0.0000000000000000E+000                  8.7306584506753815E-001                  6.0832993066255814E+010                  4.4265645687732272E-008                  3.8718853017583661E-016                 -3.6769665982470414E+000                  1.1786903656013588E+000                  1.4172509929611898E+000                  1.5677659907931805E+000 
                                     532                  1.1782370702428157E+001                  7.1037259639489558E-001                  6.3959682834643159E+000                 -2.6419375503642191E+000                  1.1932465130607957E+001                  6.9999999826054737E-001                  2.8000000173945283E-001                  1.9999999999999796E-002                  0.0000000000000000E+000                  7.1166252886207700E+008                  2.4148036793143712E+007                  1.1807734988705173E-008                  7.2989061649498716E-023                  0.0000000000000000E+000                  8.7035249123885061E-001                  6.0984527542410500E+010                  4.4758841815183492E-008                  4.0817810399516175E-016                 -3.6745605799255356E+000                  1.1815791744584325E+000                  1.4201398018182636E+000                  1.5706547996502540E+000 
                                     533                  1.1780620824205149E+001                  7.0921011908621423E-001                  6.4010180187213388E+000                 -2.6265594968500778E+000                  1.1952868334503933E+001                  6.9999999819651948E-001                  2.8000000180348067E-001                  1.9999999999999796E-002                  0.0000000000000000E+000                  7.1141330144066274E+008                  2.4288630996886749E+007                  1.3370282322938789E-008                  1.1095052521666292E-022                  0.0000000000000000E+000                  8.6577771812740478E-001                  6.1137108763239189E+010                  4.5292147295837536E-008                  4.3080521992400392E-016                 -3.6719885444871077E+000                  1.1844102304915236E+000                  1.4229708578513547E+000                  1.5734858556833453E+000 
                                     534                  1.1777015161325627E+001                  7.0687002119940223E-001                  6.4075187573765460E+000                 -2.6064042003202115E+000                  1.1979452084136842E+001                  6.9999999810604085E-001                  2.8000000189395935E-001                  1.9999999999999796E-002                  0.0000000000000000E+000                  7.1075573492453074E+008                  2.4470073723176591E+007                  1.5694396346894487E-008                  1.8995797358107593E-022                  0.0000000000000000E+000                  8.5944342345110236E-001                  6.1432146820828857E+010                  4.6437308586222212E-008                  4.6166156239738380E-016                 -3.6665664795229778E+000                  1.1900652692754619E+000                  1.4286258966352929E+000                  1.5791408944672838E+000 
                                     535                  1.1773409498446103E+001                  7.0460018820890369E-001                  6.4138251630442999E+000                 -2.5866925174343858E+000                  1.2005382104499558E+001                  6.9999999801168722E-001                  2.8000000198831293E-001                  1.9999999999999796E-002                  0.0000000000000000E+000                  7.0997117446782935E+008                  2.4647042174016770E+007                  1.8330418129756660E-008                  3.1939805662965899E-022                  0.0000000000000000E+000                  8.5268613845385621E-001                  6.1696636345665413E+010                  4.7603480511381743E-008                  4.9894806470988635E-016                 -3.6611806464167795E+000                  1.1954925759468571E+000                  1.4340532033066882E+000                  1.5845682011386788E+000 
                                     536                  1.1769695196768517E+001                  7.0233040857024331E-001                  6.4199449740999670E+000                 -2.5673832963507390E+000                  1.2030705356779551E+001                  6.9999999791178935E-001                  2.8000000208821080E-001                  1.9999999999999796E-002                  0.0000000000000000E+000                  7.0904431900000262E+008                  2.4819602802167173E+007                  2.1308234514864927E-008                  5.2789133769096190E-022                  0.0000000000000000E+000                  8.4567972808083647E-001                  6.1946510552824760E+010                  4.8825225864108931E-008                  5.3940389306966904E-016                 -3.6556778695007575E+000                  1.2008651776728869E+000                  1.4394258050327180E+000                  1.5899408028647088E+000 
                                     537                  1.1765980895090928E+001                  7.0012551958259472E-001                  6.4258934967099846E+000                 -2.5484583523190132E+000                  1.2055458568797487E+001                  6.9999999780767208E-001                  2.8000000219232801E-001                  1.9999999999999907E-002                  0.0000000000000000E+000                  7.0800274807922029E+008                  2.4988143761511192E+007                  2.4661811493519275E-008                  8.5881121175827981E-022                  0.0000000000000000E+000                  8.3851782237486816E-001                  6.2175353372455948E+010                  5.0045667912531848E-008                  5.8143085002160878E-016                 -3.6503167551273936E+000                  1.2060327890992684E+000                  1.4445934164590997E+000                  1.5951084142910903E+000 
                                     538                  1.1762155180812139E+001                  6.9791794273705654E-001                  6.4316780215421643E+000                 -2.5298853056435902E+000                  1.2079680340299371E+001                  6.9999999769903976E-001                  2.8000000230096045E-001                  1.9999999999999796E-002                  0.0000000000000000E+000                  7.0683720104641712E+008                  2.5152762400293797E+007                  2.8425725112475891E-008                  1.3763846962336475E-021                  0.0000000000000000E+000                  8.3131960626131185E-001                  6.2391035759670860E+010                  5.1285211751645897E-008                  6.2634068977823790E-016                 -3.6450039234921956E+000                  1.2111573661111290E+000                  1.4497179934709603E+000                  1.6002329913029509E+000 
                                     539                  1.1758329466533345E+001                  6.9577072940102203E-001                  6.4373124761481257E+000                 -2.5116514839470914E+000                  1.2103400657576790E+001                  6.9999999758439457E-001                  2.8000000241560541E-001                  2.0000000000000018E-002                  0.0000000000000000E+000                  7.0557536653152943E+008                  2.5313842122299034E+007                  3.2639349736154807E-008                  2.1757259138458028E-021                  0.0000000000000000E+000                  8.2413707125916325E-001                  6.2588276369310852E+010                  5.2495248158487019E-008                  6.7507466410839449E-016                 -3.6399400034584271E+000                  1.2160960959875049E+000                  1.4546567233473360E+000                  1.6051717211793266E+000 
                                     540                  1.1754389522404717E+001                  6.9361860239250817E-001                  6.4428033564392697E+000                 -2.4937305949098088E+000                  1.2126651660250250E+001                  6.9999999746432640E-001                  2.8000000253567353E-001                  2.0000000000000018E-002                  0.0000000000000000E+000                  7.0421160229521096E+008                  2.5471483957880821E+007                  3.7342680257818475E-008                  3.3946186158703105E-021                  0.0000000000000000E+000                  8.1705181325160581E-001                  6.2774005922504692E+010                  5.3702583846738667E-008                  7.2638501338237136E-016                 -3.6350024090740147E+000                  1.2210027733555380E+000                  1.4595634007153691E+000                  1.6100783985473599E+000 
                                     541                  1.1750449578276088E+001                  6.9152295176208567E-001                  6.4481630829280761E+000                 -2.4761135311001485E+000                  1.2149458131311127E+001                  6.9999999733903684E-001                  2.8000000266096314E-001                  2.0000000000000018E-002                  0.0000000000000000E+000                  7.0277271800702024E+008                  2.5626043159931909E+007                  4.2581309806692492E-008                  5.2331743917736275E-021                  0.0000000000000000E+000                  8.1008893136670035E-001                  6.2943824742680756E+010                  5.4864916928806039E-008                  7.7846996268149295E-016                 -3.6303526370154007E+000                  1.2257408259865106E+000                  1.4643014533463419E+000                  1.6148164511783325E+000 
                                     542                  1.1746392538379480E+001                  6.8942053841351936E-001                  6.4520948996209144E+000                 -2.4630007040808533E+000                  1.2166357163407724E+001                  6.9999999724021511E-001                  2.8000000275978504E-001                  1.9999999999999796E-002                  0.0000000000000000E+000                  7.0154812148256159E+008                  2.5739622169256050E+007                  4.6894412416443003E-008                  7.1845314768970565E-021                  0.0000000000000000E+000                  8.0508688484938806E-001                  6.3099168437254051E+010                  5.6002002359745370E-008                  8.2883887589682922E-016                 -3.6258982222268870E+000                  1.2304554938181771E+000                  1.4690161211780082E+000                  1.6195311190099988E+000 
                                     543                  1.1744364018431174E+001                  6.8838949163048535E-001                  6.4546641118233792E+000                 -2.4544664078508402E+000                  1.2177369508880670E+001                  6.9999999717273653E-001                  2.8000000282726339E-001                  2.0000000000000018E-002                  0.0000000000000000E+000                  7.0078191871666884E+008                  2.5814186169551786E+007                  4.9936325445365324E-008                  8.8326881219273334E-021                  0.0000000000000000E+000                  8.0175833298281629E-001                  6.3171716948064857E+010                  5.6550946139411780E-008                  8.7255095043929798E-016                 -3.6237800623039376E+000                  1.2327543914565944E+000                  1.4713150188164257E+000                  1.6218300166484163E+000 
                                     544                  1.1742335498482870E+001                  6.8737132721408323E-001                  6.4585170822325075E+000                 -2.4417184906057958E+000                  1.2193839558734860E+001                  6.9999999706870242E-001                  2.8000000293129751E-001                  2.0000000000000018E-002                  0.0000000000000000E+000                  6.9968285365010369E+008                  2.5926523696288906E+007                  5.4856092894607070E-008                  1.2029536777442583E-020                  0.0000000000000000E+000                  7.9668192710047692E-001                  6.3245681790817566E+010                  5.7097674936667332E-008                  9.1653284715682895E-016                 -3.6216907881076743E+000                  1.2350175974299262E+000                  1.4735782247897573E+000                  1.6240932226217479E+000 
                                     545                  1.1738158439356150E+001                  6.8531367342566396E-001                  6.4635265270895550E+000                 -2.4249144520355226E+000                  1.2215458091301629E+001                  6.9999999692406289E-001                  2.8000000307593714E-001                  2.0000000000000018E-002                  0.0000000000000000E+000                  6.9805103356768680E+008                  2.6072829165226873E+007                  6.1997964516062432E-008                  1.7962154324685092E-020                  0.0000000000000000E+000                  7.9024006921383116E-001                  6.3388179420494202E+010                  5.8187001644403926E-008                  9.7257862917186937E-016                 -3.6175870106354626E+000                  1.2395673958455804E+000                  1.4781280232054115E+000                  1.6286430210374021E+000 
                                     546                  1.1733981380229428E+001                  6.8330612400050128E-001                  6.4684352291364773E+000                 -2.4083608665066762E+000                  1.2236720420737459E+001                  6.9999999677241154E-001                  2.8000000322758856E-001                  1.9999999999999907E-002                  0.0000000000000000E+000                  6.9638125595095778E+008                  2.6216819371117160E+007                  6.9887856871583486E-008                  2.6574111177748532E-020                  0.0000000000000000E+000                  7.8395152717442684E-001                  6.3514549576682518E+010                  5.9220474506954608E-008                  1.0400514891526724E-015                 -3.6137640585634778E+000                  1.2439753755431791E+000                  1.4825360029030101E+000                  1.6330510007350008E+000 
                                     547                  1.1729681314294192E+001                  6.8128889928578795E-001                  6.4732467505565454E+000                 -2.3920409078314839E+000                  1.2257646329269862E+001                  6.9999999661334988E-001                  2.8000000338665004E-001                  2.0000000000000018E-002                  0.0000000000000000E+000                  6.9466853128416514E+008                  2.6358544349879805E+007                  7.8586809391318590E-008                  3.8968710939972209E-020                  0.0000000000000000E+000                  7.7782615948005041E-001                  6.3633759960754593E+010                  6.0241360247514527E-008                  1.1149078051208044E-015                 -3.6100526151722701E+000                  1.2483765170226855E+000                  1.4869371443825168E+000                  1.6374521422145074E+000 
                                     548                  1.1725381248358953E+001                  6.7931913175893022E-001                  6.4779691273217184E+000                 -2.3759498672909332E+000                  1.2278250746015278E+001                  6.9999999644699962E-001                  2.8000000355300042E-001                  2.0000000000000018E-002                  0.0000000000000000E+000                  6.9293083800484681E+008                  2.6498247894560184E+007                  8.8164215945168233E-008                  5.6678728283118315E-020                  0.0000000000000000E+000                  7.7184103807703897E-001                  6.3743021943532501E+010                  6.1222453412441961E-008                  1.1943309296365900E-015                 -3.6065446352937478E+000                  1.2526482183406940E+000                  1.4912088457005250E+000                  1.6417238435325157E+000 
                                     549                  1.1720955114243589E+001                  6.7733852199237965E-001                  6.4826051390727919E+000                 -2.3600727224130709E+000                  1.2298550798201807E+001                  6.9999999627240284E-001                  2.8000000372759720E-001                  2.0000000000000018E-002                  0.0000000000000000E+000                  6.9116266017751503E+008                  2.6635962916669920E+007                  9.8689893856617100E-008                  8.1790795308397930E-020                  0.0000000000000000E+000                  7.6600476963364239E-001                  6.3846122061417847E+010                  6.2194618462515061E-008                  1.2788474473011644E-015                 -3.6031235960239285E+000                  1.2569188429582985E+000                  1.4954794703181296E+000                  1.6459944681501202E+000 
                                     550                  1.1716528980128224E+001                  6.7540300892331495E-001                  6.4871617818732350E+000                 -2.3444054983383555E+000                  1.2318559351664922E+001                  6.9999999609031149E-001                  2.8000000390968838E-001                  2.0000000000000129E-002                  0.0000000000000000E+000                  6.8937958478689003E+008                  2.6771904809620623E+007                  1.1024322158212707E-007                  1.1717069140788904E-019                  0.0000000000000000E+000                  7.6029601862377461E-001                  6.3940635197154678E+010                  6.3131831873893799E-008                  1.3717379434476802E-015                 -3.5998758043607082E+000                  1.2610694564801086E+000                  1.4996300838399399E+000                  1.6501450816719305E+000 
                                     551                  1.1711973626995501E+001                  6.7345562911063606E-001                  6.4916412163170376E+000                 -2.3289347027959462E+000                  1.2338291342080066E+001                  6.9999999589777040E-001                  2.8000000410222958E-001                  2.0000000000000018E-002                  0.0000000000000000E+000                  6.8757570720770156E+008                  2.6906092813446037E+007                  1.2290389644106715E-007                  1.6667538634607677E-019                  0.0000000000000000E+000                  7.5472246186013170E-001                  6.4029801790507851E+010                  6.4063240612346528E-008                  1.4789173707086117E-015                 -3.5966955482555205E+000                  1.2652238081025331E+000                  1.5037844354623642E+000                  1.6542994332943548E+000 
                                     552                  1.1707418273862778E+001                  6.7155123128258232E-001                  6.4982677347767073E+000                 -2.3062454019439098E+000                  1.2367306996168502E+001                  6.9999999559281045E-001                  2.8000000440718942E-001                  2.0000000000000129E-002                  0.0000000000000000E+000                  6.8509813118598592E+008                  2.7106289232579801E+007                  1.4421007952194137E-007                  2.8003053775201078E-019                  0.0000000000000000E+000                  7.4626647342757402E-001                  6.4118320640882431E+010                  6.4977742892876639E-008                  1.6035475675521493E-015                 -3.5936176893255718E+000                  1.2692678944498905E+000                  1.5078285218097216E+000                  1.6583435196417122E+000 
                                     553                  1.1698042632757392E+001                  6.6775733506971713E-001                  6.5046645765126421E+000                 -2.2836433451128983E+000                  1.2395943516915640E+001                  6.9999999526793544E-001                  2.8000000473206438E-001                  2.0000000000000240E-002                  0.0000000000000000E+000                  6.8211863251512110E+008                  2.7299522413241193E+007                  1.6845130084039243E-007                  4.6178713972115498E-019                  0.0000000000000000E+000                  7.3869055423227725E-001                  6.4265783400893768E+010                  6.6750229426085600E-008                  1.7523970887146038E-015                 -3.5877736186272982E+000                  1.2772652969126257E+000                  1.5158259242724568E+000                  1.6663409221044474E+000 
                                     554                  1.1693218993333568E+001                  6.6586763889322809E-001                  6.5088768925193019E+000                 -2.2688911948469896E+000                  1.2414684595811952E+001                  6.9999999503737353E-001                  2.8000000496262623E-001                  2.0000000000000240E-002                  0.0000000000000000E+000                  6.8028499965230489E+008                  2.7427829258398015E+007                  1.8648632524788891E-007                  6.4095750172320622E-019                  0.0000000000000000E+000                  7.3356932419420151E-001                  6.4325524802855392E+010                  6.7603984860614905E-008                  1.8963760260042099E-015                 -3.5850138520885699E+000                  1.2812199241301410E+000                  1.5197805514899720E+000                  1.6702955493219627E+000 
                                     555                  1.1688395353909746E+001                  6.6401730541904791E-001                  6.5130314090193719E+000                 -2.2543035378801246E+000                  1.2433203398529594E+001                  6.9999999479635866E-001                  2.8000000520364116E-001                  2.0000000000000240E-002                  0.0000000000000000E+000                  6.7845447319170523E+008                  2.7554910670032419E+007                  2.0613428220174549E-007                  8.8489208801456441E-019                  0.0000000000000000E+000                  7.2854158670432234E-001                  6.4386220524834282E+010                  6.8449232441599688E-008                  2.0362858519423145E-015                 -3.5823157087412318E+000                  1.2850779169096456E+000                  1.5236385442694766E+000                  1.6741535421014675E+000 
                                     556                  1.1683432431361357E+001                  6.6215265492599484E-001                  6.5171290670676045E+000                 -2.2398702947845210E+000                  1.2451510195179287E+001                  6.9999999454352757E-001                  2.8000000545647213E-001                  2.0000000000000240E-002                  0.0000000000000000E+000                  6.7662084374169266E+008                  2.7680759489189558E+007                  2.2751246214559751E-007                  1.2152952575013837E-018                  0.0000000000000000E+000                  7.2361393929007178E-001                  6.4443250438526146E+010                  6.9295795495655965E-008                  2.1752200499551405E-015                 -3.5796465576466971E+000                  1.2889501030784376E+000                  1.5275107304382689E+000                  1.6780257282702595E+000 
                                     557                  1.1678469508812970E+001                  6.6032581051815487E-001                  6.5211742623854914E+000                 -2.2255893631474168E+000                  1.2469612659372347E+001                  6.9999999427926141E-001                  2.8000000572073813E-001                  2.0000000000000462E-002                  0.0000000000000000E+000                  6.7479364710839069E+008                  2.7805518344868250E+007                  2.5075446378372278E-007                  1.6609443989030170E-018                  0.0000000000000000E+000                  7.1877151820129415E-001                  6.4495263253076599E+010                  7.0120654649673303E-008                  2.3234046144861394E-015                 -3.5770770189829779E+000                  1.2927290562644709E+000                  1.5312896836243020E+000                  1.6818046814562926E+000 
                                     558                  1.1673363719979067E+001                  6.5848398307194089E-001                  6.5251676775907113E+000                 -2.2114515283049281E+000                  1.2487519948417935E+001                  6.9999999400207202E-001                  2.8000000599792757E-001                  2.0000000000000462E-002                  0.0000000000000000E+000                  6.7296684829557192E+008                  2.7929174717695974E+007                  2.7599331831427950E-007                  2.2592067995425395E-018                  0.0000000000000000E+000                  7.1402108166349132E-001                  6.4543993011702393E+010                  7.0948341954038342E-008                  2.4977309313090357E-015                 -3.5745288747235908E+000                  1.2965247611410036E+000                  1.5350853885008346E+000                  1.6856003863328253E+000 
                                     559                  1.1668257931145165E+001                  6.5667854699931705E-001                  6.5310999709279924E+000                 -2.1906373780097641E+000                  1.2513954888726667E+001                  6.9999999356048104E-001                  2.8000000643951828E-001                  2.0000000000000684E-002                  0.0000000000000000E+000                  6.7042969734439254E+008                  2.8114325755352963E+007                  3.1798963155899642E-007                  3.5607889358275816E-018                  0.0000000000000000E+000                  7.0680964274929825E-001                  6.4593862242214561E+010                  7.1767565193718177E-008                  2.7164125572522032E-015                 -3.5720358937562797E+000                  1.3002333314695984E+000                  1.5387939588294295E+000                  1.6893089566614201E+000 
                                     560                  1.1657753214019666E+001                  6.5307109645778105E-001                  6.5388071643058554E+000                 -2.1631646343707787E+000                  1.2548688889068982E+001                  6.9999999292457471E-001                  2.8000000707542444E-001                  2.0000000000000906E-002                  0.0000000000000000E+000                  6.6680791124299037E+008                  2.8355891149687316E+007                  3.8235157911708461E-007                  6.4190175795697489E-018                  0.0000000000000000E+000                  6.9780453319800151E-001                  6.4683177620647949E+010                  7.3397740257340788E-008                  2.9982408744755138E-015                 -3.5671586553885222E+000                  1.3076052667030509E+000                  1.5461658940628820E+000                  1.6966808918948728E+000 
                                     561                  1.1646947708803099E+001                  6.4950037608648270E-001                  6.5444493310202763E+000                 -2.1427650508231286E+000                  1.2574377483105755E+001                  6.9999999241015065E-001                  2.8000000758984822E-001                  2.0000000000001128E-002                  0.0000000000000000E+000                  6.6394767536526477E+008                  2.8533524249462269E+007                  4.3766146015900319E-007                  9.8682596505508596E-018                  0.0000000000000000E+000                  6.9145303561551730E-001                  6.4738056908766151E+010                  7.4954470947861216E-008                  3.3030383951519248E-015                 -3.5626012284387145E+000                  1.3148489708855229E+000                  1.5534095982453540E+000                  1.7039245960773446E+000 
                                     562                  1.1641390617258374E+001                  6.4771553178478858E-001                  6.5481808999486937E+000                 -2.1293936524289019E+000                  1.2591260418832420E+001                  6.9999999204532515E-001                  2.8000000795467372E-001                  2.0000000000001128E-002                  0.0000000000000000E+000                  6.6216841065693486E+008                  2.8651904362563785E+007                  4.7832710915336137E-007                  1.3099132297952703E-017                  0.0000000000000000E+000                  6.8716654411608002E-001                  6.4761581767994469E+010                  7.5728580399603279E-008                  3.5783330061580661E-015                 -3.5603700921700083E+000                  1.3184529792161752E+000                  1.5570136065760063E+000                  1.7075286044079969E+000 
                                     563                  1.1635833525713645E+001                  6.4596353095852233E-001                  6.5518757929628126E+000                 -2.1161364000418419E+000                  1.2607993924920748E+001                  6.9999999166414484E-001                  2.8000000833585365E-001                  2.0000000000001572E-002                  0.0000000000000000E+000                  6.6040282065092397E+008                  2.8769597255665265E+007                  5.2224252439857256E-007                  1.7327601019447774E-017                  0.0000000000000000E+000                  6.8294646933062353E-001                  6.4787274500501251E+010                  7.6498303882886173E-008                  3.8313932531652716E-015                 -3.5581740969491338E+000                  1.3219816362977781E+000                  1.5605422636576092E+000                  1.7110572614895998E+000 
                                     564                  1.1630118029521476E+001                  6.4419437907255905E-001                  6.5555340675058265E+000                 -2.1029866666227917E+000                  1.2624584030149359E+001                  6.9999999126448631E-001                  2.8000000873551212E-001                  2.0000000000001572E-002                  0.0000000000000000E+000                  6.5864554945132577E+008                  2.8886578897604432E+007                  5.6962566820520533E-007                  2.2842670112650048E-017                  0.0000000000000000E+000                  6.7880011626666747E-001                  6.4810737159911896E+010                  7.7273568707399952E-008                  4.0786856251387472E-015                 -3.5559845151849649E+000                  1.3255345873055706E+000                  1.5640952146654017E+000                  1.7146102124973923E+000 
                                     565                  1.1624402533329308E+001                  6.4245707770050375E-001                  6.5591586431557598E+000                 -2.0899436355612213E+000                  1.2641035262283188E+001                  6.9999999084694631E-001                  2.8000000915305184E-001                  2.0000000000001794E-002                  0.0000000000000000E+000                  6.5690292372973537E+008                  2.9002950528297041E+007                  6.2072573563347287E-007                  3.0016738377010504E-017                  0.0000000000000000E+000                  6.7471983207004105E-001                  6.4831446696424156E+010                  7.8032632907622494E-008                  4.3419161388035087E-015                 -3.5538618696297575E+000                  1.3290138281444874E+000                  1.5675744555043187E+000                  1.7180894533363094E+000 
                                     566                  1.1618524445068230E+001                  6.4070217701066245E-001                  6.5627494968517857E+000                 -2.0770011783351667E+000                  1.2657353100448228E+001                  6.9999999040920580E-001                  2.8000000959079197E-001                  2.0000000000002238E-002                  0.0000000000000000E+000                  6.5516988192291749E+008                  2.9118687277529739E+007                  6.7578894143407100E-007                  3.9319052091485263E-017                  0.0000000000000000E+000                  6.7071322804423161E-001                  6.4850116207684113E+010                  7.8796839218117667E-008                  4.6444041449278700E-015                 -3.5517456015195714E+000                  1.3325187971957697E+000                  1.5710794245556008E+000                  1.7215944223875914E+000 
                                     567                  1.1612646356807154E+001                  6.3897821187324566E-001                  6.5681028407641584E+000                 -2.0578810743709006E+000                  1.2681524342267821E+001                  6.9999998971225819E-001                  2.8000001028773891E-001                  2.0000000000002904E-002                  0.0000000000000000E+000                  6.5274257170100164E+008                  2.9292497281301405E+007                  7.6653293065452990E-007                  5.8704045977313190E-017                  0.0000000000000000E+000                  6.6465872935052228E-001                  6.4870940073275162E+010                  7.9553340484341433E-008                  4.9980249059102917E-015                 -3.5496707896965876E+000                  1.3359539306688817E+000                  1.5745145580287128E+000                  1.7250295558607034E+000 
                                     568                  1.1600556376302906E+001                  6.3552393214797587E-001                  6.5733389772854887E+000                 -2.0387569357375726E+000                  1.2705549455196303E+001                  6.9999998897126714E-001                  2.8000001102872929E-001                  2.0000000000003570E-002                  0.0000000000000000E+000                  6.5005689367002845E+008                  2.9462703023313925E+007                  8.6760383491237487E-007                  8.6840584306628886E-017                  0.0000000000000000E+000                  6.5910521410939871E-001                  6.4897463552377090E+010                  8.1044095109219944E-008                  5.4251729323784851E-015                 -3.5456393112276179E+000                  1.3428089862084347E+000                  1.5813696135682658E+000                  1.7318846114002564E+000 
                                     569                  1.1594340054084004E+001                  6.3379361426529390E-001                  6.5768106781179601E+000                 -2.0261909733421621E+000                  1.2721377295594447E+001                  6.9999998844751765E-001                  2.8000001155247833E-001                  2.0000000000004015E-002                  0.0000000000000000E+000                  6.4837801022119284E+008                  2.9576367612193156E+007                  9.4143076567994712E-007                  1.1246534298197425E-016                  0.0000000000000000E+000                  6.5537998635376316E-001                  6.4903414920649101E+010                  8.1774204860117436E-008                  5.8565232469022617E-015                 -3.5436918350447324E+000                  1.3462290286020762E+000                  1.5847896559619072E+000                  1.7353046537938979E+000 
                                     570                  1.1588123731865103E+001                  6.3209260369131748E-001                  6.5811160808387710E+000                 -2.0106743938942233E+000                  1.2740946855155991E+001                  6.9999998775605687E-001                  2.8000001224393811E-001                  2.0000000000005014E-002                  0.0000000000000000E+000                  6.4636090713123882E+008                  2.9718110606727604E+007                  1.0413887860878058E-006                  1.5482416800212136E-016                  0.0000000000000000E+000                  6.5076362112904740E-001                  6.4914167835151352E+010                  8.2500920507700385E-008                  6.3321110202648404E-015                 -3.5417706028814941E+000                  1.3495849572371947E+000                  1.5881455845970260E+000                  1.7386605824290167E+000 
                                     571                  1.1578568910816507E+001                  6.2953243797824221E-001                  6.5870930006169308E+000                 -1.9891067951513735E+000                  1.2768140600662381E+001                  6.9999998671921726E-001                  2.8000001328077645E-001                  2.0000000000006235E-002                  0.0000000000000000E+000                  6.4356305853534973E+008                  2.9916023366862964E+007                  1.1975939214133032E-006                  2.4093208990361473E-016                  0.0000000000000000E+000                  6.4447912696476428E-001                  6.4930485620506599E+010                  8.3591722930111827E-008                  6.9011880430679858E-015                 -3.5389183616617226E+000                  1.3546224578394299E+000                  1.5931830851992610E+000                  1.7436980830312516E+000 
                                     572                  1.1565514563525308E+001                  6.2613489199920702E-001                  6.5929841504789968E+000                 -1.9676235524628556E+000                  1.2795150319853937E+001                  6.9999998560582499E-001                  2.8000001439416727E-001                  2.0000000000007789E-002                  0.0000000000000000E+000                  6.4066111658576643E+008                  3.0112013507528897E+007                  1.3745772071420417E-006                  3.7208670981274237E-016                  0.0000000000000000E+000                  6.3857022321610868E-001                  6.4938310132646561E+010                  8.5005225798940913E-008                  7.5882322787178425E-015                 -3.5352771873435538E+000                  1.3612806770798691E+000                  1.5998413044397002E+000                  1.7503563022716908E+000 
                                     573                  1.1555377020732887E+001                  6.2357155767829164E-001                  6.5979730629007536E+000                 -1.9495025052826449E+000                  1.2817960526881789E+001                  6.9999998457264223E-001                  2.8000001542734804E-001                  2.0000000000009788E-002                  0.0000000000000000E+000                  6.3828038061949313E+008                  3.0279201872080557E+007                  1.5439776223370809E-006                  5.3680020265431059E-016                  0.0000000000000000E+000                  6.3363400599665853E-001                  6.4937422787882408E+010                  8.6047859373063666E-008                  8.3179569665711669E-015                 -3.5326299646091157E+000                  1.3662853426926924E+000                  1.6048459700525235E+000                  1.7553609678845141E+000 
                                     574                  1.1545239477940465E+001                  6.2106958574822535E-001                  6.6020689495385483E+000                 -1.9345597861974000E+000                  1.2836748326595405E+001                  6.9999998365644067E-001                  2.8000001634354776E-001                  2.0000000000011564E-002                  0.0000000000000000E+000                  6.3629187787213993E+008                  3.0417071322033893E+007                  1.6984104985486822E-006                  7.2467826055224611E-016                  0.0000000000000000E+000                  6.2971160863649478E-001                  6.4934054635032707E+010                  8.7051121378692475E-008                  9.0365544641240738E-015                 -3.5301128149991063E+000                  1.3711563614472235E+000                  1.6097169888070546E+000                  1.7602319866390452E+000 
                                     575                  1.1538242749869154E+001                  6.1937681928094346E-001                  6.6053452814714184E+000                 -1.9226593848986866E+000                  1.2851730350809200E+001                  6.9999998288795984E-001                  2.8000001711202688E-001                  2.0000000000013340E-002                  0.0000000000000000E+000                  6.3475010399919713E+008                  3.0527939390305288E+007                  1.8324929964635812E-006                  9.2062082798440675E-016                  0.0000000000000000E+000                  6.2659882765649533E-001                  6.4930552931539894E+010                  8.7720573570953194E-008                  9.7184595451821328E-015                 -3.5284492686506681E+000                  1.3744444688895885E+000                  1.6130050962494196E+000                  1.7635200940814102E+000 
                                     576                  1.1531246021797839E+001                  6.1771058824626845E-001                  6.6102458208109267E+000                 -1.9050284556414940E+000                  1.2873987915593080E+001                  6.9999998166065214E-001                  2.8000001833933158E-001                  2.0000000000016227E-002                  0.0000000000000000E+000                  6.3258391090994036E+008                  3.0694903508229818E+007                  2.0517474305735989E-006                  1.3150175160271859E-015                  0.0000000000000000E+000                  6.2193141678635644E-001                  6.4931888913875282E+010                  8.8382444218064701E-008                  1.0471703961727882E-014                 -3.5268169960930185E+000                  1.3776765264302837E+000                  1.6162371537901148E+000                  1.7667521516221054E+000 
                                     577                  1.1516859365633405E+001                  6.1436338539393276E-001                  6.6158971937259077E+000                 -1.8844196962220381E+000                  1.2899908605105937E+001                  6.9999998013333153E-001                  2.8000001986664785E-001                  2.0000000000020668E-002                  0.0000000000000000E+000                  6.2990502686842763E+008                  3.0888103383771922E+007                  2.3379862305579331E-006                  1.9821456190658255E-015                  0.0000000000000000E+000                  6.1685546935985014E-001                  6.4927914749631477E+010                  8.9690229178736050E-008                  1.1428511549574322E-014                 -3.5236274331317339E+000                  1.3841520857162146E+000                  1.6227127130760457E+000                  1.7732277109080363E+000 
                                     578                  1.1505689322393380E+001                  6.1183416280322012E-001                  6.6206942000962199E+000                 -1.8670093766699705E+000                  1.2921837445392194E+001                  6.9999997871846220E-001                  2.8000002128151225E-001                  2.0000000000025553E-002                  0.0000000000000000E+000                  6.2771120548726273E+008                  3.1053272405185640E+007                  2.6107679190234635E-006                  2.8039489232474224E-015                  0.0000000000000000E+000                  6.1260032649098506E-001                  6.4916749496545990E+010                  9.0653640838057154E-008                  1.2462341334708742E-014                 -3.5213073745259611E+000                  1.3890298149551803E+000                  1.6275904423150114E+000                  1.7781054401470020E+000 
                                     579                  1.1494519279153355E+001                  6.0936198857751800E-001                  6.6246408441556675E+000                 -1.8526370867252535E+000                  1.2939924142823049E+001                  6.9999997746622722E-001                  2.8000002253374262E-001                  2.0000000000030216E-002                  0.0000000000000000E+000                  6.2588467789139700E+008                  3.1189769882152151E+007                  2.8586104818097350E-006                  3.7271470308525460E-015                  0.0000000000000000E+000                  6.0919597946865300E-001                  6.4904316129790970E+010                  9.1587778853981570E-008                  1.3500920223480906E-014                 -3.5190812365851500E+000                  1.3937865847215500E+000                  1.6323472120813811E+000                  1.7828622099133717E+000 
                                     580                  1.1486811381984383E+001                  6.0768777724466949E-001                  6.6278020430148095E+000                 -1.8411795186150663E+000                  1.2954362734397543E+001                  6.9999997641495870E-001                  2.8000002358500664E-001                  2.0000000000034657E-002                  0.0000000000000000E+000                  6.2446926314320362E+008                  3.1299667199506667E+007                  3.0731861893378571E-006                  4.6782734754811810E-015                  0.0000000000000000E+000                  6.0647804572537600E-001                  6.4895172581097572E+010                  9.2216724687127688E-008                  1.4514891783895833E-014                 -3.5175951534610794E+000                  1.3970019656741437E+000                  1.6355625930339748E+000                  1.7860775908659654E+000 
                                     581                  1.1479103484815409E+001                  6.0603833061721568E-001                  6.6325365714397657E+000                 -1.8241843179041410E+000                  1.2975838938346353E+001                  6.9999997473511255E-001                  2.8000002526484485E-001                  2.0000000000042650E-002                  0.0000000000000000E+000                  6.2247992450622320E+008                  3.1465345898320060E+007                  3.4229716025415702E-006                  6.5667906162446082E-015                  0.0000000000000000E+000                  6.0237666289843605E-001                  6.4890883212999756E+010                  9.2843830857820030E-008                  1.5695936700639796E-014                 -3.5161234741442073E+000                  1.4001661336316504E+000                  1.6387267609914815E+000                  1.7892417588234721E+000 
                                     582                  1.1463256877387284E+001                  6.0272101769769126E-001                  6.6387785932125425E+000                 -1.8015992383604458E+000                  1.3004317966087386E+001                  6.9999997232300659E-001                  2.8000002767693749E-001                  2.0000000000055973E-002                  0.0000000000000000E+000                  6.1975415567267311E+008                  3.1684843436220452E+007                  3.9456754348805947E-006                  1.0255487681657197E-014                  0.0000000000000000E+000                  5.9718376939735229E-001                  6.4880274694345955E+010                  9.4102968304726358E-008                  1.7259978404368789E-014                 -3.5131983386687748E+000                  1.4065159988955811E+000                  1.6450766262554122E+000                  1.7955916240874028E+000 
                                     583                  1.1446968101453049E+001                  5.9940896229226426E-001                  6.6449718268774625E+000                 -1.7792203362188252E+000                  1.3032550147611898E+001                  6.9999996968537703E-001                  2.8000003031454967E-001                  2.0000000000073292E-002                  0.0000000000000000E+000                  6.1709755249315858E+008                  3.1904280238445420E+007                  4.5407207369154650E-006                  1.5929182687594948E-014                  0.0000000000000000E+000                  5.9212275066708553E-001                  6.4860264531291359E+010                  9.5345329256428213E-008                  1.9055132439314179E-014                 -3.5103502885813733E+000                  1.4128364179771971E+000                  1.6513970453370281E+000                  1.8019120431690188E+000 
                                     584                  1.1430225524914158E+001                  5.9610083023016547E-001                  6.6495701419605862E+000                 -1.7624847407533657E+000                  1.3053622752492281E+001                  6.9999996755551308E-001                  2.8000003244439753E-001                  2.0000000000089391E-002                  0.0000000000000000E+000                  6.1505951084012818E+008                  3.2068013821174856E+007                  5.0397421530327693E-006                  2.2068627302719092E-014                  0.0000000000000000E+000                  5.8849040694319510E-001                  6.4831566998205780E+010                  9.6578102275326106E-008                  2.0911528174147648E-014                 -3.5075606662904253E+000                  1.4191309805392418E+000                  1.6576916078990729E+000                  1.8082066057310635E+000 
                                     585                  1.1421621378650004E+001                  5.9443665808334945E-001                  6.6526332220840931E+000                 -1.7514400286728757E+000                  1.3067566503161117E+001                  6.9999996604719827E-001                  2.8000003395269929E-001                  2.0000000000102380E-002                  0.0000000000000000E+000                  6.1378156984501851E+008                  3.2177772098584473E+007                  5.4001813786194932E-006                  2.7398969729636534E-014                  0.0000000000000000E+000                  5.8603806533695257E-001                  6.4816531460230049E+010                  9.7200699793637305E-008                  2.2646501335206549E-014                 -3.5061653041859309E+000                  1.4222911185852050E+000                  1.6608517459450363E+000                  1.8113667437770269E+000 
                                     586                  1.1413017232385846E+001                  5.9279564751850966E-001                  6.6572255126273721E+000                 -1.7350379068850583E+000                  1.3088329920358905E+001                  6.9999996364843808E-001                  2.8000003635143644E-001                  2.0000000000125473E-002                  0.0000000000000000E+000                  6.1198397371425605E+008                  3.2343364003964238E+007                  5.9860098306533345E-006                  3.7850499851993951E-014                  0.0000000000000000E+000                  5.8231284292560204E-001                  6.4807974250943474E+010                  9.7830229477737097E-008                  2.4502925292704302E-014                 -3.5047634638801521E+000                  1.4254042747486675E+000                  1.6639649021084988E+000                  1.8144798999404894E+000 
                                     587                  1.1395331018360192E+001                  5.8949159577910171E-001                  6.6632912429508293E+000                 -1.7132131326157374E+000                  1.3115903287512902E+001                  6.9999996020164035E-001                  2.8000003979819560E-001                  2.0000000000164109E-002                  0.0000000000000000E+000                  6.0952051087217641E+008                  3.2563150809813347E+007                  6.8582067146090593E-006                  5.7931846022959558E-014                  0.0000000000000000E+000                  5.7754180214124229E-001                  6.4789280917399292E+010                  9.9107024589190781E-008                  2.6748398497788038E-014                 -3.5019477810711654E+000                  1.4316597138091625E+000                  1.6702203411689938E+000                  1.8207353390009844E+000 
                                     588                  1.1377154382075279E+001                  5.8618780550331728E-001                  6.6678003617538542E+000                 -1.6968764555537288E+000                  1.3136505112213117E+001                  6.9999995741904419E-001                  2.8000004258075561E-001                  2.0000000000200191E-002                  0.0000000000000000E+000                  6.0762881822502303E+008                  3.2727338781070001E+007                  7.5877651367948474E-006                  7.9422041362579047E-014                  0.0000000000000000E+000                  5.7409812034490681E-001                  6.4755784051384621E+010                  1.0036924589655299E-007                  2.9139269063933909E-014                 -3.4991996694095890E+000                  1.4378958379713973E+000                  1.6764564653312284E+000                  1.8269714631632190E+000 
                                     589                  1.1367814454803780E+001                  5.8452453302658114E-001                  6.6708058358471094E+000                 -1.6860865271133592E+000                  1.3150147245331581E+001                  6.9999995544879856E-001                  2.8000004455097222E-001                  2.0000000000229168E-002                  0.0000000000000000E+000                  6.0644169929010141E+008                  3.2837445721223004E+007                  8.1137135287405396E-006                  9.7934519100936589E-014                  0.0000000000000000E+000                  5.7177324636067905E-001                  6.4738433106855095E+010                  1.0100829998848902E-007                  3.1271616326729679E-014                 -3.4978214690933442E+000                  1.4410292355383911E+000                  1.6795898628982222E+000                  1.8301048607302128E+000 
                                     590                  1.1358474527532280E+001                  5.8288345184131307E-001                  6.6738032549848150E+000                 -1.6753359187076531E+000                  1.3163743874382890E+001                  6.9999995339255316E-001                  2.8000004660718525E-001                  2.0000000000261586E-002                  0.0000000000000000E+000                  6.0527017023334563E+008                  3.2947663728831608E+007                  8.6734304430494712E-006                  1.2063925852306582E-013                  0.0000000000000000E+000                  5.6946691292125740E-001                  6.4724185106100121E+010                  1.0164784557572627E-007                  3.3226505438009476E-014                 -3.4964509108960957E+000                  1.4441173613155061E+000                  1.6826779886753371E+000                  1.8331929865073278E+000 
                                     591                  1.1348876443926081E+001                  5.8121935655208889E-001                  6.6767919973077099E+000                 -1.6646220252437760E+000                  1.3177296582900908E+001                  6.9999995123916192E-001                  2.8000004876053869E-001                  2.0000000000299334E-002                  0.0000000000000000E+000                  6.0411110936463201E+008                  3.3057958871493153E+007                  9.2688722189230179E-006                  1.4845257576641231E-013                  0.0000000000000000E+000                  5.6718218773810136E-001                  6.4709380278879158E+010                  1.0229874968905226E-007                  3.5129436889638206E-014                 -3.4950648371344553E+000                  1.4472447058100331E+000                  1.6858053331698641E+000                  1.8363203310018548E+000 
                                     592                  1.1339278360319879E+001                  5.7957716508802337E-001                  6.6797732542485466E+000                 -1.6539454150358002E+000                  1.3190806336227601E+001                  6.9999994899186402E-001                  2.8000005100779435E-001                  2.0000000000341633E-002                  0.0000000000000000E+000                  6.0296710957768238E+008                  3.3168382280841455E+007                  9.9022704456557461E-006                  1.8250131385091764E-013                  0.0000000000000000E+000                  5.6491601827073512E-001                  6.4694431995318779E+010                  1.0294324667757926E-007                  3.7098232564299901E-014                 -3.4937010694324617E+000                  1.4503268722088740E+000                  1.6888874995687051E+000                  1.8394024974006957E+000 
                                     593                  1.1329415421618657E+001                  5.7791171978424527E-001                  6.6827464068567641E+000                 -1.6433035712331872E+000                  1.3204274644282851E+001                  6.9999994663848808E-001                  2.8000005336112072E-001                  2.0000000000391260E-002                  0.0000000000000000E+000                  6.0183513036266148E+008                  3.3278900395519074E+007                  1.0575814057142807E-005                  2.2413592281003995E-013                  0.0000000000000000E+000                  5.6267152177493018E-001                  6.4678941308923248E+010                  1.0359887607855699E-007                  3.9176447870398937E-014                 -3.4923224780653177E+000                  1.4534486360853207E+000                  1.6920092634451518E+000                  1.8425242612771424E+000 
                                     594                  1.1319552482917434E+001                  5.7626790652160009E-001                  6.6857126221123648E+000                 -1.6326971083814670E+000                  1.3217702397390401E+001                  6.9999994418257605E-001                  2.8000005581697796E-001                  2.0000000000445994E-002                  0.0000000000000000E+000                  6.0071773273728144E+008                  3.3389563830109548E+007                  1.1291999014049881E-005                  2.7501485535776937E-013                  0.0000000000000000E+000                  5.6044591501178498E-001                  6.4663340068134445E+010                  1.0424771610911014E-007                  4.1363549773307242E-014                 -3.4909667254532453E+000                  1.4565258799287075E+000                  1.6950865072885388E+000                  1.8456015051205295E+000 
                                     595                  1.1309417836555518E+001                  5.7460060213942110E-001                  6.6886712859655990E+000                 -1.6221235929644984E+000                  1.3231091038575292E+001                  6.9999994161083823E-001                  2.8000005838865133E-001                  2.0000000000510498E-002                  0.0000000000000000E+000                  5.9961200549083936E+008                  3.3500339472442873E+007                  1.2053274142038583E-005                  3.3712276913049527E-013                  0.0000000000000000E+000                  5.5824235090112839E-001                  6.4647212855544403E+010                  1.0490733921409053E-007                  4.3671986084367273E-014                 -3.4895970639647773E+000                  1.4596430964406959E+000                  1.6982037238005270E+000                  1.8487187216325176E+000 
                                     596                  1.1299283190193602E+001                  5.7295467241445852E-001                  6.6916235433926055E+000                 -1.6115836853040688E+000                  1.3244441386634604E+001                  6.9999993892714762E-001                  2.8000006107226982E-001                  2.0000000000582552E-002                  0.0000000000000000E+000                  5.9852049478304911E+008                  3.3611277518396653E+007                  1.2862430453660638E-005                  4.1289381334352031E-013                  0.0000000000000000E+000                  5.5605829333472201E-001                  6.4631008836179901E+010                  1.0555969159196723E-007                  4.6160671027423249E-014                 -3.4882509436523979E+000                  1.4627164230644809E+000                  1.7012770504243122E+000                  1.8517920482563028E+000 
                                     597                  1.1288869829112317E+001                  5.7128501634581996E-001                  6.6945687870230621E+000                 -1.6010750306279431E+000                  1.3257754823876047E+001                  6.9999993611699307E-001                  2.8000006388234050E-001                  2.0000000000666374E-002                  0.0000000000000000E+000                  5.9744036973870134E+008                  3.3722345363536157E+007                  1.3722207230628565E-005                  5.0523695504697731E-013                  0.0000000000000000E+000                  5.5389691910494476E-001                  6.4614297793707382E+010                  1.0622235693007936E-007                  4.9066737096908956E-014                 -3.4868920332021260E+000                  1.4658300963941078E+000                  1.7043907237539391E+000                  1.8549057215859297E+000 
                                     598                  1.1278456468031031E+001                  5.6963649073440548E-001                  6.6989900455130815E+000                 -1.5854444871665432E+000                  1.3277608766594454E+001                  6.9999993164947982E-001                  2.8000006834970520E-001                  2.0000000000814921E-002                  0.0000000000000000E+000                  5.9592025839805639E+008                  3.3890060214131236E+007                  1.5114058513824695E-005                  6.8328537758066534E-013                  0.0000000000000000E+000                  5.5062726121834005E-001                  6.4600561253920761E+010                  1.0688211257317903E-007                  5.2736351309683257E-014                 -3.4855474853786554E+000                  1.4689008663299374E+000                  1.7074614936897685E+000                  1.8579764915217591E+000 
                                     599                  1.1257057996411435E+001                  5.6631212247189311E-001                  6.7048443645301727E+000                 -1.5646095444108110E+000                  1.3304026087635711E+001                  6.9999992523305099E-001                  2.8000007476588584E-001                  2.0000000001063167E-002                  0.0000000000000000E+000                  5.9383421697283125E+008                  3.4113215030134760E+007                  1.7176126203094412E-005                  1.0179612247549063E-012                  0.0000000000000000E+000                  5.4643875142126763E-001                  6.4572015710325340E+010                  1.0821354142338871E-007                  5.7714724644087495E-014                 -3.4828591949498500E+000                  1.4750815751989579E+000                  1.7136422025587890E+000                  1.8641572003907796E+000 
                                     600                  1.1235073150683045E+001                  5.6298094220072636E-001                  6.7106769900441305E+000                 -1.5438890684538831E+000                  1.3330313176889684E+001                  6.9999991822300678E-001                  2.8000008177560703E-001                  2.0000000001386242E-002                  0.0000000000000000E+000                  5.9179699616151452E+008                  3.4337131785319768E+007                  1.9500963665733619E-005                  1.5117827868475456E-012                  0.0000000000000000E+000                  5.4233948285867706E-001                  6.4536446495912704E+010                  1.0953511077174700E-007                  6.3444776551737563E-014                 -3.4802233241093123E+000                  1.4812586745709329E+000                  1.7198193019307639E+000                  1.8703342997627546E+000 
                                     601                  1.1212487003592209E+001                  5.5964205734122441E-001                  6.7150246024938482E+000                 -1.5283491463826140E+000                  1.3349995809731981E+001                  6.9999991256661187E-001                  2.8000008743170207E-001                  2.0000000001686002E-002                  0.0000000000000000E+000                  5.9023024001124501E+008                  3.4504858194500357E+007                  2.1435590119617611E-005                  2.0284569811558352E-012                  0.0000000000000000E+000                  5.3938258986524801E-001                  6.4494264198624191E+010                  1.1084814368689927E-007                  6.9370520669911049E-014                 -3.4776357876901125E+000                  1.4874343392862952E+000                  1.7259949666461263E+000                  1.8765099644781169E+000 
                                     602                  1.1200885666226389E+001                  5.5795834264611077E-001                  6.7179263215974583E+000                 -1.5180697869206699E+000                  1.3363048277793853E+001                  6.9999990856308225E-001                  2.8000009143498999E-001                  2.0000000001927809E-002                  0.0000000000000000E+000                  5.8924774391872573E+008                  3.4617446718592532E+007                  2.2824871210074528E-005                  2.4664674890811899E-012                  0.0000000000000000E+000                  5.3739748549761379E-001                  6.4472843013428406E+010                  1.1150873001899314E-007                  7.4880078036220155E-014                 -3.4763455651838857E+000                  1.4905429992553811E+000                  1.7291036266152124E+000                  1.8796186244472031E+000 
                                     603                  1.1189284328860570E+001                  5.5629489188673287E-001                  6.7222849529416466E+000                 -1.5027706591995604E+000                  1.3382525142873730E+001                  6.9999990219951924E-001                  2.8000009779812601E-001                  2.0000000002354801E-002                  0.0000000000000000E+000                  5.8786697000808370E+008                  3.4787537592565574E+007                  2.5070032284169606E-005                  3.3048847510308168E-012                  0.0000000000000000E+000                  5.3439944316271504E-001                  6.4457392495010788E+010                  1.1217020327827184E-007                  8.0866153877290842E-014                 -3.4750612465418333E+000                  1.4936113123398178E+000                  1.7321719396996489E+000                  1.8826869375316397E+000 
                                     604                  1.1165449605616173E+001                  5.5293801018253286E-001                  6.7280635883633710E+000                 -1.4823623505079244E+000                  1.3408463471171212E+001                  6.9999989306199872E-001                  2.8000010693493388E-001                  2.0000000003067342E-002                  0.0000000000000000E+000                  5.8597196735023367E+008                  3.5014147454649620E+007                  2.8389463840217041E-005                  4.8660773142330220E-012                  0.0000000000000000E+000                  5.3055395565863550E-001                  6.4425778413313370E+010                  1.1350334976618006E-007                  8.8488678762119929E-014                 -3.4724956605856478E+000                  1.4997921218541086E+000                  1.7383527492139397E+000                  1.8888677470459303E+000 
                                     605                  1.1140967026473195E+001                  5.4957087346941347E-001                  6.7338276345429025E+000                 -1.4620486812313158E+000                  1.3434298255768644E+001                  6.9999988308178340E-001                  2.8000011691422189E-001                  2.0000000003994711E-002                  0.0000000000000000E+000                  5.8412312739474952E+008                  3.5241785409951419E+007                  3.2123063323111217E-005                  7.1461287717145417E-012                  0.0000000000000000E+000                  5.2678688531565054E-001                  6.4387862114577515E+010                  1.1482672047316145E-007                  9.7166783061594899E-014                 -3.4699785193673747E+000                  1.5059764362488430E+000                  1.7445370636086741E+000                  1.8950520614406647E+000 
                                     606                  1.1115820509743484E+001                  5.4619267085456169E-001                  6.7381290576291351E+000                 -1.4468032241042093E+000                  1.3453657953425150E+001                  6.9999987503058547E-001                  2.8000012496455973E-001                  2.0000000004854801E-002                  0.0000000000000000E+000                  5.8270061157591844E+008                  3.5412501196238071E+007                  3.5224222875961759E-005                  9.5119928765634414E-012                  0.0000000000000000E+000                  5.2406382518070016E-001                  6.4343983071625427E+010                  1.1614215228810624E-007                  1.0614073737658159E-013                 -3.4675050650503181E+000                  1.5121661230570362E+000                  1.7507267504168673E+000                  1.9012417482488579E+000 
                                     607                  1.1102907111962532E+001                  5.4448802349470116E-001                  6.7410014606784499E+000                 -1.4367134101787624E+000                  1.3466502916361613E+001                  6.9999986933300029E-001                  2.8000013066145224E-001                  2.0000000005547469E-002                  0.0000000000000000E+000                  5.8181026421016645E+008                  3.5527141963615559E+007                  3.7447940117653656E-005                  1.1505742099662061E-011                  0.0000000000000000E+000                  5.2223531296238235E-001                  6.4321867785175056E+010                  1.1680417184816456E-007                  1.1447329213093430E-013                 -3.4662708227116341E+000                  1.5152841065135934E+000                  1.7538447338734244E+000                  1.9043597317054151E+000 
                                     608                  1.1089993714181581E+001                  5.4280290891425242E-001                  6.7453182062252042E+000                 -1.4216890328765694E+000                  1.3485679523324750E+001                  6.9999986027838346E-001                  2.8000013971484683E-001                  2.0000000006769714E-002                  0.0000000000000000E+000                  5.8056196892900503E+008                  3.5700397936058506E+007                  4.1036348355395933E-005                  1.5299141952486969E-011                  0.0000000000000000E+000                  5.1947244099360357E-001                  6.4305642280353874E+010                  1.1746693408250030E-007                  1.2351937652353121E-013                 -3.4650421831492100E+000                  1.5183634381880287E+000                  1.7569240655478597E+000                  1.9074390633798506E+000 
                                     609                  1.1063470043793341E+001                  5.3940021947921579E-001                  6.7510472870351421E+000                 -1.4016347759124963E+000                  1.3511236621940506E+001                  6.9999984727976383E-001                  2.8000015271142725E-001                  2.0000000008808971E-002                  0.0000000000000000E+000                  5.7884761691239560E+008                  3.5931475914466865E+007                  4.6332643067386040E-005                  2.2307868306277166E-011                  0.0000000000000000E+000                  5.1591753792793094E-001                  6.4272786665667816E+010                  1.1880385172980527E-007                  1.3503878005073157E-013                 -3.4625847394506306E+000                  1.5245706235298759E+000                  1.7631312508897070E+000                  1.9136462487216976E+000 
                                     610                  1.1036232655052009E+001                  5.3598413991478322E-001                  6.7567673517246121E+000                 -1.3816595769518525E+000                  1.3536711084923921E+001                  6.9999983308629699E-001                  2.8000016690224372E-001                  2.0000000011459296E-002                  0.0000000000000000E+000                  5.7717683162917149E+008                  3.6163811748187833E+007                  5.2277808244335298E-005                  3.2456539090042380E-011                  0.0000000000000000E+000                  5.1242481843435994E-001                  6.4234206922341583E+010                  1.2013370655788756E-007                  1.4814093566209672E-013                 -3.4601675615845955E+000                  1.5307873422321963E+000                  1.7693479695920273E+000                  1.9198629674240180E+000 
                                     611                  1.1008264476146612E+001                  5.3255392879345398E-001                  6.7610399136683128E+000                 -1.3666593400340878E+000                  1.3555813581195579E+001                  6.9999982163895724E-001                  2.8000017834712732E-001                  2.0000000013915442E-002                  0.0000000000000000E+000                  5.7588984197215581E+008                  3.6338218512166567E+007                  5.7208101894134676E-005                  4.2914296314264289E-011                  0.0000000000000000E+000                  5.0989057618309830E-001                  6.4190177290990860E+010                  1.2145858826021005E-007                  1.6168968891271848E-013                 -3.4577858855420303E+000                  1.5370151686090578E+000                  1.7755757959688889E+000                  1.9260907938008796E+000 
                                     612                  1.0993906351421478E+001                  5.3082210072082558E-001                  6.7638941604656670E+000                 -1.3567278565225569E+000                  1.3568492921406968E+001                  6.9999981353949092E-001                  2.8000018644461760E-001                  2.0000000015891528E-002                  0.0000000000000000E+000                  5.7508644400217366E+008                  3.6455371033650041E+007                  6.0738884361993603E-005                  5.1682956047684426E-011                  0.0000000000000000E+000                  5.0818680515588488E-001                  6.4168112975198860E+010                  1.2212639020253156E-007                  1.7425522015834630E-013                 -3.4565952397682049E+000                  1.5401541652606627E+000                  1.7787147926204938E+000                  1.9292297904524844E+000 
                                     613                  1.0979548226696343E+001                  5.2910916727135937E-001                  6.7681851640112969E+000                 -1.3419337253389134E+000                  1.3587429268073247E+001                  6.9999980067033696E-001                  2.8000019931028586E-001                  2.0000000019377184E-002                  0.0000000000000000E+000                  5.7396365610249591E+008                  3.6632468047926776E+007                  6.6429157125181082E-005                  6.8281459688780970E-011                  0.0000000000000000E+000                  5.0560945684866321E-001                  6.4151867191112984E+010                  1.2279550893937706E-007                  1.8788690149915540E-013                 -3.4554087582851829E+000                  1.5432559066969149E+000                  1.7818165340567460E+000                  1.9323315318887366E+000 
                                     614                  1.0950066415701379E+001                  5.2564853594415872E-001                  6.7738847642952766E+000                 -1.3221764299523524E+000                  1.3612681245985540E+001                  6.9999978220038950E-001                  2.8000021777442274E-001                  2.0000000025187759E-002                  0.0000000000000000E+000                  5.7241920023127985E+008                  3.6868872296365023E+007                  7.4815131036840213E-005                  9.8746571499463169E-011                  0.0000000000000000E+000                  5.0228074350862251E-001                  6.4119212958198311E+010                  1.2414689501886570E-007                  2.0551778385412093E-013                 -3.4530320689569876E+000                  1.5495115409613809E+000                  1.7880721683212120E+000                  1.9385871661532028E+000 
                                     615                  1.0919801345217174E+001                  5.2217163941971600E-001                  6.7795795122659408E+000                 -1.3024859802460249E+000                  1.3637866679749736E+001                  6.9999976203886771E-001                  2.8000023792839968E-001                  2.0000000032732612E-002                  0.0000000000000000E+000                  5.7091551632272995E+008                  3.7106725323786549E+007                  8.4211779584201675E-005                  1.4253788514655425E-010                  0.0000000000000000E+000                  4.9900080960508275E-001                  6.4081277178940956E+010                  1.2549371671909275E-007                  2.2682191002419873E-013                 -3.4506890090537756E+000                  1.5557817325666650E+000                  1.7943423599264960E+000                  1.9448573577584867E+000 
                                     616                  1.0888735127088106E+001                  5.1867779124478297E-001                  6.7852702826904485E+000                 -1.2828597936141417E+000                  1.3662988958329329E+001                  6.9999974003267085E-001                  2.8000025992480271E-001                  2.0000000042526445E-002                  0.0000000000000000E+000                  5.6945188825469851E+008                  3.7346070542925991E+007                  9.4736528993804540E-005                  2.0537893793490914E-010                  0.0000000000000000E+000                  4.9576745804968669E-001                  6.4043675067072792E+010                  1.2684542541007946E-007                  2.5142781649626996E-013                 -3.4483625953404937E+000                  1.5620681813902679E+000                  1.8006288087500992E+000                  1.9511438065820899E+000 
                                     617                  1.0856849691325577E+001                  5.1516631535366264E-001                  6.7909579008896452E+000                 -1.2632954591075938E+000                  1.3688051253279742E+001                  6.9999971601505440E-001                  2.8000028392970872E-001                  2.0000000055236944E-002                  0.0000000000000000E+000                  5.6802772598727179E+008                  3.7586950347353287E+007                  1.0652003150362091E-004                  2.9541006085629672E-010                  0.0000000000000000E+000                  4.9257887159770264E-001                  6.4006471673373108E+010                  1.2820187237771720E-007                  2.7889247633287423E-013                 -3.4460528159679900E+000                  1.5683719594548069E+000                  1.8069325868146382E+000                  1.9574475846466288E+000 
                                     618                  1.0824126776060899E+001                  5.1163654257640090E-001                  6.7966431512732255E+000                 -1.2437907243421955E+000                  1.3713056541246788E+001                  6.9999968980439098E-001                  2.8000031012388066E-001                  2.0000000071728419E-002                  0.0000000000000000E+000                  5.6664247964091766E+008                  3.7829406399372593E+007                  1.1970762088152136E-004                  4.2419289855345209E-010                  0.0000000000000000E+000                  4.8943357632770523E-001                  6.3969731955430862E+010                  1.2956272399264501E-007                  3.0929423657967873E-013                 -3.4437599648688346E+000                  1.5746941113729471E+000                  1.8132547387327782E+000                  1.9637697365647688E+000 
                                     619                  1.0790547930568488E+001                  5.0808780871030035E-001                  6.8023267840535091E+000                 -1.2243434883585085E+000                  1.3738007618699708E+001                  6.9999966120286772E-001                  2.8000033870401181E-001                  2.0000000093120418E-002                  0.0000000000000000E+000                  5.6529557861846411E+008                  3.8073479870660037E+007                  1.3446092356529066E-004                  6.0812639903190321E-010                  0.0000000000000000E+000                  4.8633046338449698E-001                  6.3933521527035637E+010                  1.3092744700010450E-007                  3.4294236514432249E-013                 -3.4414846502495697E+000                  1.5810356595561332E+000                  1.8195962869159643E+000                  1.9701112847479549E+000 
                                     620                  1.0756094521197456E+001                  5.0451945289377276E-001                  6.8080095331610355E+000                 -1.2049518068671947E+000                  1.3762907118879385E+001                  6.9999962999504461E-001                  2.8000036988409277E-001                  2.0000000120862671E-002                  0.0000000000000000E+000                  5.6398652792626858E+008                  3.8319212331739582E+007                  1.5095966238332396E-004                  8.7044112849051554E-010                  0.0000000000000000E+000                  4.8327065850406148E-001                  6.3897908429249092E+010                  1.3229477875416248E-007                  3.8017848989992408E-013                 -3.4392286478344500E+000                  1.5873976123166122E+000                  1.8259582396764433E+000                  1.9764732375084340E+000 
                                     621                  1.0720747725661580E+001                  5.0093081465168587E-001                  6.8136921464858835E+000                 -1.1856139104335166E+000                  1.3787757531728333E+001                  6.9999959594626893E-001                  2.8000040389689984E-001                  2.0000000156831232E-002                  0.0000000000000000E+000                  5.6271505413737798E+008                  3.8566647317684300E+007                  1.6940368845720535E-004                  1.2440063299152513E-009                  0.0000000000000000E+000                  4.8025769268171170E-001                  6.3862966987961540E+010                  1.3366210338475450E-007                  4.2126089513917181E-013                 -3.4369958544237424E+000                  1.5937809810765158E+000                  1.8323416084363469E+000                  1.9828566062683375E+000 
                                     622                  1.0684488526979749E+001                  4.9732123074378615E-001                  6.8193754012405501E+000                 -1.1663282063137692E+000                  1.3812561220583694E+001                  6.9999955880093312E-001                  2.8000044099561283E-001                  2.0000000203454049E-002                  0.0000000000000000E+000                  5.6148100413200986E+008                  3.8815831076196589E+007                  1.9001523396096562E-004                  1.7752771487261452E-009                  0.0000000000000000E+000                  4.7729491844212485E-001                  6.3828781274202438E+010                  1.3502604784706087E-007                  4.6622006791252289E-013                 -3.4347912218820005E+000                  1.6001867963996541E+000                  1.8387474237594852E+000                  1.9892624215914758E+000 
                                     623                  1.0647297712518471E+001                  4.9369003247181859E-001                  6.8246991716408649E+000                 -1.1482802706508632E+000                  1.3835780139205557E+001                  6.9999952094566686E-001                  2.8000047879481021E-001                  2.0000000259522865E-002                  0.0000000000000000E+000                  5.6034132290254235E+008                  3.9050768376026131E+007                  2.1151864966664481E-004                  2.4738804493054639E-009                  0.0000000000000000E+000                  4.7457749315641107E-001                  6.3794124837796959E+010                  1.3638158427184634E-007                  5.1516426086204772E-013                 -3.4326221344478030E+000                  1.6066160581263369E+000                  1.8451766854861680E+000                  1.9956916833181586E+000 
                                     624                  1.0613968715720103E+001                  4.9049384516425309E-001                  6.8300371728021947E+000                 -1.1302996781888766E+000                  1.3858954683876007E+001                  6.9999947981025401E-001                  2.8000051985850688E-001                  2.0000000331239054E-002                  0.0000000000000000E+000                  5.5926778131262660E+008                  3.9287986418821149E+007                  2.3539044915613533E-004                  3.4453523019500764E-009                  0.0000000000000000E+000                  4.7188475422976384E-001                  6.3765768373299644E+010                  1.3756102701085408E-007                  5.6795934090445887E-013                 -3.4307522952288725E+000                  1.6122629905247698E+000                  1.8508236178846009E+000                  2.0013386157165916E+000 
                                     625                  1.0574978491221605E+001                  4.8682028708315234E-001                  6.8357268377880027E+000                 -1.1111565567220694E+000                  1.3883636202467748E+001                  6.9999943212158211E-001                  2.8000056744899970E-001                  2.0000000429418185E-002                  0.0000000000000000E+000                  5.5814154741290748E+008                  3.9542479411857188E+007                  2.6370909830728060E-004                  4.8974041125509137E-009                  0.0000000000000000E+000                  4.6908223884319683E-001                  6.3735620942889488E+010                  1.3889841979457200E-007                  6.2759137200233224E-013                 -3.4286513475358049E+000                  1.6187393948881599E+000                  1.8573000222479910E+000                  2.0078150200799816E+000 
                                     626                  1.0535000297856355E+001                  4.8312313657775419E-001                  6.8414204075788483E+000                 -1.0920608029848615E+000                  1.3908279219169273E+001                  6.9999938010957008E-001                  2.8000061933385656E-001                  2.0000000556573361E-002                  0.0000000000000000E+000                  5.5705331545471835E+008                  3.9798925342041902E+007                  2.9531768970050457E-004                  6.9526127033626481E-009                  0.0000000000000000E+000                  4.6634019422624085E-001                  6.3705331569011864E+010                  1.4021767674496194E-007                  6.9434659899566442E-013                 -3.4265986164768552E+000                  1.6252424033624926E+000                  1.8638030307223237E+000                  2.0143180285543143E+000 
                                     627                  1.0494014137222122E+001                  4.7940167783690507E-001                  6.8471187831018607E+000                 -1.0730114466772409E+000                  1.3932885673155146E+001                  6.9999932338485016E-001                  2.8000067589392280E-001                  2.0000000721227096E-002                  0.0000000000000000E+000                  5.5600345432993746E+008                  4.0057383168881878E+007                  3.3058874081933322E-004                  9.8583266325036845E-009                  0.0000000000000000E+000                  4.6366071821472854E-001                  6.3676334111743774E+010                  1.4151733228179978E-007                  7.6875178939801232E-013                 -3.4245951834148167E+000                  1.6317732706354788E+000                  1.8703338979953099E+000                  2.0208488958273003E+000 
                                     628                  1.0451999808857945E+001                  4.7565517714353206E-001                  6.8528228866882070E+000                 -1.0540076070035986E+000                  1.3957457446595875E+001                  6.9999926152237391E-001                  2.8000073754322236E-001                  2.0000000934403683E-002                  0.0000000000000000E+000                  5.5499245091170943E+008                  4.0317914378309101E+007                  3.6993637339027515E-004                  1.3962228658259740E-008                  0.0000000000000000E+000                  4.6104563057192788E-001                  6.3648758029701591E+010                  1.4279408638511268E-007                  8.5119953337992644E-013                 -3.4226448889392116E+000                  1.6383331964151036E+000                  1.8768938237749349E+000                  2.0274088216069255E+000 
                                     629                  1.0408936911400588E+001                  4.7188288057657335E-001                  6.8585336463890840E+000                 -1.0350484622184084E+000                  1.3981996373799346E+001                  6.9999919405782651E-001                  2.8000080473180605E-001                  2.0000001210367380E-002                  0.0000000000000000E+000                  5.5402087335404742E+008                  4.0580582195153385E+007                  4.1382091354636845E-004                  1.9752663449696181E-008                  0.0000000000000000E+000                  4.5849412890639951E-001                  6.3622736170592712E+010                  1.4404545366959796E-007                  9.4240470440362381E-013                 -3.4207502221362986E+000                  1.6449234097725083E+000                  1.8834840371323394E+000                  2.0339990349643298E+000 
                                     630                  1.0364804842162107E+001                  4.6808401172021741E-001                  6.8642519664689399E+000                 -1.0161332045619453E+000                  1.4006504247280274E+001                  6.9999912048359469E-001                  2.8000087794885442E-001                  2.0000001567550885E-002                  0.0000000000000000E+000                  5.5308922274400401E+008                  4.0845449958043009E+007                  4.6275392884356998E-004                  2.7915024496590218E-008                  0.0000000000000000E+000                  4.5600295242020050E-001                  6.3598400046539261E+010                  1.4527056512104732E-007                  1.0433118359410319E-012                 -3.4189111870027813E+000                  1.6515451582729983E+000                  1.8901057856328294E+000                  2.0406207834648198E+000 
                                     631                  1.0319582808402515E+001                  4.6425777066624119E-001                  6.8699787141431017E+000                 -9.9726101980071236E-001                  1.4030982820919728E+001                  6.9999904024419513E-001                  2.8000095772597555E-001                  2.0000002029829322E-002                  0.0000000000000000E+000                  5.5219792248909795E+008                  4.1112580376581945E+007                  5.1730384404736801E-004                  3.9410563634293665E-008                  0.0000000000000000E+000                  4.5356891035702124E-001                  6.3575875645039879E+010                  1.4646934947115907E-007                  1.1549756635714490E-012                 -3.4171266236557174E+000                  1.6581996960140302E+000                  1.8967603233738612E+000                  2.0472753212058517E+000 
                                     632                  1.0273249837677827E+001                  4.6040333296704133E-001                  6.8757147234947009E+000                 -9.7843108681477320E-001                  1.4055433815412977E+001                  6.9999895273122714E-001                  2.8000104464076397E-001                  2.0000002628008939E-002                  0.0000000000000000E+000                  5.5134736772878873E+008                  4.1382035746763341E+007                  5.7810224389292294E-004                  5.5586498044189225E-008                  0.0000000000000000E+000                  4.5118898019096482E-001                  6.3555282522664177E+010                  1.4764164982845242E-007                  1.2785765474507637E-012                 -3.4153955552027333E+000                  1.6648882820267084E+000                  1.9034489093865394E+000                  2.0539639072185301E+000 
                                     633                  1.0225784781613825E+001                  4.5651984790506966E-001                  6.8814607999566251E+000                 -9.5964257730500679E-001                  1.4079858924259030E+001                  6.9999885727744937E-001                  2.8000113932042642E-001                  2.0000003402124156E-002                  0.0000000000000000E+000                  5.5053794522315037E+008                  4.1653878180655845E+007                  6.4585089745460684E-004                  7.8329759950769019E-008                  0.0000000000000000E+000                  4.4886029047001957E-001                  6.3536734501537987E+010                  1.4878719164404489E-007                  1.4154385411380397E-012                 -3.4137172267261686E+000                  1.6716121848749654E+000                  1.9101728122347965E+000                  2.0606878100667871E+000 
                                     634                  1.0177166324494394E+001                  4.5260643704113912E-001                  6.8872177241392336E+000                 -9.4089465643484549E-001                  1.4104259818068622E+001                  6.9999875315014659E-001                  2.8000124244580271E-001                  2.0000004404050697E-002                  0.0000000000000000E+000                  5.4976998701663411E+008                  4.1928169757886037E+007                  7.2132958577225009E-004                  1.1028158189736941E-007                  0.0000000000000000E+000                  4.4658010529095571E-001                  6.3520340361037338E+010                  1.4990558533632419E-007                  1.5670505883699781E-012                 -3.4120910927301118E+000                  1.6783726863203214E+000                  1.9169333136801525E+000                  2.0674483115121434E+000 
                                     635                  1.0127372993786167E+001                  4.4866219276634639E-001                  6.8929862556236516E+000                 -9.2218648250216606E-001                  1.4128638149699727E+001                  6.9999863954355546E-001                  2.8000135475584964E-001                  2.0000005700594903E-002                  0.0000000000000000E+000                  5.4904378532929778E+008                  4.2204972720657974E+007                  8.0540484198263500E-004                  1.5513686411890384E-007                  0.0000000000000000E+000                  4.4434580994540462E-001                  6.3506204461946030E+010                  1.5099632631278778E-007                  1.7332723019151564E-012                 -3.4105168094047160E+000                  1.6851710846700010E+000                  1.9237317120298323E+000                  2.0742467098618227E+000 
                                     636                  1.0076383166146524E+001                  4.4468617633875485E-001                  6.8987671370132695E+000                 -9.0351720477265873E-001                  1.4152995561365911E+001                  6.9999851557011783E-001                  2.8000147705093503E-001                  2.0000007378947138E-002                  0.0000000000000000E+000                  5.4835961445191514E+008                  4.2484349710796081E+007                  8.9903973129407816E-004                  2.1806165214687834E-007                  0.0000000000000000E+000                  4.4215489748591558E-001                  6.3494427303608559E+010                  1.5205879560962054E-007                  1.9077810863812079E-012                 -3.4089942268449511E+000                  1.6920086991227670E+000                  1.9305693264825983E+000                  2.0810843243145887E+000 
                                     637                  1.0024175070072987E+001                  4.4067741552769768E-001                  6.9031029750876716E+000                 -8.8947073192357884E-001                  1.4171305409216016E+001                  6.9999841519873851E-001                  2.8000157584976265E-001                  2.0000008951498893E-002                  0.0000000000000000E+000                  5.4782541911391628E+008                  4.2695030566722132E+007                  9.7624150768282848E-004                  2.8128303722805991E-007                  0.0000000000000000E+000                  4.4056176106740924E-001                  6.3479952272292999E+010                  1.5308703337867663E-007                  2.0798461348066741E-012                 -3.4075307964554824E+000                  1.6988868591154689E+000                  1.9374474864753000E+000                  2.0879624843072904E+000 
                                     638                  9.9974509273354677E+000                  4.3864881768624325E-001                  6.9060033077164436E+000                 -8.8016428457715468E-001                  1.4183470065346345E+001                  6.9999834451924470E-001                  2.8000164529577204E-001                  2.0000010184983319E-002                  0.0000000000000000E+000                  5.4751505018089020E+008                  4.2836703825285971E+007                  1.0312348913005432E-003                  3.3329525003680001E-007                  0.0000000000000000E+000                  4.3949657284502797E-001                  6.3473673076242607E+010                  1.5359262728719641E-007                  2.2351100637996576E-012                 -3.4068148153467033E+000                  1.7023615914038170E+000                  1.9409222187636481E+000                  2.0914372165956387E+000 
                                     639                  9.9707267845979484E+000                  4.3663531265716116E-001                  6.9103689076734245E+000                 -8.6629269389344166E-001                  1.4201653481468842E+001                  6.9999823250322735E-001                  2.8000175513236109E-001                  2.0000012364411512E-002                  0.0000000000000000E+000                  5.4711906199495196E+008                  4.3051083851103172E+007                  1.1193889595152351E-003                  4.2986083349732959E-007                  0.0000000000000000E+000                  4.3789427460181918E-001                  6.3473263598094978E+010                  1.5409016779880781E-007                  2.4045279795488541E-012                 -3.4061125359521216E+000                  1.7058065324693739E+000                  1.9443671598292049E+000                  2.0948821576611953E+000 
                                     640                  9.9160162416995625E+000                  4.3255800260118904E-001                  6.9161911855349549E+000                 -8.4773491152568603E-001                  1.4225957955022862E+001                  6.9999807112309209E-001                  2.8000191287061671E-001                  2.0000016006291199E-002                  0.0000000000000000E+000                  5.4656277046860111E+008                  4.3338566288408592E+007                  1.2486189281728172E-003                  6.0289577081693224E-007                  0.0000000000000000E+000                  4.3582171711907775E-001                  6.3474343627823212E+010                  1.5506768437490365E-007                  2.6283000335563757E-012                 -3.4047393491909728E+000                  1.7127700744860690E+000                  1.9513307018459001E+000                  2.1018456996778907E+000 
                                     641                  9.8600212313223370E+000                  4.2844480312775851E-001                  6.9220287407238086E+000                 -8.2921252455459327E-001                  1.4250248134922270E+001                  6.9999789477620378E-001                  2.8000208450153546E-001                  2.0000020722260814E-002                  0.0000000000000000E+000                  5.4604972938988459E+008                  4.3628884459250920E+007                  1.3924674744336108E-003                  8.4502723201419538E-007                  0.0000000000000000E+000                  4.3378584291829947E-001                  6.3472951435445290E+010                  1.5600600840503835E-007                  2.8972862911577958E-012                 -3.4034293374673101E+000                  1.7197783445956003E+000                  1.9583389719554314E+000                  2.1088539697874218E+000 
                                     642                  9.8027194110567386E+000                  4.2429458100150402E-001                  6.9278823245501231E+000                 -8.1072464130015698E-001                  1.4274525721830127E+001                  6.9999770197198230E-001                  2.8000227119820864E-001                  2.0000026829809059E-002                  0.0000000000000000E+000                  5.4558033491492915E+008                  4.3922108447780535E+007                  1.5525758122635182E-003                  1.1836638224584814E-006                  0.0000000000000000E+000                  4.3178544820684278E-001                  6.3474390429432106E+010                  1.5690901220047818E-007                  3.1920018923806217E-012                 -3.4021760558147696E+000                  1.7268329473601183E+000                  1.9653935747199494E+000                  2.1159085725519398E+000 
                                     643                  9.7440883147228412E+000                  4.2010615592697986E-001                  6.9322675289623028E+000                 -7.9683599720183607E-001                  1.4292749138126837E+001                  6.9999754585157004E-001                  2.8000242160342209E-001                  2.0000032545007818E-002                  0.0000000000000000E+000                  5.4520996297391093E+008                  4.4142998594977885E+007                  1.6842918489600250E-003                  1.5223944227099042E-006                  0.0000000000000000E+000                  4.3033048555748016E-001                  6.3473545538574356E+010                  1.5776991840965368E-007                  3.4823863516374222E-012                 -3.4009878995306013E+000                  1.7339355036733917E+000                  1.9724961310332227E+000                  2.1230111288652131E+000 
                                     644                  9.7142672359868083E+000                  4.1799745769340907E-001                  6.9352071294347004E+000                 -7.8761725181002495E-001                  1.4304880045952341E+001                  6.9999743555193328E-001                  2.8000252741393850E-001                  2.0000037034128226E-002                  0.0000000000000000E+000                  5.4500865506474411E+008                  4.4291858693664052E+007                  1.7782489253261122E-003                  1.8010226069108972E-006                  0.0000000000000000E+000                  4.2935546584540246E-001                  6.3474322750436607E+010                  1.5818554885497278E-007                  3.7299704211243118E-012                 -3.4004165971423386E+000                  1.7375049986863418E+000                  1.9760656260461731E+000                  2.1265806238781635E+000 
                                     645                  9.6841053655299589E+000                  4.1587874686190179E-001                  6.9381511673330492E+000                 -7.7840663441215019E-001                  1.4317008769813244E+001                  6.9999732012889682E-001                  2.8000263772775930E-001                  2.0000042143343943E-002                  0.0000000000000000E+000                  5.4481850496254623E+008                  4.4441486502114601E+007                  1.8773705328017510E-003                  2.1303539454060321E-006                  0.0000000000000000E+000                  4.2838869398018853E-001                  6.3478457571829529E+010                  1.5859364375686467E-007                  3.9776090351660908E-012                 -3.3998571113359315E+000                  1.7410870900601070E+000                  1.9796477174199383E+000                  2.1301627152519287E+000 
                                     646                  9.6535998715215072E+000                  4.1374986178316880E-001                  6.9425914609380683E+000                 -7.6465134977054017E-001                  1.4335174699233081E+001                  6.9999713648476958E-001                  2.8000281232088081E-001                  2.0000051194349666E-002                  0.0000000000000000E+000                  5.4460142141511416E+008                  4.4668364482411735E+007                  2.0365053721279401E-003                  2.7417946057196857E-006                  0.0000000000000000E+000                  4.2693201944914971E-001                  6.3485990743712257E+010                  1.5899354940644098E-007                  4.2750088136528984E-012                 -3.3993102476322785E+000                  1.7446819438848091E+000                  1.9832425712446402E+000                  2.1337575690766308E+000 
                                     647                  9.5915466779857077E+000                  4.0946044258749331E-001                  6.9485072364017766E+000                 -7.4627716470822436E-001                  1.4359421888823084E+001                  6.9999687073311367E-001                  2.8000306284797327E-001                  2.0000066418913054E-002                  0.0000000000000000E+000                  5.4428835226799798E+008                  4.4972343126564287E+007                  2.2693769373373527E-003                  3.8332053199542592E-006                  0.0000000000000000E+000                  4.2504703320179327E-001                  6.3503293524781738E+010                  1.5976090897582196E-007                  4.6817390929289112E-012                 -3.3982647385840101E+000                  1.7519114370329079E+000                  1.9904720643927389E+000                  2.1409870622247293E+000 
                                     648                  9.5280849814128246E+000                  4.0512828856624172E-001                  6.9544426165559878E+000                 -7.2793344152400341E-001                  1.4383664432128437E+001                  6.9999657975394980E-001                  2.8000333421929852E-001                  2.0000086026751740E-002                  0.0000000000000000E+000                  5.4402120404201388E+008                  4.5279573840450354E+007                  2.5285879917993333E-003                  5.3565589952386296E-006                  0.0000000000000000E+000                  4.2319374634643647E-001                  6.3518641471639587E+010                  1.6047707325014015E-007                  5.1586387363672622E-012                 -3.3972935024151458E+000                  1.7591947925025329E+000                  1.9977554198623639E+000                  2.1482704176943543E+000 
                                     649                  9.4631921265080958E+000                  4.0075198210409441E-001                  6.9588925238525761E+000                 -7.1414781777440939E-001                  1.4401870322864683E+001                  6.9999634405122391E-001                  2.8000355174847302E-001                  2.0000104200303070E-002                  0.0000000000000000E+000                  5.4380469355412340E+008                  4.5511226097589880E+007                  2.7419303356796577E-003                  6.8783385439454493E-006                  0.0000000000000000E+000                  4.2185043280736501E-001                  6.3532095306238716E+010                  1.6113578527118245E-007                  5.6753015023996618E-012                 -3.3964040000574367E+000                  1.7665340001441332E+000                  2.0050946275039641E+000                  2.1556096253359547E+000 
                                     650                  9.4302019530191892E+000                  3.9854705615048297E-001                  6.9633845305155804E+000                 -7.0047387139771367E-001                  1.4420023029172016E+001                  6.9999608807739355E-001                  2.8000378509305668E-001                  2.0000126829549769E-002                  0.0000000000000000E+000                  5.4370882423189425E+008                  4.5746718667826295E+007                  2.9735034139475808E-003                  8.8415091647955873E-006                  0.0000000000000000E+000                  4.2049712755484969E-001                  6.3542837639951088E+010                  1.6144148510824113E-007                  6.1775781708666118E-012                 -3.3959924279961378E+000                  1.7702247979832630E+000                  2.0087854253430941E+000                  2.1593004231750847E+000 
                                     651                  9.3631200480687191E+000                  3.9410173277019056E-001                  6.9678593602524321E+000                 -6.8672016317794071E-001                  1.4438229303329543E+001                  6.9999581579106840E-001                  2.8000403057682999E-001                  2.0000153632101614E-002                  0.0000000000000000E+000                  5.4354680593843281E+008                  4.5982274291420989E+007                  3.2242294157911271E-003                  1.1348800872132475E-005                  0.0000000000000000E+000                  4.1921940142495878E-001                  6.3566833589395187E+010                  1.6199127193939703E-007                  6.7502844973854101E-012                 -3.3952541922677977E+000                  1.7776514434022117E+000                  2.0162120707620428E+000                  2.1667270685940334E+000 
                                     652                  9.3290227154958707E+000                  3.9186143456155798E-001                  6.9723766597616539E+000                 -6.7307966387079599E-001                  1.4456381385737592E+001                  6.9999551931781578E-001                  2.8000429366956020E-001                  2.0000187012624071E-002                  0.0000000000000000E+000                  5.4350652645975935E+008                  4.6221748959175512E+007                  3.4964368409903320E-003                  1.4581955429906552E-005                  0.0000000000000000E+000                  4.1794657582825989E-001                  6.3580326196296883E+010                  1.6222922235365434E-007                  7.3314490647181378E-012                 -3.3949354568014973E+000                  1.7813872181581289E+000                  2.0199478455179598E+000                  2.1704628433499504E+000 
                                     653                  9.2597013619182729E+000                  3.8734354139269439E-001                  6.9768789334557804E+000                 -6.5935767384972177E-001                  1.4474591241511051E+001                  6.9999520331433296E-001                  2.8000457013519031E-001                  2.0000226550476730E-002                  0.0000000000000000E+000                  5.4340248793907249E+008                  4.6461427182630993E+007                  3.7913530482544941E-003                  1.8711505447854972E-005                  0.0000000000000000E+000                  4.1676009348272280E-001                  6.3610057355343292E+010                  1.6262092063373140E-007                  8.0253661174647368E-012                 -3.3944117923127370E+000                  1.7889065560607960E+000                  2.0274671834206268E+000                  2.1779821812526174E+000 
                                     654                  9.2244718010043023E+000                  3.8506603075201962E-001                  6.9814242350480509E+000                 -6.4575077186529717E-001                  1.4492745811301752E+001                  6.9999485817023432E-001                  2.8000486603246905E-001                  2.0000275797296574E-002                  0.0000000000000000E+000                  5.4342185596712041E+008                  4.6705118567830496E+007                  4.1116675021016661E-003                  2.4034953477114991E-005                  0.0000000000000000E+000                  4.1559354064252579E-001                  6.3626549080144875E+010                  1.6276827841618842E-007                  8.7289109225251862E-012                 -3.3942151149910913E+000                  1.7926901042667798E+000                  2.0312507316266109E+000                  2.1817657294586015E+000 
                                     655                  9.1528611497580474E+000                  3.8047174661211314E-001                  6.9859570703790643E+000                 -6.3206098492439944E-001                  1.4510962539453443E+001                  6.9999448933523611E-001                  2.8000517653286333E-001                  2.0000334131900610E-002                  0.0000000000000000E+000                  5.4338065093603408E+008                  4.6949183706455126E+007                  4.4590214681222567E-003                  3.0835989905699178E-005                  0.0000000000000000E+000                  4.1452407456142965E-001                  6.3662576729393585E+010                  1.6295467911682259E-007                  9.5215298217277818E-012                 -3.3939665822958260E+000                  1.8003080985391715E+000                  2.0388687258990021E+000                  2.1893837237309932E+000 
                                     656                  9.1164745949875421E+000                  3.7815503775885517E-001                  6.9889972248393821E+000                 -6.2297730194924317E-001                  1.4523089152317478E+001                  6.9999422508447573E-001                  2.8000539456421314E-001                  2.0000380351311131E-002                  0.0000000000000000E+000                  5.4340253905953419E+008                  4.7113776268120371E+007                  4.7071139451750075E-003                  3.6420421161139614E-005                  0.0000000000000000E+000                  4.1383738792441782E-001                  6.3679691434372223E+010                  1.6298863381994142E-007                  1.0269173523237426E-011                 -3.3939213402562838E+000                  1.8041426714061903E+000                  2.0427032987660212E+000                  2.1932182965980118E+000 
                                     657                  9.0796969359928692E+000                  3.7582479431685611E-001                  6.9920449410916961E+000                 -6.1390125053306444E-001                  1.4535217777423433E+001                  6.9999394612244803E-001                  2.8000562090515840E-001                  2.0000432972393511E-002                  0.0000000000000000E+000                  5.4343979753280699E+008                  4.7279413856415227E+007                  4.9692869565486925E-003                  4.3015579453327193E-005                  0.0000000000000000E+000                  4.1318330313534735E-001                  6.3700647615170418E+010                  1.6297762401503333E-007                  1.1070468737142640E-011                 -3.3939360089448529E+000                  1.8079949416274341E+000                  2.0465555689872650E+000                  2.1970705668192556E+000 
                                     658                  9.0425254780502051E+000                  3.7348077005449243E-001                  6.9966445555378618E+000                 -6.0035251211398921E-001                  1.4553383685719476E+001                  6.9999349696971647E-001                  2.8000597684434347E-001                  2.0000526185940060E-002                  0.0000000000000000E+000                  5.4357129773882556E+008                  4.7530781034882911E+007                  5.3910214784125146E-003                  5.5241580398014136E-005                  0.0000000000000000E+000                  4.1225224035219576E-001                  6.3725531594676117E+010                  1.6291735824013607E-007                  1.2014066779283392E-011                 -3.3940163203801585E+000                  1.8118652933338695E+000                  2.0504259206937006E+000                  2.2009409185256912E+000 
                                     659                  8.9669904613339977E+000                  3.6874980211420050E-001                  7.0018176190233952E+000                 -5.8503845120554132E-001                  1.4573885325218436E+001                  6.9999294530563727E-001                  2.8000640016469797E-001                  2.0000654529664708E-002                  0.0000000000000000E+000                  5.4368094997506511E+008                  4.7814933587723270E+007                  5.9095119001913912E-003                  7.3120669005831166E-005                  2.1853193952640779E-057                  4.1133479880669299E-001                  6.3775662657496346E+010                  1.6264549116749462E-007                  1.3237151734703577E-011                 -3.3943789858289932E+000                  1.8196630460430394E+000                  2.0582236734028703E+000                  2.2087386712348609E+000 
                                     660                  8.9141323022874150E+000                  3.6546405049097425E-001                  7.0054757022831122E+000                 -5.7428613443961873E-001                  1.4588311275942253E+001                  6.9999252286601021E-001                  2.8000671370964736E-001                  2.0000763424342427E-002                  0.0000000000000000E+000                  5.4379746614546907E+008                  4.8017041464128293E+007                  6.3051896673372090E-003                  8.9092809469567256E-005                  3.7046248785323635E-057                  4.1075180560526725E-001                  6.3808239333095695E+010                  1.6233685892884904E-007                  1.4592478893660809E-011                 -3.3947914307461957E+000                  1.8250685308880259E+000                  2.0636291582478568E+000                  2.2141441560798474E+000 
                                     661                  8.8752066992644760E+000                  3.6305664199872351E-001                  7.0101325200808295E+000                 -5.6079227121787323E-001                  1.4606495113505055E+001                  6.9999193995842146E-001                  2.8000713040023079E-001                  2.0000929641347698E-002                  0.0000000000000000E+000                  5.4404419565298223E+008                  4.8275943055419832E+007                  6.8450649642790339E-003                  1.1443093980205592E-004                  7.2326213803970284E-057                  4.1006821547270850E-001                  6.3838063554381020E+010                  1.6204325821698644E-007                  1.6044323801095829E-011                 -3.3951845165030745E+000                  1.8290236351885576E+000                  2.0675842625483885E+000                  2.2180992603803791E+000 
                                     662                  8.7961288890020040E+000                  3.5819522304949614E-001                  7.0147870804666317E+000                 -5.4721233409013159E-001                  1.4624756396729117E+001                  6.9999130893540151E-001                  2.8000756446979086E-001                  2.0001126594807683E-002                  0.0000000000000000E+000                  5.4424429248082840E+008                  4.8535930015533917E+007                  7.4336097334443546E-003                  1.4686407842357435E-004                  1.4090398876374877E-056                  4.0948593826478574E-001                  6.3898611668367035E+010                  1.6130003972402934E-007                  1.7707203491771421E-011                 -3.3961827628277614E+000                  1.8369970615322839E+000                  2.0755576888921148E+000                  2.2260726867241054E+000 
                                     663                  8.7559715318054963E+000                  3.5574118100487639E-001                  7.0179109208102757E+000                 -5.3820520482986867E-001                  1.4636912714785677E+001                  6.9999085033080111E-001                  2.8000786698081359E-001                  2.0001282688385302E-002                  0.0000000000000000E+000                  5.4443293536931133E+008                  4.8711411514638096E+007                  7.8556671957411475E-003                  1.7351150070075944E-004                  2.2006129764883617E-056                  4.0912578931584170E-001                  6.3928540452644394E+010                  1.6085466859759242E-007                  1.9329113797329872E-011                 -3.3967831648732378E+000                  1.8410156518366658E+000                  2.0795762791964969E+000                  2.2300912770284875E+000 
                                     664                  8.7153984733679248E+000                  3.5327097142632491E-001                  7.0210453020452217E+000                 -5.2920669888045058E-001                  1.4649073742051371E+001                  6.9999036054449526E-001                  2.8000817901425912E-001                  2.0001460441245622E-002                  0.0000000000000000E+000                  5.4464224294264519E+008                  4.8888199914954856E+007                  8.3034059560476419E-003                  2.0500952540001305E-004                  3.4379640542764058E-056                  4.0879285779826269E-001                  6.3962789484317162E+010                  1.6035917168314605E-007                  2.0975229961826045E-011                 -3.3974530978569537E+000                  1.8450562139740130E+000                  2.0836168413338441E+000                  2.2341318391658347E+000 
                                     665                  8.6744071903033806E+000                  3.5078426587768929E-001                  7.0241904903819350E+000                 -5.2021680995598296E-001                  1.4661239811938904E+001                  6.9998983658817160E-001                  2.8000850054993764E-001                  2.0001662861890757E-002                  0.0000000000000000E+000                  5.4487267883499932E+008                  4.9066321741359577E+007                  8.7786753403914577E-003                  2.4224499293740121E-004                  5.3728854113360801E-056                  4.0848491125516123E-001                  6.3998656710627930E+010                  1.5981715237919783E-007                  2.2683913983405407E-011                 -3.3981883059281568E+000                  1.8491193206174286E+000                  2.0876799479772599E+000                  2.2381949458092505E+000 
                                     666                  8.6329951816497648E+000                  3.4828072576524011E-001                  7.0273467390533186E+000                 -5.1123550399518469E-001                  1.4673411268850883E+001                  6.9998927509854270E-001                  2.8000883152532352E-001                  2.0001893376133784E-002                  0.0000000000000000E+000                  5.4512468225390565E+008                  4.9245803036685809E+007                  9.2834914305468599E-003                  2.8626738496778745E-004                  8.3998775746644266E-056                  4.0819969631229580E-001                  6.4036167516928032E+010                  1.5923050521440004E-007                  2.4543384638804483E-011                 -3.3989868634714124E+000                  1.8532054564394327E+000                  2.0917660837992638E+000                  2.2422810816312544E+000 
                                     667                  8.5911599699159424E+000                  3.4576000206531465E-001                  7.0305142885644134E+000                 -5.0226271891483187E-001                  1.4685588468727333E+001                  6.9998867228262707E-001                  2.8000917183286872E-001                  2.0002155884504269E-002                  0.0000000000000000E+000                  5.4539866596411943E+008                  4.9426669352360763E+007                  9.8200532698442256E-003                  3.3831860421244575E-004                  1.3137332180389454E-055                  4.0793493357792332E-001                  6.4075343601149414E+010                  1.5860117340448936E-007                  2.6629652572921001E-011                 -3.3998468019480166E+000                  1.8573151093217732E+000                  2.0958757366816041E+000                  2.2463907345135947E+000 
                                     668                  8.5488991021560601E+000                  3.4322173503907866E-001                  7.0336933669087722E+000                 -4.9329836429311458E-001                  1.4697771779601283E+001                  6.9998802385436321E-001                  2.8000952131826640E-001                  2.0002454827370397E-002                  0.0000000000000000E+000                  5.4569501644220448E+008                  4.9608945750042967E+007                  1.0390759827210900E-002                  3.9986814412504832E-004                  2.0555079153314956E-055                  4.0768831276498929E-001                  6.4116202974792709E+010                  1.5793119734011521E-007                  2.9049457071963307E-011                 -3.4007660360269720E+000                  1.8614487706906080E+000                  2.1000093980504393E+000                  2.2505243958824299E+000 
                                     669                  8.5062101510697588E+000                  3.4066555393387637E-001                  7.0376902219912285E+000                 -4.8212233889283995E-001                  1.4713001392673396E+001                  6.9998714026473885E-001                  2.8000997111058945E-001                  2.0002888624671700E-002                  0.0000000000000000E+000                  5.4611646046548700E+008                  4.9839258483482294E+007                  1.1156522350311365E-002                  4.9296546182654006E-004                  3.6017837209324442E-055                  4.0739695205894122E-001                  6.4160175017224663E+010                  1.5722284394133460E-007                  3.1908289523914639E-011                 -3.4017421761047681E+000                  1.8656068670732440E+000                  2.1041674944330748E+000                  2.2546824922650655E+000 
                                     670                  8.4413145705498440E+000                  3.3679341972674853E-001                  7.0414965822699207E+000                 -4.7146245172287304E-001                  1.4727520589822984E+001                  6.9998621936697436E-001                  2.8001041095307083E-001                  2.0003369679954863E-002                  0.0000000000000000E+000                  5.4651019017298770E+008                  5.0059555838387661E+007                  1.1942822491258982E-002                  6.0133495307834132E-004                  6.1360054528369922E-055                  4.0714914161579935E-001                  6.4226690157153145E+010                  1.5608970359339248E-007                  3.5312402766109218E-011                 -3.4033128720436023E+000                  1.8718966500011269E+000                  2.1104572773609580E+000                  2.2609722751929486E+000 
                                     671                  8.4030021349589639E+000                  3.3451491689139651E-001                  7.0447165878905231E+000                 -4.6254097645393727E-001                  1.4739713617234342E+001                  6.9998537248679660E-001                  2.8001078997764184E-001                  2.0003837535561564E-002                  0.0000000000000000E+000                  5.4689330629283440E+008                  5.0246878319444142E+007                  1.2651935687043604E-002                  7.1088950482562372E-004                  9.6143699256384070E-055                  4.0694498161087500E-001                  6.4266693967051834E+010                  1.5539453402625818E-007                  3.8899956976897941E-011                 -3.4042821307469069E+000                  1.8755927868095936E+000                  2.1141534141694249E+000                  2.2646684120014156E+000 
                                     672                  8.3533932650175178E+000                  3.3157200816754662E-001                  7.0481474444253562E+000                 -4.5305870195250636E-001                  1.4752683369170008E+001                  6.9998439395547363E-001                  2.8001120122640455E-001                  2.0004404818121824E-002                  0.0000000000000000E+000                  5.4731434878325713E+008                  5.0447289273953900E+007                  1.3457344170326667E-002                  8.4916809248082191E-004                  1.5494583089114015E-054                  4.0673917945383964E-001                  6.4321488807160011E+010                  1.5446782515335214E-007                  4.2788543835480472E-011                 -3.4055809840533700E+000                  1.8803609618206563E+000                  2.1189215891804873E+000                  2.2694365870124780E+000 
                                     673                  8.3087486485207602E+000                  3.2893031338705103E-001                  7.0509900507350700E+000                 -4.4523180439268834E-001                  1.4763401905686932E+001                  6.9998351838469841E-001                  2.8001154715102505E-001                  2.0004934464276536E-002                  0.0000000000000000E+000                  5.4767909738078606E+008                  5.0614007264862791E+007                  1.4166023219881493E-002                  9.8341365021019931E-004                  2.2985441953567081E-054                  4.0657417384200456E-001                  6.4370699670587112E+010                  1.5361168444135600E-007                  4.6983865104993464E-011                 -3.4067878742635647E+000                  1.8846357077466123E+000                  2.1231963351064436E+000                  2.2737113329384342E+000 
                                     674                  8.2748514738085746E+000                  3.2692852606437667E-001                  7.0542524928789190E+000                 -4.3633118851756009E-001                  1.4775627060385609E+001                  6.9998242890995765E-001                  2.8001194916903549E-001                  2.0005621921006855E-002                  0.0000000000000000E+000                  5.4814100851374984E+008                  5.0806203766308188E+007                  1.5027003151432419E-002                  1.1630406968066453E-003                  3.6092807551117691E-054                  4.0638320254175625E-001                  6.4410222082873192E+010                  1.5295170108865722E-007                  5.1659844392964331E-011                 -3.4077228442716261E+000                  1.8878714233820924E+000                  2.1264320507419234E+000                  2.2769470485739141E+000 
                                     675                  8.2180787562807716E+000                  3.2358265827315763E-001                  7.0579278173333124E+000                 -4.2630613041862153E-001                  1.4789397642865357E+001                  6.9998108706307616E-001                  2.8001240892277934E-001                  2.0006504014144499E-002                  0.0000000000000000E+000                  5.4866365026345754E+008                  5.1023606408406876E+007                  1.6065960446482452E-002                  1.4040830393681955E-003                  5.9928048898879857E-054                  4.0617799343832051E-001                  6.4477850393131027E+010                  1.5182169243154356E-007                  5.7245005127781938E-011                 -3.4093330857938775E+000                  1.8932728417104612E+000                  2.1318334690702923E+000                  2.2823484669022829E+000 
                                     676                  8.1721044603584136E+000                  3.2087909446210938E-001                  7.0612104768661155E+000                 -4.1741106909266112E-001                  1.4801642295050954E+001                  6.9997977012152046E-001                  2.8001282475603845E-001                  2.0007405122441035E-002                  0.0000000000000000E+000                  5.4916215635058212E+008                  5.1218698270258166E+007                  1.7058054841669931E-002                  1.6600794806683782E-003                  9.4123308922930272E-054                  4.0599601286868142E-001                  6.4532501474342728E+010                  1.5088725996584052E-007                  6.3530453200010627E-011                 -3.4106737139760619E+000                  1.8976311549445612E+000                  2.1361917823043921E+000                  2.2867067801363832E+000 
                                     677                  8.1257388790793375E+000                  3.1815726956327489E-001                  7.0645063462359898E+000                 -4.0852227798190910E-001                  1.4813897215421184E+001                  6.9997832236600022E-001                  2.8001324702996450E-001                  2.0008430604035343E-002                  0.0000000000000000E+000                  5.4968575193773687E+008                  5.1415420269594356E+007                  1.8119857958556401E-002                  1.9627064709339245E-003                  1.4791014099124725E-053                  4.0581566186449347E-001                  6.4589486706130516E+010                  1.4992814284423756E-007                  7.0579297606611550E-011                 -3.4120584192837646E+000                  1.9020131041705723E+000                  2.1405737315304032E+000                  2.2910887293623938E+000 
                                     678                  8.0788677609466930E+000                  3.1541010700893279E-001                  7.0678175731212693E+000                 -3.9963393042221801E-001                  1.4826170436725857E+001                  6.9997672634509489E-001                  2.8001367592455534E-001                  2.0009597730349826E-002                  0.0000000000000000E+000                  5.5023494052477646E+008                  5.1613915019051857E+007                  1.9257329928439062E-002                  2.3206234682318621E-003                  2.3262436465900071E-053                  4.0563635067758885E-001                  6.4648211432001434E+010                  1.4894127787670643E-007                  7.8483339147843715E-011                 -3.4134924621725320E+000                  1.9064299092782913E+000                  2.1449905366381223E+000                  2.2955055344701130E+000 
                                     679                  8.0315449768460798E+000                  3.1264038486383616E-001                  7.0711423508968547E+000                 -3.9075112239834103E-001                  1.4838455048349855E+001                  6.9997496258278957E-001                  2.8001411138801008E-001                  2.0010926029200293E-002                  0.0000000000000000E+000                  5.5080973886422408E+008                  5.1814089500750519E+007                  2.0475336661966052E-002                  2.7435887942620571E-003                  3.6606309450628860E-053                  4.0545764296229131E-001                  6.4708587807525414E+010                  1.4792773364214411E-007                  8.7432607022973366E-011                 -3.4149751981989445E+000                  1.9108768814075987E+000                  2.1494375087674298E+000                  2.2999525065994204E+000 
                                     680                  7.9837685063063493E+000                  3.0984757831819176E-001                  7.0744808639931129E+000                 -3.8187350246642093E-001                  1.4850751615936581E+001                  6.9997300971427001E-001                  2.8001455372119310E-001                  2.0012436564536884E-002                  0.0000000000000000E+000                  5.5141044820584893E+008                  5.2015969507622942E+007                  2.1779642426454089E-002                  3.2432738065179033E-003                  5.7637602331309008E-053                  4.0527897332503920E-001                  6.4770605454558243E+010                  1.4688743966981845E-007                  9.7603363275021204E-011                 -3.4165076695497500E+000                  1.9153546453510453E+000                  2.1539152727108761E+000                  2.3044302705428668E+000 
                                     681                  7.9355363772759429E+000                  3.0703114581781243E-001                  7.0778333030867309E+000                 -3.7300070597334939E-001                  1.4863060724767443E+001                  6.9997084235229745E-001                  2.8001500358508641E-001                  2.0014154062616196E-002                  0.0000000000000000E+000                  5.5203738119597018E+008                  5.2219581527416646E+007                  2.3176212087765814E-002                  3.8333693586348537E-003                  9.0805266851376895E-053                  4.0509974674892818E-001                  6.4834249177001328E+010                  1.4582034133162008E-007                  1.0916738436112542E-010                 -3.4180909447583825E+000                  1.9198638461119277E+000                  2.1584244734717588E+000                  2.3089394713037494E+000 
                                     682                  7.8868466703861451E+000                  3.0419052847105904E-001                  7.0811998651511248E+000                 -3.6413235486700352E-001                  1.4875382980295736E+001                  6.9996843182097579E-001                  2.8001546196696753E-001                  2.0016106212056739E-002                  0.0000000000000000E+000                  5.5269086418295932E+008                  5.2424952777784936E+007                  2.4671222046444882E-002                  4.5299121660568745E-003                  1.4314546885283297E-052                  4.0491933795085111E-001                  6.4899502328398827E+010                  1.4472643544386574E-007                  1.2232321561227167E-010                 -3.4197260671329253E+000                  1.9244051491134730E+000                  2.1629657764733041E+000                  2.3134807743052948E+000 
                                     683                  7.8376975216974092E+000                  3.0132514932266746E-001                  7.0845807535880079E+000                 -3.5526805675672352E-001                  1.4887719008982723E+001                  6.9996574556963453E-001                  2.8001593024699395E-001                  2.0018324183371572E-002                  0.0000000000000000E+000                  5.5337123996645916E+008                  5.2632111204269424E+007                  2.6271054437238699E-002                  5.3516466070292383E-003                  2.2579383437916107E-052                  4.0473709053687368E-001                  6.4966346690140991E+010                  1.4360576571772801E-007                  1.3729065116745436E-010                 -3.4214140614914097E+000                  1.9289792409659408E+000                  2.1675398683257718E+000                  2.3180548661577625E+000 
                                     684                  7.7880871252180688E+000                  2.9843441257112241E-001                  7.0879761783840891E+000                 -3.4640740398652009E-001                  1.4900069459226710E+001                  6.9996274675991887E-001                  2.8001641024315049E-001                  2.0020842996930632E-002                  0.0000000000000000E+000                  5.5407886796406436E+008                  5.2841085489490502E+007                  2.7982314052253175E-002                  6.3204279997040079E-003                  3.5638643777400244E-052                  4.0455231625316435E-001                  6.5034762309584030E+010                  1.4245842570119814E-007                  1.5431277500556213E-010                 -3.4231559296625091E+000                  1.9335868301704635E+000                  2.1721474575302944E+000                  2.3226624553622850E+000 
                                     685                  7.7380137355027934E+000                  2.9551770274436101E-001                  7.0913863562841746E+000                 -3.3754997271189296E-001                  1.4912435002349577E+001                  6.9995939384712036E-001                  2.8001690424576509E-001                  2.0023701907114555E-002                  0.0000000000000000E+000                  5.5481411943084574E+008                  5.3051905084070697E+007                  2.9811870934531814E-002                  7.4616649200155124E-003                  5.6287487270548838E-052                  4.0436429430042509E-001                  6.5104727339688492E+010                  1.4128456191886384E-007                  1.7365809861353857E-010                 -3.4249526453310040E+000                  1.9382286479960003E+000                  2.1767892753558313E+000                  2.3273042731878220E+000 
                                     686                  7.6874756703262719E+000                  2.9257438383029938E-001                  7.0948115109815468E+000                 -3.2869532190955836E-001                  1.4924816333641354E+001                  6.9995564016801182E-001                  2.8001741503836108E-001                  2.0026944793627099E-002                  0.0000000000000000E+000                  5.5557737708383727E+008                  5.3264600225826032E+007                  3.1766935241110204E-002                  8.8047954718484846E-003                  8.8959313192947704E-052                  4.0417227072867179E-001                  6.5176217871678825E+010                  1.4008437482458923E-007                  1.9562050094524867E-010                 -3.4268051518642531E+000                  1.9429054494393814E+000                  2.1814660767992122E+000                  2.3319810746312029E+000 
                                     687                  7.6364713134671431E+000                  2.8960379836123762E-001                  7.0982518733136128E+000                 -3.1984299242560793E-001                  1.4937214173416830E+001                  6.9995143365210710E-001                  2.8001794588283246E-001                  2.0030620465060434E-002                  0.0000000000000000E+000                  5.5636903520412314E+008                  5.3479201961414188E+007                  3.3855170154881778E-002                  1.0383789116228863E-002                  1.4069134177521153E-051                  4.0397545793797562E-001                  6.5249207760334785E+010                  1.3885812005861695E-007                  2.2051973473264239E-010                 -3.4287143593845246E+000                  1.9476180141915342E+000                  2.1861786415513653E+000                  2.3366936393833559E+000 
                                     688                  7.5849991179916136E+000                  2.8660526647110618E-001                  7.1017076814886551E+000                 -3.1099250583096766E-001                  1.4949629268107875E+001                  6.9994671601953551E-001                  2.8001850058216082E-001                  2.0034783398303668E-002                  0.0000000000000000E+000                  5.5718949978092599E+008                  5.3695742157684587E+007                  3.6084837173741731E-002                  1.2237647085294030E-002                  2.2266272151907259E-051                  4.0377303865021213E-001                  6.5323668429864464E+010                  1.3760610299641813E-007                  2.4869868011951079E-010                 -3.4306811520949840E+000                  1.9523671475874218E+000                  2.1909277749472529E+000                  2.3414427727792435E+000 
                                     689                  7.5330576095060646E+000                  2.8357808489215697E-001                  7.1051791818191612E+000                 -3.0214336426681870E-001                  1.4962062391482704E+001                  6.9994142326256470E-001                  2.8001908331625797E-001                  2.0039493421177390E-002                  0.0000000000000000E+000                  5.5803919538016057E+008                  5.3914253558778271E+007                  3.8464995804863795E-002                  1.4410902307640704E-002                  3.5264680890030387E-051                  4.0356427223480529E-001                  6.5399568739119400E+010                  1.3632907394788821E-007                  2.8100338404770092E-010                 -3.4327057576709241E+000                  1.9571536817584527E+000                  2.1957143091182836E+000                  2.3462293069502742E+000 
                                     690                  7.4806453892021008E+000                  2.8052152586930612E-001                  7.1086666300372476E+000                 -2.9329505036388265E-001                  1.4974514345984039E+001                  6.9993548455749832E-001                  2.8001969875175176E-001                  2.0044816690749867E-002                  0.0000000000000000E+000                  5.5891856746277547E+008                  5.4134769871357270E+007                  4.1005720402475881E-002                  1.6954033942430450E-002                  5.5892456392402862E-051                  4.0334851617953360E-001                  6.5476874927540588E+010                  1.3502853650630552E-007                  3.1919350084428783E-010                 -3.4347872196874816E+000                  1.9619784771616819E+000                  2.2005391045215128E+000                  2.3510541023535034E+000 
                                     691                  7.4277611369752288E+000                  2.7743483600253743E-001                  7.1130514961398026E+000                 -2.8226480585762193E-001                  1.4990082729875050E+001                  6.9992698576659196E-001                  2.8002052435570030E-001                  2.0052489877707691E-002                  0.0000000000000000E+000                  5.6008097780370414E+008                  5.4413549668536082E+007                  4.4422767951638228E-002                  2.0739331067794908E-002                  9.9521214742806401E-051                  4.0306375974717090E-001                  6.5557145756266449E+010                  1.3370718350783100E-007                  3.6468745348821746E-010                 -3.4369226296748989E+000                  1.9668423111309958E+000                  2.2054029384908267E+000                  2.3559179363228173E+000 
                                     692                  7.3475470134473646E+000                  2.7274627744358720E-001                  7.1174568399462572E+000                 -2.7117341506237058E-001                  1.5005733045889011E+001                  6.9991729075588693E-001                  2.8002141366437355E-001                  2.0061295579739458E-002                  0.0000000000000000E+000                  5.6124949722916138E+008                  5.4695064194652833E+007                  4.8138385965932416E-002                  2.5318312341120693E-002                  1.7735907513564949E-050                  4.0277445264626716E-001                  6.5677559441633751E+010                  1.3165101286833075E-007                  4.1850285710201328E-010                 -3.4402878976316535E+000                  1.9742140012362226E+000                  2.2127746285960535E+000                  2.3632896264280441E+000 
                                     693                  7.2934774516576351E+000                  2.6958078437056621E-001                  7.1210022860806044E+000                 -2.6232363786453583E-001                  1.5018257687831129E+001                  6.9990844316951051E-001                  2.8002218447714095E-001                  2.0069372353348491E-002                  0.0000000000000000E+000                  5.6223652876931584E+008                  5.4922880209548645E+007                  5.1341097782393950E-002                  2.9644360213596725E-002                  2.8187925846733484E-050                  4.0252922832754434E-001                  6.5757870585429443E+010                  1.3026204183890524E-007                  4.7604559545940717E-010                 -3.4425910593022961E+000                  1.9791800444205774E+000                  2.2177406717804087E+000                  2.3682556696123993E+000 
                                     694                  7.2389319035458275E+000                  2.6638230295866044E-001                  7.1245649699708942E+000                 -2.5347210948935411E-001                  1.5030805167631897E+001                  6.9989855510918619E-001                  2.8002301229614490E-001                  2.0078432594668905E-002                  0.0000000000000000E+000                  5.6325548575975049E+008                  5.5152867396930210E+007                  5.4769140119994862E-002                  3.4643710116102691E-002                  4.4837093036458130E-050                  4.0227417868807896E-001                  6.5841013021199646E+010                  1.2884701753539962E-007                  5.3706663140572032E-010                 -3.4449628148774898E+000                  1.9841885216376001E+000                  2.2227491489974311E+000                  2.3732641468294218E+000 
                                     695                  7.1839094412063256E+000                  2.6314994774102218E-001                  7.1281452138839985E+000                 -2.4461819695318979E-001                  1.5043376474612472E+001                  6.9988752469930293E-001                  2.8002390314821196E-001                  2.0088572152485051E-002                  0.0000000000000000E+000                  5.6430694266845894E+008                  5.5385066456420287E+007                  5.8442724415818124E-002                  4.0397112561594950E-002                  7.1381815583587600E-050                  4.0200869573366776E-001                  6.5925324815692902E+010                  1.2740413187127023E-007                  6.0213552417548009E-010                 -3.4474082435364632E+000                  1.9892405818114340E+000                  2.2278012091712651E+000                  2.3783162070032557E+000 
                                     696                  7.1284092319575985E+000                  2.5988279959845678E-001                  7.1317433549372762E+000                 -2.3576124480868643E-001                  1.5055972638468988E+001                  6.9987524844393645E-001                  2.8002486309822944E-001                  2.0099888457834059E-002                  0.0000000000000000E+000                  5.6539150322508299E+008                  5.5619519754499443E+007                  6.2384560659608929E-002                  4.6986185446061222E-002                  1.1374317582223954E-049                  4.0173218574534353E-001                  6.6010752646133987E+010                  1.2593328480697434E-007                  6.7177857332183975E-010                 -3.4499297342410924E+000                  1.9943373160344913E+000                  2.2328979433943221E+000                  2.3834129412263128E+000 
                                     697                  7.0724305418796245E+000                  2.5657990397944208E-001                  7.1353597461039699E+000                 -2.2690057476820188E-001                  1.5068594731501012E+001                  6.9986162272023555E-001                  2.8002589853543874E-001                  2.0112478744325646E-002                  0.0000000000000000E+000                  5.6650980309854782E+008                  5.5856271476603620E+007                  6.6620046913291750E-002                  5.4489504246059958E-002                  1.8141081664761424E-049                  4.0144407234005425E-001                  6.6097239736056198E+010                  1.2443075453659161E-007                  7.4297074446462180E-010                 -3.4525361326731328E+000                  1.9994798597045988E+000                  2.2380404870644299E+000                  2.3885554848964206E+000 
                                     698                  7.0159727394516889E+000                  2.5324026899323376E-001                  7.1380831128590403E+000                 -2.2023230089134874E-001                  1.5078096036224990E+001                  6.9985051304268275E-001                  2.8002672534288187E-001                  2.0122761614435380E-002                  0.0000000000000000E+000                  5.6735791685288370E+008                  5.6035239108546056E+007                  7.0007856528786591E-002                  6.0766560226767512E-002                  2.5761428701785064E-049                  4.0122262290350819E-001                  6.6183040119717896E+010                  1.2288848059832602E-007                  8.1040098397644222E-010                 -3.4552444126944986E+000                  2.0046695228863420E+000                  2.2432301502461729E+000                  2.3937451480781640E+000 
                                     699                  6.9875640026788393E+000                  2.5155642800287359E-001                  7.1399053737772773E+000                 -2.1579860641758983E-001                  1.5084427532802902E+001                  6.9984259845743180E-001                  2.8002730577580376E-001                  2.0130095766764500E-002                  0.0000000000000000E+000                  5.6794306378818583E+008                  5.6155383937168859E+007                  7.2372163991154162E-002                  6.5267592031123672E-002                  3.2557629131706356E-049                  4.0106933317271504E-001                  6.6226308009365341E+010                  1.2212786974168028E-007                  8.6749025055401005E-010                 -3.4565926090845553E+000                  2.0072822823820857E+000                  2.2458429097419170E+000                  2.3963579075739077E+000 
                                     700                  6.9590352993200790E+000                  2.4986301320985943E-001                  7.1417324106184079E+000                 -2.1136358154606283E-001                  1.5090766154592028E+001                  6.9983429268672459E-001                  2.8002790901504082E-001                  2.0137798298234588E-002                  0.0000000000000000E+000                  5.6853703600589895E+008                  5.6276130082924813E+007                  7.4826648287164899E-002                  7.0031306006699656E-002                  4.1156951295691528E-049                  4.0091283868480304E-001                  6.6270645081139702E+010                  1.2135256734991464E-007                  9.1769387762089960E-010                 -3.4579755156235565E+000                  2.0099071972255378E+000                  2.2484678245853686E+000                  2.3989828224173593E+000 
                                     701                  6.9303865808960623E+000                  2.4815988920644497E-001                  7.1435642743137011E+000                 -2.0692713328175363E-001                  1.5097112053474975E+001                  6.9982558567410558E-001                  2.8002853604286482E-001                  2.0145878283029606E-002                  0.0000000000000000E+000                  5.6913992950043547E+008                  5.6397483916526273E+007                  7.7375522092648960E-002                  7.5061443174104028E-002                  5.2040692899086652E-049                  4.0075307668050730E-001                  6.6315199006695343E+010                  1.2056526931766776E-007                  9.6485801513024420E-010                 -3.4593888896965064E+000                  2.0125444877135341E+000                  2.2511051150733650E+000                  2.4016201129053556E+000 
                                     702                  6.9016178059314521E+000                  2.4644691783106112E-001                  7.1454010170798394E+000                 -2.0248916735214631E-001                  1.5103465384641520E+001                  6.9981646845099621E-001                  2.8002918789528791E-001                  2.0154343653715934E-002                  0.0000000000000000E+000                  5.6975184373956501E+008                  5.6519451981882200E+007                  8.0023171760302284E-002                  8.0359620704385390E-002                  6.5819448896722917E-049                  4.0058998643769467E-001                  6.6359961025649521E+010                  1.1976847958716812E-007                  1.0116179575401449E-009                 -3.4608287318019917E+000                  2.0151943202198765E+000                  2.2537549475797078E+000                  2.4042699454116985E+000 
                                     703                  6.8727289400686082E+000                  2.4472395808859604E-001                  7.1472426924651051E+000                 -1.9804958825438665E-001                  1.5109826306686253E+001                  6.9980693335712085E-001                  2.8002986567052413E-001                  2.0163200972355022E-002                  0.0000000000000000E+000                  5.7037288151753652E+008                  5.6642041008142345E+007                  8.2774157194514850E-002                  8.5924916398004800E-002                  8.3268101227486472E-049                  4.0042350942670774E-001                  6.6404922161732681E+010                  1.1896088308217261E-007                  1.0567975849257521E-009                 -3.4622979102882292E+000                  2.0178568649515531E+000                  2.2564174923113844E+000                  2.4069324901433751E+000 
                                     704                  6.8437199561911370E+000                  2.4299086606792866E-001                  7.1486274742293281E+000                 -1.9471242771203415E-001                  1.5114608269093210E+001                  6.9979951744149527E-001                  2.8003039079845210E-001                  2.0170091760052689E-002                  0.0000000000000000E+000                  5.7084150146366644E+008                  5.6734396290780112E+007                  8.4909393470338643E-002                  9.0277024061245575E-002                  9.9351229279417720E-049                  4.0029700020600517E-001                  6.6449641072166199E+010                  1.1813906007499635E-007                  1.0976403349835154E-009                 -3.4638032443752556E+000                  2.0205323279871372E+000                  2.2590929553469681E+000                  2.4096079531789587E+000 
                                     705                  6.8291553953701953E+000                  2.4211958588678309E-001                  7.1495520672615163E+000                 -1.9249134195582848E-001                  1.5117794576158385E+001                  6.9979443102712346E-001                  2.8003075030462177E-001                  2.0174818668254768E-002                  0.0000000000000000E+000                  5.7115896737527537E+008                  5.6796163289956287E+007                  8.6366779830532647E-002                  9.3256175161204782E-002                  1.1176928742097066E-048                  4.0021116754449981E-001                  6.6472093181704987E+010                  1.1773677537208964E-007                  1.1306771614236782E-009                 -3.4645439315070639E+000                  2.0218763230188070E+000                  2.2604369503786379E+000                  2.4109519482106285E+000 
                                     706                  6.8145908345492519E+000                  2.4124751502670702E-001                  7.1504779234402189E+000                 -1.9026981728808726E-001                  1.5120982853989295E+001                  6.9978923742471477E-001                  2.8003111675657477E-001                  2.0179645818710457E-002                  0.0000000000000000E+000                  5.7147878391827881E+008                  5.6858089448624916E+007                  8.7852769204320572E-002                  9.6298700964659867E-002                  1.2574799088411197E-048                  4.0012445537105396E-001                  6.6494759372142410E+010                  1.1732891981270018E-007                  1.1593803146841136E-009                 -3.4652974638183824E+000                  2.0232208192945866E+000                  2.2617814466544175E+000                  2.4122964444864081E+000 
                                     707                  6.7999661987181650E+000                  2.4037103760491149E-001                  7.1514050526644350E+000                 -1.8804780316302835E-001                  1.5124173162317387E+001                  6.9978393630568514E-001                  2.8003149076965034E-001                  2.0184572924664579E-002                  0.0000000000000000E+000                  5.7180094799523509E+008                  5.6920175779456548E+007                  8.9367896191688931E-002                  9.9403299121869931E-002                  1.4148468809166280E-048                  4.0003684936923867E-001                  6.6517515030693024E+010                  1.1691789119243299E-007                  1.1882245837359246E-009                 -3.4660595132316634E+000                  2.0245714006617970E+000                  2.2631320280216283E+000                  2.4136470258536189E+000 
                                     708                  6.7853415628870790E+000                  2.3949373506309576E-001                  7.1527978681534607E+000                 -1.8472032759552362E-001                  1.5128956135838367E+001                  6.9977576902256255E-001                  2.8003206664695007E-001                  2.0192164330487428E-002                  0.0000000000000000E+000                  5.7229188819741762E+008                  5.7013604330155872E+007                  9.1695305067448038E-002                  1.0416638053003488E-001                  1.6886950717449885E-048                  3.9990309570450294E-001                  6.6540483379658943E+010                  1.1651021709517403E-007                  1.2216496668960050E-009                 -3.4668179942567781E+000                  2.0259225264647394E+000                  2.2644831538245707E+000                  2.4149981516565613E+000 
                                     709                  6.7559721365718914E+000                  2.3772935224640138E-001                  7.1546598358449831E+000                 -1.8027331617463382E-001                  1.5135349078438715E+001                  6.9976452075165230E-001                  2.8003286067769712E-001                  2.0202618570650532E-002                  0.0000000000000000E+000                  5.7295051845885289E+008                  5.7138748473209888E+007                  9.4908716067832799E-002                  1.1072353163006378E-001                  2.1386959747535536E-048                  3.9972217116859077E-001                  6.6586584271021561E+010                  1.1566183554810724E-007                  1.2635401603506680E-009                 -3.4684049598719584E+000                  2.0286376734911884E+000                  2.2671983008510197E+000                  2.4177132986830103E+000 
                                     710                  6.7264825587253112E+000                  2.3595423058272560E-001                  7.1565270229096676E+000                 -1.7582419404206837E-001                  1.5141750459627886E+001                  6.9975284490363898E-001                  2.8003368740347162E-001                  2.0213467692889342E-002                  0.0000000000000000E+000                  5.7361883776633191E+008                  5.7264550229241960E+007                  9.8250888552896418E-002                  1.1748807586951267E-001                  2.7093838346633391E-048                  3.9953715002674650E-001                  6.6632398409184021E+010                  1.1480841432850772E-007                  1.3103475260384109E-009                 -3.4700131406270165E+000                  2.0313664761223351E+000                  2.2699271034821664E+000                  2.4204421013141570E+000 
                                     711                  6.6968728403565310E+000                  2.3416821023387416E-001                  7.1583994894270795E+000                 -1.7137285621205392E-001                  1.5148160460680872E+001                  6.9974074725704505E-001                  2.8003454851436632E-001                  2.0224704228588575E-002                  0.0000000000000000E+000                  5.7429696768642521E+008                  5.7391017512756243E+007                  1.0172744808553037E-001                  1.2443328877984443E-001                  3.4333481353012976E-048                  3.9934779567831413E-001                  6.6678352706045639E+010                  1.1394782275932284E-007                  1.3592301035929745E-009                 -3.4716469843100142E+000                  2.0341090996773312E+000                  2.2726697270371621E+000                  2.4231847248691527E+000 
                                     712                  6.6671430004976155E+000                  2.3237112788763950E-001                  7.1602772962824508E+000                 -1.6691919570985500E-001                  1.5154579267068023E+001                  6.9972823687234620E-001                  2.8003544584183038E-001                  2.0236317285823424E-002                  0.0000000000000000E+000                  5.7498503261482894E+008                  5.7518158447740614E+007                  1.0534421123187156E-001                  1.3152623898701141E-001                  4.3520431094210895E-048                  3.9915386693529892E-001                  6.6724436195307510E+010                  1.1307781428182400E-007                  1.4077816074298355E-009                 -3.4733112973609659E+000                  2.0368657442132778E+000                  2.2754263715731091E+000                  2.4259413694050997E+000 
                                     713                  6.6372930663408507E+000                  2.3056281665322717E-001                  7.1621605051959119E+000                 -1.6246310358997476E-001                  1.5161007068585990E+001                  6.9971532639533562E-001                  2.8003638137243608E-001                  2.0248292232228238E-002                  0.0000000000000000E+000                  5.7568316046586645E+008                  5.7645981379149623E+007                  1.0910719324250717E-001                  1.3872728614637844E-001                  5.5182174457098846E-048                  3.9895511788321530E-001                  6.6770637546359512E+010                  1.1219754259488461E-007                  1.4549896260598163E-009                 -3.4750083275522679E+000                  2.0396366145098193E+000                  2.2781972418696501E+000                  2.4287122397016407E+000 
                                     714                  6.6073230733799484E+000                  2.2874310595246711E-001                  7.1640491787523590E+000                 -1.5800446894536127E-001                  1.5167444059492984E+001                  6.9970203234729855E-001                  2.8003735726212020E-001                  2.0260610390581246E-002                  0.0000000000000000E+000                  5.7639148366487658E+008                  5.7774494883734345E+007                  1.1302261742438136E-001                  1.4598964474928039E-001                  6.9990154725535117E-048                  3.9875129773348744E-001                  6.6816945060666275E+010                  1.1130672738575185E-007                  1.5004010531716709E-009                 -3.4767392930428205E+000                  2.0424219202439193E+000                  2.2809825476037502E+000                  2.4314975454357413E+000 
                                     715                  6.5772330655591063E+000                  2.2691182140687852E-001                  7.1659433804329353E+000                 -1.5354317890139421E-001                  1.5173890438651766E+001                  6.9968837539224793E-001                  2.8003837585083263E-001                  2.0273248756919493E-002                  0.0000000000000000E+000                  5.7711013821828961E+008                  5.7903707783479415E+007                  1.1709692617548022E-001                  1.5325904539603044E-001                  8.8799370909137826E-048                  3.9854215066526977E-001                  6.6863346666017975E+010                  1.1040594262516213E-007                  1.5444100298157263E-009                 -3.4785037749888388E+000                  2.0452218761746446E+000                  2.2837825035344754E+000                  2.4342975013664661E+000 
                                     716                  6.5470230953979476E+000                  2.2506878471851227E-001                  7.1678431746503479E+000                 -1.4907911858485590E-001                  1.5180346409688333E+001                  6.9967438056996456E-001                  2.8003943967752104E-001                  2.0286179752514455E-002                  0.0000000000000000E+000                  5.7783926365497649E+008                  5.8033629157255411E+007                  1.2133679365301947E-001                  1.6047353027220035E-001                  1.1269896672168628E-047                  3.9832741565408331E-001                  6.6909829908043915E+010                  1.0949706221195220E-007                  1.5887031840159313E-009                 -3.4802987663582949E+000                  2.0480367023359372E+000                  2.2865973296957680E+000                  2.4371123275277586E+000 
                                     717                  6.5166932240514104E+000                  2.2321381354181122E-001                  7.1707038250164912E+000                 -1.4240041978234586E-001                  1.5190028155255112E+001                  6.9965277437516038E-001                  2.8004113040354023E-001                  2.0306095221299447E-002                  0.0000000000000000E+000                  5.7896707627904081E+008                  5.8229950290599994E+007                  1.2801523437556847E-001                  1.7100436135112759E-001                  1.6121943893076080E-047                  3.9799167889121695E-001                  6.6957296307860016E+010                  1.0858165923353484E-007                  1.6331439202807438E-009                 -3.4821217630934265E+000                  2.0508665650710838E+000                  2.2894271924309146E+000                  2.4399421902629053E+000 
                                     718                  6.4556740663398449E+000                  2.1946712626875231E-001                  7.1745376889156249E+000                 -1.3345402731882464E-001                  1.5203000333657078E+001                  6.9962316869676788E-001                  2.8004356762964772E-001                  2.0333263673584456E-002                  0.0000000000000000E+000                  5.8048975498317087E+008                  5.8494154580739602E+007                  1.3757528353194848E-001                  1.8418679225567391E-001                  2.6018673042420064E-047                  3.9752543166032811E-001                  6.7052353530830177E+010                  1.0668460480202814E-007                  1.6798276922884924E-009                 -3.4859491236144815E+000                  2.0565727158103697E+000                  2.2951333431702010E+000                  2.4456483410021916E+000 
                                     719                  6.3941762593956932E+000                  2.1567040017505595E-001                  7.1783951367150349E+000                 -1.2449436971827062E-001                  1.5216014811318901E+001                  6.9959289108196610E-001                  2.8004623793719469E-001                  2.0360870980839163E-002                  0.0000000000000000E+000                  5.8205701651164973E+008                  5.8761370142425947E+007                  1.4792971961103346E-001                  1.9566120220587391E-001                  4.2047947770363111E-047                  3.9703184698294081E-001                  6.7145689048540459E+010                  1.0474256642788779E-007                  1.7148460641761160E-009                 -3.4899383945574667E+000                  2.0623422146004433E+000                  2.3009028419602742E+000                  2.4514178397922648E+000 
                                     720                  6.3322006174036440E+000                  2.1182201672585735E-001                  7.1822767344550229E+000                 -1.1552041607158596E-001                  1.5229073474826006E+001                  6.9956236813300932E-001                  2.8004918266752715E-001                  2.0388449199463476E-002                  0.0000000000000000E+000                  5.8367016047359967E+008                  5.9031683347454473E+007                  1.5914793768820090E-001                  2.0465227440347905E-001                  6.8048198938184602E-047                  3.9650855000302720E-001                  6.7239015715376854E+010                  1.0275414119507452E-007                  1.7317554736341962E-009                 -3.4941003330863971E+000                  2.0681769740859122E+000                  2.3067376014457435E+000                  2.4572525992777337E+000 
                                     721                  6.2697481067139469E+000                  2.0792027895811252E-001                  7.1852042536453693E+000                 -1.0875526752844340E-001                  1.5238920487277568E+001                  6.9953962670200276E-001                  2.8005158719694179E-001                  2.0408786101055454E-002                  0.0000000000000000E+000                  5.8489611692778587E+008                  5.9236440271937855E+007                  1.6818311427098501E-001                  2.0932915710412869E-001                  9.7744096049397171E-047                  3.9609764164450906E-001                  6.7330288273773941E+010                  1.0072884088975066E-007                  1.7418742614863276E-009                 -3.4984230817741047E+000                  2.0740792109718122E+000                  2.3126398383316435E+000                  2.4631548361636337E+000 
                                     722                  6.2383433704569038E+000                  2.0594895701532379E-001                  7.1881457128868806E+000                 -1.0203066737629250E-001                  1.5248748346755903E+001                  6.9951716449971146E-001                  2.8005419056325287E-001                  2.0428644937035667E-002                  0.0000000000000000E+000                  5.8617915093719876E+008                  5.9443162555981614E+007                  1.7775450848338015E-001                  2.1176163843130208E-001                  1.4048113562046422E-046                  3.9566236050951148E-001                  6.7376809916962929E+010                  1.0017457045106156E-007                  2.2121638501905629E-009                 -3.4996212555738282E+000                  2.0770561250284150E+000                  2.3156167523882463E+000                  2.4661317502202369E+000 
                                     723                  6.1751777141491324E+000                  2.0196382100770252E-001                  7.1930799434613908E+000                 -9.0800004984237584E-002                  1.5265189383531652E+001                  6.9947585861838601E-001                  2.8006420692631739E-001                  2.0459934455296591E-002                  0.0000000000000000E+000                  5.8837709094451094E+008                  5.9791737866954550E+007                  1.9504364308554747E-001                  2.1017224239001886E-001                  2.5763700508062040E-046                  3.9489017988651387E-001                  6.7473300291864006E+010                  1.0162338957789601E-007                  5.7178036822806735E-009                 -3.4965031617959852E+000                  2.0830630204632192E+000                  2.3216236478230505E+000                  2.4721386456550412E+000 
                                     724                  6.0795414171347781E+000                  1.9587623626076012E-001                  7.1980564572882306E+000                 -7.9391823077097329E-002                  1.5281792791201314E+001                  6.9925373679388303E-001                  2.8025466427499263E-001                  2.0491598931124289E-002                  0.0000000000000000E+000                  5.9051965453040195E+008                  6.0141257275918923E+007                  2.1413610550401604E-001                  1.8589666877901720E-001                  4.7496819083436820E-046                  3.9402790237688001E-001                  6.7605060890205208E+010                  1.0815737326376491E-007                  1.5334653200862812E-008                 -3.4829719343278134E+000                  2.0921930382486038E+000                  2.3307536656084347E+000                  2.4812686634404253E+000 
                                     725                  6.0151943194539550E+000                  1.9174298747280727E-001                  7.2020669509206350E+000                 -7.0096844983726786E-002                  1.5295104287211684E+001                  6.9854167281204860E-001                  2.8094134969365125E-001                  2.0516977494300148E-002                  0.0000000000000000E+000                  5.9206711273554254E+008                  6.0412362325613320E+007                  2.3061360663682182E-001                  1.2136564784035606E-001                  7.8109768496293317E-046                  3.9317937846842493E-001                  6.7672214318225090E+010                  1.1777818759397968E-007                  2.6871682581307613E-008                 -3.4644675665092350E+000                  2.0983168468620219E+000                  2.3368774742218528E+000                  2.4873924720538434E+000 
                                     726                  5.9503776474905754E+000                  1.8754882732400346E-001                  7.2050928275826367E+000                 -6.3072914512905531E-002                  1.5305151526095319E+001                  6.9797976971480602E-001                  2.8149232532099711E-001                  2.0527904964196875E-002                  0.0000000000000000E+000                  5.9323018203593266E+008                  6.0617217683288977E+007                  2.4386728130248875E-001                  7.4514887155712820E-002                  1.1361827129164293E-045                  3.9251130174358889E-001                  6.7723862253072273E+010                  1.1949875055248219E-007                  3.0387535508852331E-008                 -3.4613183177805125E+000                  2.1044690252383096E+000                  2.3430296525981409E+000                  2.4935446504301315E+000 
                                     727                  5.9177938350217296E+000                  1.8542841945520819E-001                  7.2071182123006423E+000                 -5.8451304109361703E-002                  1.5311850729695166E+001                  6.9775563035425681E-001                  2.8171357625664140E-001                  2.0530793389101798E-002                  0.0000000000000000E+000                  5.9410058569894922E+008                  6.0758421496397048E+007                  2.5320700847847932E-001                  5.8359445900465781E-002                  1.4565665593168774E-045                  3.9208065519234775E-001                  6.7752843563426788E+010                  1.1156244232338425E-007                  2.3389209680790114E-008                 -3.4762409933666794E+000                  2.1075853383304199E+000                  2.3461459656902508E+000                  2.4966609635222414E+000 
                                     728                  5.8850933891397457E+000                  1.8329176096183145E-001                  7.2101686931887610E+000                 -5.1594137597410807E-002                  1.5321901302360661E+001                  6.9759664041019553E-001                  2.8187087318478676E-001                  2.0532486405017703E-002                  0.0000000000000000E+000                  5.9552797407632816E+008                  6.0976107969316639E+007                  2.6799313744635395E-001                  4.9637543886553746E-002                  2.1109689450556901E-045                  3.9144737684069536E-001                  6.7790540615656319E+010                  1.0043128498197344E-007                  1.3263703953115880E-008                 -3.4990654903155405E+000                  2.1107443690683358E+000                  2.3493049964281667E+000                  2.4998199942601573E+000 
                                     729                  5.8193437223346871E+000                  1.7896765050400920E-001                  7.2142627566069875E+000                 -4.2435769848673068E-002                  1.5335392886047842E+001                  6.9752030256898745E-001                  2.8194634428799509E-001                  2.0533353143017408E-002                  0.0000000000000000E+000                  5.9751966210477579E+008                  6.1272818291479714E+007                  2.8924111908120809E-001                  5.0014364495796174E-002                  3.4630864360672049E-045                  3.9059654106568242E-001                  6.7874454711155525E+010                  9.1054831191298963E-008                  6.0109058697722973E-009                 -3.5203485032208617E+000                  2.1171568346637955E+000                  2.3557174620236268E+000                  2.5062324598556174E+000 
                                     730                  5.7531310215435019E+000                  1.7457362230347998E-001                  7.2183872080701885E+000                 -3.3266555249926263E-002                  1.5348950190540895E+001                  6.9749593679913502E-001                  2.8197021303889508E-001                  2.0533850161969847E-002                  0.0000000000000000E+000                  5.9959259893690860E+008                  6.1574679996967055E+007                  3.1229381839931908E-001                  5.6052352578414864E-002                  5.6886464794381742E-045                  3.8971514707965893E-001                  6.7959339504811577E+010                  8.5214303406598193E-008                  2.3751761075409499E-009                 -3.5347437509195303E+000                  2.1236721271731227E+000                  2.3622327545329540E+000                  2.5127477523649446E+000 
                                     731                  5.6864578644833097E+000                  1.7010684820417937E-001                  7.2225431247315974E+000                 -2.4070490127260428E-002                  1.5362576439583453E+001                  6.9748146546714163E-001                  2.8198435812258693E-001                  2.0534176410271443E-002                  0.0000000000000000E+000                  6.0172960727047956E+008                  6.1880839597122304E+007                  3.3728175475125355E-001                  6.4992691177904641E-002                  9.3622874996139556E-045                  3.8879650228044343E-001                  6.8043649793731461E+010                  8.1639390482648352E-008                  1.0564030953960793E-009                 -3.5440501231870143E+000                  2.1302831100278712E+000                  2.3688437373877025E+000                  2.5193587352196931E+000 
                                     732                  5.6193270403257038E+000                  1.6556448347146729E-001                  7.2277811725066252E+000                 -1.2581260753592536E-002                  1.5379661372508052E+001                  6.9746492591435960E-001                  2.8200072837547202E-001                  2.0534345710168322E-002                  0.0000000000000000E+000                  6.0451667965629029E+008                  6.2269452475934595E+007                  3.7141485868345797E-001                  8.0520897666744834E-002                  1.7494731704238446E-044                  3.8759242233867414E-001                  6.8127929514202049E+010                  7.9019795056990454E-008                  7.3598705872097083E-010                 -3.5511320505121353E+000                  2.1369889300912450E+000                  2.3755495574510763E+000                  2.5260645552830669E+000 
                                     733                  5.5177793252311522E+000                  1.5860183568254205E-001                  7.2330784214726478E+000                 -9.3303133226324184E-004                  1.5396969402231081E+001                  6.9744852410608460E-001                  2.8201713644959803E-001                  2.0534339444317373E-002                  0.0000000000000000E+000                  6.0734715165363145E+008                  6.2665042738289043E+007                  4.0929364093971987E-001                  1.0205088530185150E-001                  3.2843946724042546E-044                  3.8634228639006502E-001                  6.8245524152619980E+010                  7.5434193962579264E-008                  7.0826520007528801E-010                 -3.5612158729339449E+000                  2.1472331363691137E+000                  2.3857937637289450E+000                  2.5363087615609357E+000 
                                     734                  5.4495180057861949E+000                  1.5385707566241644E-001                  7.2373539708349943E+000                  8.3853378152013314E-003                  1.5410865387475857E+001                  6.9743456697433837E-001                  2.8203116901738251E-001                  2.0534264008279068E-002                  0.0000000000000000E+000                  6.0971077586924410E+008                  6.2986602873792939E+007                  4.4239981078977869E-001                  1.2441355360403414E-001                  5.4484206197959827E-044                  3.8530315197464199E-001                  6.8317631241110336E+010                  7.3297562097676079E-008                  1.0257100587180897E-009                 -3.5674552349518369E+000                  2.1541906156012387E+000                  2.3927512429610700E+000                  2.5432662407930606E+000 
                                     735                  5.3808105749393231E+000                  1.4902550097341641E-001                  7.2416668626022487E+000                  1.7744925485663136E-002                  1.5424847528648671E+001                  6.9741765333085826E-001                  2.8204822578579081E-001                  2.0534120883350937E-002                  0.0000000000000000E+000                  6.1214381672751701E+008                  6.3312869661148325E+007                  4.7827667905985777E-001                  1.5236168769474290E-001                  9.0616732327270561E-044                  3.8423478365132918E-001                  6.8388114967101173E+010                  7.9819859918635052E-008                  1.0076051891160201E-008                 -3.5489445193622990E+000                  2.1612555670712239E+000                  2.3998161944310552E+000                  2.5503311922630458E+000 
                                     736                  5.3116608814528803E+000                  1.4410345888490578E-001                  7.2460186543493901E+000                  2.7175586714324226E-002                  1.5438920361701205E+001                  6.9731623575637336E-001                  2.8215114197126578E-001                  2.0532622272360856E-002                  0.0000000000000000E+000                  6.1461084356340241E+008                  6.3642036606959760E+007                  5.1709887126674370E-001                  1.8745846556502543E-001                  1.5127465121168852E-043                  3.8312436383752063E-001                  6.8452089172184837E+010                  1.4114149404902073E-007                  7.3993396868927399E-008                 -3.4251726448332183E+000                  2.1684256045400887E+000                  2.4069862318999196E+000                  2.5575012297319102E+000 
                                     737                  5.2420730334961902E+000                  1.3908738205572502E-001                  7.2504083389010701E+000                  3.7483260138650408E-002                  1.5453088690339364E+001                  6.9473765430981060E-001                  2.8476648833419316E-001                  2.0495857355996239E-002                  0.0000000000000000E+000                  6.1597414920241129E+008                  6.3915168929479606E+007                  5.5721538209315680E-001                  2.4139569343745487E-001                  2.6100244203402331E-043                  3.8150936393376517E-001                  6.8443209483308754E+010                  3.3832807616729858E-007                  2.7320714774202990E-007                 -3.2353309803868475E+000                  2.1754978553702222E+000                  2.4140584827300531E+000                  2.5645734805620437E+000 
                                     738                  5.1720514091917016E+000                  1.3398309540559339E-001                  7.2542731519561743E+000                  4.9362833655727655E-002                  1.5465592950128057E+001                  6.8421438626363229E-001                  2.9541829278193860E-001                  2.0367320954429058E-002                  0.0000000000000000E+000                  6.1324526442901850E+008                  6.3952050651636615E+007                  5.8812593146561276E-001                  3.3421554471522474E-001                  4.6500892059297697E-043                  3.7848391573472118E-001                  6.8113229859087532E+010                  6.8044722342549627E-007                  6.1430082074789864E-007                 -3.0836027768643683E+000                  2.1816767766720502E+000                  2.4202374040318810E+000                  2.5707524018638717E+000 
                                     739                  5.1192133548104026E+000                  1.3011733636622064E-001                  7.2575893441519872E+000                  6.1656586399091114E-002                  1.5476349105418215E+001                  6.6915041975211786E-001                  3.1062982685460194E-001                  2.0219753393280193E-002                  0.0000000000000000E+000                  6.0799535298950458E+008                  6.3831184794447817E+007                  6.1065561643107658E-001                  4.4798064509862828E-001                  8.1430052366423860E-043                  3.7474190628188492E-001                  6.7522122577685516E+010                  1.0330164762203554E-006                  9.6262040782119836E-007                 -2.9929463757965697E+000                  2.1852402928842380E+000                  2.4238009202440689E+000                  2.5743159180760595E+000 
                                     740                  5.0662159193939607E+000                  1.2624605634908698E-001                  7.2600731463674855E+000                  7.1501680083979252E-002                  1.5484469052456770E+001                  6.5632713569832402E-001                  3.2355526610907581E-001                  2.0117598192600172E-002                  0.0000000000000000E+000                  6.0325935870342410E+008                  6.3698907258567356E+007                  6.2652514327556796E-001                  5.4652806027892453E-001                  1.2535696832938290E-042                  3.7167244706457481E-001                  6.6727831432088829E+010                  1.2611789350950291E-006                  1.1843650402961584E-006                 -2.9496116458445556E+000                  2.1881004646884468E+000                  2.4266610920482781E+000                  2.5771760898802687E+000 
                                     741                  5.0395983090881016E+000                  1.2430673717108277E-001                  7.2617292144542542E+000                  7.8106049908651123E-002                  1.5489887661542587E+001                  6.4774702097229975E-001                  3.3219345927696259E-001                  2.0059519750737609E-002                  0.0000000000000000E+000                  6.0007196107170343E+008                  6.3608269672713362E+007                  6.3720864110419539E-001                  6.1620240847158003E-001                  1.6669883814964550E-042                  3.6963259236004742E-001                  6.6305704299965805E+010                  1.3396248503983613E-006                  1.2593290879677586E-006                 -2.9365084023894727E+000                  2.1894295847834400E+000                  2.4279902121432708E+000                  2.5785052099752614E+000 
                                     742                  5.0129283342712805E+000                  1.2236711618341038E-001                  7.2631077586932822E+000                  8.3535861648947302E-002                  1.5494414404944592E+001                  6.4089552533139904E-001                  3.3908688810707766E-001                  2.0017586561523304E-002                  0.0000000000000000E+000                  5.9753843828233826E+008                  6.3539108006516494E+007                  6.4644667055702498E-001                  6.7644598803824496E-001                  2.1034895054595446E-042                  3.6799810906692854E-001                  6.5893504543963844E+010                  1.3543381875122720E-006                  1.2706804007513801E-006                 -2.9341364379025014E+000                  2.1907762837925646E+000                  2.4293369111523959E+000                  2.5798519089843865E+000 
                                     743                  4.9951308962230776E+000                  1.2107449246647856E-001                  7.2642104405365133E+000                  8.7957400503927946E-002                  1.5498039475102759E+001                  6.3523261999611302E-001                  3.4478127795565416E-001                  1.9986102048232812E-002                  0.0000000000000000E+000                  5.9541659939747882E+008                  6.3478432852870472E+007                  6.5370417462675856E-001                  7.2697690126257164E-001                  2.5359012440835732E-042                  3.6663402621553282E-001                  6.5621102922391403E+010                  1.3418834034415480E-006                  1.2559769071497890E-006                 -2.9361426092376943E+000                  2.1916726410042098E+000                  2.4302332683640411E+000                  2.5807482661960317E+000 
                                     744                  4.9772814372961598E+000                  1.1977970268713391E-001                  7.2650373989261636E+000                  9.1140757173677325E-002                  1.5500765066197861E+001                  6.3140253592291062E-001                  3.4863133042907490E-001                  1.9966133648014472E-002                  0.0000000000000000E+000                  5.9401729423888969E+008                  6.3443180131384388E+007                  6.5959784997038151E-001                  7.6515769266639466E-001                  2.9034968223737660E-042                  3.6567347742810358E-001                  6.5359057619583336E+010                  1.3286602211129837E-006                  1.2405498653550042E-006                 -2.9382930335927449E+000                  2.1925987998932350E+000                  2.4311594272530659E+000                  2.5816744250850565E+000 
                                     745                  4.9683567078327027E+000                  1.1913270955484552E-001                  7.2655880444177594E+000                  9.3290171199387747E-002                  1.5502580197394817E+001                  6.2877552439587914E-001                  3.5127156472814780E-001                  1.9952910875973062E-002                  0.0000000000000000E+000                  5.9304735234140241E+008                  6.3417565194967434E+007                  6.6345523244968152E-001                  7.9147837867627091E-001                  3.1791261807634872E-042                  3.6502095165509385E-001                  6.5233668867121147E+010                  1.3335650047428889E-006                  1.2444008446248003E-006                 -2.9374929048677960E+000                  2.1930776795130842E+000                  2.4316383068729155E+000                  2.5821533047049061E+000 
                                     746                  4.9594319783692447E+000                  1.1848602755937510E-001                  7.2664145628531109E+000                  9.6618800033902399E-002                  1.5505305231642925E+001                  6.2455560545866484E-001                  3.5551195972707583E-001                  1.9932434814259326E-002                  0.0000000000000000E+000                  5.9145616813103914E+008                  6.3371705534786753E+007                  6.6896766456311096E-001                  8.3271780719027189E-001                  3.6516497063584548E-042                  3.6399089713645383E-001                  6.5101465627689064E+010                  1.3479152211017580E-006                  1.2576236986608979E-006                 -2.9351687112317864E+000                  2.1935321666879037E+000                  2.4320927940477350E+000                  2.5826077918797257E+000 
                                     747                  4.9415308522981416E+000                  1.1719016135046174E-001                  7.2675159858782346E+000                  1.0087404983336359E-001                  1.5508945709994798E+001                  6.1949272501343322E-001                  3.6059770985098616E-001                  1.9909565135580620E-002                  0.0000000000000000E+000                  5.8959482092839336E+008                  6.3324491287839189E+007                  6.7693993741321201E-001                  8.8823494793674240E-001                  4.3647238848533802E-042                  3.6273520156959649E-001                  6.4842362329246216E+010                  1.3541327508006561E-006                  1.2616588113914255E-006                 -2.9341693790092878E+000                  2.1944565474916375E+000                  2.4330171748514684E+000                  2.5835321726834590E+000 
                                     748                  4.9236297262270385E+000                  1.1589539660881210E-001                  7.2686178247345881E+000                  1.0528988402330265E-001                  1.5512593647525726E+001                  6.1402398785263090E-001                  3.6608947616241122E-001                  1.9886535984957820E-002                  0.0000000000000000E+000                  5.8752971863856912E+008                  6.3266170918489642E+007                  6.8450965125686503E-001                  9.4695567755517118E-001                  5.2348598827753880E-042                  3.6140876424735618E-001                  6.4588400206858322E+010                  1.3609539839443460E-006                  1.2663719685038209E-006                 -2.9330782793736816E+000                  2.1953898336390196E+000                  2.4339504609988509E+000                  2.5844654588308416E+000 
                                     749                  4.9056518327324916E+000                  1.1459665206117127E-001                  7.2697200792232861E+000                  1.0959267653221065E-001                  1.5516249008620044E+001                  6.0891862103130878E-001                  3.7121506740512011E-001                  1.9866311563571104E-002                  0.0000000000000000E+000                  5.8563123871513963E+008                  6.3216687265990838E+007                  6.9250807734031095E-001                  1.0075544266273395E+000                  6.2520267660846503E-042                  3.6015905334021575E-001                  6.4333549772662621E+010                  1.3795090236537552E-006                  1.2828216317431143E-006                 -2.9301377271827511E+000                  2.1963181493547816E+000                  2.4348787767146125E+000                  2.5853937745466036E+000 
                                     750                  4.8876739392379438E+000                  1.1329912820901844E-001                  7.2708203877465198E+000                  1.1406777383585473E-001                  1.5519903868859620E+001                  6.0336513943956593E-001                  3.7678941129456989E-001                  1.9845449265864179E-002                  0.0000000000000000E+000                  5.8350690183353925E+008                  6.3154693594710961E+007                  6.9999042357334518E-001                  1.0717272378715401E+000                  7.4929103717164711E-042                  3.5883124908747244E-001                  6.4077077088667580E+010                  1.4020644917391524E-006                  1.3032665636022887E-006                 -2.9266160046817302E+000                  2.1972327332974118E+000                  2.4357933606572431E+000                  2.5863083584892337E+000 
                                     751                  4.8696960457433960E+000                  1.1200335138562383E-001                  7.2719187521362247E+000                  1.1840715478414580E-001                  1.5523558124722831E+001                  5.9822029790491771E-001                  3.8195234741186751E-001                  1.9827354683214837E-002                  0.0000000000000000E+000                  5.8157034488193822E+008                  6.3102596479847409E+007                  7.0792516476552536E-001                  1.1378023805326236E+000                  8.9368569255752210E-042                  3.5758842695430504E-001                  6.3820348712481430E+010                  1.4232973475523794E-006                  1.3223936200735383E-006                 -2.9233521799961468E+000                  2.1981362426711675E+000                  2.4366968700309988E+000                  2.5872118678629894E+000 
                                     752                  4.8517181522488491E+000                  1.1070892865963755E-001                  7.2730182618015728E+000                  1.2292545929629878E-001                  1.5527221914351450E+001                  5.9262695581593627E-001                  3.8756444264869155E-001                  1.9808601535372228E-002                  0.0000000000000000E+000                  5.7941009756458008E+008                  6.3038258801308095E+007                  7.1533580956983167E-001                  1.2078233965580434E+000                  1.0699318672208117E-041                  3.5626718918390110E-001                  6.3563464443625771E+010                  1.4430885928455150E-006                  1.3400893111702496E-006                 -2.9203535031286183E+000                  2.1990305941143009E+000                  2.4375912214741322E+000                  2.5881062193061228E+000 
                                     753                  4.8336391773566287E+000                  1.0940910577348860E-001                  7.2741189044450110E+000                  1.2731872599719746E-001                  1.5530895208683262E+001                  5.8742234027861873E-001                  3.9278542500049207E-001                  1.9792234720889201E-002                  0.0000000000000000E+000                  5.7743124951512885E+008                  6.2983757428456165E+007                  7.2321413741172613E-001                  1.2803022009281491E+000                  1.2755913665847902E-041                  3.5502504661966355E-001                  6.3305457137431435E+010                  1.4621726615624843E-006                  1.3570734607654202E-006                 -2.9175006702088231E+000                  2.1999204483030166E+000                  2.4384810756628479E+000                  2.5889960734948385E+000 
                                     754                  4.8155602024644075E+000                  1.0811076660519622E-001                  7.2752176060778497E+000                  1.3187394568852415E-001                  1.5534567598989288E+001                  5.8179979355561839E-001                  3.9842471029467241E-001                  1.9775496149709193E-002                  0.0000000000000000E+000                  5.7524190044636369E+008                  6.2917522791730240E+007                  7.3051839892774639E-001                  1.3565815389513909E+000                  1.5254399566911295E-041                  3.5371203665864132E-001                  6.3047818218268410E+010                  1.4814187399085394E-006                  1.3742338775028547E-006                 -2.9146610829178856E+000                  2.2008025100767199E+000                  2.4393631374365512E+000                  2.5898781352685418E+000 
                                     755                  4.7974812275721881E+000                  1.0681440849284843E-001                  7.2763143697068724E+000                  1.3629310314719262E-001                  1.5538238974864244E+001                  5.7657481104867392E-001                  4.0366447257165683E-001                  1.9760716379669252E-002                  0.0000000000000000E+000                  5.7323703164009380E+008                  6.2861151351754986E+007                  7.3826534736590033E-001                  1.4356419130418201E+000                  1.8160225140696248E-041                  3.5247911371736490E-001                  6.2790786439302002E+010                  1.5022656999171573E-006                  1.3930059893725184E-006                 -2.9116266242775120E+000                  2.2016757343967410E+000                  2.4402363617565719E+000                  2.5907513595885630E+000 
                                     756                  4.7794022526799687E+000                  1.0551963879281359E-001                  7.2774122048642518E+000                  1.4089680308968208E-001                  1.5541919294416681E+001                  5.7089367082015352E-001                  4.0936098417826755E-001                  1.9745345001578984E-002                  0.0000000000000000E+000                  5.7100426939513099E+008                  6.2792145189257845E+007                  7.4537755149489526E-001                  1.5190851398192653E+000                  2.1699742892786607E-041                  3.5116809295586338E-001                  6.2533294348164421E+010                  1.5245689135296399E-006                  1.4132381028313557E-006                 -2.9084264699427664E+000                  2.2025380329014852E+000                  2.4410986602613161E+000                  2.5916136580933067E+000 
                                     757                  4.7612238030333218E+000                  1.0421987733936346E-001                  7.2785110915034998E+000                  1.4537738688143578E-001                  1.5545608515617616E+001                  5.6559198813865685E-001                  4.1467617850644906E-001                  1.9731833354894146E-002                  0.0000000000000000E+000                  5.6894877042936170E+008                  6.2732762961008929E+007                  7.5294946068065249E-001                  1.6057943082180521E+000                  2.5828095165454322E-041                  3.4993255626801856E-001                  6.2274245740142921E+010                  1.5459550922505532E-006                  1.4325438975853512E-006                 -2.9054015629291077E+000                  2.2033931653751835E+000                  2.4419537927350143E+000                  2.5924687905670050E+000 
                                     758                  4.7430453533866741E+000                  1.0292186225929749E-001                  7.2796080212522165E+000                  1.5002233500257525E-001                  1.5549296396519210E+001                  5.5987548698711198E-001                  4.2040652083406255E-001                  1.9717992178825527E-002                  0.0000000000000000E+000                  5.6668352783397448E+008                  6.2661497641806729E+007                  7.5984514457891827E-001                  1.6967355209120802E+000                  3.0831718525589484E-041                  3.4862834655988195E-001                  6.2015338016977203E+010                  1.5605527252346144E-006                  1.4450737072599857E-006                 -2.9033607767830079E+000                  2.2042389271312679E+000                  2.4427995544910988E+000                  2.5933145523230894E+000 
                                     759                  4.7248669037400264E+000                  1.0162609959676325E-001                  7.2804295167459010E+000                  1.5339577451193936E-001                  1.5552064142695649E+001                  5.5591046019227786E-001                  4.2438075222028077E-001                  1.9708787587441323E-002                  0.0000000000000000E+000                  5.6513405572221601E+008                  6.2616203188522391E+007                  7.6540331601044531E-001                  1.7672336299326334E+000                  3.5092856902553440E-041                  3.4771294604557768E-001                  6.1758153663664978E+010                  1.5753905750728865E-006                  1.4578661988552278E-006                 -2.9013058785339227E+000                  2.2050784619912212E+000                  2.4436390893510525E+000                  2.5941540871830431E+000 
                                     760                  4.7157776789166999E+000                  1.0097890101583809E-001                  7.2809765398814728E+000                  1.5568153013344116E-001                  1.5553906961624625E+001                  5.5317185542517111E-001                  4.2712551478875094E-001                  1.9702629786077952E-002                  0.0000000000000000E+000                  5.6405347456392539E+008                  6.2583204571000814E+007                  7.6893148925671262E-001                  1.8155707167892743E+000                  3.8278664113119597E-041                  3.4708736086366859E-001                  6.1632987764016830E+010                  1.6038482676240690E-006                  1.4853485924448141E-006                 -2.8974183603110184E+000                  2.2055065039387776E+000                  2.4440671312986084E+000                  2.5945821291305990E+000 
                                     761                  4.7066884540933751E+000                  1.0033221625586146E-001                  7.2817982626988673E+000                  1.5923611759395934E-001                  1.5556675093725064E+001                  5.4874834914622472E-001                  4.3155875074143191E-001                  1.9692900112343370E-002                  0.0000000000000000E+000                  5.6227780241198659E+008                  6.2524948076755352E+007                  7.7371458794458647E-001                  1.8905403536523058E+000                  4.3722246776462287E-041                  3.4609474130662371E-001                  6.1499850694150467E+010                  1.6404268090218180E-006                  1.5208571572834035E-006                 -2.8925215708885998E+000                  2.2059042925317391E+000                  2.4444649198915704E+000                  2.5949799177235611E+000 
                                     762                  4.6884364516698378E+000                  9.9035527693871930E-002                  7.2828936768772286E+000                  1.6383143981443840E-001                  1.5560373162459159E+001                  5.4327967243453368E-001                  4.3703883714900132E-001                  1.9681490416465053E-002                  0.0000000000000000E+000                  5.6010997494925463E+008                  6.2458263955989577E+007                  7.8062662595572996E-001                  1.9939334215305282E+000                  5.1982869334129006E-041                  3.4485405211427167E-001                  6.1234136439752083E+010                  1.6675184443246920E-006                  1.5458247594385337E-006                 -2.8889646768393988E+000                  2.2066992844769562E+000                  2.4452599118367870E+000                  2.5957749096687777E+000 
                                     763                  4.6701844492463014E+000                  9.7740952568467418E-002                  7.2842626928189844E+000                  1.6980539094027627E-001                  1.5564997715988699E+001                  5.3588443283467013E-001                  4.4444887359394536E-001                  1.9666693571384508E-002                  0.0000000000000000E+000                  5.5711962277328193E+008                  6.2358653551095530E+007                  7.8818807514756128E-001                  2.1302074571858567E+000                  6.4795812077353958E-041                  3.4321222942840857E-001                  6.0969034943800240E+010                  1.6823725732353630E-006                  1.5585750500112085E-006                 -2.8870389101601628E+000                  2.2074854933350876E+000                  2.4460461206949184E+000                  2.5965611185269091E+000 
                                     764                  4.6427157279609776E+000                  9.5797668874823660E-002                  7.2854939955490226E+000                  1.7500649798655926E-001                  1.5569173115282055E+001                  5.2977070490866907E-001                  4.5057414029658510E-001                  1.9655154794745888E-002                  0.0000000000000000E+000                  5.5467530510368824E+008                  6.2282721858433343E+007                  7.9564898155757124E-001                  2.2590509023093803E+000                  7.8583917282317333E-041                  3.4183974378154525E-001                  6.0574756511150475E+010                  1.6970107815135057E-006                  1.5701085378131088E-006                 -2.8851576992486612E+000                  2.2086594944618860E+000                  2.4472201218217169E+000                  2.5977351196537075E+000 
                                     765                  4.6289813673183140E+000                  9.4827880081580135E-002                  7.2863133657339887E+000                  1.7857731868276600E-001                  1.5571951059430994E+001                  5.2543479096716128E-001                  4.5491778633029012E-001                  1.9647422702548600E-002                  0.0000000000000000E+000                  5.5291551955004942E+008                  6.2224336232795499E+007                  8.0004992971008204E-001                  2.3482831626385567E+000                  8.9517935060107915E-041                  3.4088365285042477E-001                  6.0381156375867455E+010                  1.6958287789261923E-006                  1.5674283665832277E-006                 -2.8853089994244838E+000                  2.2092492219083537E+000                  2.4478098492681846E+000                  2.5983248471001752E+000 
                                     766                  4.6152470066756512E+000                  9.3859572152736021E-002                  7.2872703656022821E+000                  1.8259184017793187E-001                  1.5575197220245281E+001                  5.2080172800749402E-001                  4.5955878159509095E-001                  1.9639490397415083E-002                  0.0000000000000000E+000                  5.5106683401473367E+008                  6.2167503759964533E+007                  8.0578293795144340E-001                  2.4561438061137117E+000                  1.0381707004003040E-040                  3.3984624226443028E-001                  6.0190824030230453E+010                  1.6986893793271373E-006                  1.5688442205005239E-006                 -2.8849430142668764E+000                  2.2098442368786300E+000                  2.4484048642384613E+000                  2.5989198620704519E+000 
                                     767                  4.5968510852291837E+000                  9.2564462460388172E-002                  7.2883644888404682E+000                  1.8733885681741946E-001                  1.5578914037047840E+001                  5.1514130414611337E-001                  4.6522851009939820E-001                  1.9630185754488494E-002                  0.0000000000000000E+000                  5.4876743429553354E+008                  6.2091755511385120E+007                  8.1154338672947535E-001                  2.5846526509279308E+000                  1.2330421985549115E-040                  3.3860274936494400E-001                  5.9940260874034676E+010                  1.7158535081232144E-006                  1.5841439011900832E-006                 -2.8827598965098207E+000                  2.2106474283801365E+000                  2.4492080557399678E+000                  2.5997230535719584E+000 
                                     768                  4.5784551637827162E+000                  9.1271931353557920E-002                  7.2900017268635446E+000                  1.9437405045942749E-001                  1.5584473734674534E+001                  5.0689840384787233E-001                  4.7348426978370939E-001                  1.9617326368418286E-002                  0.0000000000000000E+000                  5.4543126519266891E+008                  6.1983284738570586E+007                  8.2014752461368534E-001                  2.7877015926652002E+000                  1.5906009571701352E-040                  3.3679135355026030E-001                  5.9685089266505226E+010                  1.7337653010061203E-006                  1.6001479152678646E-006                 -2.8805048465604242E+000                  2.2114221639303073E+000                  2.4499827912901386E+000                  2.6004977891221293E+000 
                                     769                  4.5416633208897794E+000                  8.8694204487494266E-002                  7.2916380610174176E+000                  2.0142882241185617E-001                  1.5590058716138794E+001                  4.9874852070871628E-001                  4.8164612616777597E-001                  1.9605353123507752E-002                  0.0000000000000000E+000                  5.4211039788862681E+008                  6.1875490262074791E+007                  8.2845377767789496E-001                  3.0045326901439360E+000                  2.0482869210444672E-040                  3.3498093987267397E-001                  5.9190577164886902E+010                  1.7576257238904190E-006                  1.6203562928858110E-006                 -2.8775367999424106E+000                  2.2129905526770992E+000                  2.4515511800369305E+000                  2.6020661778689211E+000 
                                     770                  4.5231737866712844E+000                  8.7402494532503053E-002                  7.2927298255860524E+000                  2.0618041593928912E-001                  1.5593783839299370E+001                  4.9322658292887300E-001                  4.8717574623809223E-001                  1.9597670833034764E-002                  0.0000000000000000E+000                  5.3984988831465685E+008                  6.1800407632288933E+007                  8.3351210000189824E-001                  3.1570661269134623E+000                  2.4250319473135167E-040                  3.3365336586914196E-001                  5.8943814488240875E+010                  1.7662488583713851E-006                  1.6269484159945274E-006                 -2.8764740529264463E+000                  2.2137657079711368E+000                  2.4523263353309681E+000                  2.6028413331629587E+000 
                                     771                  4.5046842524527895E+000                  8.6113400419666808E-002                  7.2943630495292453E+000                  2.1319087092481215E-001                  1.5599355176897252E+001                  4.8524965992890889E-001                  4.9516314350851981E-001                  1.9587196562571352E-002                  0.0000000000000000E+000                  5.3660362705140424E+008                  6.1695103441164099E+007                  8.4112358015970357E-001                  3.3978896056535071E+000                  3.1122055507726675E-040                  3.3173211291004995E-001                  5.8700782127665169E+010                  1.7714278487205679E-006                  1.6299842244463271E-006                 -2.8758382660178308E+000                  2.2145443247097423E+000                  2.4531049520695736E+000                  2.6036199499015642E+000 
                                     772                  4.4677051840158004E+000                  8.3542472346061589E-002                  7.2965386305417246E+000                  2.2261438005701314E-001                  1.5606805299764003E+001                  4.7456867004526720E-001                  5.0585720525219702E-001                  1.9574124702535833E-002                  0.0000000000000000E+000                  5.3222230720278847E+008                  6.1551195467942886E+007                  8.5021127339581037E-001                  3.7436730263530871E+000                  4.3353813896170688E-040                  3.2918316640404399E-001                  5.8228187662842735E+010                  1.7945170114159179E-006                  1.6490169480882387E-006                 -2.8730262101730202E+000                  2.2161157973802199E+000                  2.4546764247400512E+000                  2.6051914225720418E+000 
                                     773                  4.4305429180268865E+000                  8.0968941874351691E-002                  7.2981687686800063E+000                  2.2971375446494807E-001                  1.5612408532749042E+001                  4.6658968641734466E-001                  5.1384523588612252E-001                  1.9565077696532818E-002                  0.0000000000000000E+000                  5.2892895028011221E+008                  6.1442407852157012E+007                  8.5630431408160057E-001                  4.0226932518026501E+000                  5.5514559813076299E-040                  3.2729326986972934E-001                  5.7760633267148415E+010                  1.8312025961452927E-006                  1.6817379042974979E-006                 -2.8686318023110400E+000                  2.2176686506134407E+000                  2.4562292779732720E+000                  2.6067442758052626E+000 
                                     774                  4.4119617850324273E+000                  7.9686053496425435E-002                  7.2992526176575989E+000                  2.3450853865085228E-001                  1.5616132380452807E+001                  4.6112778043260760E-001                  5.1931305887782209E-001                  1.9559160689570310E-002                  0.0000000000000000E+000                  5.2665910751659787E+008                  6.1364794046776183E+007                  8.5957755355999854E-001                  4.2177993014681405E+000                  6.5480704587106637E-040                  3.2601332562088281E-001                  5.7525369583659317E+010                  1.8551234339789713E-006                  1.7036693815662101E-006                 -2.8658135942609908E+000                  2.2184209132499944E+000                  2.4569815406098257E+000                  2.6074965384418163E+000 
                                     775                  4.3933806520379681E+000                  7.8405969253521279E-002                  7.3006076654215182E+000                  2.4042578791996591E-001                  1.5620789280244184E+001                  4.5452886891854000E-001                  5.2591882037973392E-001                  1.9552310701726139E-002                  0.0000000000000000E+000                  5.2392916762726438E+008                  6.1273442091572128E+007                  8.6370550979865413E-001                  4.4739929956599900E+000                  8.0310268733733987E-040                  3.2446327383989909E-001                  5.7291839381594315E+010                  1.8672749963900714E-006                  1.7138820902724920E-006                 -2.8643958590704406E+000                  2.2191684060460548E+000                  2.4577290334058861E+000                  2.6082440312378767E+000 
                                     776                  4.3653912888543474E+000                  7.6482676414500586E-002                  7.3022321101825050E+000                  2.4756365540594860E-001                  1.5626384275035372E+001                  4.4659655334805037E-001                  5.3385888349387833E-001                  1.9544563158071293E-002                  0.0000000000000000E+000                  5.2063076911279410E+008                  6.1161890630834334E+007                  8.6788747871351701E-001                  4.7990188885109468E+000                  1.0252561133621033E-039                  3.2261215115603020E-001                  5.6949635065575592E+010                  1.8850683773281009E-006                  1.7289284315196460E-006                 -2.8623364459763900E+000                  2.2203072198214340E+000                  2.4588678471812648E+000                  2.6093828450132555E+000 
                                     777                  4.3374019256707266E+000                  7.4565472476072217E-002                  7.3041242284314274E+000                  2.5591312777830588E-001                  1.5632904971342827E+001                  4.3735610309724998E-001                  5.4310781145866427E-001                  1.9536085444085804E-002                  0.0000000000000000E+000                  5.1677694013175774E+008                  6.1029995171134129E+007                  8.7168519341358686E-001                  5.2036939557801203E+000                  1.3612984610370948E-039                  3.2046937581355556E-001                  5.6610129538169121E+010                  1.9118438030588750E-006                  1.7530274892285406E-006                 -2.8592737961556423E+000                  2.2214276649394495E+000                  2.4599882922992808E+000                  2.6105032901312715E+000 
                                     778                  4.2999727385268409E+000                  7.2011355755693132E-002                  7.3062839215472417E+000                  2.6551036950659623E-001                  1.5640365961092431E+001                  4.2679683244542393E-001                  5.5367606484271803E-001                  1.9527102711857980E-002                  0.0000000000000000E+000                  5.1234847191412109E+008                  6.0876417699748486E+007                  8.7453280213463502E-001                  5.7021741995975672E+000                  1.8794029346112478E-039                  3.1804006906436766E-001                  5.6160872003367813E+010                  1.9471230540264926E-006                  1.7848491907387650E-006                 -2.8553033005635724E+000                  2.2228989597245832E+000                  2.4614595870844140E+000                  2.6119745849164047E+000 
                                     779                  4.2624568696646223E+000                  6.9462752602576269E-002                  7.3079013226637413E+000                  2.7274030259344223E-001                  1.5645970601853984E+001                  4.1890459436624644E-001                  5.6157460373559120E-001                  1.9520801898162299E-002                  0.0000000000000000E+000                  5.0902045796581304E+008                  6.0759921498678252E+007                  8.7565351342764020E-001                  6.1029258666621224E+000                  2.3907651478504656E-039                  3.1623673072519937E-001                  5.5717989136224319E+010                  1.9765286421608130E-006                  1.8109330920325528E-006                 -2.8520484439258071E+000                  2.2243454705875245E+000                  2.4629060979473554E+000                  2.6134210957793460E+000 
                                     780                  4.2436561801248986E+000                  6.8189931409399884E-002                  7.3089784186076221E+000                  2.7754311756121253E-001                  1.5649699853231919E+001                  4.1370305270125568E-001                  5.6678010470318585E-001                  1.9516842595558526E-002                  0.0000000000000000E+000                  5.0682965555957949E+008                  6.0683068079857275E+007                  8.7601148771815252E-001                  6.3837060118055975E+000                  2.8040889632457088E-039                  3.1505072811842089E-001                  5.5499992196005356E+010                  1.9898826705004205E-006                  1.8227082882430607E-006                 -2.8505862650756613E+000                  2.2250656488119716E+000                  2.4636262761718024E+000                  2.6141412740037935E+000 
                                     781                  4.2248554905851767E+000                  6.6920004542258354E-002                  7.3100546213183080E+000                  2.8232837144869405E-001                  1.5653428324388194E+001                  4.0857072353568552E-001                  5.7191618806794031E-001                  1.9513088396374112E-002                  0.0000000000000000E+000                  5.0466857525237548E+008                  6.0607489391352080E+007                  8.7613366563936657E-001                  6.6759091932076675E+000                  3.2859443840158806E-039                  3.1388178724913762E-001                  5.5286215875918694E+010                  2.0092832491161330E-006                  1.8406247173080396E-006                 -2.8484794181721393E+000                  2.2257904211055082E+000                  2.4643510484653395E+000                  2.6148660462973297E+000 
                                     782                  4.2060126462425123E+000                  6.5650085871156685E-002                  7.3111299003044117E+000                  2.8719233937026400E-001                  1.5657155906516461E+001                  4.0328427358072350E-001                  5.7720636550231053E-001                  1.9509360916965979E-002                  0.0000000000000000E+000                  5.0242589998389131E+008                  6.0526462662261672E+007                  8.7535724826506378E-001                  6.9786501978058162E+000                  3.8534075616988930E-039                  3.1268988729248526E-001                  5.5070740464579987E+010                  2.0365264992644132E-006                  1.8663781591835250E-006                 -2.8455549672526708E+000                  2.2264989311007830E+000                  2.4650595584606143E+000                  2.6155745562926049E+000 
                                     783                  4.1871698018998487E+000                  6.4383259589251091E-002                  7.3122042276455748E+000                  2.9200480204233398E-001                  1.5660882362119523E+001                  3.9814492249999250E-001                  5.8234919458465084E-001                  1.9505882915356709E-002                  0.0000000000000000E+000                  5.0025199073450279E+008                  6.0449057018964276E+007                  8.7456616969467738E-001                  7.2940498070883706E+000                  4.5123406035598939E-039                  3.1152885238730738E-001                  5.4856337294664139E+010                  2.0673616080940155E-006                  1.8957564421297950E-006                 -2.8422917765231963E+000                  2.2271976732323560E+000                  2.4657583005921868E+000                  2.6162732984241774E+000 
                                     784                  4.1682854178966737E+000                  6.3116596254924856E-002                  7.3132775825933019E+000                  2.9691198286038678E-001                  1.5664607579008839E+001                  3.9280846407968956E-001                  5.8768914013764206E-001                  1.9502395782668325E-002                  0.0000000000000000E+000                  4.9797662792241305E+008                  6.0365087301820911E+007                  8.7270169924279983E-001                  7.6201984164904495E+000                  5.2892981666505996E-039                  3.1033719419739969E-001                  5.4641391835088112E+010                  2.1017406872631579E-006                  1.9286903409967727E-006                 -2.8387104341248257E+000                  2.2278843165028710E+000                  2.4664449438627019E+000                  2.6169599416946925E+000 
                                     785                  4.1494010338934997E+000                  6.1853172155220772E-002                  7.3143498979961157E+000                  3.0179773101753871E-001                  1.5668331315143964E+001                  3.8754053295068536E-001                  5.9296037469573004E-001                  1.9499092353584602E-002                  0.0000000000000000E+000                  4.9573270299967706E+008                  6.0282627285693929E+007                  8.7056584770042544E-001                  7.9590683932799866E+000                  6.1944635874810644E-039                  3.0916210212761613E-001                  5.4424649542363297E+010                  2.1342455630067585E-006                  1.9597301456030634E-006                 -2.8353778063912807E+000                  2.2285493790063957E+000                  2.4671100063662266E+000                  2.6176250041982176E+000 
                                     786                  4.1304757405013692E+000                  6.0590202844364546E-002                  7.3154211596142220E+000                  3.0673188593038542E-001                  1.5672053450408420E+001                  3.8218258329623617E-001                  5.9832157632707283E-001                  1.9495840376690943E-002                  0.0000000000000000E+000                  4.9344088954289901E+008                  6.0196821053367443E+007                  8.6765220557138323E-001                  8.3100396198581166E+000                  7.2562126399302254E-039                  3.0797562210465040E-001                  5.4208482871701752E+010                  2.1562910442516752E-006                  1.9803370772771001E-006                 -2.8331463104296168E+000                  2.2292058978867328E+000                  2.4677665252465637E+000                  2.6182815230785543E+000 
                                     787                  4.1115504471092397E+000                  5.9330574144950174E-002                  7.3164913424836406E+000                  3.1163046262876537E-001                  1.5675773739933891E+001                  3.7692599486089101E-001                  6.0358122924756075E-001                  1.9492775891548186E-002                  0.0000000000000000E+000                  4.9119676654095459E+008                  6.0113479088153705E+007                  8.6457606836565049E-001                  8.6750159296029707E+000                  8.4904521798463022E-039                  3.0681141234726012E-001                  5.3994312699416862E+010                  2.1706254156764824E-006                  1.9932782601143901E-006                 -2.8317075580887088E+000                  2.2298556862358203E+000                  2.4684163135956512E+000                  2.6189313114276418E+000 
                                     788                  4.0925848900285278E+000                  5.8071518335352519E-002                  7.3175604796495257E+000                  3.1652309587170840E-001                  1.5679492061777550E+001                  3.7170339845277445E-001                  6.0880676674798884E-001                  1.9489834799236716E-002                  0.0000000000000000E+000                  4.8896669448961222E+008                  6.0030533570098691E+007                  8.6112639908383359E-001                  9.0541436252527383E+000                  9.9283964266553468E-039                  3.0565752552766839E-001                  5.3784968637899162E+010                  2.1910052381222612E-006                  2.0123657359758666E-006                 -2.8296782920765904E+000                  2.2305137448575350E+000                  2.4690743722173658E+000                  2.6195893700493564E+000 
                                     789                  4.0736193329478141E+000                  5.6815706253596790E-002                  7.3191621148431754E+000                  3.2394527258172279E-001                  1.5685056296732650E+001                  3.6370078524860461E-001                  6.1681369509377726E-001                  1.9485519657618133E-002                  0.0000000000000000E+000                  4.8553708366601348E+008                  5.9899659802068256E+007                  8.5444044540413966E-001                  9.6470171329048959E+000                  1.2559562530587783E-038                  3.0390512579603196E-001                  5.3574443258072083E+010                  2.2186623854450365E-006                  2.0387382181056292E-006                 -2.8269543897342855E+000                  2.2311543430045506E+000                  2.4697149703643819E+000                  2.6202299681963725E+000 
                                     790                  4.0356090142821373E+000                  5.4309147552279620E-002                  7.3207612152177965E+000                  3.3136123367759268E-001                  1.5690633133594737E+001                  3.5580779850860267E-001                  6.2471071473646178E-001                  1.9481486754935551E-002                  0.0000000000000000E+000                  4.8214308559247363E+008                  5.9770431201177657E+007                  8.4705957886057126E-001                  1.0274731781419872E+001                  1.5863635976047587E-038                  3.0218358750162377E-001                  5.3155873056972122E+010                  2.2510121190592857E-006                  2.0685999091888544E-006                 -2.8238110834134660E+000                  2.2324036750618870E+000                  2.4709643024217178E+000                  2.6214793002537085E+000 
                                     791                  4.0165649301848356E+000                  5.3058426405415804E-002                  7.3218258715143660E+000                  3.3628815209459839E-001                  1.5694341618024442E+001                  3.5059706662575585E-001                  6.2992399756706152E-001                  1.9478935807182629E-002                  0.0000000000000000E+000                  4.7990581987886941E+008                  5.9684947498032510E+007                  8.4170218696761867E-001                  1.0713866054963910E+001                  1.8520411772018532E-038                  3.0104987311430509E-001                  5.2952209186458412E+010                  2.2591832754484611E-006                  2.0756471171149816E-006                 -2.8230242678317023E+000                  2.2330304134847219E+000                  2.4715910408445532E+000                  2.6221060386765438E+000 
                                     792                  3.9975208460875331E+000                  5.1811098451632072E-002                  7.3234204390191051E+000                  3.4365330662543531E-001                  1.5699889966959965E+001                  3.4285822034704583E-001                  6.3766646153071105E-001                  1.9475318122243124E-002                  0.0000000000000000E+000                  4.7658718030387974E+008                  5.9557679351458132E+007                  8.3304276925538878E-001                  1.1404182120505729E+001                  2.3332572848589929E-038                  2.9919818721021052E-001                  5.2751703436616737E+010                  2.2574826675870933E-006                  2.0726647746340232E-006                 -2.8231877877054963E+000                  2.2336584602191683E+000                  2.4722190875789996E+000                  2.6227340854109902E+000 
                                     793                  3.9593562160882048E+000                  4.9321566247310128E-002                  7.3255411499828833E+000                  3.5340884334997685E-001                  1.5707288331019852E+001                  3.3279149170893446E-001                  6.4773766059266469E-001                  1.9470847698400906E-002                  0.0000000000000000E+000                  4.7226557589877266E+008                  5.9392931776728287E+007                  8.2080772824974957E-001                  1.2391157919771333E+001                  3.1651741154939587E-038                  2.9678230967108482E-001                  5.2363482054652191E+010                  2.2562000894623520E-006                  2.0685815860698178E-006                 -2.8233111939454023E+000                  2.2349288326084413E+000                  2.4734894599682722E+000                  2.6240044578002628E+000 
                                     794                  3.9211165454204653E+000                  4.6840310578813132E-002                  7.3271278507068125E+000                  3.6063538937866857E-001                  1.5712836389940586E+001                  3.2551423414618652E-001                  6.5501796922663325E-001                  1.9467796627180234E-002                  0.0000000000000000E+000                  4.6914529973410779E+008                  5.9275810404133871E+007                  8.1149038850527000E-001                  1.3189669328033737E+001                  3.9675100149597071E-038                  2.9503943011859518E-001                  5.1998279793272842E+010                  2.2600532636274538E-006                  2.0701138361318649E-006                 -2.8229406627654794E+000                  2.2362366247823537E+000                  2.4747972521421846E+000                  2.6253122499741752E+000 
                                     795                  3.9019599173669750E+000                  4.5601989541717139E-002                  7.3281839646678701E+000                  3.6546514984781653E-001                  1.5716524603744787E+001                  3.2064959096821055E-001                  6.5988458987388676E-001                  1.9465819157902686E-002                  0.0000000000000000E+000                  4.6705728177815926E+008                  5.9196307680465795E+007                  8.0467476211782729E-001                  1.3749213956952850E+001                  4.6107081402112061E-038                  2.9388185039731290E-001                  5.1821618425332870E+010                  2.2839848501181644E-006                  2.0930556446441219E-006                 -2.8206533905659632E+000                  2.2368972938997880E+000                  2.4754579212596188E+000                  2.6259729190916095E+000 
                                     796                  3.8828032893134847E+000                  4.4366856675672257E-002                  7.3294365520282208E+000                  3.7129108120241083E-001                  1.5720897706138222E+001                  3.1470534540909700E-001                  6.6583118513554762E-001                  1.9463469455355376E-002                  0.0000000000000000E+000                  4.6448934917413330E+008                  5.9095415328048013E+007                  7.9529294699236852E-001                  1.4442540797108151E+001                  5.5150472452331337E-038                  2.9248325855271234E-001                  5.1641050466489540E+010                  2.3393460335217662E-006                  2.1474027500777305E-006                 -2.8154527665358149E+000                  2.2375295216822000E+000                  2.4760901490420308E+000                  2.6266051468740219E+000 
                                     797                  3.8564033816664218E+000                  4.2670303610203943E-002                  7.3308839191416748E+000                  3.7805426718358587E-001                  1.5725955701978853E+001                  3.0783304673963863E-001                  6.7270611566060268E-001                  1.9460837599758696E-002                  0.0000000000000000E+000                  4.6151124965486825E+008                  5.8977263053180248E+007                  7.8364448119929031E-001                  1.5296641391062822E+001                  6.7810345156646740E-038                  2.9087702166595619E-001                  5.1388832225128471E+010                  2.4199977401143520E-006                  2.2266472996337112E-006                 -2.8080925197900166E+000                  2.2383622418052886E+000                  2.4769228691651199E+000                  2.6274378669971106E+000 
                                     798                  3.8300034740193589E+000                  4.0980313761981566E-002                  7.3326558393785319E+000                  3.8659795032759048E-001                  1.5732144713317011E+001                  2.9894190177260332E-001                  6.8160057810481356E-001                  1.9457520122583061E-002                  0.0000000000000000E+000                  4.5761568068012184E+008                  5.8814829617031544E+007                  7.6594640314892160E-001                  1.6424566252180021E+001                  8.7563472163955639E-038                  2.8883724418514684E-001                  5.1127847834492500E+010                  2.5040289542819174E-006                  2.3091791912972932E-006                 -2.8006803268258191E+000                  2.2391304618346450E+000                  2.4776910891944763E+000                  2.6282060870264670E+000 
                                     799                  3.7915215255598453E+000                  3.8530107558917871E-002                  7.3347496928128422E+000                  3.9678040618199689E-001                  1.5739470047890489E+001                  2.8838385146596462E-001                  6.9216253329921751E-001                  1.9453615234817923E-002                  0.0000000000000000E+000                  4.5296900206450617E+008                  5.8618454040634274E+007                  7.4212844541783385E-001                  1.7941442180223643E+001                  1.1840294193743350E-037                  2.8644045484051611E-001                  5.0735755467750008E+010                  2.5634161071114564E-006                  2.3662671989546569E-006                 -2.7955904455706850E+000                  2.2401448726141688E+000                  2.4787054999739997E+000                  2.6292204978059903E+000 
                                     800                  3.7529711650202127E+000                  3.6091596695701597E-002                  7.3363154555714241E+000                  4.0431275143810841E-001                  1.5744958327410252E+001                  2.8074504578998288E-001                  6.9980424382221440E-001                  1.9450710387802772E-002                  0.0000000000000000E+000                  4.4961213056856853E+008                  5.8478290615288742E+007                  7.2219837166858858E-001                  1.9273008367647808E+001                  1.4805071147669691E-037                  2.8471034518181593E-001                  5.0360641781430954E+010                  2.5798194063382213E-006                  2.3807987617453371E-006                 -2.7942053473237896E+000                  2.2411634393081328E+000                  2.4797240666679636E+000                  2.6302390644999543E+000 
                                     801                  3.7336625851366620E+000                  3.4875972601335618E-002                  7.3373573181966742E+000                  4.0932748728182400E-001                  1.5748605048302261E+001                  2.7567678498064557E-001                  7.0487451096011189E-001                  1.9448704059242594E-002                  0.0000000000000000E+000                  4.4738581380518889E+008                  5.8384665885726571E+007                  7.0641502440239101E-001                  2.0274226316516319E+001                  1.7172394108624127E-037                  2.8356801111677238E-001                  5.0180779572403587E+010                  2.5615425599391968E-006                  2.3617969412369183E-006                 -2.7957492119701048E+000                  2.2416840271247875E+000                  2.4802446544846188E+000                  2.6307596523166095E+000 
                                     802                  3.7143540052531132E+000                  3.3664187284729953E-002                  7.3383975566593858E+000                  4.1427986875044315E-001                  1.5752246044428178E+001                  2.7075233002528737E-001                  7.0980102975330672E-001                  1.9446640221405964E-002                  0.0000000000000000E+000                  4.4522926412183952E+008                  5.8294993784083843E+007                  6.8781891794826389E-001                  2.1403034127702114E+001                  1.9892387994583560E-037                  2.8245687516993973E-001                  5.0006519411902443E+010                  2.5152064238226390E-006                  2.3148963703346147E-006                 -2.7997131832268387E+000                  2.2422143781752277E+000                  2.4807750055350586E+000                  2.6312900033670497E+000 
                                     803                  3.6950128511784688E+000                  3.2454039923644852E-002                  7.3394362916755842E+000                  4.1911857562713561E-001                  1.5755881185533990E+001                  2.6607251304971863E-001                  7.1448296580584680E-001                  1.9444521144434512E-002                  0.0000000000000000E+000                  4.4319420507761323E+008                  5.8212686385258734E+007                  6.6493181419882730E-001                  2.2685498106787559E+001                  2.2998732406087538E-037                  2.8139422810252485E-001                  4.9844351773272156E+010                  2.4164783665789510E-006                  2.2158855907054779E-006                 -2.8084085442553994E+000                  2.2427836454633994E+000                  2.4813442728232307E+000                  2.6318592706552213E+000 
                                     804                  3.6756716971038252E+000                  3.1247268726268127E-002                  7.3404736971393341E+000                  4.2377437922092331E-001                  1.5759510236887843E+001                  2.6177112639573719E-001                  7.1878649799553007E-001                  1.9442375608732743E-002                  0.0000000000000000E+000                  4.4134956514572191E+008                  5.8142329359048650E+007                  6.3561097439290892E-001                  2.4140664248831733E+001                  2.6516596075366002E-037                  2.8040279315093602E-001                  4.9701259874503502E+010                  2.2515031484866280E-006                  2.0510436532512607E-006                 -2.8237637206930928E+000                  2.2434211862198219E+000                  2.4819818135796532E+000                  2.6324968114116438E+000 
                                     805                  3.6562988136527212E+000                  3.0041400157975309E-002                  7.3415100627250673E+000                  4.2816828116465927E-001                  1.5763133095617587E+001                  2.5799866415830325E-001                  7.2256105846007301E-001                  1.9440277381623794E-002                  0.0000000000000000E+000                  4.3977329902908611E+008                  5.8089153006298319E+007                  5.9759993583323912E-001                  2.5764863162156278E+001                  3.0459610942104168E-037                  2.7950783251837141E-001                  4.9585197124271126E+010                  2.0191537164598689E-006                  1.8194059372298415E-006                 -2.8474153086636158E+000                  2.2441655069346669E+000                  2.4827261342944977E+000                  2.6332411321264884E+000 
                                     806                  3.6369259302016173E+000                  2.8837694118333541E-002                  7.3425457401465923E+000                  4.3223986416537424E-001                  1.5766749568034246E+001                  2.5486633593141816E-001                  7.2569533164719791E-001                  1.9438332421383930E-002                  0.0000000000000000E+000                  4.3852382022912687E+008                  5.8057131895003535E+007                  5.5019013257017058E-001                  2.7524645669803473E+001                  3.4836413421173792E-037                  2.7872745254728298E-001                  4.9503936340016945E+010                  1.7342578240501566E-006                  1.5359474405148333E-006                 -2.8804431687589909E+000                  2.2450508544892274E+000                  2.4836114818490587E+000                  2.6341264796810493E+000 
                                     807                  3.6175221819953349E+000                  2.7633345268423502E-002                  7.3435811547848848E+000                  4.3596852705096673E-001                  1.5770359604540189E+001                  2.5240639204947418E-001                  7.2815696846458089E-001                  1.9436639485944873E-002                  0.0000000000000000E+000                  4.3761950592519069E+008                  5.8047599850596324E+007                  4.9574651368814282E-001                  2.9369460950178258E+001                  3.9662452832678157E-037                  2.7806594695297265E-001                  4.9461581235875252E+010                  1.4271096889017911E-006                  1.2310434910868000E-006                 -2.9227713226739289E+000                  2.2460997045703617E+000                  2.4846603319301930E+000                  2.6351753297621836E+000 
                                     808                  3.5981184337890535E+000                  2.6429318330150851E-002                  7.3446167044659445E+000                  4.3937531667247826E-001                  1.5773963071803179E+001                  2.5057015807200705E-001                  7.2999458697642916E-001                  1.9435254951563730E-002                  0.0000000000000000E+000                  4.3703738444422883E+008                  5.8059124771913670E+007                  4.3924971124118695E-001                  3.1251976884158555E+001                  4.4969853668605941E-037                  2.7751373190942452E-001                  4.9457856256509850E+010                  1.1316609591668213E-006                  9.3862676952182694E-007                 -2.9731418332247395E+000                  2.2473111526049823E+000                  2.4858717799648131E+000                  2.6363867777968037E+000 
                                     809                  3.5786847056821935E+000                  2.5222850787412186E-002                  7.3456527697670806E+000                  4.4250789379893279E-001                  1.5777559980114752E+001                  2.4925895793478928E-001                  7.3130685721774025E-001                  1.9434184847470504E-002                  0.0000000000000000E+000                  4.3672866675559282E+008                  5.8088527087024413E+007                  3.8618245187815869E-001                  3.3141597352789383E+001                  5.0810756358595969E-037                  2.7705284404566449E-001                  4.9488632440628128E+010                  8.6696221741969326E-007                  6.7766002073136140E-007                 -3.0309999144243425E+000                  2.2486707138181825E+000                  2.4872313411780138E+000                  2.6377463390100044E+000 
                                     810                  3.5592509775753345E+000                  2.4015024427323506E-002                  7.3472075315602892E+000                  4.4687218940197992E-001                  1.5782935645560972E+001                  2.4790476283433718E-001                  7.3266223515174689E-001                  1.9433002013915956E-002                  0.0000000000000000E+000                  4.3659267143849069E+008                  5.8153674704836234E+007                  3.1613273514099843E-001                  3.6004843612768077E+001                  6.0771520448700019E-037                  2.7646692995499517E-001                  4.9547894203800217E+010                  6.3110391011224359E-007                  4.4609648750397287E-007                 -3.0999495645355637E+000                  2.2501506312111497E+000                  2.4887112585709810E+000                  2.6392262564029716E+000 
                                     811                  3.5203253726144745E+000                  2.1589725215765042E-002                  7.3492857051444469E+000                  4.5214804548518711E-001                  1.5790089820281906E+001                  2.4711794453292801E-001                  7.3344982068270381E-001                  1.9432234784368174E-002                  0.0000000000000000E+000                  4.3695571875679302E+008                  5.8276094332311660E+007                  2.6141283719654168E-001                  3.9801640232037983E+001                  7.6656873269453926E-037                  2.7586008605416046E-001                  4.9724184556405006E+010                  4.2542798293783292E-007                  2.5012673078257837E-007                 -3.1855869736766853E+000                  2.2533571112197182E+000                  2.4919177385795495E+000                  2.6424327364115401E+000 
                                     812                  3.4813434722093333E+000                  1.9149582617696410E-002                  7.3513693405299669E+000                  4.5714487063828046E-001                  1.5797217691100439E+001                  2.4680255338684909E-001                  7.3376554622630141E-001                  1.9431900386849499E-002                  0.0000000000000000E+000                  4.3759249509168535E+008                  5.8415625394798279E+007                  2.3614113317082294E-001                  4.3740027757979945E+001                  9.6404929613752849E-037                  2.7533115492827953E-001                  4.9949213221251862E+010                  2.8061690885678197E-007                  1.1592696029811203E-007                 -3.2759430818321107E+000                  2.2567732259906355E+000                  2.4953338533504668E+000                  2.6458488511824574E+000 
                                     813                  3.4423071728425119E+000                  1.6692785163472484E-002                  7.3529371382552586E+000                  4.6079858891964698E-001                  1.5802553723038690E+001                  2.4671296430470330E-001                  7.3385523693006238E-001                  1.9431798765234376E-002                  0.0000000000000000E+000                  4.3816586209432530E+008                  5.8526064878647245E+007                  2.3034399413207426E-001                  4.6851711890177768E+001                  1.1440335819513263E-036                  2.7495728324932306E-001                  5.0199112820946167E+010                  2.0218059863453064E-007                  4.8515287220801078E-008                 -3.3471302609457756E+000                  2.2602961614246593E+000                  2.4988567887844901E+000                  2.6493717866164808E+000 
                                     814                  3.4227627939888885E+000                  1.5457375276531272E-002                  7.3539834986696304E+000                  4.6320626435223250E-001                  1.5806098149828488E+001                  2.4667677371485441E-001                  7.3389146980869757E-001                  1.9431756476448014E-002                  0.0000000000000000E+000                  4.3857177087235081E+008                  5.8600780464387722E+007                  2.2890893472333265E-001                  4.9028522473178235E+001                  1.2820602104495293E-036                  2.7471086768942593E-001                  5.0329865945088394E+010                  1.7044475220523816E-007                  2.2372534308481037E-008                 -3.3842081828244446E+000                  2.2620822014705575E+000                  2.5006428288303888E+000                  2.6511578266623794E+000 
                                     815                  3.4032184151352665E+000                  1.4218250068981843E-002                  7.3550314240280983E+000                  4.6559712325719255E-001                  1.5809636123787339E+001                  2.4665502433103365E-001                  7.3391324532285485E-001                  1.9431730346111564E-002                  0.0000000000000000E+000                  4.3899357012933290E+008                  5.8676253305006616E+007                  2.2923858777856881E-001                  5.1294668587175252E+001                  1.4366563774254932E-036                  2.7446599263496024E-001                  5.0463349845488838E+010                  1.5482695286778194E-007                  1.2372059295484291E-008                 -3.4050767167140870E+000                  2.2638776730966406E+000                  2.5024383004564719E+000                  2.6529532982884625E+000 
                                     816                  3.3836487999853633E+000                  1.2973706119854985E-002                  7.3560809497374384E+000                  4.6797417569968963E-001                  1.5813167740714801E+001                  2.4664205166094400E-001                  7.3392623399423462E-001                  1.9431714344821382E-002                  0.0000000000000000E+000                  4.3942837243232012E+008                  5.8752288591748133E+007                  2.3076558819109833E-001                  5.3657962526326486E+001                  1.6098681794473338E-036                  2.7422170226792258E-001                  5.0599094740247246E+010                  1.4422186203725350E-007                  7.4070858345014988E-009                 -3.4204844507982948E+000                  2.2656830926385401E+000                  2.5042437199983709E+000                  2.6547587178303620E+000 
                                     817                  3.3640791848354601E+000                  1.1725251748699801E-002                  7.3571320773025128E+000                  4.7033924151848761E-001                  1.5816692979850652E+001                  2.4663436006016726E-001                  7.3393393532359830E-001                  1.9431704616234446E-002                  0.0000000000000000E+000                  4.3987438933007985E+008                  5.8828763472424075E+007                  2.3309880301134922E-001                  5.6125365768837192E+001                  1.8039774527086809E-036                  2.7397742620167659E-001                  5.0736665573317329E+010                  1.3556737171125860E-007                  4.4031465361065547E-009                 -3.4339224118379668E+000                  2.2674950457634355E+000                  2.5060556731232664E+000                  2.6565706709552570E+000 
                                     818                  3.3444853493356930E+000                  1.0471249097840328E-002                  7.3581848387290938E+000                  4.7269352247524787E-001                  1.5820211937907008E+001                  2.4662982629398345E-001                  7.3393847496466336E-001                  1.9431698741353198E-002                  0.0000000000000000E+000                  4.4033054645290685E+008                  5.8905603959197134E+007                  2.3597717755369624E-001                  5.8703420649054650E+001                  2.0215448644750886E-036                  2.7373282740133376E-001                  5.0876076820717369E+010                  1.2808115090194327E-007                  2.5818880409514596E-009                 -3.4462573893103152E+000                  2.2693151361031934E+000                  2.5078757634630242E+000                  2.6583907612950148E+000 
                                     819                  3.3248915138359254E+000                  9.2131573714659860E-003                  7.3597657829022687E+000                  4.7620023682250606E-001                  1.5825471355347348E+001                  2.4662583540122435E-001                  7.3394247115146038E-001                  1.9431693447315324E-002                  0.0000000000000000E+000                  4.4103348812333399E+008                  5.9021359479498133E+007                  2.4085784909052887E-001                  6.2788239754469480E+001                  2.3978812638470351E-036                  2.7336493202557915E-001                  5.1017283361920341E+010                  1.2125799043320317E-007                  1.4299423342701226E-009                 -3.4581448167269349E+000                  2.2711407423896430E+000                  2.5097013697494739E+000                  2.6602163675814645E+000 
                                     820                  3.2856574812244346E+000                  6.6813552719638845E-003                  7.3618812300679304E+000                  4.8085089313172685E-001                  1.5832471906184990E+001                  2.4662402802210592E-001                  7.3394428103897125E-001                  1.9431690938922830E-002                  0.0000000000000000E+000                  4.4200068394250083E+008                  5.9176806805087909E+007                  2.4826604051469184E-001                  6.8683907605042975E+001                  3.0119572499792827E-036                  2.7287223645111558E-001                  5.1304572746846779E+010                  1.0914178105193838E-007                  6.8339836383354929E-010                 -3.4810044816869294E+000                  2.2748121923793612E+000                  2.5133728197391920E+000                  2.6638878175711826E+000 
                                     821                  3.2463792143625438E+000                  4.1292757631891299E-003                  7.3640034616810768E+000                  4.8546544719739526E-001                  1.5839447903690775E+001                  2.4662342302714202E-001                  7.3394488691107163E-001                  1.9431690061786355E-002                  0.0000000000000000E+000                  4.4300281317027283E+008                  5.9333291771111533E+007                  2.5621112680357516E-001                  7.5135198730972903E+001                  3.7841970271356410E-036                  2.7237693345805319E-001                  5.1597736648785759E+010                  9.7325684828054445E-008                  2.6578805185959163E-010                 -3.5058862658521708E+000                  2.2785089072036908E+000                  2.5170695345635217E+000                  2.6675845323955123E+000 
                                     822                  3.2070588900017478E+000                  1.5563226134205584E-003                  7.3656010327615311E+000                  4.8890930931502924E-001                  1.5844671244975851E+001                  2.4662327307135457E-001                  7.3394503709375991E-001                  1.9431689834885524E-002                  0.0000000000000000E+000                  4.4377611064860469E+008                  5.9451400973648503E+007                  2.6244913584481333E-001                  8.0375990784237572E+001                  4.4922637390112204E-036                  2.7200373248217097E-001                  5.1896777910518265E+010                  8.5725623416145849E-008                  9.2234828612041090E-011                 -3.5334446739568581E+000                  2.2822310099579273E+000                  2.5207916373177586E+000                  2.6713066351497492E+000 
                                     823                  3.1873788127432610E+000                  2.6151982503768893E-004                  7.3666673712476003E+000                  4.9119028268228787E-001                  1.5848141097788531E+001                  2.4662321583503305E-001                  7.3394509441853795E-001                  1.9431689746429059E-002                  0.0000000000000000E+000                  4.4430326345114410E+008                  5.9530391834518507E+007                  2.6671312992615975E-001                  8.4069312745599035E+001                  5.0364070186980789E-036                  2.7175428223548281E-001                  5.2048721933221428E+010                  7.9944466409401253E-008                  3.7045699062533972E-011                 -3.5486057959215547E+000                  2.2841021191800799E+000                  2.5226627465399112E+000                  2.6731777443719018E+000 
                                     824                  3.1676987354847759E+000                 -1.0380938320594672E-003                  7.3677354750601065E+000                  4.9346262399795870E-001                  1.5851604954857361E+001                  2.4662318314708290E-001                  7.3394512715808014E-001                  1.9431689694836995E-002                  0.0000000000000000E+000                  4.4483914603029811E+008                  5.9609627317788273E+007                  2.7106591543739911E-001                  8.7933678699765380E+001                  5.6469125485969152E-036                  2.7150430326489272E-001                  5.2202411477967064E+010                  7.4194611824396947E-008                  1.8903147581795288E-011                 -3.5648138164972778E+000                  2.2859787521492949E+000                  2.5245393795091262E+000                  2.6750543773411168E+000 
                                     825                  3.1479998827306153E+000                 -2.3438560859237157E-003                  7.3688053805105467E+000                  4.9572643170490233E-001                  1.5855062914831096E+001                  2.4662316452944658E-001                  7.3394514580572356E-001                  1.9431689664829888E-002                  0.0000000000000000E+000                  4.4538379871546358E+008                  5.9689108378921680E+007                  2.7550714199590665E-001                  9.1977225129329028E+001                  6.3319714298336627E-036                  2.7125382761778366E-001                  5.2357791854578529E+010                  6.8444001521243884E-008                  1.0693486359319691E-011                 -3.5823323038627084E+000                  2.2878628276699366E+000                  2.5264234550297675E+000                  2.6769384528617581E+000 
                                     826                  3.1283010299764551E+000                 -3.6546218307442896E-003                  7.3704121925002655E+000                  4.9910020216928846E-001                  1.5860231505805139E+001                  2.4662314865463308E-001                  7.3394516170666413E-001                  1.9431689638702787E-002                  0.0000000000000000E+000                  4.4621824412801975E+008                  5.9808693870535694E+007                  2.8232748348746950E-001                  9.8390397370943035E+001                  7.5185176763806170E-036                  2.7087741176072100E-001                  5.2514945034029594E+010                  6.2690174424825944E-008                  5.7311803894551925E-012                 -3.6014002609041444E+000                  2.2897526024355255E+000                  2.5283132297953568E+000                  2.6788282276273474E+000 
                                     827                  3.0888681057019567E+000                 -6.2939290250858555E-003                  7.3725629824113934E+000                  5.0357713480016442E-001                  1.5867112359591527E+001                  2.4662314186509765E-001                  7.3394516850784997E-001                  1.9431689627052329E-002                  0.0000000000000000E+000                  4.4736073517126143E+008                  5.9969120280500613E+007                  2.9175340996551652E-001                  1.0765887497049275E+002                  9.4588678421942383E-036                  2.7037395584532042E-001                  5.2834276950565331E+010                  5.1161463922047935E-008                  2.6572376880935364E-012                 -3.6455285186079180E+000                  2.2935532007170316E+000                  2.5321138280768625E+000                  2.6826288259088531E+000 
                                     828                  3.0494023492193745E+000                 -8.9566607156982420E-003                  7.3741825258462468E+000                  5.0691880387204802E-001                  1.5872265205748436E+001                  2.4662314024527576E-001                  7.3394517013056992E-001                  1.9431689624154314E-002                  0.0000000000000000E+000                  4.4824049952313751E+008                  6.0090184646113515E+007                  2.9908128652820920E-001                  1.1519287456234980E+002                  1.1241404300046759E-035                  2.6999531615408690E-001                  5.3159466449122231E+010                  3.9603748560196219E-008                  1.0251240725562870E-012                 -3.7011318527195614E+000                  2.2973814182752035E+000                  2.5359420456350348E+000                  2.6864570434670254E+000 
                                     829                  3.0296542759770970E+000                 -1.0297261919656473E-002                  7.3752636156910345E+000                  5.0913219390044928E-001                  1.5875688410649353E+001                  2.4662313963796192E-001                  7.3394517073899335E-001                  1.9431689623044757E-002                  0.0000000000000000E+000                  4.4883897894812000E+008                  6.0171137727318823E+007                  3.0408400930140217E-001                  1.2050381969409112E+002                  1.2613135118519881E-035                  2.6974265350696791E-001                  5.3324653735562805E+010                  3.3810620415994453E-008                  3.9568471123954727E-013                 -3.7354734299857819E+000                  2.2993063673372869E+000                  2.5378669946971182E+000                  2.6883819925291088E+000 
                                     830                  3.0099062027348191E+000                 -1.1643483151345505E-002                  7.3763466368272335E+000                  5.1133726603156504E-001                  1.5879105927206083E+001                  2.4662313929704024E-001                  7.3394517108055080E-001                  1.9431689622408932E-002                  0.0000000000000000E+000                  4.4944669392695349E+008                  6.0252338899227507E+007                  3.0918835108247600E-001                  1.2606233480853430E+002                  1.4154044956169490E-035                  2.6948976034816585E-001                  5.3491727951957443E+010                  2.8009724211573351E-008                  1.9672365827796932E-013                 -3.7763455836457225E+000                  2.3012376713788325E+000                  2.5397982987386638E+000                  2.6903132965706544E+000 
                                     831                  2.9901441840984320E+000                 -1.2996385994071458E-002                  7.3774316315640780E+000                  5.1353407775088677E-001                  1.5882517855919405E+001                  2.4662313910605307E-001                  7.3394517127190184E-001                  1.9431689622045112E-002                  0.0000000000000000E+000                  4.5006374932003713E+008                  6.0333791524332851E+007                  3.1439713469386227E-001                  1.3188028868483457E+002                  1.5885363782001095E-035                  2.6923667030959436E-001                  5.3660615177709190E+010                  2.2197539266800360E-008                  1.1014942290364002E-013                 -3.8268475835423126E+000                  2.3031768754369728E+000                  2.5417375027968037E+000                  2.6922525006287947E+000 
                                     832                  2.9703821654620448E+000                 -1.4355128783466425E-002                  7.3785186049759606E+000                  5.1572259901418105E-001                  1.5885924173672757E+001                  2.4662313899923669E-001                  7.3394517137892623E-001                  1.9431689621837056E-002                  0.0000000000000000E+000                  4.5069023338438028E+008                  6.0415497096509613E+007                  3.1971311042777528E-001                  1.3796992497480147E+002                  1.7830981885174333E-035                  2.6898342556785559E-001                  5.3831220244867271E+010                  1.6377824365703282E-008                  6.1501441699453874E-014                 -3.8928718952659760E+000                  2.3051227459279580E+000                  2.5436833732877893E+000                  2.6941983711197799E+000 
                                     833                  2.9506074802453202E+000                 -1.5720697176590508E-002                  7.3796076009408882E+000                  5.1790287570649141E-001                  1.5889324981548382E+001                  2.4662313893961313E-001                  7.3394517143866822E-001                  1.9431689621718595E-002                  0.0000000000000000E+000                  4.5132626957170367E+008                  6.0497459678460419E+007                  3.2513932472051560E-001                  1.4434430258897805E+002                  2.0017932520387291E-035                  2.6873005972795233E-001                  5.4003677588634621E+010                  1.0546574115922362E-008                  3.4339056311276077E-014                 -3.9884442954995039E+000                  2.3070766690551179E+000                  2.5456372964149492E+000                  2.6961522942469398E+000 
                                     834                  2.9308327950285977E+000                 -1.7092333483395193E-002                  7.3806986254073035E+000                  5.2007486571936390E-001                  1.5892720256206639E+001                  2.4662313890638579E-001                  7.3394517147196303E-001                  1.9431689621651205E-002                  0.0000000000000000E+000                  4.5197196760128528E+008                  6.0579681158451788E+007                  3.3067873735336351E-001                  1.5101689283237690E+002                  2.2476661962863205E-035                  2.6847661512530335E-001                  5.4177903040586319E+010                  4.7072707369939223E-009                  1.9599487575900880E-014                 -4.1636154113415831E+000                  2.3090375360692721E+000                  2.5475981634291029E+000                  2.6981131612610936E+000 
                                     835                  2.9110467519796668E+000                 -1.8470944381121554E-002                  7.3817909077660024E+000                  5.2223982404144276E-001                  1.5896110099371294E+001                  2.4662313888561974E-001                  7.3394517149277205E-001                  1.9431689621608239E-002                  0.0000000000000000E+000                  4.5262533109641391E+008                  6.0662090999671794E+007                  3.3633254871231361E-001                  1.5799777923693523E+002                  2.5239799522118030E-035                  2.6822348890398906E-001                  5.4353947492107941E+010                 -2.4048821756475780E-014                  1.2294022321337424E-014                 -9.8999999999999986E+001                  2.3110063505400800E+000                  2.5495669778999108E+000                  2.7000819757319015E+000 
                                     836                  2.8912607089307376E+000                 -1.9855855867926792E-002                  7.3834252850275250E+000                  5.2547531037252593E-001                  1.5901177267247400E+001                  2.4662313885836773E-001                  7.3394517152008176E-001                  1.9431689621550507E-002                  0.0000000000000000E+000                  4.5360789628854328E+008                  6.0785511723210864E+007                  3.4501095837197349E-001                  1.6903919516238233E+002                  3.0021616895526655E-035                  2.6784680941269612E-001                  5.4531560836315903E+010                 -1.1185530779554311E-013                  9.1729055425522658E-015                 -9.8999999999999986E+001                  2.3129806919052172E+000                  2.5515413192650485E+000                  2.7020563170970391E+000 
                                     837                  2.8516685860394282E+000                 -2.2646436271383304E-002                  7.3855973388244154E+000                  5.2979314461128046E-001                  1.5907924676766580E+001                  2.4662313882680423E-001                  7.3394517155171513E-001                  1.9431689621480674E-002                  0.0000000000000000E+000                  4.5490816962883049E+008                  6.0949625932308085E+007                  3.5698665169403904E-001                  1.8490411508251410E+002                  3.7813263300838482E-035                  2.6735173362718967E-001                  5.4890180800482796E+010                 -2.2413915626394881E-013                  7.8625482883297758E-015                 -9.8999999999999986E+001                  2.3169453900480690E+000                  2.5555060174079003E+000                  2.7060210152398909E+000 
                                     838                  2.8120591681597622E+000                 -2.5464686093273622E-002                  7.3877612070506835E+000                  5.3410277089710034E-001                  1.5914650925412797E+001                  2.4662313879751463E-001                  7.3394517158107220E-001                  1.9431689621413173E-002                  0.0000000000000000E+000                  4.5620448853168923E+008                  6.1113296761416882E+007                  3.6943392488112053E-001                  2.0216891011569422E+002                  4.7594861811899951E-035                  2.6686421844380015E-001                  5.5252997058031555E+010                 -3.1206971796206290E-013                  7.1872279341274285E-015                 -9.8999999999999986E+001                  2.3209314746199010E+000                  2.5594921019797323E+000                  2.7100070998117229E+000 
                                     839                  2.7724352616466112E+000                 -2.8311282012193111E-002                  7.3893789771809839E+000                  5.3733764247562421E-001                  1.5919689398153807E+001                  2.4662313877652037E-001                  7.3394517160211703E-001                  1.9431689621362658E-002                  0.0000000000000000E+000                  4.5716980442819285E+008                  6.1235751191329703E+007                  3.7910016678565833E-001                  2.1611104546400963E+002                  5.6538880199264774E-035                  2.6650402072685969E-001                  5.5620212032425751E+010                 -3.8794103901548460E-013                  6.7928244142584737E-015                 -9.8999999999999986E+001                  2.3249398154882268E+000                  2.5635004428480581E+000                  2.7140154406800487E+000 
                                     840                  2.7526175003628204E+000                 -2.9745498439086828E-002                  7.3904548853926038E+000                  5.3948606688543099E-001                  1.5923036910612002E+001                  2.4662313876274558E-001                  7.3394517161592587E-001                  1.9431689621328574E-002                  0.0000000000000000E+000                  4.5781536253099376E+008                  6.1317283808459066E+007                  3.8569844021754968E-001                  2.2590169838245282E+002                  6.3403768426348187E-035                  2.6626600672486656E-001                  5.5805718144907753E+010                 -4.2286899395143864E-013                  6.5758210739777643E-015                 -9.8999999999999986E+001                  2.3269526998228769E+000                  2.5655133271827082E+000                  2.7160283250146988E+000 
                                     841                  2.7327997390790282E+000                 -3.1186882285518171E-002                  7.3915287981206497E+000                  5.4163226750693205E-001                  1.5926379263307494E+001                  2.4662313874914693E-001                  7.3394517162955863E-001                  1.9431689621294490E-002                  0.0000000000000000E+000                  4.5846016743894815E+008                  6.1398723497726947E+007                  3.9242751557738648E-001                  2.3611043581044080E+002                  7.1093147745386327E-035                  2.6602993284185172E-001                  5.5992716790191086E+010                 -4.5609530490496915E-013                  6.4571638316630122E-015                 -9.8999999999999986E+001                  2.3289711978073893E+000                  2.5675318251672201E+000                  2.7180468229992107E+000 
                                     842                  2.7129776400334391E+000                 -3.2635867767450075E-002                  7.3926007487266174E+000                  5.4377623564871869E-001                  1.5929716556228271E+001                  2.4662313873568809E-001                  7.3394517164305217E-001                  1.9431689621259740E-002                  0.0000000000000000E+000                  4.5910430046842682E+008                  6.1480077317572154E+007                  3.9929060626408180E-001                  2.4675423948375973E+002                  7.9705936634611789E-035                  2.6579580402090058E-001                  5.6181063910689285E+010                 -4.8788902253686687E-013                  6.3763761875477087E-015                 -9.8999999999999986E+001                  2.3309959626109102E+000                  2.5695565899707415E+000                  2.7200715878027322E+000 
                                     843                  2.6931555409878518E+000                 -3.4092259190828547E-002                  7.3936707298026478E+000                  5.4591787068015540E-001                  1.5933048758837648E+001                  2.4662313872234054E-001                  7.3394517165643469E-001                  1.9431689621224768E-002                  0.0000000000000000E+000                  4.5974782410881996E+008                  6.1561350100380257E+007                  4.0629074078157423E-001                  2.5785032032494610E+002                  8.9352669634990120E-035                  2.6556363339078964E-001                  5.6370754937770134E+010                 -5.1845537156405435E-013                  6.2848227965744730E-015                 -9.8999999999999986E+001                  2.3330267299352752E+000                  2.5715873572951065E+000                  2.7221023551270971E+000 
                                     844                  2.6733306093284375E+000                 -3.5556388031796352E-002                  7.3947387747868012E+000                  5.4805715074345751E-001                  1.5936375970834806E+001                  2.4662313870908065E-001                  7.3394517166973017E-001                  1.9431689621189241E-002                  0.0000000000000000E+000                  4.6039083739326686E+008                  6.1642549627376042E+007                  4.1343129426290104E-001                  2.6941695528012679E+002                  1.0015763078052413E-034                  2.6533342488863959E-001                  5.6561855042290749E+010                 -5.4790023914873308E-013                  6.2108930274937578E-015                 -9.8999999999999986E+001                  2.3350639730936265E+000                  2.5736246004534578E+000                  2.7241395982854484E+000 
                                     845                  2.6535056776690249E+000                 -3.7028171309947386E-002                  7.3963369625561572E+000                  5.5125327387931145E-001                  1.5941349827123142E+001                  2.4662313868929375E-001                  7.3394517168957141E-001                  1.9431689621134840E-002                  0.0000000000000000E+000                  4.6135908100267416E+008                  6.1764244719841912E+007                  4.2440325846326088E-001                  2.8768198980797609E+002                  1.1883803148726671E-034                  2.6499143184877005E-001                  5.6754604066711472E+010                 -5.7631692889303503E-013                  6.1708718019626967E-015                 -9.8999999999999986E+001                  2.3371075801021028E+000                  2.5756682074619337E+000                  2.7261832052939243E+000 
                                     846                  2.6138532311256477E+000                 -3.9995453822285275E-002                  7.3984615040316939E+000                  5.5551670383961715E-001                  1.5947974545913945E+001                  2.4662313866309474E-001                  7.3394517171584583E-001                  1.9431689621059456E-002                  0.0000000000000000E+000                  4.6264316738469809E+008                  6.1926284884238370E+007                  4.3956743936087989E-001                  3.1387255898282217E+002                  1.4925304955887575E-034                  2.6454290911258904E-001                  5.7144556779683228E+010                 -6.3043920771334716E-013                  6.1299249564211581E-015                 -9.8999999999999986E+001                  2.3412150374194187E+000                  2.5797756647792500E+000                  2.7302906626112406E+000 
                                     847                  2.5742013570547151E+000                 -4.2994886399220229E-002                  7.4005784847724332E+000                  5.5976913144021379E-001                  1.5954579770384333E+001                  2.4662313863698604E-001                  7.3394517174203278E-001                  1.9431689620981185E-002                  0.0000000000000000E+000                  4.6392709252449512E+008                  6.2088168587772802E+007                  4.5535547979813606E-001                  3.4230517162898411E+002                  1.8742137619497726E-034                  2.6410236928398600E-001                  5.7540248103979416E+010                 -6.8139345051499269E-013                  6.1014589023761395E-015                 -9.8999999999999986E+001                  2.3453503477344197E+000                  2.5839109750942511E+000                  2.7344259729262417E+000 
                                     848                  2.5345532868700049E+000                 -4.6027329447331913E-002                  7.4021616313188217E+000                  5.6295910887538581E-001                  1.5959528747639654E+001                  2.4662313861741994E-001                  7.3394517176166030E-001                  1.9431689620919790E-002                  0.0000000000000000E+000                  4.6488591449251968E+008                  6.2209494430850819E+007                  4.6763474851945913E-001                  3.6521972380647838E+002                  2.2233120228348418E-034                  2.6377753051383979E-001                  5.7941977808883774E+010                 -7.2958669051299037E-013                  6.0695413602370521E-015                 -9.8999999999999986E+001                  2.3495147377037942E+000                  2.5880753650636250E+000                  2.7385903628956156E+000 
                                     849                  2.5147328083350993E+000                 -4.7556100678588488E-002                  7.4032145528277740E+000                  5.6507668555394852E-001                  1.5962816964644464E+001                  2.4662313860437121E-001                  7.3394517177475072E-001                  1.9431689620878045E-002                  0.0000000000000000E+000                  4.6552831566026771E+008                  6.2290358772184141E+007                  4.7602524567655985E-001                  3.8128577639860379E+002                  2.4913584473963925E-034                  2.6356315977853612E-001                  5.8145364788254417E+010                 -7.5275572745595788E-013                  6.0426145557831193E-015                 -9.8999999999999986E+001                  2.3516080704890983E+000                  2.5901686978489296E+000                  2.7406836956809202E+000 
                                     850                  2.4949123298001918E+000                 -4.9093633365946639E-002                  7.4042656265739524E+000                  5.6719140001988422E-001                  1.5966100416688057E+001                  2.4662313859131194E-001                  7.3394517178785290E-001                  1.9431689620835191E-002                  0.0000000000000000E+000                  4.6617086025285202E+008                  6.2371197737192303E+007                  4.8458949084564390E-001                  3.9801801135051818E+002                  2.7917684529234293E-034                  2.6335069784483572E-001                  5.8350738038950943E+010                 -7.7534417565893821E-013                  6.0223587856439540E-015                 -9.8999999999999986E+001                  2.3537093462687397E+000                  2.5922699736285706E+000                  2.7427849714605612E+000 
                                     851                  2.4750971024354573E+000                 -5.0639670422652390E-002                  7.4053148868234917E+000                  5.6930331407802381E-001                  1.5969379203052178E+001                  2.4662313857823676E-001                  7.3394517180097185E-001                  1.9431689620791337E-002                  0.0000000000000000E+000                  4.6681356161905640E+008                  6.2452013882600769E+007                  4.9333199747030593E-001                  4.1544282039520544E+002                  3.1285070328814609E-034                  2.6314010755827510E-001                  5.8557840050208633E+010                 -7.9733766020565814E-013                  6.0364074713949075E-015                 -9.8999999999999986E+001                  2.3558181533771752E+000                  2.5943787807370060E+000                  2.7448937785689971E+000 
                                     852                  2.4552818750707233E+000                 -5.2194775265189973E-002                  7.4063623222701604E+000                  5.7141240363925583E-001                  1.5972653285793969E+001                  2.4662313856514137E-001                  7.3394517181411223E-001                  1.9431689620746373E-002                  0.0000000000000000E+000                  4.6745641160863316E+008                  6.2532805345844947E+007                  5.0225703371799035E-001                  4.3358681788933814E+002                  3.5060215268313349E-034                  2.6293136113514221E-001                  5.8766760804886765E+010                 -8.1880209624720415E-013                  6.0484886707948303E-015                 -9.8999999999999986E+001                  2.3579352216222733E+000                  2.5964958489821042E+000                  2.7470108468140952E+000 
                                     853                  2.4354736346223618E+000                 -5.3758555529349966E-002                  7.4074079674125706E+000                  5.7351873023662470E-001                  1.5975922764260376E+001                  2.4662313855202139E-001                  7.3394517182727814E-001                  1.9431689620700521E-002                  0.0000000000000000E+000                  4.6809942801784420E+008                  6.2613574390048899E+007                  5.1136937404423843E-001                  4.5247838184717233E+002                  3.9293353458686129E-034                  2.6272442116352795E-001                  5.8977462434978661E+010                 -8.3980045582476977E-013                  6.0094192294519632E-015                 -9.8999999999999986E+001                  2.3600599767339427E+000                  2.5986206040937740E+000                  2.7491356019257647E+000 
                                     854                  2.4156653941739998E+000                 -5.5331722416149524E-002                  7.4089726762419943E+000                  5.7666479208985211E-001                  1.5980810500327086E+001                  2.4662313853230089E-001                  7.3394517184706931E-001                  1.9431689620629800E-002                  0.0000000000000000E+000                  4.6906864422733140E+008                  6.2734694784511596E+007                  5.2538654412435504E-001                  4.8226449909224857E+002                  4.6623540887007605E-034                  2.6241701976432397E-001                  5.9190293714941353E+010                 -8.6033253396508089E-013                  5.9525218313970052E-015                 -9.8999999999999986E+001                  2.3621933724050783E+000                  2.6007539997649092E+000                  2.7512689975969002E+000 
                                     855                  2.3760664432329035E+000                 -5.8505528696000814E-002                  7.4110532670200451E+000                  5.8086102406465911E-001                  1.5987322013266633E+001                  2.4662313850587320E-001                  7.3394517187359598E-001                  1.9431689620530879E-002                  0.0000000000000000E+000                  4.7035555543770510E+008                  6.2896098432918631E+007                  5.4479278751019489E-001                  5.2489472027888291E+002                  5.8593661259903355E-034                  2.6201360674803681E-001                  5.9621585896961853E+010                 -8.9990534815814099E-013                  5.9089047156230575E-015                 -9.8999999999999986E+001                  2.3664849102193481E+000                  2.6050455375791790E+000                  2.7555605354111696E+000 
                                     856                  2.3364886654627641E+000                 -6.1717191208327839E-002                  7.4131268511832573E+000                  5.8504644620640656E-001                  1.5993815505887955E+001                  2.4662313847929174E-001                  7.3394517190028163E-001                  1.9431689620426629E-002                  0.0000000000000000E+000                  4.7164312087548631E+008                  6.3057417325840041E+007                  5.6503716640937041E-001                  5.7107192369894267E+002                  7.3674611810633944E-034                  2.6161683802033447E-001                  6.0060202082398773E+010                 -9.3764590951632804E-013                  5.8895773766460760E-015                 -9.8999999999999986E+001                  2.3708107912617868E+000                  2.6093714186216177E+000                  2.7598864164536083E+000 
                                     857                  2.2969357937375054E+000                 -6.4967796817645015E-002                  7.4146779598745711E+000                  5.8818679342905045E-001                  1.5998681898686975E+001                  2.4662313845922423E-001                  7.3394517192043141E-001                  1.9431689620344361E-002                  0.0000000000000000E+000                  4.7260484720385557E+008                  6.3178349426630422E+007                  5.8081118846464319E-001                  6.0822066958076198E+002                  8.7525054662295328E-034                  2.6132374759334587E-001                  6.0506423664298470E+010                 -9.7365729154431176E-013                  5.8902054605448244E-015                 -9.8999999999999986E+001                  2.3751721444036313E+000                  2.6137327717634626E+000                  2.7642477695954533E+000 
                                     858                  2.2771737235018383E+000                 -6.6607710280105217E-002                  7.4157095902607741E+000                  5.9027149612497676E-001                  1.6001915331219827E+001                  2.4662313844580128E-001                  7.3394517193391073E-001                  1.9431689620287962E-002                  0.0000000000000000E+000                  4.7324915780638140E+008                  6.3258950493428215E+007                  5.9160272409178538E-001                  6.3422927355616775E+002                  9.8193027187584611E-034                  2.6113009570023998E-001                  6.0732619377766525E+010                 -9.9100181398806556E-013                  5.9370818409675808E-015                 -9.8999999999999986E+001                  2.3773660536010941E+000                  2.6159266809609254E+000                  2.7664416787929160E+000 
                                     859                  2.2574116532661690E+000                 -6.8258425443320295E-002                  7.4167395044305033E+000                  5.9235355291052516E-001                  1.6005144350318478E+001                  2.4662313843233072E-001                  7.3394517194743891E-001                  1.9431689620230341E-002                  0.0000000000000000E+000                  4.7389363094159931E+008                  6.3339531100388318E+007                  6.0262896506687746E-001                  6.6128735718183816E+002                  1.1018251342082729E-033                  2.6093795894328026E-001                  6.0961277765481316E+010                 -1.0079928603307165E-012                  5.9546768030646684E-015                 -9.8999999999999986E+001                  2.3795701669643590E+000                  2.6181307943241898E+000                  2.7686457921561805E+000 
                                     860                  2.2376659088261341E+000                 -6.9918768064388279E-002                  7.4177677382088376E+000                  5.9443302402916054E-001                  1.6008369056178378E+001                  2.4662313841881048E-001                  7.3394517196101838E-001                  1.9431689620171166E-002                  0.0000000000000000E+000                  4.7453828540902859E+008                  6.3420094027770378E+007                  6.1389625642916479E-001                  6.8943553849660930E+002                  1.2366190658327219E-033                  2.6074729911615246E-001                  6.1192014385810158E+010                 -1.0246101429895016E-012                  5.9521267215956090E-015                 -9.8999999999999986E+001                  2.3817828446785305E+000                  2.6203434720383618E+000                  2.7708584698703524E+000 
                                     861                  2.2179201643860993E+000                 -7.1590305212385991E-002                  7.4193063981277652E+000                  5.9753903820067222E-001                  1.6013189924090604E+001                  2.4662313839845704E-001                  7.3394517198146303E-001                  1.9431689620079906E-002                  0.0000000000000000E+000                  4.7550991087421376E+008                  6.3540903132354222E+007                  6.3124591722304091E-001                  7.3376372397827731E+002                  1.4708320059698285E-033                  2.6046375323690774E-001                  6.1425307168355392E+010                 -1.0408171552153768E-012                  5.9928602365994976E-015                 -9.8999999999999986E+001                  2.3840061590060024E+000                  2.6225667863658337E+000                  2.7730817841978244E+000 
                                     862                  2.1784653454798759E+000                 -7.4964716886507368E-002                  7.4213528051416979E+000                  6.0168260461546108E-001                  1.6019613595046863E+001                  2.4662313837110225E-001                  7.3394517200894616E-001                  1.9431689619951564E-002                  0.0000000000000000E+000                  4.7680018371076441E+008                  6.3701919914945148E+007                  6.5530347332702032E-001                  7.9711586658850877E+002                  1.8553510217006370E-033                  2.6009092015962931E-001                  6.1898587897723778E+010                 -1.0721570875904108E-012                  6.0312602158999949E-015                 -9.8999999999999986E+001                  2.3884814274944897E+000                  2.6270420548543205E+000                  2.7775570526863111E+000 
                                     863                  2.1390513160218205E+000                 -7.8382888786830363E-002                  7.4233926232128224E+000                  6.0581604184848625E-001                  1.6026020357082999E+001                  2.4662313834352476E-001                  7.3394517203665877E-001                  1.9431689619816450E-002                  0.0000000000000000E+000                  4.7809116755457747E+008                  6.3862869043759294E+007                  6.8044342876756647E-001                  8.6562165279611918E+002                  2.3429188550587784E-033                  2.5972341016954831E-001                  6.2380749160194382E+010                 -1.1020741206324683E-012                  6.0407355218559961E-015                 -9.8999999999999986E+001                  2.3929971472074278E+000                  2.6315577745672591E+000                  2.7820727723992498E+000 
                                     864                  2.0996822997699311E+000                 -8.1846156627094546E-002                  7.4249188163690434E+000                  6.0891795761960077E-001                  1.6030822695871453E+001                  2.4662313832256763E-001                  7.3394517205772336E-001                  1.9431689619708981E-002                  0.0000000000000000E+000                  4.7905557073253989E+008                  6.3983545726698868E+007                  7.0006289550135070E-001                  9.2065736106415579E+002                  2.7934001398919721E-033                  2.5945134510329110E-001                  6.2872148892792175E+010                 -1.1306235543023076E-012                  6.0089491086144275E-015                 -9.8999999999999986E+001                  2.3975546937705139E+000                  2.6361153211303452E+000                  2.7866303189623358E+000 
                                     865                  2.0800224639423979E+000                 -8.3594531958583171E-002                  7.4259338710350011E+000                  6.1097716615580977E-001                  1.6034013579045574E+001                  2.4662313830860275E-001                  7.3394517207176146E-001                  1.9431689619635817E-002                  0.0000000000000000E+000                  4.7970163929262936E+008                  6.4063974389882237E+007                  7.1349892638964718E-001                  9.5914511922166514E+002                  3.1418739210334444E-033                  2.5927133235207356E-001                  6.3121536918384552E+010                 -1.1443845000605344E-012                  5.9817230791091164E-015                 -9.8999999999999986E+001                  2.3998488343592541E+000                  2.6384094617190854E+000                  2.7889244595510760E+000 
                                     866                  2.0603626281148637E+000                 -8.5355858890600350E-002                  7.4269473084892397E+000                  6.1303389197556835E-001                  1.6037200313654104E+001                  2.4662313829457810E-001                  7.3394517208586130E-001                  1.9431689619560544E-002                  0.0000000000000000E+000                  4.8034788152753842E+008                  6.4144386586771592E+007                  7.2723906004280681E-001                  9.9915245349427744E+002                  3.5349471631223508E-033                  2.5909250519423344E-001                  6.3373909033710815E+010                 -1.1578025069456484E-012                  5.9870398094903442E-015                 -9.8999999999999986E+001                  2.4021555239521142E+000                  2.6407161513119455E+000                  2.7912311491439357E+000 
                                     867                  2.0407296858475115E+000                 -8.7127961495950382E-002                  7.4279591662976827E+000                  6.1508819440544982E-001                  1.6040383001650905E+001                  2.4662313828049148E-001                  7.3394517210002519E-001                  1.9431689619483272E-002                  0.0000000000000000E+000                  4.8099431898913664E+008                  6.4224785556412861E+007                  7.4129175803739167E-001                  1.0407371170025692E+003                  3.9785167854848706E-033                  2.5891482533919014E-001                  6.3628733456944595E+010                 -1.1708007381821811E-012                  6.0570202077062448E-015                 -9.8999999999999986E+001                  2.4044718323820922E+000                  2.6430324597419235E+000                  2.7935474575739141E+000 
                                     868                  2.0210967435801583E+000                 -8.8913507289552066E-002                  7.4289694256322658E+000                  6.1714004504565190E-001                  1.6043561591254090E+001                  2.4662313826634333E-001                  7.3394517211425259E-001                  1.9431689619404113E-002                  0.0000000000000000E+000                  4.8164092937464136E+008                  6.4305169059980825E+007                  7.5566498965804729E-001                  1.0839566479597490E+003                  4.4792566903171432E-033                  2.5873826573090686E-001                  6.3886418674815025E+010                 -1.1835074399855227E-012                  6.1104617862428543E-015                 -9.8999999999999986E+001                  2.4068011938755132E+000                  2.6453618212353445E+000                  2.7958768190673351E+000 
                                     869                  2.0014929735322458E+000                 -9.0710087065939971E-002                  7.4299781244591747E+000                  6.1918950307194387E-001                  1.6046736184887401E+001                  2.4662313825213150E-001                  7.3394517212854582E-001                  1.9431689619322734E-002                  0.0000000000000000E+000                  4.8228773728844458E+008                  6.4385540219599165E+007                  7.7036771927883452E-001                  1.1288729644110995E+003                  5.0447781667203710E-033                  2.5856278813660283E-001                  6.4146642543507523E+010                 -1.1959567514438896E-012                  6.0726396386720845E-015                 -9.8999999999999986E+001                  2.4091404120196476E+000                  2.6477010393794784E+000                  2.7982160372114691E+000 
                                     870                  1.9818892034843330E+000                 -9.2520625223157973E-002                  7.4314875231797588E+000                  6.2225068793982319E-001                  1.6051482097979150E+001                  2.4662313823079418E-001                  7.3394517215000810E-001                  1.9431689619197723E-002                  0.0000000000000000E+000                  4.8326253045688277E+008                  6.4506055714422897E+007                  7.9303478006613004E-001                  1.1995116791737682E+003                  6.0330106352918476E-033                  2.5830133793477095E-001                  6.4410100732590645E+010                 -1.2081226321741817E-012                  6.0203198856403839E-015                 -9.8999999999999986E+001                  2.4114932690252506E+000                  2.6500538963850819E+000                  2.8005688942170726E+000 
                                     871                  1.9427446837815463E+000                 -9.6178866199011948E-002                  7.4334955551123283E+000                  6.2633536753897678E-001                  1.6057807398690560E+001                  2.4662313820198459E-001                  7.3394517217899413E-001                  1.9431689619021308E-002                  0.0000000000000000E+000                  4.8455721270284510E+008                  6.4666715953072898E+007                  8.2452525315323888E-001                  1.3003052884786848E+003                  7.6690741717796194E-033                  2.5795650860244634E-001                  6.4945387438561195E+010                 -1.2313980712483921E-012                  5.9901628579343817E-015                 -9.8999999999999986E+001                  2.4162334433363117E+000                  2.6547940706961430E+000                  2.8053090685281337E+000 
                                     872                  1.9036679830932213E+000                 -9.9889841284069789E-002                  7.4354974529198881E+000                  6.3041065942478680E-001                  1.6064117001078177E+001                  2.4662313817290954E-001                  7.3394517220825528E-001                  1.9431689618835124E-002                  0.0000000000000000E+000                  4.8585266079728651E+008                  6.4827328139113419E+007                  8.5750043630209449E-001                  1.4090882756463313E+003                  9.7633068927501251E-033                  2.5761543672452730E-001                  6.5492019956758385E+010                 -1.2533927173947564E-012                  5.9650526700557264E-015                 -9.8999999999999986E+001                  2.4210232676559813E+000                  2.6595838950158122E+000                  2.8100988928478028E+000 
                                     873                  1.8646640269437045E+000                 -1.0365529935333243E-001                  7.4374932879183726E+000                  6.3447667991760770E-001                  1.6070411094979370E+001                  2.4662313814356374E-001                  7.3394517223779754E-001                  1.9431689618638726E-002                  0.0000000000000000E+000                  4.8714889894787329E+008                  6.4987894006601535E+007                  8.9204189056086125E-001                  1.5264576331900485E+003                  1.2448138120488873E-032                  2.5727786656955942E-001                  6.6050986963758026E+010                 -1.2741437311773081E-012                  5.9314453042891730E-015                 -9.8999999999999986E+001                  2.4258645869523927E+000                  2.6644252143122240E+000                  2.8149402121442146E+000 
                                     874                  1.8257378722140503E+000                 -1.0747707440604425E-001                  7.4394831302154660E+000                  6.3853354336012380E-001                  1.6076689867019549E+001                  2.4662313811394218E-001                  7.3394517226762623E-001                  1.9431689618431558E-002                  0.0000000000000000E+000                  4.8844592264632893E+008                  6.5148417725591421E+007                  9.2823597703275385E-001                  1.6530523885902294E+003                  1.5895225224122890E-032                  2.5694354444071121E-001                  6.6622812060972145E+010                 -1.2936327621878619E-012                  5.9200310756870046E-015                 -9.8999999999999986E+001                  2.4307592705374494E+000                  2.6693198978972807E+000                  2.8198348957292714E+000 
                                     875                  1.7868947118294425E+000                 -1.1135709125659408E-001                  7.4414670487250616E+000                  6.4258136210466754E-001                  1.6082953500680212E+001                  2.4662313808404018E-001                  7.3394517229774658E-001                  1.9431689618213177E-002                  0.0000000000000000E+000                  4.8974375134139025E+008                  6.5308901346111096E+007                  9.6617413068926850E-001                  1.7895563915637988E+003                  2.0327232317640566E-032                  2.5661221887151642E-001                  6.7208049354284386E+010                 -1.3118833219743558E-012                  5.9171427301403139E-015                 -9.8999999999999986E+001                  2.4357092792628259E+000                  2.6742699066226572E+000                  2.8247849044546478E+000 
                                     876                  1.7481398796968461E+000                 -1.1529737170756045E-001                  7.4434451112233253E+000                  6.4662024675958529E-001                  1.6089202176366886E+001                  2.4662313805385333E-001                  7.3394517232816370E-001                  1.9431689617982917E-002                  0.0000000000000000E+000                  4.9104239228939778E+008                  6.5469347898927338E+007                  1.0059531493013187E+000                  1.9367012791296090E+003                  2.6033152826556776E-032                  2.5628364081757815E-001                  6.7807285782547424E+010                 -1.3289169026045868E-012                  5.9087452642494009E-015                 -9.8999999999999986E+001                  2.4407166668770994E+000                  2.6792772942369307E+000                  2.8297922920689214E+000 
                                     877                  1.7094788559115019E+000                 -1.1930004125244370E-001                  7.4454173843305957E+000                  6.5065030594195927E-001                  1.6095436071472260E+001                  2.4662313802337735E-001                  7.3394517235888257E-001                  1.9431689617740111E-002                  0.0000000000000000E+000                  4.9234184924557000E+008                  6.5629760718251236E+007                  1.0476754948274685E+000                  2.0952696187024180E+003                  3.3388233315701374E-032                  2.5595756384153540E-001                  6.8421143687322647E+010                 -1.3447142593527721E-012                  5.9194377007254351E-015                 -9.8999999999999986E+001                  2.4457835947946718E+000                  2.6843442221545031E+000                  2.8348592199864937E+000 
                                     878                  1.6709172722519927E+000                 -1.2336733636842240E-001                  7.4473839335746721E+000                  6.5467164657571431E-001                  1.6101655360442471E+001                  2.4662313799260813E-001                  7.3394517238990786E-001                  1.9431689617483983E-002                  0.0000000000000000E+000                  4.9364214500538397E+008                  6.5790141393176191E+007                  1.0914496125757238E+000                  2.2660982538456919E+003                  4.2879867494669054E-032                  2.5563374429637692E-001                  6.9050283625840363E+010                 -1.3592890002517495E-012                  5.9389535041812753E-015                 -9.8999999999999986E+001                  2.4509123303253384E+000                  2.6894729576851693E+000                  2.8399879555171603E+000 
                                     879                  1.6324609179860294E+000                 -1.2750161245715486E-001                  7.4489787698755645E+000                  6.5794059758324452E-001                  1.6106706496921703E+001                  2.4662313796735194E-001                  7.3394517241538337E-001                  1.9431689617264714E-002                  0.0000000000000000E+000                  4.9469618974036175E+008                  6.5920491751040220E+007                  1.1286485023090351E+000                  2.4146846916900568E+003                  5.2605742538141870E-032                  2.5537216834702980E-001                  6.9695023404671097E+010                 -1.3726768873503459E-012                  5.9281760309288632E-015                 -9.8999999999999986E+001                  2.4561052092471494E+000                  2.6946658366069807E+000                  2.8451808344389713E+000 
                                     880                  1.6084792332877387E+000                 -1.3012088847302361E-001                  7.4505676562076149E+000                  6.6118819419200792E-001                  1.6111731331702270E+001                  2.4662313794197124E-001                  7.3394517244099056E-001                  1.9431689617038228E-002                  0.0000000000000000E+000                  4.9575703325666696E+008                  6.6050711087058648E+007                  1.1672599176350840E+000                  2.5721862469690846E+003                  6.4568107344097450E-032                  2.5511171215767831E-001                  7.0106724142825287E+010                 -1.3804214571967301E-012                  5.9311281196847327E-015                 -9.8999999999999986E+001                  2.4593848101804046E+000                  2.6979454375402359E+000                  2.8484604353722265E+000 
                                     881                  1.5702065069847149E+000                 -1.3436938609619364E-001                  7.4525194912295198E+000                  6.6518715904056747E-001                  1.6117913111233936E+001                  2.4662313791041399E-001                  7.3394517247284174E-001                  1.9431689616744241E-002                  0.0000000000000000E+000                  4.9705955741758782E+008                  6.6211022731327184E+007                  1.2169836257803113E+000                  2.7796168934500852E+003                  8.3191616820180005E-032                  2.5479279114566855E-001                  7.0779826773045715E+010                 -1.3918437865934018E-012                  5.9247601127087011E-015                 -9.8999999999999986E+001                  2.4646875630462906E+000                  2.7032481904061219E+000                  2.8537631882381125E+000 
                                     882                  1.5320549982619682E+000                 -1.3869168079765912E-001                  7.4544658312279832E+000                  6.6917777876585871E-001                  1.6124080894028694E+001                  2.4662313787855009E-001                  7.3394517250501545E-001                  1.9431689616434489E-002                  0.0000000000000000E+000                  4.9836294153409982E+008                  6.6371312954524547E+007                  1.2692078367614319E+000                  3.0028546706153506E+003                  1.0730089391091771E-031                  2.5447567490093181E-001                  7.1470591082554062E+010                 -1.4020404512174146E-012                  5.9246626357962823E-015                 -9.8999999999999986E+001                  2.4700613566384222E+000                  2.7086219839982535E+000                  2.8591369818302441E+000 
                                     883                  1.4940311213077053E+000                 -1.4309063797388566E-001                  7.4564067369087228E+000                  6.7316015237858362E-001                  1.6130234841717055E+001                  2.4662313784637613E-001                  7.3394517253751557E-001                  1.9431689616108305E-002                  0.0000000000000000E+000                  4.9966720370027697E+008                  6.6531583558252655E+007                  1.3240732902690215E+000                  3.2430372039811841E+003                  1.3853036834682303E-031                  2.5416044921856601E-001                  7.2180287223418152E+010                 -1.4110283365097799E-012                  5.9161689887205964E-015                 -9.8999999999999986E+001                  2.4755091406578251E+000                  2.7140697680176560E+000                  2.8645847658496466E+000 
                                     884                  1.4561414794215986E+000                 -1.4756928944844602E-001                  7.4583422679975184E+000                  6.7713437740108351E-001                  1.6136375113308144E+001                  2.4662313781388889E-001                  7.3394517257034630E-001                  1.9431689615764802E-002                  0.0000000000000000E+000                  5.0097234584640175E+008                  6.6691837656737573E+007                  1.3817288224651241E+000                  3.5013794132871794E+003                  1.7900203472760117E-031                  2.5384720382622045E-001                  7.2909858235967453E+010                 -1.4188145865443498E-012                  5.8878894304584217E-015                 -9.8999999999999986E+001                  2.4810339762603988E+000                  2.7195946036202296E+000                  2.8701096014522203E+000 
                                     885                  1.4183928730900659E+000                 -1.5213084669836560E-001                  7.4602724832367935E+000                  6.8110054963858357E-001                  1.6142501865244878E+001                  2.4662313778108533E-001                  7.3394517260351155E-001                  1.9431689615403092E-002                  0.0000000000000000E+000                  5.0227837433698505E+008                  6.6852077934252903E+007                  1.4423318054765077E+000                  3.7791784639202338E+003                  2.3146978385557279E-031                  2.5353603198941627E-001                  7.3660312848904251E+010                 -1.4253935004163413E-012                  5.8396167612866406E-015                 -9.8999999999999986E+001                  2.4866391068725067E+000                  2.7251997342323380E+000                  2.8757147320643286E+000 
                                     886                  1.3807923085843825E+000                 -1.5677871542188868E-001                  7.4621974404445739E+000                  6.8505876349049422E-001                  1.6148615251452767E+001                  2.4662313774796255E-001                  7.3394517263701509E-001                  1.9431689615022396E-002                  0.0000000000000000E+000                  5.0358530783854663E+008                  6.7012305987812981E+007                  1.5060486122706751E+000                  4.0778190298384552E+003                  2.9950583978409116E-031                  2.5322703013172482E-001                  7.4432731497652191E+010                 -1.4307267210738763E-012                  5.8021952262961982E-015                 -9.8999999999999986E+001                  2.4923279649467229E+000                  2.7308885923065542E+000                  2.8814035901385449E+000 
                                     887                  1.3433470071277092E+000                 -1.6151651160807287E-001                  7.4641171965091138E+000                  6.8900911175808099E-001                  1.6154715423388698E+001                  2.4662313771451772E-001                  7.3394517267086046E-001                  1.9431689614621828E-002                  0.0000000000000000E+000                  5.0489314336036080E+008                  6.7172525224049777E+007                  1.5730551018058019E+000                  4.3987788620908013E+003                  3.8774134036497262E-031                  2.5292029745977895E-001                  7.5228273028418884E+010                 -1.4348037835348920E-012                  5.7770648893515713E-015                 -9.8999999999999986E+001                  2.4981041953665377E+000                  2.7366648227263690E+000                  2.8871798205583596E+000 
                                     888                  1.3060644146823646E+000                 -1.6634807930402923E-001                  7.4660318074052130E+000                  6.9295168575071608E-001                  1.6160802530089931E+001                  2.4662313768074837E-001                  7.3394517270505133E-001                  1.9431689614200276E-002                  0.0000000000000000E+000                  5.0620189889019561E+008                  6.7332737230810136E+007                  1.6435371300469923E+000                  4.7436346967802920E+003                  5.0217646718914553E-031                  2.5261593560340195E-001                  7.6048182201484879E+010                 -1.4376405180870860E-012                  5.7379149880078131E-015                 -9.8999999999999986E+001                  2.5039716707839186E+000                  2.7425322981437499E+000                  2.8930472959757405E+000 
                                     889                  1.2689522124145265E+000                 -1.7127751029597882E-001                  7.4679413282245761E+000                  6.9688657544603005E-001                  1.6166876718219410E+001                  2.4662313764665200E-001                  7.3394517273959092E-001                  1.9431689613757075E-002                  0.0000000000000000E+000                  5.0751157716363704E+008                  6.7492944828911990E+007                  1.7176910874110960E+000                  5.1140685206145099E+003                  6.5057981387018255E-031                  2.5231404826302040E-001                  7.6893798057288284E+010                 -1.4392039538523671E-012                  5.7058430588121189E-015                 -9.8999999999999986E+001                  2.5099345094926022E+000                  2.7484951368524335E+000                  2.8990101346844241E+000 
                                     890                  1.2320183279001982E+000                 -1.7630916595651980E-001                  7.4698458131640235E+000                  7.0081386925211819E-001                  1.6172938132110595E+001                  2.4662313761222651E-001                  7.3394517277448257E-001                  1.9431689613290892E-002                  0.0000000000000000E+000                  5.0882218173078614E+008                  6.7653150719725758E+007                  1.7957244604957150E+000                  5.5118742003745419E+003                  8.4300215702914063E-031                  2.5201474086095615E-001                  7.7766563334243286E+010                 -1.4394563132221207E-012                  5.7054382689607872E-015                 -9.8999999999999986E+001                  2.5159971027321824E+000                  2.7545577300920132E+000                  2.9050727279240038E+000 
                                     891                  1.1952709471440153E+000                 -1.8144770155561191E-001                  7.4717453155836360E+000                  7.0473365429358859E-001                  1.6178986913809883E+001                  2.4662313757746987E-001                  7.3394517280972904E-001                  1.9431689612801062E-002                  0.0000000000000000E+000                  5.1013373311189985E+008                  6.7813356126266658E+007                  1.8778564260225965E+000                  5.9389645233354040E+003                  1.0924366061486933E-030                  2.5171812020446482E-001                  7.8668035046218292E+010                 -1.4384221596616455E-012                  5.6976321833661072E-015                 -9.8999999999999986E+001                  2.5221641302658533E+000                  2.7607247576256846E+000                  2.9112397554576752E+000 
                                     892                  1.1587185274909624E+000                 -1.8669809336973947E-001                  7.4736398879981554E+000                  7.0864601626635415E-001                  1.6185023203119648E+001                  2.4662313754238036E-001                  7.3394517284533334E-001                  1.9431689612286362E-002                  0.0000000000000000E+000                  5.1144622494772023E+008                  6.7973564515648708E+007                  1.9643184707129862E+000                  6.3973786389333727E+003                  1.4156659011847610E-030                  2.5142429415710521E-001                  7.9599896401788467E+010                 -1.4361170968752003E-012                  5.6511624713521790E-015                 -9.8999999999999986E+001                  2.5284405951564870E+000                  2.7670012225163179E+000                  2.9175162203483085E+000 
                                     893                  1.1223698115217664E+000                 -1.9206566899055641E-001                  7.4755295820849517E+000                  7.1255103948394294E-001                  1.6191047137636293E+001                  2.4662313750695650E-001                  7.3394517288129779E-001                  1.9431689611745684E-002                  0.0000000000000000E+000                  5.1275967476096201E+008                  6.8133777304364949E+007                  2.0553550433093548E+000                  6.8892899450687773E+003                  1.8343487133728775E-030                  2.5113337132173752E-001                  8.0563970300503143E+010                 -1.4324976472000621E-012                  5.5926749608159513E-015                 -9.8999999999999986E+001                  2.5348318521571671E+000                  2.7733924795169980E+000                  2.9239074773489886E+000 
                                     894                  1.0862338420402664E+000                 -1.9755614129351498E-001                  7.4774144487235841E+000                  7.1644880706351566E-001                  1.6197058852788242E+001                  2.4662313747119707E-001                  7.3394517291762473E-001                  1.9431689611178138E-002                  0.0000000000000000E+000                  5.1407408772196078E+008                  6.8293996892379180E+007                  2.1512242411339191E+000                  7.4170144501634868E+003                  2.3764108240739585E-030                  2.5084546072956115E-001                  8.1562234601241333E+010                 -1.4275294941223627E-012                  5.5385717411942298E-015                 -9.8999999999999986E+001                  2.5413436377267566E+000                  2.7799042650865879E+000                  2.9304192629185786E+000 
                                     895                  1.0503199782510493E+000                 -2.0317564661100065E-001                  7.4792945379755436E+000                  7.2033940068826374E-001                  1.6203058481881278E+001                  2.4662313743510131E-001                  7.3394517295431627E-001                  1.9431689610582392E-002                  0.0000000000000000E+000                  5.1538946364066929E+008                  6.8454226095443100E+007                  2.2521985267182778E+000                  7.9830196093074610E+003                  3.0778249965336182E-030                  2.5056067153606071E-001                  8.2596839512837448E+010                 -1.4212007636303640E-012                  5.4817987210067154E-015                 -9.8999999999999986E+001                  2.5479821160497904E+000                  2.7865427434096213E+000                  2.9370577412416119E+000 
                                     896                  1.0146379131767176E+000                 -2.0893078776966761E-001                  7.4811698991427082E+000                  7.2422290085574026E-001                  1.6209046156148524E+001                  2.4662313739866862E-001                  7.3394517299137407E-001                  1.9431689609957337E-002                  0.0000000000000000E+000                  5.1670582407996869E+008                  6.8614465828592479E+007                  2.3585654850299731E+000                  8.5899336996850707E+003                  3.9848848876417774E-030                  2.5027911272448389E-001                  8.3670127423591049E+010                 -1.4134893924027380E-012                  5.4245471148100958E-015                 -9.8999999999999986E+001                  2.5547539128690286E+000                  2.7933145402288595E+000                  2.9438295380608501E+000 
                                     897                  9.7919769255948674E-001                 -2.1482868273060154E-001                  7.4830405807632863E+000                  7.2809938682336062E-001                  1.6215022004792932E+001                  2.4662313736189898E-001                  7.3394517302879914E-001                  1.9431689609301861E-002                  0.0000000000000000E+000                  5.1802316133066207E+008                  6.8774719474944443E+007                  2.4706286142668139E+000                  9.2405557242657633E+003                  5.1571069713107502E-030                  2.5000089282078675E-001                  8.4784655574122864E+010                 -1.4043727093991577E-012                  5.3687535344490608E-015                 -9.8999999999999986E+001                  2.5616661707438673E+000                  2.8002267981036981E+000                  2.9507417959356887E+000 
                                     898                  9.4400973550169864E-001                 -2.2087701972107246E-001                  7.4849066306063881E+000                  7.3196893655686479E-001                  1.6220986155016380E+001                  2.4662313732479269E-001                  7.3394517306659268E-001                  1.9431689608614633E-002                  0.0000000000000000E+000                  5.1934148978897095E+008                  6.8934988507197231E+007                  2.5887081555395075E+000                  9.9378658917618632E+003                  6.6709299013119589E-030                  2.4972611961677049E-001                  8.5943222114013275E+010                 -1.3938233286557485E-012                  5.3203007922775069E-015                 -9.8999999999999986E+001                  2.5687266040436558E+000                  2.8072872314034871E+000                  2.9578022292354778E+000 
                                     899                  9.0908485695666774E-001                 -2.2708411994244770E-001                  7.4867680957212617E+000                  7.3583162695920645E-001                  1.6226938732050744E+001                  2.4662313728735066E-001                  7.3394517310475482E-001                  1.9431689607894542E-002                  0.0000000000000000E+000                  5.2066081880104971E+008                  6.9095274772100240E+007                  2.7131419684751443E+000                  1.0685036736279979E+004                  8.6244263457077855E-030                  2.4945489989838177E-001                  8.7148896093377365E+010                 -1.3818218469265399E-012                  5.2763621929917369E-015                 -9.8999999999999986E+001                  2.5759435551239771E+000                  2.8145041824838080E+000                  2.9650191803157986E+000 
                                     900                  8.7443429228937863E-001                 -2.3345900913557757E-001                  7.4886250224101643E+000                  7.3968753362808348E-001                  1.6232879859183100E+001                  2.4662313724957433E-001                  7.3394517314328533E-001                  1.9431689607140368E-002                  0.0000000000000000E+000                  5.2198114549288058E+008                  6.9255581118680283E+007                  2.8442864420089689E+000                  1.1485444832639707E+004                  1.1143294426238909E-029                  2.4918733918230854E-001                  8.8405052171176666E+010                 -1.3683656609952545E-012                  5.2167994340433231E-015                 -9.8999999999999986E+001                  2.5833260750834444E+000                  2.8218867024432757E+000                  2.9724017002752663E+000 
                                     901                  8.4006972416569248E-001                 -2.4001149955651621E-001                  7.4904774562640846E+000                  7.4353673102111284E-001                  1.6238809657779012E+001                  2.4662313721146564E-001                  7.3394517318218366E-001                  1.9431689606350666E-002                  0.0000000000000000E+000                  5.2330248898630965E+008                  6.9415908464526370E+007                  2.9825174554824718E+000                  1.2342683217629718E+004                  1.4388468290509089E-029                  2.4892354145994242E-001                  8.9715410918960922E+010                 -1.3534317696498570E-012                  5.1413675534257884E-015                 -9.8999999999999986E+001                  2.5908839984305017E+000                  2.8294446257903325E+000                  2.9799596236223231E+000 
                                     902                  8.0600331206952680E-001                 -2.4675228422739326E-001                  7.4923254421639696E+000                  7.4737929251098145E-001                  1.6244728247302668E+001                  2.4662313717302745E-001                  7.3394517322144803E-001                  1.9431689605524549E-002                  0.0000000000000000E+000                  5.2462484462353194E+008                  6.9576259734103963E+007                  3.1282313852386086E+000                  1.3260574523119658E+004                  1.8565777443798428E-029                  2.4866360895208831E-001                  9.1084085783283264E+010                 -1.3369852001855875E-012                  5.0614755266116180E-015                 -9.8999999999999986E+001                  2.5986280406051012E+000                  2.8371886679649321E+000                  2.9877036657969227E+000 
                                     903                  7.7224772479670512E-001                 -2.5369304573860080E-001                  7.4941690242603549E+000                  7.5121529020910960E-001                  1.6250635745332559E+001                  2.4662313713426320E-001                  7.3394517326107656E-001                  1.9431689604660241E-002                  0.0000000000000000E+000                  5.2594821972017008E+008                  6.9736636784125835E+007                  3.2818461568276680E+000                  1.4243184843352687E+004                  2.3938192049979180E-029                  2.4840764186747338E-001                  9.2515638123296143E+010                 -1.3190057723880153E-012                  4.9735557880306926E-015                 -9.8999999999999986E+001                  2.6065699093889432E+000                  2.8451305367487745E+000                  2.9956455345807651E+000 
                                     904                  7.3881617633295404E-001                 -2.6084658238836084E-001                  7.4960082460223507E+000                  7.5504479522215662E-001                  1.6256532267573355E+001                  2.4662313709517730E-001                  7.3394517330106590E-001                  1.9431689603756741E-002                  0.0000000000000000E+000                  5.2727262933559316E+008                  6.9897040775628120E+007                  3.4438023540882283E+000                  1.5294838417435121E+004                  3.0841318959387606E-029                  2.4815573816745190E-001                  9.4015141944738892E+010                 -1.2994709685186815E-012                  4.8763707016315244E-015                 -9.8999999999999986E+001                  2.6147224226615884E+000                  2.8532830500214197E+000                  3.0037980478534103E+000 
                                     905                  7.0572246559447405E-001                 -2.6822695507628619E-001                  7.4978431502121179E+000                  7.5886787743537143E-001                  1.6262417927862160E+001                  2.4662313705577513E-001                  7.3394517334141196E-001                  1.9431689602812940E-002                  0.0000000000000000E+000                  5.2859806848593259E+008                  7.0057474528052166E+007                  3.6145643748201990E+000                  1.6420133115869397E+004                  3.9703000717924139E-029                  2.4790799333749092E-001                  9.5588260455134644E+010                 -1.2783486381615584E-012                  4.7784884885986560E-015                 -9.8999999999999986E+001                  2.6230996638647883E+000                  2.8616602912246196E+000                  3.0121752890566103E+000 
                                     906                  6.7298102059588161E-001                 -2.7584965919765725E-001                  7.4996737788878596E+000                  7.6268460559000417E-001                  1.6268292838166378E+001                  2.4662313701606314E-001                  7.3394517338210941E-001                  1.9431689601827395E-002                  0.0000000000000000E+000                  5.2992455067003381E+008                  7.0217939222936854E+007                  3.7946216469989000E+000                  1.7623956839715276E+004                  5.1068083602018421E-029                  2.4766450016826091E-001                  9.7241337086794830E+010                 -1.2556090237217927E-012                  4.6864759896626929E-015                 -9.8999999999999986E+001                  2.6317171508729795E+000                  2.8702777782328104E+000                  3.0207927760648010E+000 
                                     907                  6.4060694771578264E-001                 -2.8373182681865700E-001                  7.5015001734162459E+000                  7.6649504741175190E-001                  1.6274157108576372E+001                  2.4662313697604893E-001                  7.3394517342315202E-001                  1.9431689600799107E-002                  0.0000000000000000E+000                  5.3125207821254182E+008                  7.0378436956838310E+007                  3.9844899013411985E+000                  1.8911504815584984E+004                  6.5629648133182773E-029                  2.4742532550379612E-001                  9.8981504271780594E+010                 -1.2312332938031216E-012                  4.5965908784887680E-015                 -9.8999999999999986E+001                  2.6405920359847634E+000                  2.8791526633445943E+000                  3.0296676611765849E+000 
                                     908                  6.0861608686222279E-001                 -2.9189246576674538E-001                  7.5033223744337088E+000                  7.7029926935149029E-001                  1.6280010847286427E+001                  2.4662313693574156E-001                  7.3394517346453203E-001                  1.9431689599726409E-002                  0.0000000000000000E+000                  5.3258064963151985E+008                  7.0538970088398442E+007                  4.1847124987233171E+000                  2.0288297840267329E+004                  8.4268375575582358E-029                  2.4719037490329399E-001                  1.0081681430489560E+011                 -1.2052080696887365E-012                  4.5003823543690954E-015                 -9.8999999999999986E+001                  2.6497433508676380E+000                  2.8883039782274693E+000                  3.0388189760594599E+000 
                                     909                  5.7702507349150101E-001                 -3.0035274404208390E-001                  7.5051404218772557E+000                  7.7409733677780612E-001                  1.6285854160565396E+001                  2.4662313689515158E-001                  7.3394517350623978E-001                  1.9431689598608637E-002                  0.0000000000000000E+000                  5.3391028507774210E+008                  7.0699539109101087E+007                  4.3958618319325735E+000                  2.1760201628504321E+004                  1.0810213461678378E-028                  2.4695948643977636E-001                  1.0275639773112085E+011                 -1.1775171660858710E-012                  4.3933010266503361E-015                 -9.8999999999999986E+001                  2.6591922823688421E+000                  2.8977529097286734E+000                  3.0482679075606640E+000 
                                     910                  5.4585140860270387E-001                 -3.0913633026688464E-001                  7.5069543549502207E+000                  7.7788931388672033E-001                  1.6291687152718847E+001                  2.4662313685429127E-001                  7.3394517354826438E-001                  1.9431689597444346E-002                  0.0000000000000000E+000                  5.3524097461775297E+008                  7.0860146987070829E+007                  4.6185407804643930E+000                  2.3333447127251828E+004                  1.3854828221039883E-028                  2.4673249814045362E-001                  1.0481065637284535E+011                 -1.1481471770840237E-012                  4.2696632745761524E-015                 -9.8999999999999986E+001                  2.6689625199785727E+000                  2.9075231473384036E+000                  3.0580381451703946E+000 
                                     911                  5.1511353815691430E-001                 -3.1826980396143012E-001                  7.5087642120835802E+000                  7.8167526358453110E-001                  1.6297509926025889E+001                  2.4662313681317477E-001                  7.3394517359059253E-001                  1.9431689596232760E-002                  0.0000000000000000E+000                  5.3657272813342440E+008                  7.1020794937893406E+007                  4.8533842359867574E+000                  2.5014651996325192E+004                  1.7740195905351523E-028                  2.4650924845516767E-001                  1.0699150038028329E+011                 -1.1170806336774080E-012                  4.1299748638445849E-015                 -9.8999999999999986E+001                  2.6790806663093596E+000                  2.9176412936691909E+000                  3.0681562915011815E+000 
                                     912                  4.8483094370027774E-001                 -3.2778315355424470E-001                  7.5105700309447174E+000                  7.8545524763855923E-001                  1.6303322580642263E+001                  2.4662313677181849E-001                  7.3394517363320866E-001                  1.9431689594972879E-002                  0.0000000000000000E+000                  5.3790555300153637E+008                  7.1181484294735998E+007                  5.1010607057962929E+000                  2.6810843319163796E+004                  2.2693435358042444E-028                  2.4628957648225294E-001                  1.0931264159346902E+011                 -1.0842864738264074E-012                  3.9909345102700598E-015                 -9.8999999999999986E+001                  2.6895767280527600E+000                  2.9281373554125909E+000                  3.0786523532445815E+000 
                                     913                  4.5502424628506172E-001                 -3.3771038565869621E-001                  7.5123718483610773E+000                  7.8922932635886089E-001                  1.6309125214470747E+001                  2.4662313673024125E-001                  7.3394517367609502E-001                  1.9431689593663704E-002                  0.0000000000000000E+000                  5.3923944486143363E+008                  7.1342217335382879E+007                  5.3622739708782206E+000                  2.8729481400691653E+004                  2.9001574588283469E-028                  2.4607332219184022E-001                  1.1178995982082451E+011                 -1.0497387778722355E-012                  3.8672935258609225E-015                 -9.8999999999999986E+001                  2.7004847335858710E+000                  2.9390453609457023E+000                  3.0895603587776930E+000 
                                     914                  4.2571532634977355E-001                 -3.4809027686121713E-001                  7.5141697002707097E+000                  7.9299755861117116E-001                  1.6314917922980143E+001                  2.4662313668846475E-001                  7.3394517371923074E-001                  1.9431689592304568E-002                  0.0000000000000000E+000                  5.4057441579381025E+008                  7.1502994836974546E+007                  5.6377648323093137E+000                  3.0778484985944058E+004                  3.7026972650889638E-028                  2.4586032664905844E-001                  1.1444196443944156E+011                 -1.0134405266918506E-012                  3.7486760451504176E-015                 -9.8999999999999986E+001                  2.7118434798098519E+000                  2.9504041071696827E+000                  3.1009191050016733E+000 
                                     915                  3.9692746291031439E-001                 -3.5896730998157389E-001                  7.5159636216415899E+000                  7.9676000177363782E-001                  1.6320700798960349E+001                  2.4662313664651370E-001                  7.3394517376259105E-001                  1.9431689590895251E-002                  0.0000000000000000E+000                  5.4191046212034166E+008                  7.1663818793901026E+007                  5.9283129236402887E+000                  3.2966257704411313E+004                  4.7226590455515444E-028                  2.4565043222588773E-001                  1.1729038203614114E+011                 -9.7540944667510943E-013                  3.6145351133364168E-015                 -9.8999999999999986E+001                  2.7236974695018477E+000                  2.9622580968616785E+000                  3.1127730946936696E+000 
                                     916                  3.6868549632363679E-001                 -3.7039285193935073E-001                  7.5177536463302514E+000                  8.0051671130502478E-001                  1.6326473932187763E+001                  2.4662313660441668E-001                  7.3394517380614821E-001                  1.9431689589435086E-002                  0.0000000000000000E+000                  5.4324758152443945E+008                  7.1824690944159657E+007                  6.2347385912133415E+000                  3.5301715852993562E+004                  6.0176066314732062E-028                  2.4544348277602812E-001                  1.2036091301033832E+011                 -9.3564575523105740E-013                  3.4672794994225123E-015                 -9.8999999999999986E+001                  2.7360980930032071E+000                  2.9746587203630379E+000                  3.1251737181950285E+000 
                                     917                  3.4101602010286092E-001                 -3.8242665214254457E-001                  7.5195398069706938E+000                  8.0426774067944573E-001                  1.6332237408958353E+001                  2.4662313656220636E-001                  7.3394517384986946E-001                  1.9431689587924184E-002                  0.0000000000000000E+000                  5.4458578818164325E+008                  7.1985611442197919E+007                  6.5579048641541506E+000                  3.7794317705610723E+004                  7.6599778376567844E-028                  2.4523932407869836E-001                  1.2368421762161797E+011                 -8.9414572932808052E-013                  3.3197747105274658E-015                 -9.8999999999999986E+001                  2.7491051183114292E+000                  2.9876657456712605E+000                  3.1381807435032512E+000 
                                     918                  3.1394760891565299E-001                 -3.9513877209855680E-001                  7.5213221347318342E+000                  8.0801314089307819E-001                  1.6337991311445734E+001                  2.4662313651992021E-001                  7.3394517389371727E-001                  1.9431689586362544E-002                  0.0000000000000000E+000                  5.4592506657805812E+008                  7.2146582750303864E+007                  6.8987194699793326E+000                  4.0454094002790196E+004                  9.7408268412691960E-028                  2.4503780419772936E-001                  1.2729721854094360E+011                 -8.5093418405094178E-013                  3.1641050163084368E-015                 -9.8999999999999986E+001                  2.7627886289234009E+000                  3.0013492562832322E+000                  3.1518642541152229E+000 
                                     919                  2.8751109217699899E-001                 -4.0861210431929257E-001                  7.5231006589973681E+000                  8.1175295987108931E-001                  1.6343735716783495E+001                  2.4662313647760142E-001                  7.3394517393764780E-001                  1.9431689584750833E-002                  0.0000000000000000E+000                  5.4726542100166225E+008                  7.2307605385701969E+007                  7.2581369216023850E+000                  4.3291679956711298E+004                  1.2374490684354921E-027                  2.4483877372543847E-001                  1.3124484748116264E+011                 -8.0604700563808877E-013                  2.9905485044472159E-015                 -9.8999999999999986E+001                  2.7772315417432276E+000                  3.0157921691030589E+000                  3.1663071669350495E+000 
                                     920                  2.6173988584409669E-001                 -4.2294571059633157E-001                  7.5248754069663439E+000                  8.1548724186268995E-001                  1.6349470695759990E+001                  2.4662313643529971E-001                  7.3394517398161052E-001                  1.9431689583089717E-002                  0.0000000000000000E+000                  5.4860685068402064E+008                  7.2468679939311653E+007                  7.6371606458149905E+000                  4.6318348419901071E+004                  1.5704383991489851E-027                  2.4464208602168383E-001                  1.3558242657275749E+011                 -7.5951278527324408E-013                  2.8077785643834617E-015                 -9.8999999999999986E+001                  2.7925329393747687E+000                  3.0310935667345995E+000                  3.1816085645665901E+000 
                                     921                  2.3667039957269992E-001                 -4.3825932185983485E-001                  7.5266464030626201E+000                  8.1921602619497103E-001                  1.6355196311149097E+001                  2.4662313639307262E-001                  7.3394517402554649E-001                  1.9431689581380862E-002                  0.0000000000000000E+000                  5.4994934111339748E+008                  7.2629807705662817E+007                  8.0368451387358135E+000                  4.9546044278353154E+004                  1.9910205238126249E-027                  2.4444759745174069E-001                  1.4037897655373517E+011                 -7.1137629333042760E-013                  2.6216073045515433E-015                 -9.8999999999999986E+001                  2.8088125786739542E+000                  3.0473732060337850E+000                  3.1978882038657757E+000 
                                     922                  2.1234254095988736E-001                 -4.5469952265922714E-001                  7.5284136688770182E+000                  8.2293934746463415E-001                  1.6360912617663168E+001                  2.4662313635098684E-001                  7.3394517406938675E-001                  1.9431689579626377E-002                  0.0000000000000000E+000                  5.5129289183032823E+008                  7.2790988287779212E+007                  8.4582982926179255E+000                  5.2987421120760438E+004                  2.5216872613324274E-027                  2.4425516755937099E-001                  1.4572191104348474E+011                 -6.6170478545579077E-013                  2.4314474357179117E-015                 -9.8999999999999986E+001                  2.8262170707319099E+000                  3.0647776980917412E+000                  3.2152926959237318E+000 
                                     923                  1.8880033379246947E-001                 -4.7244845194689955E-001                  7.5301772233408117E+000                  8.2665723634078092E-001                  1.6366619662791859E+001                  2.4662313630912025E-001                  7.3394517411305082E-001                  1.9431689577828926E-002                  0.0000000000000000E+000                  5.5263748302563989E+008                  7.2952222367914125E+007                  8.9026838745386527E+000                  5.6655880212170894E+004                  3.1905603939208184E-027                  2.4406465920660925E-001                  1.5172386461319989E+011                 -6.1058030059358325E-013                  2.2414332513482580E-015                 -9.8999999999999986E+001                  2.8449285849221644E+000                  3.0834892122819952E+000                  3.2340042101139859E+000 
                                     924                  1.6609272342513404E-001                 -4.9173633398854533E-001                  7.5319370782864219E+000                  8.3036971062159470E-001                  1.6372317473016309E+001                  2.4662313626756435E-001                  7.3394517415644356E-001                  1.9431689575992062E-002                  0.0000000000000000E+000                  5.5398309070969367E+008                  7.3113509778008625E+007                  9.3712228468852974E+000                  6.0565600833427721E+004                  4.0327613364328355E-027                  2.4387593919616532E-001                  1.5853289724834662E+011                 -5.5811352867089281E-013                  2.0509211710068898E-015                 -9.8999999999999986E+001                  2.8651773857609348E+000                  3.1037380131207661E+000                  3.2542530109527568E+000 
                                     925                  1.4427473814192088E-001                 -5.1285996179827842E-001                  7.5336932318817267E+000                  8.3407676217865656E-001                  1.6378006032975566E+001                  2.4662313622642759E-001                  7.3394517419945171E-001                  1.9431689574120670E-002                  0.0000000000000000E+000                  5.5532969606982148E+008                  7.3274847511328503E+007                  9.8651937631928650E+000                  6.4731563208328058E+004                  5.0920996521301183E-027                  2.4368887910141759E-001                  1.6634820659303552E+011                 -5.0444610427619591E-013                  1.8581555916512841E-015                 -9.8999999999999986E+001                  2.8872603068567453E+000                  3.1258209342165766E+000                  3.2763359320485672E+000 
                                     926                  1.2340892373282357E-001                 -5.3621114302145623E-001                  7.5350250615845331E+000                  8.3689546040666407E-001                  1.6382326863766899E+001                  2.4662313619539070E-001                  7.3394517423194117E-001                  1.9431689572668165E-002                  0.0000000000000000E+000                  5.5634849178069210E+008                  7.3397413141375586E+007                  1.0258468687294684E+001                  6.8078744769909128E+004                  6.0754081522107561E-027                  2.4354792952888760E-001                  1.7510943192461438E+011                 -4.4973822448486373E-013                  1.6791907335762840E-015                 -9.8999999999999986E+001                  2.9115691044542444E+000                  3.1501297318140757E+000                  3.3006447296460664E+000 
                                     927                  1.1335253853345353E-001                 -5.4888370428183841E-001                  7.5361104611901197E+000                  8.3918617708078480E-001                  1.6385842993955066E+001                  2.4662313616949522E-001                  7.3394517425906569E-001                  1.9431689571439037E-002                  0.0000000000000000E+000                  5.5718683458269167E+008                  7.3497532033155873E+007                  1.0591149077054862E+001                  7.0930887112010998E+004                  7.0137954175921958E-027                  2.4343332463829348E-001                  1.7493536183552130E+011                 -4.2201523832549205E-013                  1.6193134904526066E-015                 -9.8999999999999986E+001                  2.9247197033741372E+000                  3.1632803307339685E+000                  3.3137953285659592E+000 
                                     928                  9.8810288552598394E-002                 -5.6931002571575584E-001                  7.5376261751776887E+000                  8.4238686016825959E-001                  1.6390755097485108E+001                  2.4662313613203785E-001                  7.3394517429833839E-001                  1.9431689569623822E-002                  0.0000000000000000E+000                  5.5835977633500564E+008                  7.3637591787791714E+007                  1.1075066675408202E+001                  7.5111560019591270E+004                  8.5686683367560153E-027                  2.4327391501001069E-001                  1.7467656122561545E+011                 -3.8025290217346172E-013                  1.5346512875903269E-015                 -9.8999999999999986E+001                  2.9458606800348437E+000                  3.1844213073946750E+000                  3.3349363052266656E+000 
                                     929                  8.0372389082702556E-002                 -5.9994451948382876E-001                  7.5393693922570737E+000                  8.4607440014800117E-001                  1.6396410636109337E+001                  2.4662313608677233E-001                  7.3394517434585915E-001                  1.9431689567368515E-002                  0.0000000000000000E+000                  5.5970860264781237E+008                  7.3798998551899955E+007                  1.1660909278183620E+001                  8.0220990732036444E+004                  1.0782516623725954E-026                  2.4309149682407677E-001                  1.7433062271068961E+011                 -3.2413210970523793E-013                  1.4038710763811926E-015                 -9.8999999999999986E+001                  2.9774494557657234E+000                  3.2160100831255547E+000                  3.3665250809575453E+000 
                                     930                  6.3173302284997762E-002                 -6.3553849075879021E-001                  7.5411082425631575E+000                  8.4975517196099548E-001                  1.6402054793089736E+001                  2.4662313603912914E-001                  7.3394517439594187E-001                  1.9431689564929022E-002                  0.0000000000000000E+000                  5.6105767963381159E+008                  7.3960386907718882E+007                  1.2278083387170103E+001                  8.5658104823844667E+004                  1.3553373492280166E-026                  2.4291030148071988E-001                  1.7398490399032632E+011                 -2.6799492669701815E-013                  1.2657703460361516E-015                 -9.8999999999999986E+001                  3.0139963857447212E+000                  3.2525570131045525E+000                  3.4030720109365431E+000 
                                     931                  4.7345069408543106E-002                 -6.7802821307623740E-001                  7.5428420732004806E+000                  8.5342786303935780E-001                  1.6407685501455276E+001                  2.4662313598872923E-001                  7.3394517444899299E-001                  1.9431689562277810E-002                  0.0000000000000000E+000                  5.6240640671201563E+008                  7.4121692016353920E+007                  1.2927942645763736E+001                  9.1440324647404486E+004                  1.7016048725240217E-026                  2.4273028817675102E-001                  1.7363985628133765E+011                 -2.1238340084481312E-013                  1.1131113792535633E-015                 -9.8999999999999986E+001                  3.0574380699347303E+000                  3.2959986972945616E+000                  3.4465136951265523E+000 
                                     932                  3.3058873426389176E-002                 -7.3076213424667824E-001                  7.5445693677394443E+000                  8.5708940125030064E-001                  1.6413297947559162E+001                  2.4662313593503044E-001                  7.3394517450559316E-001                  1.9431689559376464E-002                  0.0000000000000000E+000                  5.6375340952120066E+008                  7.4282769300046265E+007                  1.3611511801563866E+001                  9.7582419552969484E+004                  2.1333854379930558E-026                  2.4255151047563506E-001                  1.7329524590286490E+011                 -1.5803926452276778E-013                  9.4186324751163835E-016                 -9.8999999999999986E+001                  3.1111235086292308E+000                  3.3496841359890617E+000                  3.5001991338210523E+000 
                                     933                  2.0551142958178552E-002                 -8.0032220032596002E-001                  7.5462855367312276E+000                  8.6073038056147511E-001                  1.6418877482210934E+001                  2.4662313587721374E-001                  7.3394517456661801E-001                  1.9431689556168252E-002                  0.0000000000000000E+000                  5.6509473071267092E+008                  7.4443182491486102E+007                  1.4328441406823380E+001                  1.0408681975242784E+005                  2.6694490451065719E-026                  2.4237434639479788E-001                  1.7295051403472159E+011                 -1.0604823070566427E-013                  7.4614769043673926E-016                 -9.8999999999999986E+001                  3.1816360007088647E+000                  3.4201966280686960E+000                  3.5707116259006866E+000 
                                     934                  1.0187622610227843E-002                 -9.0266778531608938E-001                  7.5476944710488452E+000                  8.6372677162179701E-001                  1.6423464803365519E+001                  2.4662313582445192E-001                  7.3394517462238684E-001                  1.9431689553161213E-002                  0.0000000000000000E+000                  5.6619371714844429E+008                  7.4575110284459129E+007                  1.4946809391038986E+001                  1.0974562867800964E+005                  3.2076500829601912E-026                  2.4222929507773650E-001                  1.7260318746894653E+011                 -5.8196014845366373E-014                  5.1101364109932286E-016                 -9.8999999999999986E+001                  3.2849389590646361E+000                  3.5234995864244674E+000                  3.6740145842564580E+000 
                                     935                  5.5986249158087439E-003                 -9.8974293407550207E-001                  7.5485341207508991E+000                  8.6551024314068603E-001                  1.6426196920546637E+001                  2.4662313579031175E-001                  7.3394517465850095E-001                  1.9431689551187237E-002                  0.0000000000000000E+000                  5.6685243761560357E+008                  7.4653881095574558E+007                  1.5328457150994264E+001                  1.1326007606431942E+005                  3.5780301771060588E-026                  2.4214287298579065E-001                  1.7241360305121832E+011                 -3.4586383139214148E-014                  3.7287816639822868E-016                 -9.8999999999999986E+001                  3.3725371259462369E+000                  3.6110977533060682E+000                  3.7616127511380588E+000 
                                     936                  2.8593130062580640E-003                 -1.0873205781921147E+000                  7.5491215217109993E+000                  8.6675813180540751E-001                  1.6428108523387415E+001                  2.4662313576428060E-001                  7.3394517468605303E-001                  1.9431689549666342E-002                  0.0000000000000000E+000                  5.6731388577225828E+008                  7.4709042485183388E+007                  1.5601497440441761E+001                  1.1578429485751009E+005                  3.8619908259548412E-026                  2.4208244467547585E-001                  1.7227437979467169E+011                 -1.9178509499119789E-014                  2.5744398145253148E-016                 -9.8999999999999986E+001                  3.4704999743769749E+000                  3.7090606017368057E+000                  3.8595755995687968E+000 
                                     937                  1.4896570514827234E-003                 -1.1819016114017209E+000                  7.5494858886413150E+000                  8.6753204746633716E-001                  1.6429294204699865E+001                  2.4662313574679484E-001                  7.3394517470456733E-001                  1.9431689548637832E-002                  0.0000000000000000E+000                  5.6760059456467795E+008                  7.4743284505296141E+007                  1.5773405854733735E+001                  1.1737773870787302E+005                  4.0492164900796535E-026                  2.4204496601907549E-001                  1.7218787788150610E+011                 -1.0776843362974381E-014                  1.7920848819491912E-016                 -9.8999999999999986E+001                  3.5653205900678460E+000                  3.8038812174276768E+000                  3.9543962152596674E+000 
                                     938                  8.0482907409505319E-004                 -1.2711456556498464E+000                  7.5497093324607993E+000                  8.6800658164944389E-001                  1.6430021273026192E+001                  2.4662313573526168E-001                  7.3394517471678156E-001                  1.9431689547956710E-002                  0.0000000000000000E+000                  5.6777659650185740E+008                  7.4764292573385298E+007                  1.5879800566018320E+001                  1.1836552475455691E+005                  4.1684414465332228E-026                  2.4202198416493545E-001                  1.7213460952560522E+011                 -6.2354256198491213E-015                  1.2782139801734060E-016                 -9.8999999999999986E+001                  3.6547123306292546E+000                  3.8932729579890859E+000                  4.0437879558210765E+000 
                                     939                  4.6241508540121798E-004                 -1.3514400124040222E+000                  7.5498436327298428E+000                  8.6829177534213686E-001                  1.6430458260510250E+001                  2.4662313572786959E-001                  7.3394517472461118E-001                  1.9431689547519282E-002                  0.0000000000000000E+000                  5.6788244971211159E+008                  7.4776922913457245E+007                  1.5944107612063139E+001                  1.1896315084967675E+005                  4.2417648464721909E-026                  2.4200817140354566E-001                  1.7210232034572375E+011                 -3.8028968994323634E-015                  9.4495793407063959E-017                 -9.8999999999999986E+001                  3.7350962759242039E+000                  3.9736569032840352E+000                  4.1241719011160258E+000 
                                     940                  2.9120809105430043E-004                 -1.4184243379787325E+000                  7.5499219431751179E+000                  8.6845806266913650E-001                  1.6430713061943621E+001                  2.4662313572332484E-001                  7.3394517472942533E-001                  1.9431689547249831E-002                  0.0000000000000000E+000                  5.6794419687597370E+008                  7.4784288883743107E+007                  1.5981729879335340E+001                  1.1931299185365105E+005                  4.2851069275254221E-026                  2.4200011729191553E-001                  1.7208323650380905E+011                 -2.5143097259726601E-015                  7.3080834508577786E-017                 -9.8999999999999986E+001                  3.8021335734203068E+000                  4.0406942007801376E+000                  4.1912091986121283E+000 
                                     941                  2.0560459388084163E-004                 -1.4688381010303559E+000                  7.5499805587699793E+000                  8.6858251627118743E-001                  1.6430903771424219E+001                  2.4662313571978567E-001                  7.3394517473317444E-001                  1.9431689547039888E-002                  0.0000000000000000E+000                  5.6799043424565184E+008                  7.4789802997883111E+007                  1.6009950280725928E+001                  1.1957550681990680E+005                  4.3178347391308463E-026                  2.4199408860886840E-001                  1.7207233556099261E+011                 -1.8390947151277974E-015                  6.1234489326002386E-017                 -9.8999999999999986E+001                  3.8525776062459181E+000                  4.0911382336057489E+000                  4.2416532314377395E+000 
                                     942                  1.2000109670738283E-004                 -1.5468148643162356E+000                  7.5500401953863596E+000                  8.6870914687169232E-001                  1.6431097811440303E+001                  2.4662313571595895E-001                  7.3394517473722853E-001                  1.9431689546812514E-002                  0.0000000000000000E+000                  5.6803747566149855E+008                  7.4795413559193805E+007                  1.6038715818425473E+001                  1.1984317972330956E+005                  4.3513865315310976E-026                  2.4198795525313530E-001                  1.7205967387723074E+011                 -1.1327305938557676E-015                  4.5865343869568190E-017                 -9.8999999999999986E+001                  3.9305895335704792E+000                  4.1691501609303101E+000                  4.3196651587623007E+000 
                                     943                  6.0000548352294698E-005                 -1.6471821842512315E+000                  7.5500866298842899E+000                  8.6880774874696109E-001                  1.6431248899818687E+001                  2.4662313571273792E-001                  7.3394517474064103E-001                  1.9431689546621111E-002                  0.0000000000000000E+000                  5.6807410418924844E+008                  7.4799782374527976E+007                  1.6061150718408090E+001                  1.2005200520803531E+005                  4.3776892774381335E-026                  2.4198317986223930E-001                  1.7204874987034985E+011                 -6.0632973560565544E-016                  3.0661425835845705E-017                 -9.8999999999999986E+001                  4.0309871893485862E+000                  4.2695478167084175E+000                  4.4200628145404082E+000 
                                     944                  3.0000274174084502E-005                 -1.7475406225466525E+000                  7.5501158777261024E+000                  8.6886985450083687E-001                  1.6431344065792477E+001                  2.4662313571054539E-001                  7.3394517474296384E-001                  1.9431689546490771E-002                  0.0000000000000000E+000                  5.6809717850223112E+008                  7.4802534331596196E+007                  1.6075298546403047E+001                  1.2018372207555518E+005                  4.3943373096506754E-026                  2.4198017198936705E-001                  1.7204186955471152E+011                 -3.2391825207697715E-016                  2.0251107136791232E-017                 -9.8999999999999986E+001                  4.1313647349236930E+000                  4.3699253622835244E+000                  4.5204403601155150E+000 
                                     945                  1.5000137084313273E-005                 -1.8478934643864542E+000                  7.5501343011002833E+000                  8.6890897488971020E-001                  1.6431404011144604E+001                  2.4662313570905323E-001                  7.3394517474454479E-001                  1.9431689546401953E-002                  0.0000000000000000E+000                  5.6811171431214333E+008                  7.4804267867804050E+007                  1.6084216948534031E+001                  1.2026676406408940E+005                  4.4048561203603140E-026                  2.4197827732088992E-001                  1.7203753602390244E+011                 -1.7288554596376125E-016                  1.3035816750904767E-017                 -9.8999999999999986E+001                  4.2317296123890635E+000                  4.4702902397488948E+000                  4.6208052375808855E+000 
                                     946                  7.5000685394276558E-006                 -1.9482427756707099E+000                  7.5501459064579510E+000                  8.6893361768647603E-001                  1.6431441772182094E+001                  2.4662313570803776E-001                  7.3394517474562071E-001                  1.9431689546341557E-002                  0.0000000000000000E+000                  5.6812087126290154E+008                  7.4805359891952038E+007                  1.6089837490499750E+001                  1.2031910326924705E+005                  4.4114949695725679E-026                  2.4197708382321134E-001                  1.7203480638664685E+011                 -9.2183237357353719E-017                  8.2401363973251460E-018                 -9.8999999999999986E+001                  4.3320865051642032E+000                  4.5706471325240337E+000                  4.7211621303560243E+000 
                                     947                  3.7500342669848487E-006                 -2.0485898519355232E+000                  7.5501532171193029E+000                  8.6894914107590782E-001                  1.6431465559279825E+001                  2.4662313570734676E-001                  7.3394517474635279E-001                  1.9431689546300479E-002                  0.0000000000000000E+000                  5.6812663976327729E+008                  7.4806047809965104E+007                  1.6093379113754789E+001                  1.2035208523160967E+005                  4.4156821154164455E-026                  2.4197633199420335E-001                  1.7203308694854153E+011                 -4.8410441786667363E-017                  5.8280539743614705E-018                 -9.8999999999999986E+001                  4.4324383572783210E+000                  4.6709989846381514E+000                  4.8215139824701421E+000 
                                     948                  1.8750171307634449E-006                 -2.1489354980541568E+000                  7.5501578224439054E+000                  8.6895891995643215E-001                  1.6431480543862900E+001                  2.4662313570687661E-001                  7.3394517474685095E-001                  1.9431689546272501E-002                  0.0000000000000000E+000                  5.6813027367623413E+008                  7.4806481165720835E+007                  1.6095610548337746E+001                  1.2037286665889301E+005                  4.4183218103877350E-026                  2.4197585838268343E-001                  1.7203200382057385E+011                 -2.4734417437749091E-017                  4.5582856158995944E-018                 -9.8999999999999986E+001                  4.5327870119182103E+000                  4.7713476392780416E+000                  4.9218626371100322E+000 
                                     949                  9.3750856150292163E-007                 -2.2492801989300930E+000                  7.5501616906119189E+000                  8.6896713352011801E-001                  1.6431493129883201E+001                  2.4662313570645006E-001                  7.3394517474730292E-001                  1.9431689546246966E-002                  0.0000000000000000E+000                  5.6813332601121593E+008                  7.4806845157779947E+007                  1.6097485040025099E+001                  1.2039032439820362E+005                  4.4205401847130423E-026                  2.4197546057975694E-001                  1.7203132151841632E+011                 -1.1938490140145761E-017                  3.8811608394527792E-018                 -9.8999999999999986E+001                  4.6331336080110423E+000                  4.8716942353708736E+000                  5.0222092332028643E+000 
