                                       1                                        2                                        3                                        4                                        5                                        6                                        7                                        8                                        9                                       10                                       11                                       12                                       13                                       14                                       15                                       16                                       17                                       18                                       19                                       20                                       21                                       22                                       23                                       24                                       25                                       26                                       27                                       28                                       29                                       30                                       31                                       32                                       33                                       34                                       35                                       36                                       37                                       38                                       39                                       40                                       41                                       42                                       43                                       44                                       45                                       46                                       47                                       48                                       49 
                            model_number                                num_zones                             initial_mass                                initial_z                                 star_age                                time_step                                     Teff                            photosphere_L                            photosphere_r                               center_eta                                center_h1                               center_he3                               center_he4                               center_c12                               center_n14                               center_o16                              center_ne20                                star_mass                                star_mdot                             star_mass_h1                            star_mass_he3                            star_mass_he4                            star_mass_c12                            star_mass_n14                            star_mass_o16                           star_mass_ne20                             he_core_mass                             co_core_mass                             fe_core_mass                   neutron_rich_core_mass                             dynamic_time                             kh_timescale                            nuc_timescale                           power_nuc_burn                             power_h_burn                            power_he_burn                                power_neu                                burn_min1                                burn_min2                             time_seconds                           version_number                                 compiler                                    build                         MESA_SDK_version                             math_backend                                     date                                     msun                                     rsun                                     lsun 
                                      60                                      951                  3.0000000000000000E+000                  2.0000000000000000E-002                  2.1549750729635653E+008                  6.7300623527980065E+006                  1.1128909480357905E+004                  1.0953459253424741E+002                  2.8152929281071417E+000                 -3.6259657746205778E+000                  4.4290802898630116E-001                  6.8585671375046787E-007                  5.3740035074707826E-001                  8.1826908967340631E-005                  1.1025605609002065E-002                  2.4212556387841989E-003                  2.0850244238826317E-003                  2.9998246177316541E+000                 -1.1042820867477990E-012                  1.8950006861078899E+000                  2.5951029632139495E-004                  1.0444804338790135E+000                  5.5553384278718993E-003                  1.3582701977664044E-002                  2.2460289032205521E-002                  6.2547075953197787E-003                  0.0000000000000000E+000                  0.0000000000000000E+000                  0.0000000000000000E+000                  0.0000000000000000E+000                  2.7295717082187319E+004                  6.8722310339812166E+005                  2.7387006682785803E+008                  1.0963589792115002E+002                  1.0963589792115006E+002                  3.2786409024601290E-035                  7.6239055497903125E+000                  5.0000000000000000E+001                  1.0000000000000000E+003                  6.8005841362555010E+015                               "r24.03.1"                               "gfortran"                                  "9.2.0"                    "x86_64-linux-20.3.1"                                 "CRMATH"                               "20260220"                  1.9884098706980504E+033                  6.9570000000000000E+010                  3.8280000000000003E+033 

                                       1                                        2                                        3                                        4                                        5                                        6                                        7                                        8                                        9                                       10                                       11                                       12                                       13                                       14                                       15                                       16                                       17                                       18                                       19                                       20                                       21                                       22                                       23 
                                    zone                                     mass                                     logR                                     logT                                   logRho                                     logP                        x_mass_fraction_H                       y_mass_fraction_He                   z_mass_fraction_metals                                 velocity                                       cp                                   csound                                       pp                                      cno                                tri_alpha                                  opacity                        mlt_mixing_length                                 brunt_N2                brunt_N2_composition_term                              log_brunt_N                             log_lamb_Sl1                             log_lamb_Sl2                             log_lamb_Sl3 
                                       1                  2.9998246177316541E+000                  4.4952358939763121E-001                  4.0483037042367691E+000                 -9.3725257938127431E+000                  2.7746212136711854E+000                  6.9999999999760398E-001                  2.8000000000239628E-001                  1.9999999999999796E-002                  0.0000000000000000E+000                  1.5388985493244803E+009                  1.2971602063372149E+006                  6.2189783094476266E-029                  0.0000000000000000E+000                  0.0000000000000000E+000                  1.2431688563082188E+001                  2.7043362512133843E+008                  2.4283093366919303E-006                  0.0000000000000000E+000                 -2.8073479951531763E+000                  1.7338315384468647E-001                  4.1194378120451763E-001                  5.6245877903650832E-001 
                                       2                  2.9998246177307544E+000                  4.4950417984137009E-001                  4.0519892202789620E+000                 -9.3491089564532590E+000                  2.8018661226750381E+000                  6.9999999999760398E-001                  2.8000000000239628E-001                  1.9999999999999796E-002                  0.0000000000000000E+000                  1.4573880997762372E+009                  1.3072910678718034E+006                  6.5635130367474749E-029                  0.0000000000000000E+000                  0.0000000000000000E+000                  1.2793332665088816E+001                  2.7163874176669234E+008                  2.1612261818055780E-006                  0.0000000000000000E+000                 -2.8326498899573114E+000                  1.7509518738819146E-001                  4.1365581474802254E-001                  5.6417081258001311E-001 
                                       3                  2.9998246177298546E+000                  4.4948578671844264E-001                  4.0550410044584666E+000                 -9.3308783188967688E+000                  2.8233368548051829E+000                  6.9999999999760398E-001                  2.8000000000239628E-001                  1.9999999999999796E-002                  0.0000000000000000E+000                  1.3926679572367346E+009                  1.3159881990751671E+006                  6.8449040819856905E-029                  0.0000000000000000E+000                  0.0000000000000000E+000                  1.3058454621683280E+001                  2.7402651539433843E+008                  1.7172912654792828E-006                  0.0000000000000000E+000                 -2.8825780194950905E+000                  1.7852974416885828E-001                  4.1709037152868933E-001                  5.6760536936067996E-001 
                                       4                  2.9998246177292542E+000                  4.4947402749059057E-001                  4.0570107888753144E+000                 -9.3195841256235212E+000                  2.8367457930070588E+000                  6.9999999999760398E-001                  2.8000000000239628E-001                  1.9999999999999796E-002                  0.0000000000000000E+000                  1.3523602323987346E+009                  1.3217362099199498E+006                  7.0252502249683674E-029                  0.0000000000000000E+000                  0.0000000000000000E+000                  1.3213788513735945E+001                  2.7564194229684979E+008                  1.5054105447867064E-006                  0.0000000000000000E+000                 -2.9111725231177119E+000                  1.8085686516577146E-001                  4.1941749252560256E-001                  5.6993249035759330E-001 
                                       5                  2.9998246177288799E+000                  4.4946686617174336E-001                  4.0588932379077534E+000                 -9.3091032377961369E+000                  2.8492607673145214E+000                  6.9999999999760398E-001                  2.8000000000239628E-001                  1.9999999999999796E-002                  0.0000000000000000E+000                  1.3149732045706191E+009                  1.3273237258821719E+006                  7.1968575821408424E-029                  0.0000000000000000E+000                  0.0000000000000000E+000                  1.3350897717829691E+001                  2.7666660912790984E+008                  1.4075064305228382E-006                  0.0000000000000000E+000                 -2.9257748061480044E+000                  1.8232480340476429E-001                  4.2088543076459539E-001                  5.7140042859658602E-001 
                                       6                  2.9998246177283177E+000                  4.4945637968883712E-001                  4.0611332211244182E+000                 -9.2969766646741423E+000                  2.8638190852911629E+000                  6.9999999999760398E-001                  2.8000000000239628E-001                  1.9999999999999796E-002                  0.0000000000000000E+000                  1.2720112102740104E+009                  1.3340846963077574E+006                  7.4006479172764994E-029                  0.0000000000000000E+000                  0.0000000000000000E+000                  1.3500421774220339E+001                  2.7821325417629349E+008                  1.3036983963423398E-006                  0.0000000000000000E+000                 -2.9424114343459111E+000                  1.8453827766074626E-001                  4.2309890502057740E-001                  5.7361390285256797E-001 
                                       7                  2.9998246177277545E+000                  4.4944618123562813E-001                  4.0629822961383857E+000                 -9.2872192464072967E+000                  2.8755900791604918E+000                  6.9999999999760398E-001                  2.8000000000239628E-001                  1.9999999999999796E-002                  0.0000000000000000E+000                  1.2378310082802162E+009                  1.3397502275323714E+006                  7.5688060178447346E-029                  0.0000000000000000E+000                  0.0000000000000000E+000                  1.3613114948247084E+001                  2.7975297188668251E+008                  1.2415348584290251E-006                  0.0000000000000000E+000                 -2.9530205411514276E+000                  1.8675554512877274E-001                  4.2531617248860387E-001                  5.7583117032059450E-001 
                                       8                  2.9998246177273797E+000                  4.4943953293115663E-001                  4.0644503713136979E+000                 -9.2796280736286256E+000                  2.8847829878766369E+000                  6.9999999999760398E-001                  2.8000000000239628E-001                  1.9999999999999796E-002                  0.0000000000000000E+000                  1.2115192987900186E+009                  1.3442984840258306E+006                  7.7022695832509865E-029                  0.0000000000000000E+000                  0.0000000000000000E+000                  1.3695690623568909E+001                  2.8077827429135770E+008                  1.2224173345360674E-006                  0.0000000000000000E+000                 -2.9563902500975505E+000                  1.8823399089917631E-001                  4.2679461825900739E-001                  5.7730961609099796E-001 
                                       9                  2.9998246177270049E+000                  4.4943299952736432E-001                  4.0666338174121490E+000                 -9.2685784245593208E+000                  2.8982182774473464E+000                  6.9999999999760398E-001                  2.8000000000239628E-001                  1.9999999999999796E-002                  0.0000000000000000E+000                  1.1737341518223848E+009                  1.3511378350896295E+006                  7.9007552901238346E-029                  0.0000000000000000E+000                  0.0000000000000000E+000                  1.3807376624571251E+001                  2.8180830756671667E+008                  1.2217940760304316E-006                  0.0000000000000000E+000                 -2.9565009924557986E+000                  1.8971172774399289E-001                  4.2827235510382394E-001                  5.7878735293581451E-001 
                                      10                  2.9998246177262544E+000                  4.4942026013376479E-001                  4.0695000053207631E+000                 -9.2544155077753683E+000                  2.9155109209111201E+000                  6.9999999999760398E-001                  2.8000000000239628E-001                  1.9999999999999796E-002                  0.0000000000000000E+000                  1.1266182445685713E+009                  1.3602224777653932E+006                  8.1626626455560856E-029                  0.0000000000000000E+000                  0.0000000000000000E+000                  1.3936050464872729E+001                  2.8385524372976297E+008                  1.2609834988540717E-006                  0.0000000000000000E+000                 -2.9496452982691728E+000                  1.9265010515709544E-001                  4.3121073251692649E-001                  5.8172573034891706E-001 
                                      11                  2.9998246177255048E+000                  4.4940792841970789E-001                  4.0716140956273525E+000                 -9.2441866955977154E+000                  2.9280444254281091E+000                  6.9999999999760398E-001                  2.8000000000239628E-001                  1.9999999999999796E-002                  0.0000000000000000E+000                  1.0936510289739156E+009                  1.3669887430277287E+006                  8.3572019103557391E-029                  0.0000000000000000E+000                  0.0000000000000000E+000                  1.4018630260791994E+001                  2.8586343821278119E+008                  1.3397834748028736E-006                  0.0000000000000000E+000                 -2.9364826915998901E+000                  1.9555299309210586E-001                  4.3411362045193697E-001                  5.8462861828392765E-001 
                                      12                  2.9998246177251295E+000                  4.4940190570668787E-001                  4.0730094985296024E+000                 -9.2375475088053065E+000                  2.9362039996612852E+000                  6.9999999999760398E-001                  2.8000000000239628E-001                  1.9999999999999796E-002                  0.0000000000000000E+000                  1.0726913588434328E+009                  1.3714861543403801E+006                  8.4859454470063707E-029                  0.0000000000000000E+000                  0.0000000000000000E+000                  1.4067064870121612E+001                  2.8685875259002006E+008                  1.3937095646745350E-006                  0.0000000000000000E+000                 -2.9279138597477257E+000                  1.9698998900452594E-001                  4.3555061636435710E-001                  5.8606561419634773E-001 
                                      13                  2.9998246177247543E+000                  4.4939597411955540E-001                  4.0750811380472109E+000                 -9.2278431224368891E+000                  2.9481635699641004E+000                  6.9999999999760398E-001                  2.8000000000239628E-001                  1.9999999999999796E-002                  0.0000000000000000E+000                  1.0427312720985334E+009                  1.3782045328894451E+006                  8.6777043362188607E-029                  0.0000000000000000E+000                  0.0000000000000000E+000                  1.4130407704410690E+001                  2.8785530620325166E+008                  1.4583103314283714E-006                  0.0000000000000000E+000                 -2.9180750237135271E+000                  1.9841714797492749E-001                  4.3697777533475851E-001                  5.8749277316674919E-001 
                                      14                  2.9998246177240047E+000                  4.4938437238770185E-001                  4.0777917701793829E+000                 -9.2153322560960369E+000                  2.9636156066814423E+000                  6.9999999999760398E-001                  2.8000000000239628E-001                  1.9999999999999796E-002                  0.0000000000000000E+000                  1.0056221703090945E+009                  1.3870468972264172E+006                  8.9313274388976511E-029                  0.0000000000000000E+000                  0.0000000000000000E+000                  1.4200456206582011E+001                  2.8982523421084768E+008                  1.6070902791732810E-006                  0.0000000000000000E+000                 -2.8969798629109511E+000                  2.0123338366818760E-001                  4.3979401102801879E-001                  5.9030900886000937E-001 
                                      15                  2.9998246177232546E+000                  4.4937309921216334E-001                  4.0801170928007355E+000                 -9.2047619884832823E+000                  2.9767006990567628E+000                  6.9999999999760398E-001                  2.8000000000239628E-001                  1.9999999999999796E-002                  0.0000000000000000E+000                  9.7561402284241855E+008                  1.3946757130014631E+006                  9.1513788164302072E-029                  0.0000000000000000E+000                  0.0000000000000000E+000                  1.4249442689532826E+001                  2.9175233910586226E+008                  1.7735385312707871E-006                  0.0000000000000000E+000                 -2.8755796858806244E+000                  2.0399396751996529E-001                  4.4255459487979648E-001                  5.9306959271178705E-001 
                                      16                  2.9998246177226919E+000                  4.4936484707280638E-001                  4.0820788438744495E+000                 -9.1959676493682601E+000                  2.9876118334077182E+000                  6.9999999999760398E-001                  2.8000000000239628E-001                  1.9999999999999796E-002                  0.0000000000000000E+000                  9.5156083907958066E+008                  1.4011418994503231E+006                  9.3385852076330066E-029                  0.0000000000000000E+000                  0.0000000000000000E+000                  1.4282836826997745E+001                  2.9317658932336301E+008                  1.9088874109463043E-006                  0.0000000000000000E+000                 -2.8596098430967016E+000                  2.0602711980595617E-001                  4.4458774716578725E-001                  5.9510274499777782E-001 
                                      17                  2.9998246177221297E+000                  4.4935675989999863E-001                  4.0840099322788301E+000                 -9.1874013952655069E+000                  2.9982563266279909E+000                  6.9999999999760398E-001                  2.8000000000239628E-001                  1.9999999999999796E-002                  0.0000000000000000E+000                  9.2900023712791419E+008                  1.4075208512827086E+006                  9.5246176339152796E-029                  0.0000000000000000E+000                  0.0000000000000000E+000                  1.4309387513879836E+001                  2.9458465219274616E+008                  2.0512295940859331E-006                  0.0000000000000000E+000                 -2.8439928631692930E+000                  2.0802596511561949E-001                  4.4658659247545057E-001                  5.9710159030744125E-001 
                                      18                  2.9998246177215671E+000                  4.4934883024131406E-001                  4.0868574511998430E+000                 -9.1749644663884560E+000                  3.0137504320494313E+000                  6.9999999999760398E-001                  2.8000000000239628E-001                  1.9999999999999796E-002                  0.0000000000000000E+000                  8.9769201920376813E+008                  1.4169395553705879E+006                  9.8013249414506209E-029                  0.0000000000000000E+000                  0.0000000000000000E+000                  1.4336605424687512E+001                  2.9598036914825016E+008                  2.1989962513289220E-006                  0.0000000000000000E+000                 -2.8288877554943546E+000                  2.0998677683809783E-001                  4.4854740419792893E-001                  5.9906240202991956E-001 
                                      19                  2.9998246177204417E+000                  4.4933341740469385E-001                  4.0896207140097074E+000                 -9.1629497095093289E+000                  3.0287128387540565E+000                  6.9999999999760398E-001                  2.8000000000239628E-001                  1.9999999999999796E-002                  0.0000000000000000E+000                  8.6955309454673445E+008                  1.4260301964795729E+006                  1.0076271175614931E-028                  0.0000000000000000E+000                  0.0000000000000000E+000                  1.4354956386888473E+001                  2.9869886632943326E+008                  2.4957234847599640E-006                  0.0000000000000000E+000                 -2.8014017671260834E+000                  2.1378460353928977E-001                  4.5234523089912088E-001                  6.0286022873111145E-001 
                                      20                  2.9998246177198795E+000                  4.4932592066921956E-001                  4.0914315147066249E+000                 -9.1551801425292627E+000                  3.0384095195019203E+000                  6.9999999999760398E-001                  2.8000000000239628E-001                  1.9999999999999796E-002                  0.0000000000000000E+000                  8.5223479612233412E+008                  1.4319663494016791E+006                  1.0258163378363612E-028                  0.0000000000000000E+000                  0.0000000000000000E+000                  1.4360753434173944E+001                  3.0002271561226141E+008                  2.6421623222480775E-006                  0.0000000000000000E+000                 -2.7890202524275280E+000                  2.1561890935847378E-001                  4.5417953671830485E-001                  6.0469453455029554E-001 
                                      21                  2.9998246177193169E+000                  4.4931855648047220E-001                  4.0932132081918970E+000                 -9.1475855726558954E+000                  3.0478950545842256E+000                  6.9999999999760398E-001                  2.8000000000239628E-001                  1.9999999999999796E-002                  0.0000000000000000E+000                  8.3604678904838669E+008                  1.4377759689944750E+006                  1.0439131698314123E-028                  0.0000000000000000E+000                  0.0000000000000000E+000                  1.4362744459846997E+001                  3.0133394474029422E+008                  2.7875605085297015E-006                  0.0000000000000000E+000                 -2.7773878483870758E+000                  2.1740747602882432E-001                  4.5596810338865545E-001                  6.0648310122064608E-001 
                                      22                  2.9998246177187546E+000                  4.4931131958594833E-001                  4.0958400336175043E+000                 -9.1365155393193156E+000                  3.0617467725075058E+000                  6.9999999999760398E-001                  2.8000000000239628E-001                  1.9999999999999796E-002                  0.0000000000000000E+000                  8.1365559309070635E+008                  1.4462802318309725E+006                  1.0708649334015311E-028                  0.0000000000000000E+000                  0.0000000000000000E+000                  1.4358225572986699E+001                  3.0263197958364093E+008                  2.9302102665552611E-006                  0.0000000000000000E+000                 -2.7665506071730803E+000                  2.1914844968030064E-001                  4.5770907704013170E-001                  6.0822407487212238E-001 
                                      23                  2.9998246177176298E+000                  4.4929720902670994E-001                  4.0992344823601998E+000                 -9.1222812106361939E+000                  3.0795564517074494E+000                  6.9999999999760398E-001                  2.8000000000239628E-001                  1.9999999999999796E-002                  0.0000000000000000E+000                  7.8724960657762802E+008                  1.4570992425855722E+006                  1.1065458177048071E-028                  0.0000000000000000E+000                  0.0000000000000000E+000                  1.4344675825458152E+001                  3.0517143537912601E+008                  3.2014661103188946E-006                  0.0000000000000000E+000                 -2.7473255455579508E+000                  2.2248972366253530E-001                  4.6105035102236647E-001                  6.1156534885435698E-001 
                                      24                  2.9998246177165040E+000                  4.4928355214496840E-001                  4.1017029786762871E+000                 -9.1119735222391505E+000                  3.0924518255704361E+000                  6.9999999999760398E-001                  2.8000000000239628E-001                  1.9999999999999796E-002                  0.0000000000000000E+000                  7.6973342731198180E+008                  1.4648254059671203E+006                  1.1331238087668024E-028                  0.0000000000000000E+000                  0.0000000000000000E+000                  1.4330151484772848E+001                  3.0761795870130718E+008                  3.4489992234702153E-006                  0.0000000000000000E+000                 -2.7311534517062199E+000                  2.2565120940415620E-001                  4.6421183676398725E-001                  6.1472683459597788E-001 
                                      25                  2.9998246177159418E+000                  4.4927688339625005E-001                  4.1041282322716803E+000                 -9.1019891502051724E+000                  3.1049760749385591E+000                  6.9999999999760398E-001                  2.8000000000239628E-001                  1.9999999999999796E-002                  0.0000000000000000E+000                  7.5383533485006595E+008                  1.4723043987712844E+006                  1.1594766493299093E-028                  0.0000000000000000E+000                  0.0000000000000000E+000                  1.4308888754442496E+001                  3.0882107694460416E+008                  3.5639074019749260E-006                  0.0000000000000000E+000                 -2.7240367941994208E+000                  2.2716060735294510E-001                  4.6572123471277621E-001                  6.1623623254476689E-001 
                                      26                  2.9998246177148169E+000                  4.4926384814120701E-001                  4.1064831370932779E+000                 -9.0922689333537043E+000                  3.1171506901373038E+000                  6.9999999999760398E-001                  2.8000000000239628E-001                  1.9999999999999796E-002                  0.0000000000000000E+000                  7.3965618377889502E+008                  1.4794061180244749E+006                  1.1857209394385653E-028                  0.0000000000000000E+000                  0.0000000000000000E+000                  1.4286373599217475E+001                  3.1117835505740798E+008                  3.7749586584631687E-006                  0.0000000000000000E+000                 -2.7115439000968178E+000                  2.3004120483564131E-001                  4.6860183219547241E-001                  6.1911683002746298E-001 
                                      27                  2.9998246177142547E+000                  4.4925747434117380E-001                  4.1087977464770722E+000                 -9.0828363131993584E+000                  3.1289939851343385E+000                  6.9999999999760398E-001                  2.8000000000239628E-001                  1.9999999999999796E-002                  0.0000000000000000E+000                  7.2687974455454302E+008                  1.4862443584347966E+006                  1.2117565344157973E-028                  0.0000000000000000E+000                  0.0000000000000000E+000                  1.4257868227723030E+001                  3.1233295447880024E+008                  3.8707544718434102E-006                  0.0000000000000000E+000                 -2.7061021879010223E+000                  2.3141169183643168E-001                  4.6997231919626276E-001                  6.2048731702825333E-001 
                                      28                  2.9998246177131289E+000                  4.4924499981432942E-001                  4.1117933011561378E+000                 -9.0706377510881548E+000                  3.1443005324963105E+000                  6.9999999999760398E-001                  2.8000000000239628E-001                  1.9999999999999796E-002                  0.0000000000000000E+000                  7.1203797939309740E+008                  1.4948183079358728E+006                  1.2462761209830667E-028                  0.0000000000000000E+000                  0.0000000000000000E+000                  1.4216596994835564E+001                  3.1460483788723868E+008                  4.0430622401876378E-006                  2.3961571383661528E-019                 -2.6966447864736542E+000                  2.3400923628239562E-001                  4.7256986364222675E-001                  6.2308486147421738E-001 
                                      29                  2.9998246177120040E+000                  4.4923286976892157E-001                  4.1146998875204073E+000                 -9.0588577180023329E+000                  3.1590875463307393E+000                  6.9999999999760398E-001                  2.8000000000239628E-001                  1.9999999999999796E-002                  0.0000000000000000E+000                  6.9940231087430501E+008                  1.5028119256159195E+006                  1.2805444000850520E-028                  0.0000000000000000E+000                  0.0000000000000000E+000                  1.4170227646756212E+001                  3.1680863366208541E+008                  4.1892622980817049E-006                  8.2288409648931139E-019                 -2.6889312233711671E+000                  2.3642832100608649E-001                  4.7498894836591748E-001                  6.2550394619790817E-001 
                                      30                  2.9998246177108792E+000                  4.4922106334702833E-001                  4.1175214140322796E+000                 -9.0474678038836185E+000                  3.1733891503958800E+000                  6.9999999999760387E-001                  2.8000000000239628E-001                  1.9999999999999796E-002                  0.0000000000000000E+000                  6.8874031283462560E+008                  1.5102243559899016E+006                  1.3145735294041900E-028                  0.0000000000000000E+000                  0.0000000000000000E+000                  1.4119336156387396E+001                  3.1895636175043428E+008                  4.3094801185626417E-006                  9.1612175890365353E-019                 -2.6827875592650767E+000                  2.3866642838572036E-001                  4.7722705574555147E-001                  6.2774205357754209E-001 
                                      31                  2.9998246177097538E+000                  4.4920956161231484E-001                  4.1202616012291902E+000                 -9.0364425429514963E+000                  3.1872362128745593E+000                  6.9999999999760398E-001                  2.8000000000239628E-001                  1.9999999999999796E-002                  0.0000000000000000E+000                  6.7983776519894540E+008                  1.5170579144395988E+006                  1.3483742963081951E-028                  0.0000000000000000E+000                  0.0000000000000000E+000                  1.4064450001879095E+001                  3.2105074441693902E+008                  4.4037585481893052E-006                  2.0472507011800682E-019                 -2.6780882503977894E+000                  2.4072648625324178E-001                  4.7928711361307291E-001                  6.2980211144506348E-001 
                                      32                  2.9998246177086290E+000                  4.4919834731258323E-001                  4.1229239884149722E+000                 -9.0257589344318720E+000                  3.2006567477839925E+000                  6.9999999999760398E-001                  2.8000000000239628E-001                  1.9999999999999796E-002                  0.0000000000000000E+000                  6.7251254579548466E+008                  1.5233264526366382E+006                  1.3819565504116598E-028                  0.0000000000000000E+000                  0.0000000000000000E+000                  1.4006053640265701E+001                  3.2309438015145117E+008                  4.4725331595514096E-006                 -2.4528764363619902E-019                 -2.6747232154354297E+000                  2.4261327396821566E-001                  4.8117390132804666E-001                  6.3168889916003734E-001 
                                      33                  2.9998246177075041E+000                  4.4918740468077861E-001                  4.1255119414896955E+000                 -9.0153959620436996E+000                  3.2136762563636374E+000                  6.9999999999760398E-001                  2.8000000000239628E-001                  1.9999999999999796E-002                  0.0000000000000000E+000                  6.6663906181090879E+008                  1.5290685786703904E+006                  1.4153298640503698E-028                  0.0000000000000000E+000                  0.0000000000000000E+000                  1.3944597063300083E+001                  3.2508964832917494E+008                  4.5173493157776586E-006                 -1.1716521176991176E-019                 -2.6725581625952159E+000                  2.4433646370927989E-001                  4.8289709106911105E-001                  6.3341208890110168E-001 
                                      34                  2.9998246177063788E+000                  4.4917671926917091E-001                  4.1280286820703536E+000                 -9.0053345508068041E+000                  3.2263180188985427E+000                  6.9999999999760398E-001                  2.8000000000239628E-001                  1.9999999999999796E-002                  0.0000000000000000E+000                  6.6210660884483671E+008                  1.5343212458589778E+006                  1.4485029557950544E-028                  0.0000000000000000E+000                  0.0000000000000000E+000                  1.3880729776764477E+001                  3.2703873668934369E+008                  4.5402982325911129E-006                 -1.1073949258709631E-019                 -2.6714578096381083E+000                  2.4590867663793436E-001                  4.8446930399776555E-001                  6.3498430182975607E-001 
                                      35                  2.9998246177052539E+000                  4.4916627780181145E-001                  4.1312903223716502E+000                 -8.9923740604440461E+000                  3.2426224209823107E+000                  6.9999999999760387E-001                  2.8000000000239628E-001                  1.9999999999999796E-002                  0.0000000000000000E+000                  6.5796864680674613E+008                  1.5406449548444718E+006                  1.4923829299222469E-028                  0.0000000000000000E+000                  0.0000000000000000E+000                  1.3791540790826350E+001                  3.2895168183087081E+008                  4.5419007342091790E-006                 -4.3908238351061449E-019                 -2.6713811808811596E+000                  2.4733385861081672E-001                  4.8589448597064777E-001                  6.3640948380263840E-001 
                                      36                  2.9998246177033794E+000                  4.4914938542365462E-001                  4.1342210893768270E+000                 -8.9806187075879311E+000                  3.2573733938340976E+000                  6.9999999999760398E-001                  2.8000000000239628E-001                  1.9999999999999796E-002                  0.0000000000000000E+000                  6.5588246924836016E+008                  1.5458286143511273E+006                  1.5333312636415689E-028                  0.0000000000000000E+000                  0.0000000000000000E+000                  1.3712110030074813E+001                  3.3203131519980544E+008                  4.5031381816297991E-006                 -6.4985179232029231E-019                 -2.6732423631165161E+000                  2.4943936837757072E-001                  4.8799999573740183E-001                  6.3851499356939245E-001 
                                      37                  2.9998246177024419E+000                  4.4914116407403620E-001                  4.1361310191102971E+000                 -8.9730093641363275E+000                  3.2669369002020701E+000                  6.9999999999760398E-001                  2.8000000000239628E-001                  1.9999999999999796E-002                  0.0000000000000000E+000                  6.5536619152286732E+008                  1.5489583208822426E+006                  1.5604346058692806E-028                  0.0000000000000000E+000                  0.0000000000000000E+000                  1.3658131523593738E+001                  3.3352444734364516E+008                  4.4647972935406055E-006                 -4.3057439001625563E-019                 -2.6750991268754167E+000                  2.5037272117614262E-001                  4.8893334853597381E-001                  6.3944834636796433E-001 
                                      38                  2.9998246177015040E+000                  4.4913308506257094E-001                  4.1389325489559310E+000                 -8.9619165029220298E+000                  3.2808995460024075E+000                  6.9999999999760398E-001                  2.8000000000239622E-001                  1.9999999999999796E-002                  0.0000000000000000E+000                  6.5580645129787469E+008                  1.5531778515537551E+006                  1.6008063059123458E-028                  0.0000000000000000E+000                  0.0000000000000000E+000                  1.3576797326641417E+001                  3.3500710429002756E+008                  4.4118488234612802E-006                 -1.0702874526279362E-019                 -2.6776896887620492E+000                  2.5121394921893708E-001                  4.8977457657876822E-001                  6.4028957441075884E-001 
                                      39                  2.9998246176996295E+000                  4.4911733322934655E-001                  4.1416265750825714E+000                 -8.9511412945419817E+000                  3.2944291702584674E+000                  6.9999999999760398E-001                  2.8000000000239628E-001                  1.9999999999999796E-002                  0.0000000000000000E+000                  6.5750991853372443E+008                  1.5567861188956103E+006                  1.6410217647338321E-028                  0.0000000000000000E+000                  0.0000000000000000E+000                  1.3502511685272216E+001                  3.3788626860416651E+008                  4.2714415654502135E-006                  0.0000000000000000E+000                 -2.6847127652669336E+000                  2.5268908262972739E-001                  4.9124970998955853E-001                  6.4176470782154904E-001 
                                      40                  2.9998246176986920E+000                  4.4910964969469769E-001                  4.1433853189441390E+000                 -8.9441509251597857E+000                  3.3032209070244867E+000                  6.9999999999760398E-001                  2.8000000000239628E-001                  1.9999999999999796E-002                  0.0000000000000000E+000                  6.5931748293724000E+008                  1.5589195745287228E+006                  1.6676501138869573E-028                  0.0000000000000000E+000                  0.0000000000000000E+000                  1.3453573276217311E+001                  3.3928537047236234E+008                  4.1848301943638364E-006                 -1.8837836045061367E-019                 -2.6891610797250776E+000                  2.5332990865464461E-001                  4.9189053601447574E-001                  6.4240553384646637E-001 
                                      41                  2.9998246176977545E+000                  4.4910208844548910E-001                  4.1459697467832513E+000                 -8.9339395482070518E+000                  3.3160844347992158E+000                  6.9999999999760387E-001                  2.8000000000239628E-001                  1.9999999999999796E-002                  0.0000000000000000E+000                  6.6296539040377367E+008                  1.5617647811413025E+006                  1.7073267675487287E-028                  0.0000000000000000E+000                  0.0000000000000000E+000                  1.3381745091415155E+001                  3.4067658803414154E+008                  4.0861568841355513E-006                 -7.5011270849648318E-019                 -2.6943424815284396E+000                  2.5389887999780264E-001                  4.9245950735763383E-001                  6.4297450518962440E-001 
                                      42                  2.9998246176958800E+000                  4.4908731622876208E-001                  4.1492909638300155E+000                 -8.9207681740651896E+000                  3.3326659753275281E+000                  6.9999999999760398E-001                  2.8000000000239628E-001                  1.9999999999999796E-002                  0.0000000000000000E+000                  6.6932064963664842E+008                  1.5649612727410470E+006                  1.7599019041604587E-028                  0.0000000000000000E+000                  0.0000000000000000E+000                  1.3295280105430964E+001                  3.4339929764271277E+008                  3.8635551100278493E-006                 -1.1158848292382901E-018                 -2.7065064442835287E+000                  2.5488564669795821E-001                  4.9344627405778929E-001                  6.4396127188977992E-001 
                                      43                  2.9998246176940047E+000                  4.4907298386066874E-001                  4.1524944042725336E+000                 -8.9080916238309609E+000                  3.3486397100204832E+000                  6.9999999999760398E-001                  2.8000000000239628E-001                  1.9999999999999796E-002                  0.0000000000000000E+000                  6.7723997705495667E+008                  1.5676278824252847E+006                  1.8120302314177844E-028                  0.0000000000000000E+000                  0.0000000000000000E+000                  1.3217058820114691E+001                  3.4603688964981663E+008                  3.6145191269666082E-006                 -7.3843253897549801E-019                 -2.7209747363764647E+000                  2.5571358668738048E-001                  4.9427421404721156E-001                  6.4478921187920224E-001 
                                      44                  2.9998246176921302E+000                  4.4905906243272370E-001                  4.1555891391843343E+000                 -8.8958773500450619E+000                  3.3640486413667956E+000                  6.9999999999760398E-001                  2.8000000000239628E-001                  1.9999999999999796E-002                  0.0000000000000000E+000                  6.8655324011427677E+008                  1.5698785601716158E+006                  1.8637177044030842E-028                  0.0000000000000000E+000                  0.0000000000000000E+000                  1.3145942491813816E+001                  3.4860907488090169E+008                  3.3442584431141614E-006                 -1.8340002626010826E-019                 -2.7378500839057889E+000                  2.5640869429551905E-001                  4.9496932165535024E-001                  6.4548431948734086E-001 
                                      45                  2.9998246176902557E+000                  4.4904552579839419E-001                  4.1585830766124880E+000                 -8.8840957068686635E+000                  3.3789313633607589E+000                  6.9999999999760398E-001                  2.8000000000239628E-001                  1.9999999999999796E-002                  0.0000000000000000E+000                  6.9711569458986497E+008                  1.5718041141714398E+006                  1.9149709175229148E-028                  0.0000000000000000E+000                  0.0000000000000000E+000                  1.3080339461476454E+001                  3.5112187234387130E+008                  3.0592236182190188E-006                  0.0000000000000000E+000                 -2.7571943882469436E+000                  2.5699992165906754E-001                  4.9556054901889862E-001                  6.4607554685088930E-001 
                                      46                  2.9998246176883807E+000                  4.4903235023720262E-001                  4.1614830905596518E+000                 -8.8727195403113441E+000                  3.3933226442662110E+000                  6.9999999999760398E-001                  2.8000000000239628E-001                  1.9999999999999796E-002                  0.0000000000000000E+000                  7.0879810703210807E+008                  1.5734769579292145E+006                  1.9657973682886820E-028                  0.0000000000000000E+000                  0.0000000000000000E+000                  1.3018954702289486E+001                  3.5358040691790789E+008                  2.7646633145174352E-006                  0.0000000000000000E+000                 -2.7791788751363060E+000                  2.5751024163638619E-001                  4.9607086899621727E-001                  6.4658586682820796E-001 
                                      47                  2.9998246176865058E+000                  4.4901951417026370E-001                  4.1642952045092327E+000                 -8.8617237337872723E+000                  3.4072539161538873E+000                  6.9999999999760398E-001                  2.8000000000239628E-001                  1.9999999999999796E-002                  0.0000000000000000E+000                  7.2140971959516668E+008                  1.5749595695567187E+006                  2.0162062072993806E-028                  0.0000000000000000E+000                  0.0000000000000000E+000                  1.2960738629787276E+001                  3.5598894255109161E+008                  2.4649872257992906E-006                  0.0000000000000000E+000                 -2.8040926635035688E+000                  2.5795855862691569E-001                  4.9651918598674682E-001                  6.4703418381873745E-001 
                                      48                  2.9998246176846313E+000                  4.4900699792124060E-001                  4.1670247369665230E+000                 -8.8510850759216115E+000                  3.4207536885551257E+000                  6.9999999999760398E-001                  2.8000000000239628E-001                  1.9999999999999796E-002                  0.0000000000000000E+000                  7.3472309141720331E+008                  1.5763102365290304E+006                  2.0662077633672030E-028                  0.0000000000000000E+000                  0.0000000000000000E+000                  1.2904837554868955E+001                  3.5835096903418070E+008                  2.1644968254542176E-006                  0.0000000000000000E+000                 -2.8323215234028263E+000                  2.5836172081382996E-001                  4.9692234817366115E-001                  6.4743734600565173E-001 
                                      49                  2.9998246176827568E+000                  4.4899478350731636E-001                  4.1709958916666334E+000                 -8.8357797392844848E+000                  3.4402498720272829E+000                  6.9999999999760398E-001                  2.8000000000239628E-001                  1.9999999999999796E-002                  0.0000000000000000E+000                  7.5580363935823357E+008                  1.5782124455742126E+006                  2.1403257963281799E-028                  0.0000000000000000E+000                  0.0000000000000000E+000                  1.2820272636042260E+001                  3.6068604944697970E+008                  1.8679643119890816E-006                  0.0000000000000000E+000                 -2.8643157126756256E+000                  2.5873469799712695E-001                  4.9729532535695803E-001                  6.4781032318894860E-001 
                                      50                  2.9998246176790064E+000                  4.4897119768663635E-001                  4.1747633320746500E+000                 -8.8211086802108962E+000                  3.4589122810064241E+000                  6.9999999999760398E-001                  2.8000000000239628E-001                  1.9999999999999796E-002                  0.0000000000000000E+000                  7.7719515051719713E+008                  1.5800711725762070E+006                  2.2138668194760817E-028                  0.0000000000000000E+000                  0.0000000000000000E+000                  1.2744524727950052E+001                  3.6520206740259987E+008                  1.2966166390673543E-006                  0.0000000000000000E+000                 -2.9435942047674635E+000                  2.5944824970115821E-001                  4.9800887706098940E-001                  6.4852387489298002E-001 
                                      51                  2.9998246176771319E+000                  4.4895979512520634E-001                  4.1772051836004653E+000                 -8.8117024711703298E+000                  3.4709239835814061E+000                  6.9999999999760398E-001                  2.8000000000239628E-001                  1.9999999999999796E-002                  0.0000000000000000E+000                  7.9178478602735472E+008                  1.5813696370402500E+006                  2.2623409441709271E-028                  0.0000000000000000E+000                  0.0000000000000000E+000                  1.2692133678573891E+001                  3.6738875787927186E+008                  1.0258278463459477E-006                  0.0000000000000000E+000                 -2.9944627580405507E+000                  2.5980839043164616E-001                  4.9836901779147730E-001                  6.4888401562346787E-001 
                                      52                  2.9998246176752574E+000                  4.4894863600247487E-001                  4.1807681297148207E+000                 -8.7981129226014190E+000                  3.4883424578398903E+000                  6.9999999999760398E-001                  2.8000000000239628E-001                  1.9999999999999796E-002                  0.0000000000000000E+000                  8.1396006184157169E+008                  1.5834923195407290E+006                  2.3342540663429085E-028                  0.0000000000000000E+000                  0.0000000000000000E+000                  1.2611812673411048E+001                  3.6957032671978652E+008                  7.7157182472520125E-007                  0.0000000000000000E+000                 -3.0563118198750048E+000                  2.6019216130612793E-001                  4.9875278866595907E-001                  6.4926778649794969E-001 
                                      53                  2.9998246176715075E+000                  4.4892700285607923E-001                  4.1852900873088812E+000                 -8.7808127795488726E+000                  3.5105352329473209E+000                  6.9999999999760398E-001                  2.8000000000239628E-001                  1.9999999999999796E-002                  0.0000000000000000E+000                  8.4295352722947872E+008                  1.5867036504797628E+006                  2.4291198385917217E-028                  0.0000000000000000E+000                  0.0000000000000000E+000                  1.2512802869492043E+001                  3.7383315021076429E+008                  3.0603292639885222E-007                  0.0000000000000000E+000                 -3.2571159224062027E+000                  2.6104223715395103E-001                  4.9960286451378211E-001                  6.5011786234577273E-001 
                                      54                  2.9998246176677581E+000                  4.4890621148244486E-001                  4.1885264734970322E+000                 -8.7684031368751825E+000                  3.5264688991505566E+000                  6.9999999999760398E-001                  2.8000000000239628E-001                  1.9999999999999796E-002                  0.0000000000000000E+000                  8.6370066197735906E+008                  1.5893905942367984E+006                  2.4995341529599279E-028                  0.0000000000000000E+000                  0.0000000000000000E+000                  1.2445011222175724E+001                  3.7792158821807450E+008                 -1.1123512751078034E-007                  0.0000000000000000E+000                 -9.8999999999999986E+001                  2.6199275212254369E-001                  5.0055337948237477E-001                  6.5106837731436540E-001 
                                      55                  2.9998246176658827E+000                  4.4889610756270015E-001                  4.1906321095688845E+000                 -8.7604024535578304E+000                  3.5367765189826992E+000                  6.9999999999760398E-001                  2.8000000000239628E-001                  1.9999999999999796E-002                  0.0000000000000000E+000                  8.7702773128250003E+008                  1.5913258414303488E+006                  2.5460098483823930E-028                  0.0000000000000000E+000                  0.0000000000000000E+000                  1.2400505524643611E+001                  3.7992369383451200E+008                 -3.0040814082815444E-007                  0.0000000000000000E+000                 -9.8999999999999986E+001                  2.6251197589682712E-001                  5.0107260325665814E-001                  6.5158760108864877E-001 
                                      56                  2.9998246176640082E+000                  4.4888618738981934E-001                  4.1937162568030022E+000                 -8.7487830583079269E+000                  3.5517946201794475E+000                  6.9999999999760398E-001                  2.8000000000239628E-001                  1.9999999999999796E-002                  0.0000000000000000E+000                  8.9602689721820402E+008                  1.5944465563089596E+006                  2.6150496900039077E-028                  0.0000000000000000E+000                  0.0000000000000000E+000                  1.2335542968040420E+001                  3.8192143450383359E+008                 -4.7389179492962275E-007                  0.0000000000000000E+000                 -9.8999999999999986E+001                  2.6306985647925296E-001                  5.0163048383908404E-001                  6.5214548167107467E-001 
                                      57                  2.9998246176602588E+000                  4.4886686887662158E-001                  4.1976580025523749E+000                 -8.7338977898493191E+000                  3.5710468895914351E+000                  6.9999999999760398E-001                  2.8000000000239628E-001                  1.9999999999999796E-002                  0.0000000000000000E+000                  9.1875727775626445E+008                  1.5989700745248080E+006                  2.7062369954076320E-028                  0.0000000000000000E+000                  0.0000000000000000E+000                  1.2259545266622260E+001                  3.8583740051386052E+008                 -7.8472931335250749E-007                  0.0000000000000000E+000                 -9.8999999999999986E+001                  2.6427184427677602E-001                  5.0283247163660716E-001                  6.5334746946859779E-001 
                                      58                  2.9998246176565089E+000                  4.4884819882953136E-001                  4.2014405687522993E+000                 -8.7196803750121656E+000                  3.5894849149325272E+000                  6.9999999999760398E-001                  2.8000000000239628E-001                  1.9999999999999796E-002                  0.0000000000000000E+000                  9.3842361341119850E+008                  1.6039364220679582E+006                  2.7963004763982223E-028                  0.0000000000000000E+000                  0.0000000000000000E+000                  1.2192718873997466E+001                  3.8963463130492592E+008                 -1.0519660471562888E-006                  0.0000000000000000E+000                 -9.8999999999999986E+001                  2.6557919198290209E-001                  5.0413981934273322E-001                  6.5465481717472385E-001 
                                      59                  2.9998246176527594E+000                  4.4883012779107201E-001                  4.2050779754676944E+000                 -8.7060754511836365E+000                  3.6071748127045300E+000                  6.9999999999760398E-001                  2.8000000000239628E-001                  1.9999999999999796E-002                  0.0000000000000000E+000                  9.5491089616969299E+008                  1.6093279736832927E+006                  2.8852891271380966E-028                  0.0000000000000000E+000                  0.0000000000000000E+000                  1.2134419958075494E+001                  3.9334291044576961E+008                 -1.2739893520792339E-006                  0.0000000000000000E+000                 -9.8999999999999986E+001                  2.6699946456239565E-001                  5.0556009192222673E-001                  6.5607508975421736E-001 
                                      60                  2.9998246176490091E+000                  4.4881261192698246E-001                  4.2081459454305810E+000                 -8.6946255094373157E+000                  3.6220859784940811E+000                  6.9999999999760398E-001                  2.8000000000239628E-001                  1.9999999999999796E-002                  0.0000000000000000E+000                  9.6672375700221574E+008                  1.6143437628335012E+006                  2.9623732333431630E-028                  0.0000000000000000E+000                  0.0000000000000000E+000                  1.2089848422830634E+001                  3.9695886135425198E+008                 -1.4547830649655195E-006                  0.0000000000000000E+000                 -9.8999999999999986E+001                  2.6851785214312868E-001                  5.0707847950295970E-001                  6.5759347733495033E-001 
                                      61                  2.9998246176461967E+000                  4.4879981551078346E-001                  4.2107047577787622E+000                 -8.6851365632569859E+000                  3.6344731861615469E+000                  6.9999999999760398E-001                  2.8000000000239628E-001                  1.9999999999999796E-002                  0.0000000000000000E+000                  9.7498047032914877E+008                  1.6188557659609197E+006                  3.0278136013145175E-028                  0.0000000000000000E+000                  0.0000000000000000E+000                  1.2054361628614528E+001                  3.9961796242413932E+008                 -1.5641591751518987E-006                  0.0000000000000000E+000                 -9.8999999999999986E+001                  2.6971582177402487E-001                  5.0827644913385606E-001                  6.5879144696584668E-001 
                                      62                  2.9998246176433847E+000                  4.4878729455774335E-001                  4.2136120323445150E+000                 -8.6744198034481865E+000                  3.6484936479863430E+000                  6.9999999999760398E-001                  2.8000000000239628E-001                  1.9999999999999796E-002                  0.0000000000000000E+000                  9.8241458930347776E+008                  1.6243449991386111E+006                  3.1034615481588734E-028                  0.0000000000000000E+000                  0.0000000000000000E+000                  1.2015555255355372E+001                  4.0224421066619903E+008                 -1.6503225265192760E-006                  0.0000000000000000E+000                 -9.8999999999999986E+001                  2.7096464858190350E-001                  5.0952527594173458E-001                  6.6004027377372532E-001 
                                      63                  2.9998246176396348E+000                  4.4877100525185015E-001                  4.2168267917157625E+000                 -8.6625907731255349E+000                  3.6639839498175735E+000                  6.9999999999760398E-001                  2.8000000000239628E-001                  1.9999999999999796E-002                  0.0000000000000000E+000                  9.8794077614491701E+008                  1.6308611313356876E+006                  3.1891572117820737E-028                  0.0000000000000000E+000                  0.0000000000000000E+000                  1.1975476820436844E+001                  4.0567793598304665E+008                 -1.7342024207404029E-006                  0.0000000000000000E+000                 -9.8999999999999986E+001                  2.7269061994579913E-001                  5.1125124730563021E-001                  6.6176624513762083E-001 
                                      64                  2.9998246176358854E+000                  4.4875515187575815E-001                  4.2199396239783571E+000                 -8.6511845020976228E+000                  3.6789428696637558E+000                  6.9999999999760398E-001                  2.8000000000239628E-001                  1.9999999999999796E-002                  0.0000000000000000E+000                  9.9032458972925866E+008                  1.6376197215916922E+006                  3.2740304712198803E-028                  0.0000000000000000E+000                  0.0000000000000000E+000                  1.1938253669709583E+001                  4.0902967009276569E+008                 -1.7860580867780656E-006                  0.0000000000000000E+000                 -9.8999999999999986E+001                  2.7447392374737239E-001                  5.1303455110720342E-001                  6.6354954893919404E-001 
                                      65                  2.9998246176321355E+000                  4.4873970778170502E-001                  4.2225811050200939E+000                 -8.6415212687110898E+000                  3.6916239457080788E+000                  6.9999999999760398E-001                  2.8000000000239628E-001                  1.9999999999999796E-002                  0.0000000000000000E+000                  9.8987742589900279E+008                  1.6437005667251428E+006                  3.3476989347338882E-028                  0.0000000000000000E+000                  0.0000000000000000E+000                  1.1907989028579477E+001                  4.1230324089172369E+008                 -1.8079738172388568E-006                  0.0000000000000000E+000                 -9.8999999999999986E+001                  2.7630700573017297E-001                  5.1486763309000405E-001                  6.6538263092199468E-001 
                                      66                  2.9998246176293231E+000                  4.4872837854559566E-001                  4.2247935348675902E+000                 -8.6334681191894092E+000                  3.7022073906688506E+000                  6.9999999999760398E-001                  2.8000000000239628E-001                  1.9999999999999796E-002                  0.0000000000000000E+000                  9.8783664266214263E+008                  1.6490390277265918E+006                  3.4103575759933224E-028                  0.0000000000000000E+000                  0.0000000000000000E+000                  1.1882568053720284E+001                  4.1471256599045557E+008                 -1.8055235476059715E-006                  0.0000000000000000E+000                 -9.8999999999999986E+001                  2.7771213789808741E-001                  5.1627276525791843E-001                  6.6678776308990917E-001 
                                      67                  2.9998246176265106E+000                  4.4871725659004441E-001                  4.2273170523680994E+000                 -8.6243245540733700E+000                  3.7142385612457391E+000                  6.9999999999760398E-001                  2.8000000000239628E-001                  1.9999999999999796E-002                  0.0000000000000000E+000                  9.8377318211953533E+008                  1.6553992785026561E+006                  3.4829232995601760E-028                  0.0000000000000000E+000                  0.0000000000000000E+000                  1.1853362194045266E+001                  4.1709150137617123E+008                 -1.7867454389371404E-006                  0.0000000000000000E+000                 -9.8999999999999986E+001                  2.7914408936349488E-001                  5.1770471672332607E-001                  6.6821971455531659E-001 
                                      68                  2.9998246176227612E+000                  4.4870273497927710E-001                  4.2301203702620329E+000                 -8.6141747681430569E+000                  3.7275940977430908E+000                  6.9999999999760398E-001                  2.8000000000239628E-001                  1.9999999999999796E-002                  0.0000000000000000E+000                  9.7721734618411899E+008                  1.6627967685871497E+006                  3.5652843866480366E-028                  0.0000000000000000E+000                  0.0000000000000000E+000                  1.1821886519746053E+001                  4.2020348592187560E+008                 -1.7414486990545393E-006                  0.0000000000000000E+000                 -9.8999999999999986E+001                  2.8108243709320907E-001                  5.1964306445304020E-001                  6.7015806228503072E-001 
                                      69                  2.9998246176190113E+000                  4.4868854740756192E-001                  4.2342029043153673E+000                 -8.5995469643927791E+000                  3.7468899969357952E+000                  6.9999999999760398E-001                  2.8000000000239628E-001                  1.9999999999999796E-002                  0.0000000000000000E+000                  9.6414364075145876E+008                  1.6742032765342856E+006                  3.6874206532435463E-028                  0.0000000000000000E+000                  0.0000000000000000E+000                  1.1774923027086015E+001                  4.2326199339533818E+008                 -1.6735770920179807E-006                  0.0000000000000000E+000                 -9.8999999999999986E+001                  2.8305567942938442E-001                  5.2161630678921556E-001                  6.7213130462120618E-001 
                                      70                  2.9998246176115120E+000                  4.4866110812818927E-001                  4.2393707707112220E+000                 -8.5809610475961549E+000                  3.7713586202768821E+000                  6.9999999999760398E-001                  2.8000000000239628E-001                  1.9999999999999796E-002                  0.0000000000000000E+000                  9.4205291936259186E+008                  1.6896672212758113E+006                  3.8486596869810320E-028                  0.0000000000000000E+000                  0.0000000000000000E+000                  1.1722896453392572E+001                  4.2918043764289916E+008                 -1.4898187946277100E-006                  0.0000000000000000E+000                 -9.8999999999999986E+001                  2.8706129031525135E-001                  5.2562191767508248E-001                  6.7613691550707311E-001 
                                      71                  2.9998246176040118E+000                  4.4863481347872347E-001                  4.2430621268134150E+000                 -8.5676481983916926E+000                  3.7888499998083311E+000                  6.9999999999760398E-001                  2.8000000000239628E-001                  1.9999999999999796E-002                  0.0000000000000000E+000                  9.2282890054620588E+008                  1.7013983163593165E+006                  3.9684692917722206E-028                  0.0000000000000000E+000                  0.0000000000000000E+000                  1.1691388233930466E+001                  4.3478466534075838E+008                 -1.2678632239199257E-006                  0.0000000000000000E+000                 -9.8999999999999986E+001                  2.9108501300457917E-001                  5.2964564036441020E-001                  6.8016063819640094E-001 
                                      72                  2.9998246176002623E+000                  4.4862206133756649E-001                  4.2454612703887520E+000                 -8.5590742631510466E+000                  3.8001327221658121E+000                  6.9999999999760398E-001                  2.8000000000239628E-001                  1.9999999999999796E-002                  0.0000000000000000E+000                  9.0901473509414589E+008                  1.7093321240766577E+006                  4.0475981838128004E-028                  0.0000000000000000E+000                  0.0000000000000000E+000                  1.1671454037105043E+001                  4.3750064598314202E+008                 -1.1428731714343967E-006                  0.0000000000000000E+000                 -9.8999999999999986E+001                  2.9310846637103632E-001                  5.3166909373086746E-001                  6.8218409156285809E-001 
                                      73                  2.9998246175965124E+000                  4.4860955739240527E-001                  4.2489721210078910E+000                 -8.5466323464410383E+000                  3.8165274005567813E+000                  6.9999999999760398E-001                  2.8000000000239628E-001                  1.9999999999999796E-002                  0.0000000000000000E+000                  8.8726831285979056E+008                  1.7213687065308869E+006                  4.1652391824356061E-028                  0.0000000000000000E+000                  0.0000000000000000E+000                  1.1643669884430878E+001                  4.4018933227072227E+008                 -1.0071465108227583E-006                  0.0000000000000000E+000                 -9.8999999999999986E+001                  2.9514821743360148E-001                  5.3370884479343261E-001                  6.8422384262542324E-001 
                                      74                  2.9998246175890131E+000                  4.4858525268753624E-001                  4.2534544764532418E+000                 -8.5307027658331762E+000                  3.8374710988697824E+000                  6.9999999999760398E-001                  2.8000000000239628E-001                  1.9999999999999796E-002                  0.0000000000000000E+000                  8.5753806817178810E+008                  1.7374139022998814E+006                  4.3208615773798821E-028                  0.0000000000000000E+000                  0.0000000000000000E+000                  1.1616809156688742E+001                  4.4540698288540393E+008                 -7.2352221941341355E-007                  0.0000000000000000E+000                 -9.8999999999999986E+001                  2.9922114438961300E-001                  5.3778177174944408E-001                  6.8829676958143471E-001 
                                      75                  2.9998246175815138E+000                  4.4856181944550355E-001                  4.2566814695423361E+000                 -8.5192154067976471E+000                  3.8525448018186479E+000                  6.9999999999760398E-001                  2.8000000000239628E-001                  1.9999999999999796E-002                  0.0000000000000000E+000                  8.3527599451516712E+008                  1.7494194667805922E+006                  4.4366821764911505E-028                  0.0000000000000000E+000                  0.0000000000000000E+000                  1.1603190839859064E+001                  4.5038005304680818E+008                 -4.3653315710433256E-007                  0.0000000000000000E+000                 -9.8999999999999986E+001                  3.0325066052653843E-001                  5.4181128788636945E-001                  6.9232628571836008E-001 
                                      76                  2.9998246175777634E+000                  4.4855040730021856E-001                  4.2587871113390436E+000                 -8.5117803903771936E+000                  3.8623119230156155E+000                  6.9999999999760398E-001                  2.8000000000239628E-001                  1.9999999999999796E-002                  0.0000000000000000E+000                  8.2055197791295660E+008                  1.7574640105108367E+006                  4.5132951161188027E-028                  0.0000000000000000E+000                  0.0000000000000000E+000                  1.1595122680037756E+001                  4.5279865220325977E+008                 -2.9108266114416014E-007                  0.0000000000000000E+000                 -9.8999999999999986E+001                  3.0525405903351005E-001                  5.4381468639334118E-001                  6.9432968422533181E-001 
                                      77                  2.9998246175740140E+000                  4.4853918798829234E-001                  4.2618801215193018E+000                 -8.5009410983447840E+000                  3.8765641491296630E+000                  6.9999999999760398E-001                  2.8000000000239628E-001                  1.9999999999999796E-002                  0.0000000000000000E+000                  7.9887212987294793E+008                  1.7695751905759659E+006                  4.6273634164806654E-028                  0.0000000000000000E+000                  0.0000000000000000E+000                  1.1584439621078298E+001                  4.5519433866074455E+008                 -1.4268804525839835E-007                  0.0000000000000000E+000                 -9.8999999999999986E+001                  3.0725684958288219E-001                  5.4581747694271321E-001                  6.9633247477470384E-001 
                                      78                  2.9998246175665142E+000                  4.4851729996273965E-001                  4.2658548141487493E+000                 -8.4869898167868083E+000                  3.8948711298176848E+000                  6.9999999999760398E-001                  2.8000000000239628E-001                  1.9999999999999796E-002                  0.0000000000000000E+000                  7.7119603529807115E+008                  1.7855862413002173E+006                  4.7784346780991624E-028                  0.0000000000000000E+000                  0.0000000000000000E+000                  1.1576525789621016E+001                  4.5985894334620959E+008                  1.5312151894165922E-007                  0.0000000000000000E+000                 -3.4074818857060651E+000                  3.1122515633764181E-001                  5.4978578369747289E-001                  7.0030078152946351E-001 
                                      79                  2.9998246175590149E+000                  4.4849610074008017E-001                  4.2696879570808299E+000                 -8.4735933858118688E+000                  3.9124408841988267E+000                  6.9999999999760398E-001                  2.8000000000239628E-001                  1.9999999999999796E-002                  0.0000000000000000E+000                  7.4490002286158001E+008                  1.8014613921176970E+006                  4.9281376402654657E-028                  0.0000000000000000E+000                  0.0000000000000000E+000                  1.1572778102042207E+001                  4.6434792084678996E+008                  4.4230087309378611E-007                  0.0000000000000000E+000                 -3.1771411016701161E+000                  3.1512417354542122E-001                  5.5368480090525229E-001                  7.0419979873724292E-001 
                                      80                  2.9998246175515155E+000                  4.4847554249014526E-001                  4.2743109166090081E+000                 -8.4575840505044937E+000                  3.9334522667034268E+000                  6.9999999999760398E-001                  2.8000000000239628E-001                  1.9999999999999796E-002                  0.0000000000000000E+000                  7.1404615522149611E+008                  1.8211095424680226E+006                  5.1132034003936345E-028                  0.0000000000000000E+000                  0.0000000000000000E+000                  1.1571055757804352E+001                  4.6870982458238435E+008                  7.2487027676011286E-007                  0.0000000000000000E+000                 -3.0698698540442315E+000                  3.1895312404348197E-001                  5.5751375140331305E-001                  7.0802874923530368E-001 
                                      81                  2.9998246175402659E+000                  4.4844581600974093E-001                  4.2787200013895674E+000                 -8.4422681565446691E+000                  3.9534992104068998E+000                  6.9999999999760398E-001                  2.8000000000239628E-001                  1.9999999999999796E-002                  0.0000000000000000E+000                  6.8595619128301644E+008                  1.8402388715081329E+006                  5.2967545017599990E-028                  0.0000000000000000E+000                  0.0000000000000000E+000                  1.1576390902592005E+001                  4.7498414740933430E+008                  1.1277272174124400E-006                  0.0000000000000000E+000                 -2.9738979689260341E+000                  3.2453194470178931E-001                  5.6309257206162044E-001                  7.1360756989361107E-001 
                                      82                  2.9998246175327665E+000                  4.4842668183963907E-001                  4.2821348105534716E+000                 -8.4305129152160738E+000                  3.9688987332914083E+000                  6.9999999999760398E-001                  2.8000000000239628E-001                  1.9999999999999796E-002                  0.0000000000000000E+000                  6.6537507628026843E+008                  1.8552976324492474E+006                  5.4420906640413766E-028                  0.0000000000000000E+000                  0.0000000000000000E+000                  1.1581172270769846E+001                  4.7900258319100273E+008                  1.3805978382300310E-006                  0.0000000000000000E+000                 -2.9299664054874386E+000                  3.2813394514434641E-001                  5.6669457250417743E-001                  7.1720957033616817E-001 
                                      83                  2.9998246175252672E+000                  4.4840805620717450E-001                  4.2854475112451169E+000                 -8.4191558627439065E+000                  3.9837733647897338E+000                  6.9999999999760398E-001                  2.8000000000239628E-001                  1.9999999999999796E-002                  0.0000000000000000E+000                  6.4649125060452807E+008                  1.8700568561174381E+006                  5.5862902635373649E-028                  0.0000000000000000E+000                  0.0000000000000000E+000                  1.1586824061764897E+001                  4.8292491272776526E+008                  1.6220536992415704E-006                  0.0000000000000000E+000                 -2.8949673861295526E+000                  3.3164267887393323E-001                  5.7020330623376436E-001                  7.2071830406575488E-001 
                                      84                  2.9998246175177670E+000                  4.4838990902764797E-001                  4.2886642432888467E+000                 -8.4081714117714856E+000                  3.9981577293801736E+000                  6.9999999999760398E-001                  2.8000000000239628E-001                  1.9999999999999796E-002                  0.0000000000000000E+000                  6.2915554450688529E+008                  1.8844874210356504E+006                  5.7293929305476221E-028                  0.0000000000000000E+000                  0.0000000000000000E+000                  1.1592824028993565E+001                  4.8674368920828694E+008                  1.8510138946221217E-006                  0.0000000000000000E+000                 -2.8662951606032703E+000                  3.3505045173182912E-001                  5.7361107909166031E-001                  7.2412607692365094E-001 
                                      85                  2.9998246175102676E+000                  4.4837221289155227E-001                  4.2917904936628144E+000                 -8.3975362593730356E+000                  4.0120831341823600E+000                  6.9999999999760398E-001                  2.8000000000239628E-001                  1.9999999999999796E-002                  0.0000000000000000E+000                  6.1324103263213408E+008                  1.8985652823265127E+006                  5.8714370130538083E-028                  0.0000000000000000E+000                  0.0000000000000000E+000                  1.1598756076328343E+001                  4.9046548908555830E+008                  2.0674111094286684E-006                  0.0000000000000000E+000                 -2.8422865771669183E+000                  3.3835330924199769E-001                  5.7691393660182877E-001                  7.2742893443381940E-001 
                                      86                  2.9998246175027683E+000                  4.4835494275598675E-001                  4.2948311971951449E+000                 -8.3872291310011367E+000                  4.0255779796814721E+000                  6.9999999999760398E-001                  2.8000000000239628E-001                  1.9999999999999796E-002                  0.0000000000000000E+000                  5.9864100275910223E+008                  1.9122710095586702E+006                  6.0124595599564444E-028                  0.0000000000000000E+000                  0.0000000000000000E+000                  1.1604288927243710E+001                  4.9409615937898195E+008                  2.2712032563569870E-006                  0.0000000000000000E+000                 -2.8218719989041725E+000                  3.4154848019500328E-001                  5.8010910755483436E-001                  7.3062410538682498E-001 
                                      87                  2.9998246174952685E+000                  4.4833807567911960E-001                  4.2977908178129223E+000                 -8.3772305627194239E+000                  4.0386681087884870E+000                  6.9999999999760398E-001                  2.8000000000239628E-001                  1.9999999999999796E-002                  0.0000000000000000E+000                  5.8526535987902808E+008                  1.9255892342690732E+006                  6.1524962618799364E-028                  0.0000000000000000E+000                  0.0000000000000000E+000                  1.1609159503986165E+001                  4.9764092615207493E+008                  2.4623843514748136E-006                  0.0000000000000000E+000                 -2.8043220787290344E+000                  3.4463421057134686E-001                  5.8319483793117799E-001                  7.3370983576316862E-001 
                                      88                  2.9998246174877687E+000                  4.4832159059057619E-001                  4.3021072526168886E+000                 -8.3627981035423318E+000                  4.0575948040362846E+000                  6.9999999999760398E-001                  2.8000000000239628E-001                  1.9999999999999796E-002                  0.0000000000000000E+000                  5.6724649342506945E+008                  1.9449272775177178E+006                  6.3604043816036556E-028                  0.0000000000000000E+000                  0.0000000000000000E+000                  1.1612561669777804E+001                  5.0112380738566661E+008                  2.6411445035824349E-006                  0.0000000000000000E+000                 -2.7891039184060729E+000                  3.4760658108849329E-001                  5.8616720844832437E-001                  7.3668220628031500E-001 
                                      89                  2.9998246174727701E+000                  4.4828969274183195E-001                  4.3070748165203190E+000                 -8.3461117547141566E+000                  4.0794221423099604E+000                  6.9999999999760398E-001                  2.8000000000239628E-001                  1.9999999999999796E-002                  0.0000000000000000E+000                  5.4864401338561809E+008                  1.9669089004211435E+006                  6.6095538991675195E-028                  0.0000000000000000E+000                  0.0000000000000000E+000                  1.1618546672587650E+001                  5.0784530781030643E+008                  2.9616067119380166E-006                  0.0000000000000000E+000                 -2.7642363071706630E+000                  3.5322647979275873E-001                  5.9178710715258975E-001                  7.4230210498458049E-001 
                                      90                  2.9998246174605829E+000                  4.4826474773197716E-001                  4.3112713431819349E+000                 -8.3321064397122662E+000                  4.0977527656050396E+000                  6.9999999999760398E-001                  2.8000000000239628E-001                  1.9999999999999796E-002                  0.0000000000000000E+000                  5.3457254601440573E+008                  1.9852312987842911E+006                  6.8261901044235421E-028                  0.0000000000000000E+000                  0.0000000000000000E+000                  1.1622666100505313E+001                  5.1306829231472236E+008                  3.1872706423692216E-006                  0.0000000000000000E+000                 -2.7482905287436674E+000                  3.5749020220095440E-001                  5.9605082956078548E-001                  7.4656582739277610E-001 
                                      91                  2.9998246174488652E+000                  4.4824151943951324E-001                  4.3144471064435006E+000                 -8.3215105911886731E+000                  4.1116101031007526E+000                  6.9999999999760398E-001                  2.8000000000239628E-001                  1.9999999999999796E-002                  0.0000000000000000E+000                  5.2485274621491694E+008                  1.9989014673903037E+006                  6.9947940160156078E-028                  0.0000000000000000E+000                  0.0000000000000000E+000                  1.1627130383080836E+001                  5.1792708299861413E+008                  3.3774940476933163E-006                 -1.2602080593774622E-019                 -2.7357027038407860E+000                  3.6134778632325854E-001                  5.9990841368308967E-001                  7.5042341151508030E-001 
                                      92                  2.9998246174418344E+000                  4.4822791665136602E-001                  4.3179366088970932E+000                 -8.3100085651835478E+000                  4.1266905577916271E+000                  6.9999999999760387E-001                  2.8000000000239628E-001                  1.9999999999999796E-002                  0.0000000000000000E+000                  5.1503879193814653E+008                  2.0137232591065175E+006                  7.1825346214280046E-028                  0.0000000000000000E+000                  0.0000000000000000E+000                  1.1630518600721997E+001                  5.2078719937744653E+008                  3.4793668561608767E-006                 -4.9995302255417853E-019                 -2.7292498889307937E+000                  3.6354869853479049E-001                  6.0210932589462163E-001                  7.5262432372661225E-001 
                                      93                  2.9998246174277727E+000                  4.4820141847081091E-001                  4.3216655837659861E+000                 -8.2976509400006666E+000                  4.1428583433241313E+000                  6.9999999999760398E-001                  2.8000000000239628E-001                  1.9999999999999796E-002                  0.0000000000000000E+000                  5.0548255867254239E+008                  2.0292465400382511E+006                  7.3898597202339198E-028                  0.0000000000000000E+000                  0.0000000000000000E+000                  1.1638591879504521E+001                  5.2636195255731010E+008                  3.6574971341470721E-006                 -7.3837363660751393E-019                 -2.7184080027482294E+000                  3.6771558231981155E-001                  6.0627620967964257E-001                  7.5679120751163320E-001 
                                      94                  2.9998246174183980E+000                  4.4818424600434165E-001                  4.3252913339575274E+000                 -8.2857603814947094E+000                  4.1584482016436937E+000                  6.9999999999760398E-001                  2.8000000000239628E-001                  1.9999999999999796E-002                  0.0000000000000000E+000                  4.9705888848910350E+008                  2.0440451476422490E+006                  7.5949964214426445E-028                  0.0000000000000000E+000                  0.0000000000000000E+000                  1.1646736972014413E+001                  5.2997108508240128E+008                  3.7581409451183231E-006                 -4.8747629892133080E-019                 -2.7125134680864420E+000                  3.7032871509623339E-001                  6.0888934245606452E-001                  7.5940434028805515E-001 
                                      95                  2.9998246174043368E+000                  4.4815917932900579E-001                  4.3294830494013627E+000                 -8.2720240019420537E+000                  4.1764501700060155E+000                  6.9999999999760398E-001                  2.8000000000239628E-001                  1.9999999999999796E-002                  0.0000000000000000E+000                  4.8829989906679589E+008                  2.0607685613601313E+006                  7.8390767277471112E-028                  0.0000000000000000E+000                  0.0000000000000000E+000                  1.1660551013174587E+001                  5.3526050770237058E+008                  3.8848437008117373E-006                 -1.2020501235425863E-019                 -2.7053132247559191E+000                  3.7401740320277921E-001                  6.1257803056261029E-001                  7.6309302839460091E-001 
                                      96                  2.9998246173902747E+000                  4.4813488894435788E-001                  4.3341947962038621E+000                 -8.2567050412066667E+000                  4.1965551109780987E+000                  6.9999999999760398E-001                  2.8000000000239628E-001                  1.9999999999999796E-002                  0.0000000000000000E+000                  4.7960417157456428E+008                  2.0790965721139782E+006                  8.1205410686783083E-028                  0.0000000000000000E+000                  0.0000000000000000E+000                  1.1678737662911667E+001                  5.4039276104104722E+008                  3.9865712867257221E-006                  0.0000000000000000E+000                 -2.6997002327858377E+000                  3.7745967508277506E-001                  6.1602030244260608E-001                  7.6653530027459682E-001 
                                      97                  2.9998246173715257E+000                  4.4810361825111478E-001                  4.3380598854799226E+000                 -8.2440935483681006E+000                  4.2130815013131642E+000                  6.9999999999760398E-001                  2.8000000000239628E-001                  1.9999999999999796E-002                  0.0000000000000000E+000                  4.7327403908186227E+008                  2.0937344097858230E+006                  8.3598285888096986E-028                  0.0000000000000000E+000                  0.0000000000000000E+000                  1.1698938268148282E+001                  5.4698175763737583E+008                  4.0907630120618113E-006                  0.0000000000000000E+000                 -2.6940978397588857E+000                  3.8171782904252510E-001                  6.2027845640235624E-001                  7.7079345423434686E-001 
                                      98                  2.9998246173621519E+000                  4.4808842797343412E-001                  4.3405763887054496E+000                 -8.2359616730707614E+000                  4.2237612175979429E+000                  6.9999999999760398E-001                  2.8000000000239628E-001                  1.9999999999999796E-002                  0.0000000000000000E+000                  4.6951266653810281E+008                  2.1030863815079220E+006                  8.5178471707193645E-028                  0.0000000000000000E+000                  0.0000000000000000E+000                  1.1711993261572694E+001                  5.5018167890475714E+008                  4.1311398158048789E-006                  0.0000000000000000E+000                 -2.6919650531768005E+000                  3.8371512725048396E-001                  6.2227575461031504E-001                  7.7279075244230577E-001 
                                      99                  2.9998246173527772E+000                  4.4807351792727240E-001                  4.3430389781358780E+000                 -8.2280282121352997E+000                  4.2341860147962374E+000                  6.9999999999760398E-001                  2.8000000000239628E-001                  1.9999999999999796E-002                  0.0000000000000000E+000                  4.6608157105672055E+008                  2.1120957131297570E+006                  8.6748882913817176E-028                  0.0000000000000000E+000                  0.0000000000000000E+000                  1.1725518450416459E+001                  5.5334407217400742E+008                  4.1645979598098929E-006                  0.0000000000000000E+000                 -2.6902134589849847E+000                  3.8562595328600108E-001                  6.2418658064583210E-001                  7.7470157847782284E-001 
                                     100                  2.9998246173434033E+000                  4.4805887628288216E-001                  4.3454500563732239E+000                 -8.2202839621383230E+000                  4.2443677870238812E+000                  6.9999999999760398E-001                  2.8000000000239628E-001                  1.9999999999999796E-002                  0.0000000000000000E+000                  4.6294880894754249E+008                  2.1207856948251273E+006                  8.8309762877384991E-028                  0.0000000000000000E+000                  0.0000000000000000E+000                  1.1739414735776277E+001                  5.5645470676143491E+008                  4.1920579737908391E-006                  0.0000000000000000E+000                 -2.6887863599678710E+000                  3.8746035524619038E-001                  6.2602098260602146E-001                  7.7653598043801209E-001 
                                     101                  2.9998246173340286E+000                  4.4804449196925317E-001                  4.3489878282547538E+000                 -8.2090192834890985E+000                  4.2592083313832214E+000                  6.9999999999760398E-001                  2.8000000000239628E-001                  1.9999999999999796E-002                  0.0000000000000000E+000                  4.5874030923537415E+008                  2.1333217425867338E+006                  9.0630473036791323E-028                  0.0000000000000000E+000                  0.0000000000000000E+000                  1.1759422778399815E+001                  5.5952976410983813E+008                  4.2141371425771838E-006                  0.0000000000000000E+000                 -2.6876456675277764E+000                  3.8922028814604182E-001                  6.2778091550587289E-001                  7.7829591333786352E-001 
                                     102                  2.9998246173152805E+000                  4.4801645583759386E-001                  4.3540898171723237E+000                 -8.1928127580313888E+000                  4.2805649275915760E+000                  6.9999999999760398E-001                  2.8000000000239628E-001                  1.9999999999999796E-002                  0.0000000000000000E+000                  4.5339082463824314E+008                  2.1509597704847772E+006                  9.4076686761068402E-028                  0.0000000000000000E+000                  0.0000000000000000E+000                  1.1791448165641144E+001                  5.6555007950349474E+008                  4.2450226401847243E-006                  0.0000000000000000E+000                 -2.6860599945850345E+000                  3.9254596748140824E-001                  6.3110659484123932E-001                  7.8162159267322995E-001 
                                     103                  2.9998246172918441E+000                  4.4798268714199069E-001                  4.3589610522269355E+000                 -8.1773611049815038E+000                  4.3009265318925562E+000                  6.9999999999760398E-001                  2.8000000000239628E-001                  1.9999999999999796E-002                  0.0000000000000000E+000                  4.4897284983657056E+008                  2.1673546074492042E+006                  9.7484343730659890E-028                  0.0000000000000000E+000                  0.0000000000000000E+000                  1.1826427773096698E+001                  5.7277912078373969E+008                  4.2633954477134616E-006                  0.0000000000000000E+000                 -2.6851221914298051E+000                  3.9639786480619082E-001                  6.3495849216602196E-001                  7.8547348999801259E-001 
                                     104                  2.9998246172730947E+000                  4.4795661105706591E-001                  4.3631342645524533E+000                 -8.1642309781049676E+000                  4.3182616325670296E+000                  6.9999999999760398E-001                  2.8000000000239628E-001                  1.9999999999999796E-002                  0.0000000000000000E+000                  4.4565627537085092E+008                  2.1810972748056045E+006                  1.0047685677555293E-027                  0.0000000000000000E+000                  0.0000000000000000E+000                  1.1858013263342386E+001                  5.7837127759394455E+008                  4.2648820548898208E-006                  0.0000000000000000E+000                 -2.6850464873618041E+000                  3.9926118815176126E-001                  6.3782181551159234E-001                  7.8833681334358296E-001 
                                     105                  2.9998246172543457E+000                  4.4793130704825673E-001                  4.3676657483457024E+000                 -8.1500826123586236E+000                  4.3369749646169984E+000                  6.9999999999760398E-001                  2.8000000000239628E-001                  1.9999999999999796E-002                  0.0000000000000000E+000                  4.4248397791662842E+008                  2.1957377972265617E+006                  1.0380434826882894E-027                  0.0000000000000000E+000                  0.0000000000000000E+000                  1.1894551563549046E+001                  5.8383930836584711E+008                  4.2570137538174879E-006                  0.0000000000000000E+000                 -2.6854474733378595E+000                  4.0195056234777887E-001                  6.4051118970761001E-001                  7.9102618753960063E-001 
                                     106                  2.9998246172309102E+000                  4.4790068495559932E-001                  4.3720175357524322E+000                 -8.1365178118216228E+000                  4.3549201138044653E+000                  6.9999999999760398E-001                  2.8000000000239628E-001                  1.9999999999999796E-002                  0.0000000000000000E+000                  4.3979651480928355E+008                  2.2095499203736363E+006                  1.0709802374095417E-027                  0.0000000000000000E+000                  0.0000000000000000E+000                  1.1934447681706738E+001                  5.9047039789833915E+008                  4.2366331150229480E-006                  0.0000000000000000E+000                 -2.6864895717545134E+000                  4.0510799359118232E-001                  6.4366862095101340E-001                  7.9418361878300403E-001 
                                     107                  2.9998246172121608E+000                  4.4787693615892082E-001                  4.3757625896478780E+000                 -8.1249325649372306E+000                  4.3702750417398173E+000                  6.9999999999760398E-001                  2.8000000000239628E-001                  1.9999999999999796E-002                  0.0000000000000000E+000                  4.3774011108462870E+008                  2.2212779573227949E+006                  1.0999366320308454E-027                  0.0000000000000000E+000                  0.0000000000000000E+000                  1.1971083341510903E+001                  5.9562424825058639E+008                  4.2134785483642268E-006                  0.0000000000000000E+000                 -2.6876796064072379E+000                  4.0749107381747535E-001                  6.4605170117730637E-001                  7.9656669900929700E-001 
                                     108                  2.9998246171934118E+000                  4.4785380876611036E-001                  4.3802977734268795E+000                 -8.1110346462833878E+000                  4.3887392482847130E+000                  6.9999999999760398E-001                  2.8000000000239628E-001                  1.9999999999999796E-002                  0.0000000000000000E+000                  4.3552404646816635E+008                  2.2353226413832149E+006                  1.1357081850382555E-027                  0.0000000000000000E+000                  0.0000000000000000E+000                  1.2017616544380601E+001                  6.0068836994290972E+008                  4.1859121670172030E-006                  0.0000000000000000E+000                 -2.6891049443507868E+000                  4.0975921956465872E-001                  6.4831984692448974E-001                  7.9883484475648048E-001 
                                     109                  2.9998246171652889E+000                  4.4782020367204245E-001                  4.3846466883074271E+000                 -8.0976933340648554E+000                  4.4064557236426714E+000                  6.9999999999760398E-001                  2.8000000000239628E-001                  1.9999999999999796E-002                  0.0000000000000000E+000                  4.3360986620098197E+008                  2.2486499258323722E+006                  1.1711410665568939E-027                  0.0000000000000000E+000                  0.0000000000000000E+000                  1.2067178642252784E+001                  6.0805562524226618E+008                  4.1390075252474054E-006                  0.0000000000000000E+000                 -2.6915518919976806E+000                  4.1298395943452959E-001                  6.5154458679436067E-001                  8.0205958462635130E-001 
                                     110                  2.9998246171465395E+000                  4.4779847388115229E-001                  4.3880258990305965E+000                 -8.0874211173143653E+000                  4.4201289671239925E+000                  6.9999999999760398E-001                  2.8000000000239628E-001                  1.9999999999999796E-002                  0.0000000000000000E+000                  4.3226770380322486E+008                  2.2589328036331828E+006                  1.1991743154818738E-027                  0.0000000000000000E+000                  0.0000000000000000E+000                  1.2105466249740953E+001                  6.1282498187309408E+008                  4.1056020219840928E-006                  0.0000000000000000E+000                 -2.6933115757088570E+000                  4.1502836281870337E-001                  6.5358899017853433E-001                  8.0410398801052507E-001 
                                     111                  2.9998246171277914E+000                  4.4777724887804654E-001                  4.3913138255276198E+000                 -8.0774719476512296E+000                  4.4333873845692269E+000                  6.9999999999760398E-001                  2.8000000000239628E-001                  1.9999999999999796E-002                  0.0000000000000000E+000                  4.3106701556820172E+008                  2.2688833910098537E+006                  1.2269655273149422E-027                  0.0000000000000000E+000                  0.0000000000000000E+000                  1.2142749531881645E+001                  6.1751542890939939E+008                  4.0719991090585344E-006                  0.0000000000000000E+000                 -2.6950961628468231E+000                  4.1699467005642255E-001                  6.5555529741625362E-001                  8.0607029524824436E-001 
                                     112                  2.9998246171090419E+000                  4.4775650157973962E-001                  4.3945151837146446E+000                 -8.0678261391769635E+000                  4.4462554253147291E+000                  6.9999999999760398E-001                  2.8000000000239628E-001                  1.9999999999999796E-002                  0.0000000000000000E+000                  4.2998773526959443E+008                  2.2785289321953510E+006                  1.2545241492512337E-027                  0.0000000000000000E+000                  0.0000000000000000E+000                  1.2178562382859520E+001                  6.2211523090630627E+008                  4.0386856026347335E-006                  0.0000000000000000E+000                 -2.6968799769004401E+000                  4.1889096323468972E-001                  6.5745159059452085E-001                  8.0796658842651159E-001 
                                     113                  2.9998246170902929E+000                  4.4773620712883189E-001                  4.3991849999652652E+000                 -8.0539120759490253E+000                  4.4648730664786926E+000                  6.9999999999760398E-001                  2.8000000000239628E-001                  1.9999999999999796E-002                  0.0000000000000000E+000                  4.2856795230600828E+008                  2.2925475142374234E+006                  1.2953715099166330E-027                  0.0000000000000000E+000                  0.0000000000000000E+000                  1.2226589920983258E+001                  6.2665387930932295E+008                  4.0068378649876832E-006                  0.0000000000000000E+000                 -2.6985991153778346E+000                  4.2072121578628813E-001                  6.5928184314611926E-001                  8.0979684097810989E-001 
                                     114                  2.9998246170527954E+000                  4.4769688992224926E-001                  4.4051148310224395E+000                 -8.0362290221267614E+000                  4.4885249368568019E+000                  6.9999999999760398E-001                  2.8000000000239628E-001                  1.9999999999999796E-002                  0.0000000000000000E+000                  4.2693585246019113E+008                  2.3102774272028212E+006                  1.3492083342616134E-027                  0.0000000000000000E+000                  0.0000000000000000E+000                  1.2286166709273473E+001                  6.3547845709349787E+008                  3.9473779268468376E-006                  0.0000000000000000E+000                 -2.7018456458614244E+000                  4.2421069828031233E-001                  6.6277132564014340E-001                  8.1328632347213403E-001 
                                     115                  2.9998246170152978E+000                  4.4765913138041369E-001                  4.4093596509750048E+000                 -8.0235634093219694E+000                  4.5054609046722218E+000                  6.9999999999760398E-001                  2.8000000000239628E-001                  1.9999999999999796E-002                  0.0000000000000000E+000                  4.2587524441624928E+008                  2.3229272989402465E+006                  1.3891393350179217E-027                  0.0000000000000000E+000                  0.0000000000000000E+000                  1.2328817669728119E+001                  6.4389904739358413E+008                  3.8908224161141369E-006                  0.0000000000000000E+000                 -2.7049792953487977E+000                  4.2750055619056038E-001                  6.6606118355039146E-001                  8.1657618138238219E-001 
                                     116                  2.9998246169965488E+000                  4.4764079119360828E-001                  4.4134930597548614E+000                 -8.0114239837616044E+000                  4.5217638452241351E+000                  6.9999999999760398E-001                  2.8000000000239628E-001                  1.9999999999999796E-002                  0.0000000000000000E+000                  4.2496567603109634E+008                  2.3352239625641648E+006                  1.4285201895818320E-027                  0.0000000000000000E+000                  0.0000000000000000E+000                  1.2366410708279229E+001                  6.4802341724974537E+008                  3.8641166880326730E-006                  0.0000000000000000E+000                 -2.7064748836485206E+000                  4.2907360549994156E-001                  6.6763423285977264E-001                  8.1814923069176326E-001 
                                     117                  2.9998246169590512E+000                  4.4760511525989327E-001                  4.4181131228857939E+000                 -7.9977903734039053E+000                  4.5400471931053206E+000                  6.9999999999760398E-001                  2.8000000000239628E-001                  1.9999999999999796E-002                  0.0000000000000000E+000                  4.2403097505626899E+008                  2.3489261029345808E+006                  1.4740808417426062E-027                  0.0000000000000000E+000                  0.0000000000000000E+000                  1.2413202682485943E+001                  6.5608979665523553E+008                  3.8118089851662590E-006                  0.0000000000000000E+000                 -2.7094344352821698E+000                  4.3209026365618491E-001                  6.7065089101601605E-001                  8.2116588884800656E-001 
                                     118                  2.9998246169309275E+000                  4.4757917971246769E-001                  4.4219440709365196E+000                 -7.9865626205211369E+000                  4.5551319686749308E+000                  6.9999999999760398E-001                  2.8000000000239628E-001                  1.9999999999999796E-002                  0.0000000000000000E+000                  4.2334354342756486E+008                  2.3602636009450462E+006                  1.5126907386495343E-027                  0.0000000000000000E+000                  0.0000000000000000E+000                  1.2453549274179567E+001                  6.6194232232705426E+008                  3.7716276398075718E-006                  0.0000000000000000E+000                 -2.7117355951305742E+000                  4.3425013655065808E-001                  6.7281076391048911E-001                  8.2332576174247973E-001 
                                     119                  2.9998246169028047E+000                  4.4755390160902447E-001                  4.4256573607430241E+000                 -7.9757199112387536E+000                  4.5697136686975846E+000                  6.9999999999760398E-001                  2.8000000000239628E-001                  1.9999999999999796E-002                  0.0000000000000000E+000                  4.2274677097012889E+008                  2.3712291115484331E+006                  1.5509361772965202E-027                  0.0000000000000000E+000                  0.0000000000000000E+000                  1.2495738744095833E+001                  6.6767597673153663E+008                  3.7307308501701507E-006                  0.0000000000000000E+000                 -2.7141030407840980E+000                  4.3632740436487899E-001                  6.7488803172471012E-001                  8.2540302955670075E-001 
                                     120                  2.9998246168746814E+000                  4.4752924253960291E-001                  4.4292609094948805E+000                 -7.9652378334102085E+000                  4.5838247949694306E+000                  6.9999999999760398E-001                  2.8000000000239628E-001                  1.9999999999999796E-002                  0.0000000000000000E+000                  4.2223520720946187E+008                  2.3818445798926959E+006                  1.5888286070274762E-027                  0.0000000000000000E+000                  0.0000000000000000E+000                  1.2540205957532507E+001                  6.7328475251922309E+008                  3.6885014166494129E-006                  0.0000000000000000E+000                 -2.7165750227026511E+000                  4.3832843554174727E-001                  6.7688906290157835E-001                  8.2740406073356909E-001 
                                     121                  2.9998246168465585E+000                  4.4750516746139302E-001                  4.4345016806252788E+000                 -7.9501737099788112E+000                  4.6041717571788219E+000                  6.9999999999760398E-001                  2.8000000000239628E-001                  1.9999999999999796E-002                  0.0000000000000000E+000                  4.2163607549585956E+008                  2.3972355394905591E+006                  1.6449121187692592E-027                  0.0000000000000000E+000                  0.0000000000000000E+000                  1.2608362507186854E+001                  6.7881057125835502E+008                  3.6451502548017476E-006                  0.0000000000000000E+000                 -2.7191422825774829E+000                  4.4025581086073828E-001                  6.7881643822056936E-001                  8.2933143605255999E-001 
                                     122                  2.9998246167903111E+000                  4.4745864748666603E-001                  4.4400331210943582E+000                 -7.9341931328781783E+000                  4.6257238174822790E+000                  6.9999999999760398E-001                  2.8000000000239628E-001                  1.9999999999999796E-002                  0.0000000000000000E+000                  4.2112957382234776E+008                  2.4133911050502569E+006                  1.7065732164830735E-027                  0.0000000000000000E+000                  0.0000000000000000E+000                  1.2693711123959918E+001                  6.8949270587810278E+008                  3.5547948485171477E-006                  0.0000000000000000E+000                 -2.7245927289337502E+000                  4.4391773633725007E-001                  6.8247836369708115E-001                  8.3299336152907189E-001 
                                     123                  2.9998246167528135E+000                  4.4742874672397748E-001                  4.4443036659066317E+000                 -7.9219907405421042E+000                  4.6422315307074022E+000                  6.9999999999760398E-001                  2.8000000000239628E-001                  1.9999999999999796E-002                  0.0000000000000000E+000                  4.2087047466728991E+008                  2.4258029148539356E+006                  1.7552080281615317E-027                  0.0000000000000000E+000                  0.0000000000000000E+000                  1.2763933376058107E+001                  6.9635256777688527E+008                  3.4919947834755294E-006                  0.0000000000000000E+000                 -2.7284632068688985E+000                  4.4622741854294101E-001                  6.8478804590277209E-001                  8.3530304373476272E-001 
                                     124                  2.9998246167153160E+000                  4.4739966846886731E-001                  4.4484363220725296E+000                 -7.9102515393988204E+000                  4.6581388709024685E+000                  6.9999999999760398E-001                  2.8000000000239628E-001                  1.9999999999999796E-002                  0.0000000000000000E+000                  4.2072479307067829E+008                  2.4377526812077435E+006                  1.8033044118994085E-027                  0.0000000000000000E+000                  0.0000000000000000E+000                  1.2836845896004306E+001                  7.0308097409539330E+008                  3.4280854708870424E-006                  0.0000000000000000E+000                 -2.7324741792740901E+000                  4.4843734671113167E-001                  6.8699797407096275E-001                  8.3751297190295337E-001 
                                     125                  2.9998246166778175E+000                  4.4737136007553768E-001                  4.4524410863635282E+000                 -7.8989434842162094E+000                  4.6734880174670854E+000                  6.9999999999760398E-001                  2.8000000000239628E-001                  1.9999999999999796E-002                  0.0000000000000000E+000                  4.2068701091132671E+008                  2.4492678486252325E+006                  1.8508802361301397E-027                  0.0000000000000000E+000                  0.0000000000000000E+000                  1.2912220084357370E+001                  7.0966139872723496E+008                  3.3630352440869363E-006                  0.0000000000000000E+000                 -2.7366342906614047E+000                  4.5055593383181708E-001                  6.8911656119164832E-001                  8.3963155902363884E-001 
                                     126                  2.9998246166403200E+000                  4.4734377393096503E-001                  4.4563268788351174E+000                 -7.8880377167392153E+000                  4.6883168544966756E+000                  6.9999999999760398E-001                  2.8000000000239628E-001                  1.9999999999999796E-002                  0.0000000000000000E+000                  4.2075187233148295E+008                  2.4603732729849275E+006                  1.8979522190221708E-027                  0.0000000000000000E+000                  0.0000000000000000E+000                  1.2989821190574844E+001                  7.1610407337269115E+008                  3.2970240942223295E-006                  0.0000000000000000E+000                 -2.7409389395388919E+000                  4.5258910432640159E-001                  6.9114973168623262E-001                  8.4166472951822324E-001 
                                     127                  2.9998246166028224E+000                  4.4731686682554089E-001                  4.4601016854859141E+000                 -7.8775081497180341E+000                  4.7026595349452158E+000                  6.9999999999760398E-001                  2.8000000000239628E-001                  1.9999999999999796E-002                  0.0000000000000000E+000                  4.2091439311796218E+008                  2.4710915100145438E+006                  1.9445360743721167E-027                  0.0000000000000000E+000                  0.0000000000000000E+000                  1.3069425324309019E+001                  7.2241817018301165E+008                  3.2302236285804092E-006                  0.0000000000000000E+000                 -2.7453837051972108E+000                  4.5454219967629617E-001                  6.9310282703612724E-001                  8.4361782486811787E-001 
                                     128                  2.9998246165653244E+000                  4.4729059942024540E-001                  4.4637726845427652E+000                 -7.8673311296093962E+000                  4.7165469550962920E+000                  6.9999999999760398E-001                  2.8000000000239628E-001                  1.9999999999999796E-002                  0.0000000000000000E+000                  4.2117092015575498E+008                  2.4814419457778763E+006                  1.9906465778502240E-027                  0.0000000000000000E+000                  0.0000000000000000E+000                  1.3150848078898145E+001                  7.2861194175026405E+008                  3.1627721690839272E-006                  0.0000000000000000E+000                 -2.7499660457230362E+000                  4.5641994903702288E-001                  6.9498057639685396E-001                  8.4549557422884458E-001 
                                     129                  2.9998246165278268E+000                  4.4726493579223719E-001                  4.4673463560437501E+000                 -7.8574851623048536E+000                  4.7300071559282841E+000                  6.9999999999760398E-001                  2.8000000000239628E-001                  1.9999999999999796E-002                  0.0000000000000000E+000                  4.2152157805761391E+008                  2.4914383473100504E+006                  2.0362975641006669E-027                  0.0000000000000000E+000                  0.0000000000000000E+000                  1.3233938269904581E+001                  7.3469286091437614E+008                  3.0947364509780296E-006                  0.0000000000000000E+000                 -2.7546881648824249E+000                  4.5822619970420064E-001                  6.9678682706403183E-001                  8.4730182489602246E-001 
                                     130                  2.9998246164903293E+000                  4.4723984304459874E-001                  4.4708285732834341E+000                 -7.8479506483593626E+000                  4.7430656644880687E+000                  6.9999999999760398E-001                  2.8000000000239628E-001                  1.9999999999999796E-002                  0.0000000000000000E+000                  4.2196673139625329E+008                  2.5010928374265400E+006                  2.0815020615451795E-027                  0.0000000000000000E+000                  0.0000000000000000E+000                  1.3318572991733213E+001                  7.4066772401267564E+008                  3.0261281626571773E-006                  0.0000000000000000E+000                 -2.7595563413361717E+000                  4.5996407368282927E-001                  6.9852470104266040E-001                  8.4903969887465103E-001 
                                     131                  2.9998246164528308E+000                  4.4721529097128726E-001                  4.4738016406352221E+000                 -7.8398456279685673E+000                  4.7541808698079535E+000                  6.9999999999760398E-001                  2.8000000000239628E-001                  1.9999999999999796E-002                  0.0000000000000000E+000                  4.2243035255653507E+008                  2.5092603447739710E+006                  2.1207174087168691E-027                  0.0000000000000000E+000                  0.0000000000000000E+000                  1.3394091461053026E+001                  7.4653434073802006E+008                  2.9569403666405925E-006                  1.0326084857406345E-019                 -2.7645787169557567E+000                  4.6163730467337966E-001                  7.0019793203321079E-001                  8.5071292986520142E-001 
                                     132                  2.9998246164247080E+000                  4.4719721472050672E-001                  4.4763027333490948E+000                 -7.8330721845592057E+000                  4.7634884153770853E+000                  6.9999999999760398E-001                  2.8000000000239628E-001                  1.9999999999999796E-002                  0.0000000000000000E+000                  4.2288770076504087E+008                  2.5160732450479604E+006                  2.1540562178003530E-027                  0.0000000000000000E+000                  0.0000000000000000E+000                  1.3459415570726669E+001                  7.5087252033529043E+008                  2.9046735713600460E-006                  4.1078899616837710E-019                 -2.7684513333791045E+000                  4.6285081195565086E-001                  7.0141143931548200E-001                  8.5192643714747263E-001 
                                     133                  2.9998246163965847E+000                  4.4717941600231176E-001                  4.4799829765590706E+000                 -7.8232050932754378E+000                  4.7770882769579748E+000                  6.9999999999760387E-001                  2.8000000000239628E-001                  1.9999999999999796E-002                  0.0000000000000000E+000                  4.2368391643634385E+008                  2.5259939612244708E+006                  2.2035620526594280E-027                  0.0000000000000000E+000                  0.0000000000000000E+000                  1.3557841057169911E+001                  7.5518386827485311E+008                  2.8520953486546347E-006                  6.1290655968857456E-019                 -2.7724179798199078E+000                  4.6402741345244619E-001                  7.0258804081227721E-001                  8.5310303864426784E-001 
                                     134                  2.9998246163403381E+000                  4.4714461189213484E-001                  4.4855171901766129E+000                 -7.8084733778083946E+000                  4.7974381808546633E+000                  6.9999999999760398E-001                  2.8000000000239628E-001                  1.9999999999999796E-002                  0.0000000000000000E+000                  4.2515205118349993E+008                  2.5406455040069874E+006                  2.2796005693351342E-027                  0.0000000000000000E+000                  0.0000000000000000E+000                  1.3714690026181472E+001                  7.6368211187999642E+008                  2.7459432363087096E-006                  4.0441691804977123E-019                 -2.7806542223356296E+000                  4.6627907188034806E-001                  7.0483969924017920E-001                  8.5535469707216982E-001 
                                     135                  2.9998246162653426E+000                  4.4709974178912154E-001                  4.4915789908604626E+000                 -7.7924795029992202E+000                  4.8195932914060835E+000                  6.9999999999760398E-001                  2.8000000000239628E-001                  1.9999999999999796E-002                  0.0000000000000000E+000                  4.2719392757528466E+008                  2.5562514799487260E+006                  2.3651275800966945E-027                  0.0000000000000000E+000                  0.0000000000000000E+000                  1.3899169775918200E+001                  7.7468617223368764E+008                  2.6021456843559327E-006                  9.9789333671359186E-020                 -2.7923341962890751E+000                  4.6908924458816559E-001                  7.0764987194799667E-001                  8.5816486977998729E-001 
                                     136                  2.9998246161903466E+000                  4.4705648090524752E-001                  4.4959506341372526E+000                 -7.7810164221228861E+000                  4.8355043094192585E+000                  6.9999999999760398E-001                  2.8000000000239628E-001                  1.9999999999999796E-002                  0.0000000000000000E+000                  4.2898596112707484E+008                  2.5671652138314280E+006                  2.4283935268513503E-027                  0.0000000000000000E+000                  0.0000000000000000E+000                  1.4041315981683036E+001                  7.8532339537069654E+008                  2.4556828353329273E-006                  0.0000000000000000E+000                 -2.8049138626904138E+000                  4.7169459241283129E-001                  7.1025521977266237E-001                  8.6077021760465300E-001 
                                     137                  2.9998246161528490E+000                  4.4703540924225305E-001                  4.4995140697894023E+000                 -7.7718184893405198E+000                  4.8483346685901578E+000                  6.9999999999760398E-001                  2.8000000000239628E-001                  1.9999999999999796E-002                  0.0000000000000000E+000                  4.3069308150863749E+008                  2.5758217502023010E+006                  2.4803795769661066E-027                  0.0000000000000000E+000                  0.0000000000000000E+000                  1.4159827162565930E+001                  7.9055700121670318E+008                  2.3811614718800091E-006                  0.0000000000000000E+000                 -2.8116055765586467E+000                  4.7291692156784709E-001                  7.1147754892767823E-001                  8.6199254675966885E-001 
                                     138                  2.9998246160966024E+000                  4.4700445856395576E-001                  4.5036736486482178E+000                 -7.7611465499837546E+000                  4.8632510992904292E+000                  6.9999999999760398E-001                  2.8000000000239628E-001                  1.9999999999999796E-002                  0.0000000000000000E+000                  4.3296598986383283E+008                  2.5856218155407538E+006                  2.5420929883158572E-027                  0.0000000000000000E+000                  0.0000000000000000E+000                  1.4304233086457137E+001                  7.9832932515649080E+008                  2.2676450151151059E-006                  0.0000000000000000E+000                 -2.8222124651988754E+000                  4.7464985509636004E-001                  7.1321048245619123E-001                  8.6372548028818175E-001 
                                     139                  2.9998246160403559E+000                  4.4697425279009956E-001                  4.5083916870046270E+000                 -7.7491861192733325E+000                  4.8800343851485835E+000                  6.9999999999760398E-001                  2.8000000000239628E-001                  1.9999999999999796E-002                  0.0000000000000000E+000                  4.3597610498059613E+008                  2.5962951788994242E+006                  2.6130841302994918E-027                  0.0000000000000000E+000                  0.0000000000000000E+000                  1.4473379439419237E+001                  8.0596980587247705E+008                  2.1523009079757652E-006                  0.0000000000000000E+000                 -2.8335485055507341E+000                  4.7627152082708812E-001                  7.1483214818691920E-001                  8.6534714601890983E-001 
                                     140                  2.9998246159653599E+000                  4.4693506305163261E-001                  4.5136018184224520E+000                 -7.7360958612405915E+000                  4.8984597387509270E+000                  6.9999999999760398E-001                  2.8000000000239628E-001                  1.9999999999999796E-002                  0.0000000000000000E+000                  4.3989625221529353E+008                  2.6074669929042780E+006                  2.6930557750801186E-027                  0.0000000000000000E+000                  0.0000000000000000E+000                  1.4667379929514356E+001                  8.1596789411864173E+008                  1.9960665813658852E-006                  0.0000000000000000E+000                 -2.8499124881782483E+000                  4.7826550712845084E-001                  7.1682613448828192E-001                  8.6734113232027266E-001 
                                     141                  2.9998246158903643E+000                  4.4689702677946880E-001                  4.5186394881265182E+000                 -7.7235841313048681E+000                  4.9161411597911426E+000                  6.9999999999760398E-001                  2.8000000000239628E-001                  1.9999999999999796E-002                  0.0000000000000000E+000                  4.4437093759890985E+008                  2.6175806138461293E+006                  2.7717797947170632E-027                  0.0000000000000000E+000                  0.0000000000000000E+000                  1.4859913361983212E+001                  8.2574494623704517E+008                  1.8375082625753368E-006                  0.0000000000000000E+000                 -2.8678853496911878E+000                  4.8007635544243460E-001                  7.1863698280226573E-001                  8.6915198063425636E-001 
                                     142                  2.9998246158153683E+000                  4.4686006109779380E-001                  4.5229097976881256E+000                 -7.7130679904902495E+000                  4.9310480684817728E+000                  6.9999999999760398E-001                  2.8000000000239628E-001                  1.9999999999999796E-002                  0.0000000000000000E+000                  4.4874698963338381E+008                  2.6255669329336244E+006                  2.8397248884986266E-027                  0.0000000000000000E+000                  0.0000000000000000E+000                  1.5026605572657065E+001                  8.3531894595494998E+008                  1.6769159089715435E-006                  0.0000000000000000E+000                 -2.8877443575417088E+000                  4.8170964035567643E-001                  7.2027026771550751E-001                  8.7078526554749824E-001 
                                     143                  2.9998246157591217E+000                  4.4683299411221888E-001                  4.5264821027244775E+000                 -7.7043634642700241E+000                  4.9434334538735838E+000                  6.9999999999760398E-001                  2.8000000000239628E-001                  1.9999999999999796E-002                  0.0000000000000000E+000                  4.5287887476782036E+008                  2.6318074555479647E+006                  2.8972232898158270E-027                  0.0000000000000000E+000                  0.0000000000000000E+000                  1.5166944098509459E+001                  8.4238635384690762E+008                  1.5551610613348184E-006                  0.0000000000000000E+000                 -2.9041123131492066E+000                  4.8281904146614485E-001                  7.2137966882597604E-001                  8.7189466665796667E-001 
                                     144                  2.9998246157028752E+000                  4.4680645931531360E-001                  4.5299729250673133E+000                 -7.6959223675119111E+000                  4.9554783024694196E+000                  6.9999999999760398E-001                  2.8000000000239628E-001                  1.9999999999999796E-002                  0.0000000000000000E+000                  4.5737375704076010E+008                  2.6375030701315091E+006                  2.9540933423073735E-027                  0.0000000000000000E+000                  0.0000000000000000E+000                  1.5305897060857376E+001                  8.4937498116330016E+008                  1.4320416459405761E-006                  0.0000000000000000E+000                 -2.9220221759515148E+000                  4.8383046386711193E-001                  7.2239109122694301E-001                  8.7290608905893363E-001 
                                     145                  2.9998246156466282E+000                  4.4678043055306205E-001                  4.5333862016072803E+000                 -7.6877305935036144E+000                  4.9672008631785793E+000                  6.9999999999760398E-001                  2.8000000000239628E-001                  1.9999999999999796E-002                  0.0000000000000000E+000                  4.6224758822310251E+008                  2.6426731222815849E+006                  3.0103508457824850E-027                  0.0000000000000000E+000                  0.0000000000000000E+000                  1.5445173921098528E+001                  8.5627579010146129E+008                  1.3069645597136672E-006                  0.0000000000000000E+000                 -2.9418680944000379E+000                  4.8475111450043240E-001                  7.2331174186026348E-001                  8.7382673969225422E-001 
                                     146                  2.9998246155903816E+000                  4.4675488360022969E-001                  4.5383861998674302E+000                 -7.6759038930713537E+000                  4.9842158866943738E+000                  6.9999999999760398E-001                  2.8000000000239628E-001                  1.9999999999999796E-002                  0.0000000000000000E+000                  4.7034805473124903E+008                  2.6495002895900984E+006                  3.0934667981075250E-027                  0.0000000000000000E+000                  0.0000000000000000E+000                  1.5656836932589513E+001                  8.6312891309736478E+008                  1.1782783069621927E-006                  0.0000000000000000E+000                 -2.9643760589754180E+000                  4.8557551938941657E-001                  7.2413614674924764E-001                  8.7465114458123827E-001 
                                     147                  2.9998246154778885E+000                  4.4670514937903699E-001                  4.5447956680583372E+000                 -7.6608722689517261E+000                  5.0059224956382140E+000                  6.9999999999760398E-001                  2.8000000000239628E-001                  1.9999999999999796E-002                  0.0000000000000000E+000                  4.8253196697155154E+008                  2.6569085699726408E+006                  3.2024267596845775E-027                  0.0000000000000000E+000                  0.0000000000000000E+000                  1.5955264342315244E+001                  8.7660641805744207E+008                  9.0907142732780621E-007                  0.0000000000000000E+000                 -3.0207009960811919E+000                  4.8697869046076819E-001                  7.2553931782059933E-001                  8.7605431565258995E-001 
                                     148                  2.9998246153653949E+000                  4.4665709085965072E-001                  4.5499434540358772E+000                 -7.6489552879507192E+000                  5.0232252315477037E+000                  6.9999999999760398E-001                  2.8000000000239628E-001                  1.9999999999999796E-002                  0.0000000000000000E+000                  4.9398487625815213E+008                  2.6618162029593326E+006                  3.2915305955189179E-027                  0.0000000000000000E+000                  0.0000000000000000E+000                  1.6223004353703438E+001                  8.8971361098639715E+008                  6.2438542735700827E-007                  0.0000000000000000E+000                 -3.1022736207839037E+000                  4.8811369519313680E-001                  7.2667432255296793E-001                  8.7718932038495856E-001 
                                     149                  2.9998246152903993E+000                  4.4662591050819817E-001                  4.5539611123625861E+000                 -7.6398123530709183E+000                  5.0365913905433848E+000                  6.9999999999760398E-001                  2.8000000000239628E-001                  1.9999999999999796E-002                  0.0000000000000000E+000                  5.0409512990608299E+008                  2.6650560115297255E+006                  3.3615699938755807E-027                  0.0000000000000000E+000                  0.0000000000000000E+000                  1.6450832918091468E+001                  8.9833395562910485E+008                  4.2404648864416872E-007                  0.0000000000000000E+000                 -3.1862932643275941E+000                  4.8872949863090098E-001                  7.2729012599073217E-001                  8.7780512382272280E-001 
                                     150                  2.9998246152154033E+000                  4.4659537320734749E-001                  4.5585014671243647E+000                 -7.6296451770800742E+000                  5.0515541508495954E+000                  6.9999999999760398E-001                  2.8000000000239628E-001                  1.9999999999999796E-002                  0.0000000000000000E+000                  5.1686884257821631E+008                  2.6681488883763654E+006                  3.4412072315235865E-027                  0.0000000000000000E+000                  0.0000000000000000E+000                  1.6725541183111478E+001                  9.0691978859541464E+008                  2.1539477734228288E-007                  0.0000000000000000E+000                 -3.3333824156047318E+000                  4.8924199026625914E-001                  7.2780261762609022E-001                  8.7831761545808096E-001 
                                     151                  2.9998246151169718E+000                  4.4655621098466253E-001                  4.5635185880705134E+000                 -7.6185856151514173E+000                  5.0679425327198091E+000                  6.9999999999760398E-001                  2.8000000000239628E-001                  1.9999999999999796E-002                  0.0000000000000000E+000                  5.3276567205492949E+008                  2.6709441129383328E+006                  3.5299782713663429E-027                  0.0000000000000000E+000                  0.0000000000000000E+000                  1.7045406091078146E+001                  9.1808894654125249E+008                 -6.5003637309411763E-008                  0.0000000000000000E+000                 -9.8999999999999986E+001                  4.8979440533879043E-001                  7.2835503269862145E-001                  8.7887003053061208E-001 
                                     152                  2.9998246150185399E+000                  4.4651802325885431E-001                  4.5694444107434347E+000                 -7.6058171667501311E+000                  5.0870521265507564E+000                  6.9999999999760398E-001                  2.8000000000239628E-001                  1.9999999999999796E-002                  0.0000000000000000E+000                  5.5406951290647531E+008                  2.6736398799634497E+006                  3.6353179751942720E-027                  0.0000000000000000E+000                  0.0000000000000000E+000                  1.7433464918547315E+001                  9.2917669123437536E+008                 -3.4737135841850841E-007                  0.0000000000000000E+000                 -9.8999999999999986E+001                  4.9024035536731564E-001                  7.2880098272714677E-001                  8.7931598055913740E-001 
                                     153                  2.9998246148779235E+000                  4.4646503324016590E-001                  4.5750582391249868E+000                 -7.5939116327959750E+000                  5.1050131881233431E+000                  6.9999999999760398E-001                  2.8000000000239628E-001                  1.9999999999999796E-002                  0.0000000000000000E+000                  5.7676736960353351E+008                  2.6759338216506853E+006                  3.7363689708351596E-027                  0.0000000000000000E+000                  0.0000000000000000E+000                  1.7803977681802866E+001                  9.4481977528567016E+008                 -7.4273700902763857E-007                  0.0000000000000000E+000                 -9.8999999999999986E+001                  4.9077451664710992E-001                  7.2933514400694099E-001                  8.7985014183893173E-001 
                                     154                  2.9998246147841789E+000                  4.4643065146161409E-001                  4.5805232818314128E+000                 -7.5826086735058977E+000                  5.1222661985527047E+000                  6.9999999999760398E-001                  2.8000000000239628E-001                  1.9999999999999796E-002                  0.0000000000000000E+000                  6.0131691419273937E+008                  2.6782565696767471E+006                  3.8349037303225698E-027                  0.0000000000000000E+000                  0.0000000000000000E+000                  1.8153727256977749E+001                  9.5516796563130879E+008                 -9.9491862613403260E-007                  0.0000000000000000E+000                 -9.8999999999999986E+001                  4.9110860667909401E-001                  7.2966923403892503E-001                  8.8018423187091566E-001 
                                     155                  2.9998246146435621E+000                  4.4638038901744587E-001                  4.5863302163019108E+000                 -7.5707624895519787E+000                  5.1404932028933912E+000                  6.9999999999760398E-001                  2.8000000000239628E-001                  1.9999999999999796E-002                  0.0000000000000000E+000                  6.2987568092822957E+008                  2.6812128569984394E+006                  3.9409643723545917E-027                  0.0000000000000000E+000                  0.0000000000000000E+000                  1.8515104826841245E+001                  9.7059328630824924E+008                 -1.3496856262049954E-006                  0.0000000000000000E+000                 -9.8999999999999986E+001                  4.9164631662590774E-001                  7.3020694398573893E-001                  8.8072194181772956E-001 
                                     156                  2.9998246145263816E+000                  4.4633961788965915E-001                  4.5924643056630874E+000                 -7.5585217880149234E+000                  5.1595488049800107E+000                  6.9999999999760398E-001                  2.8000000000239628E-001                  1.9999999999999796E-002                  0.0000000000000000E+000                  6.6226920991994250E+008                  2.6852919806549838E+006                  4.0536398205421335E-027                  0.0000000000000000E+000                  0.0000000000000000E+000                  1.8878973454522235E+001                  9.8333349352320361E+008                 -1.6204832866911384E-006                  0.0000000000000000E+000                 -9.8999999999999986E+001                  4.9218001581310344E-001                  7.3074064317293452E-001                  8.8125564100492515E-001 
                                     157                  2.9998246143623288E+000                  4.4628410619547454E-001                  4.5978689603728249E+000                 -7.5478162813307765E+000                  5.1763194926128087E+000                  6.9999999999760398E-001                  2.8000000000239628E-001                  1.9999999999999796E-002                  0.0000000000000000E+000                  6.9202463292965829E+008                  2.6900806432340643E+006                  4.1548216873301073E-027                  0.0000000000000000E+000                  0.0000000000000000E+000                  1.9187197039822919E+001                  1.0009425925973853E+009                 -1.9586914420494079E-006                  0.0000000000000000E+000                 -9.8999999999999986E+001                  4.9311310266675901E-001                  7.3167373002659009E-001                  8.8218872785858071E-001 
                                     158                  2.9998246142685838E+000                  4.4625314835680047E-001                  4.6007449196989780E+000                 -7.5421854804600938E+000                  5.1852038324738805E+000                  6.9999999999760398E-001                  2.8000000000239628E-001                  1.9999999999999796E-002                  0.0000000000000000E+000                  7.0815758699680424E+008                  2.6932047460761028E+006                  4.2090502142517021E-027                  0.0000000000000000E+000                  0.0000000000000000E+000                  1.9343976654854558E+001                  1.0108568272560922E+009                 -2.1297237272119623E-006                  0.0000000000000000E+000                 -9.8999999999999986E+001                  4.9376139000211916E-001                  7.3232201736195024E-001                  8.8283701519394098E-001 
                                     159                  2.9998246142217124E+000                  4.4623786639194901E-001                  4.6035799428671558E+000                 -7.5367046600410417E+000                  5.1939112766343225E+000                  6.9999999999760398E-001                  2.8000000000239628E-001                  1.9999999999999796E-002                  0.0000000000000000E+000                  7.2415675442924583E+008                  2.6967318587346761E+006                  4.2625140630841947E-027                  0.0000000000000000E+000                  0.0000000000000000E+000                  1.9491888708521461E+001                  1.0158248572725376E+009                 -2.2068848467890898E-006                  0.0000000000000000E+000                 -9.8999999999999986E+001                  4.9413417843058488E-001                  7.3269480579041601E-001                  8.8320980362240664E-001 
                                     160                  2.9998246141279674E+000                  4.4620768101718439E-001                  4.6091072402373978E+000                 -7.5261332231428071E+000                  5.2108239097712090E+000                  6.9999999999760398E-001                  2.8000000000239628E-001                  1.9999999999999796E-002                  0.0000000000000000E+000                  7.5498291530352056E+008                  2.7049782870332287E+006                  4.3675612970027162E-027                  0.0000000000000000E+000                  0.0000000000000000E+000                  1.9762388866837270E+001                  1.0257850382679689E+009                 -2.3431999264134853E-006                  0.0000000000000000E+000                 -9.8999999999999986E+001                  4.9498566679767869E-001                  7.3354629415750994E-001                  8.8406129198950045E-001 
                                     161                  2.9998246139404783E+000                  4.4614874391041515E-001                  4.6152684932728061E+000                 -7.5143242218507540E+000                  5.2297673453831877E+000                  6.9999999999760398E-001                  2.8000000000239628E-001                  1.9999999999999796E-002                  0.0000000000000000E+000                  7.8741563705191886E+008                  2.7164711607731939E+006                  4.4879704319573877E-027                  0.0000000000000000E+000                  0.0000000000000000E+000                  2.0040134686656181E+001                  1.0453449820920802E+009                 -2.5625723069432762E-006                  0.0000000000000000E+000                 -9.8999999999999986E+001                  4.9698130151914899E-001                  7.3554192887898018E-001                  8.8605692671097080E-001 
                                     162                  2.9998246137998619E+000                  4.4610571166283136E-001                  4.6203558700847998E+000                 -7.5046598707974974E+000                  5.2453778931500086E+000                  6.9999999999760398E-001                  2.8000000000239628E-001                  1.9999999999999796E-002                  0.0000000000000000E+000                  8.1161807176636386E+008                  2.7279373604955291E+006                  4.5889780031030580E-027                  0.0000000000000000E+000                  0.0000000000000000E+000                  2.0242801499341191E+001                  1.0597071061737226E+009                 -2.6805075335953618E-006                  0.0000000000000000E+000                 -9.8999999999999986E+001                  4.9872812383582404E-001                  7.3728875119565507E-001                  8.8780374902764581E-001 
                                     163                  2.9998246136592455E+000                  4.4606361405928913E-001                  4.6260731857798181E+000                 -7.4938590822146489E+000                  5.2629148187594614E+000                  6.9999999999760398E-001                  2.8000000000239628E-001                  1.9999999999999796E-002                  0.0000000000000000E+000                  8.3487757838104916E+008                  2.7430906969380570E+006                  4.7045557202986152E-027                  0.0000000000000000E+000                  0.0000000000000000E+000                  2.0439913752838027E+001                  1.0739210509326544E+009                 -2.7531684280866371E-006                  0.0000000000000000E+000                 -9.8999999999999986E+001                  5.0071658386479390E-001                  7.3927721122462497E-001                  8.8979220905661571E-001 
                                     164                  2.9998246134717563E+000                  4.4600884432654314E-001                  4.6307557482190411E+000                 -7.4849082047969819E+000                  5.2774098487836723E+000                  6.9999999999760398E-001                  2.8000000000239628E-001                  1.9999999999999796E-002                  0.0000000000000000E+000                  8.5013055436149788E+008                  2.7572977811987256E+006                  4.8025406157697040E-027                  0.0000000000000000E+000                  0.0000000000000000E+000                  2.0581159242336106E+001                  1.0924141028321772E+009                 -2.7951879649329953E-006                  0.0000000000000000E+000                 -9.8999999999999986E+001                  5.0364140543581160E-001                  7.4220203279564267E-001                  8.9271703062763330E-001 
                                     165                  2.9998246133780113E+000                  4.4598201052793840E-001                  4.6353106710154979E+000                 -7.4762981207456791E+000                  5.2914400885080388E+000                  6.9999999999760398E-001                  2.8000000000239628E-001                  1.9999999999999796E-002                  0.0000000000000000E+000                  8.6134697420307100E+008                  2.7726835190133448E+006                  4.8987202485389047E-027                  0.0000000000000000E+000                  0.0000000000000000E+000                  2.0689565181432201E+001                  1.1015059074233308E+009                 -2.7916910793365696E-006                  0.0000000000000000E+000                 -9.8999999999999986E+001                  5.0522182520718095E-001                  7.4378245256701192E-001                  8.9429745039900266E-001 
                                     166                  2.9998246131905222E+000                  4.4592938199555976E-001                  4.6411079868843137E+000                 -7.4651721642430591E+000                  5.3094772549090745E+000                  6.9999999999760398E-001                  2.8000000000239628E-001                  1.9999999999999796E-002                  0.0000000000000000E+000                  8.6964122638738334E+008                  2.7944646970199239E+006                  5.0258620829764920E-027                  0.0000000000000000E+000                  0.0000000000000000E+000                  2.0793724946980731E+001                  1.1193788273557184E+009                 -2.7389976143526173E-006                  0.0000000000000000E+000                 -9.8999999999999986E+001                  5.0858653228356321E-001                  7.4714715964339440E-001                  8.9766215747538491E-001 
                                     167                  2.9998246130030330E+000                  4.4587806618190273E-001                  4.6466344221512053E+000                 -7.4544396535484800E+000                  5.3268031021719429E+000                  6.9999999999760398E-001                  2.8000000000239628E-001                  1.9999999999999796E-002                  0.0000000000000000E+000                  8.7101916192627180E+008                  2.8174903236839361E+006                  5.1516340267975911E-027                  0.0000000000000000E+000                  0.0000000000000000E+000                  2.0849328630122987E+001                  1.1366374626211760E+009                 -2.6422893082415241E-006                  0.0000000000000000E+000                 -9.8999999999999986E+001                  5.1211924581084156E-001                  7.5067987317067264E-001                  9.0119487100266327E-001 
                                     168                  2.9998246128155448E+000                  4.4582798543426988E-001                  4.6505929818357536E+000                 -7.4465931332295243E+000                  5.3393641617825454E+000                  6.9999999999760398E-001                  2.8000000000239628E-001                  1.9999999999999796E-002                  0.0000000000000000E+000                  8.6831685002633703E+008                  2.8352836760412287E+006                  5.2455731333162981E-027                  0.0000000000000000E+000                  0.0000000000000000E+000                  2.0862858044645321E+001                  1.1532747228902478E+009                 -2.5094006715869380E-006                  0.0000000000000000E+000                 -9.8999999999999986E+001                  5.1577220786665012E-001                  7.5433283522648131E-001                  9.0484783305847194E-001 
                                     169                  2.9998246127217998E+000                  4.4580338706550071E-001                  4.6531663169290631E+000                 -7.4414765715580531E+000                  5.3475426374080364E+000                  6.9999999999760398E-001                  2.8000000000239628E-001                  1.9999999999999796E-002                  0.0000000000000000E+000                  8.6504974021321011E+008                  2.8474245191330500E+006                  5.3077498014321550E-027                  0.0000000000000000E+000                  0.0000000000000000E+000                  2.0856482152165412E+001                  1.1613770694477367E+009                 -2.4307858818348776E-006                  0.0000000000000000E+000                 -9.8999999999999986E+001                  5.1763509915357597E-001                  7.5619572651340705E-001                  9.0671072434539779E-001 
                                     170                  2.9998246126280557E+000                  4.4577907269022299E-001                  4.6569300614678433E+000                 -7.4339587811317713E+000                  5.3595312782562701E+000                  6.9999999999760398E-001                  2.8000000000239628E-001                  1.9999999999999796E-002                  0.0000000000000000E+000                  8.5826407298412895E+008                  2.8659732655861620E+006                  5.4004458606149779E-027                  0.0000000000000000E+000                  0.0000000000000000E+000                  2.0827007870491254E+001                  1.1693823608216889E+009                 -2.3428632466400858E-006                  0.0000000000000000E+000                 -9.8999999999999986E+001                  5.1952828124253347E-001                  7.5808890860236455E-001                  9.0860390643435518E-001 
                                     171                  2.9998246124405665E+000                  4.4573126656992718E-001                  4.6617241740722459E+000                 -7.4241310044177178E+000                  5.3750247804682045E+000                  6.9999999999760398E-001                  2.8000000000239628E-001                  1.9999999999999796E-002                  0.0000000000000000E+000                  8.4639008195566678E+008                  2.8908739576063701E+006                  5.5240705947975958E-027                  0.0000000000000000E+000                  0.0000000000000000E+000                  2.0765842637227308E+001                  1.1849315103565319E+009                 -2.1540466091295842E-006                  0.0000000000000000E+000                 -9.8999999999999986E+001                  5.2333656806302931E-001                  7.6189719542286050E-001                  9.1241219325485112E-001 
                                     172                  2.9998246122530774E+000                  4.4568451485349464E-001                  4.6674383228731431E+000                 -7.4122154478005360E+000                  5.3936531741708142E+000                  6.9999999999760398E-001                  2.8000000000239628E-001                  1.9999999999999796E-002                  0.0000000000000000E+000                  8.2825493331479692E+008                  2.9223381648040884E+006                  5.6777598464158588E-027                  0.0000000000000000E+000                  0.0000000000000000E+000                  2.0655912501568540E+001                  1.1998675398819046E+009                 -1.9550607558874286E-006                  0.0000000000000000E+000                 -9.8999999999999986E+001                  5.2714440476750335E-001                  7.6570503212733454E-001                  9.1622002995932517E-001 
                                     173                  2.9998246119718437E+000                  4.4561625807719213E-001                  4.6727946345446272E+000                 -7.4005742724265176E+000                  5.4115262922293619E+000                  6.9999999999760398E-001                  2.8000000000239628E-001                  1.9999999999999796E-002                  0.0000000000000000E+000                  8.0827277006779277E+008                  2.9533559766025641E+006                  5.8320389412515370E-027                  0.0000000000000000E+000                  0.0000000000000000E+000                  2.0533991406889463E+001                  1.2211174868390019E+009                 -1.6530852041787722E-006                  0.0000000000000000E+000                 -9.8999999999999986E+001                  5.3278433948997916E-001                  7.7134496684981024E-001                  9.2185996468180087E-001 
                                     174                  2.9998246117843546E+000                  4.4557193986795912E-001                  4.6768935372799580E+000                 -7.3915173451233827E+000                  5.4253189228618783E+000                  6.9999999999760398E-001                  2.8000000000239628E-001                  1.9999999999999796E-002                  0.0000000000000000E+000                  7.9168069205592132E+008                  2.9780247679660772E+006                  5.9549633203335324E-027                  0.0000000000000000E+000                  0.0000000000000000E+000                  2.0424759803414183E+001                  1.2345535811302950E+009                 -1.4557152633923955E-006                  0.0000000000000000E+000                 -9.8999999999999986E+001                  5.3646699355167105E-001                  7.7502762091150224E-001                  9.2554261874349286E-001 
                                     175                  2.9998246115968654E+000                  4.4552852316116542E-001                  4.6818003764521130E+000                 -7.3804913279713853E+000                  5.4419721912177641E+000                  6.9999999999760398E-001                  2.8000000000239628E-001                  1.9999999999999796E-002                  0.0000000000000000E+000                  7.7098403810724962E+008                  3.0085034454979734E+006                  6.1081157866296495E-027                  0.0000000000000000E+000                  0.0000000000000000E+000                  2.0277252898205461E+001                  1.2475383143256211E+009                 -1.2616118005173810E-006                  0.0000000000000000E+000                 -9.8999999999999986E+001                  5.4008719863720711E-001                  7.7864782599703830E-001                  9.2916282382902882E-001 
                                     176                  2.9998246113156322E+000                  4.4546500725219301E-001                  4.6864277596183461E+000                 -7.3696949920730770E+000                  5.4580196069110549E+000                  6.9999999999760398E-001                  2.8000000000239628E-001                  1.9999999999999796E-002                  0.0000000000000000E+000                  7.5111830642259455E+008                  3.0379936502024774E+006                  6.2618942888121666E-027                  0.0000000000000000E+000                  0.0000000000000000E+000                  2.0128473877452635E+001                  1.2660460706193826E+009                 -9.8476668165967352E-007                  0.0000000000000000E+000                 -9.8999999999999986E+001                  5.4534539682434868E-001                  7.8390602418417976E-001                  9.3442102201617039E-001 
                                     177                  2.9998246111281430E+000                  4.4542368802621740E-001                  4.6917499749022396E+000                 -7.3571776194308027E+000                  5.4765320411016951E+000                  6.9999999999760398E-001                  2.8000000000239628E-001                  1.9999999999999796E-002                  0.0000000000000000E+000                  7.2833650164991117E+008                  3.0727365737009291E+006                  6.4450399366565010E-027                  0.0000000000000000E+000                  0.0000000000000000E+000                  1.9925977401400676E+001                  1.2778347962276971E+009                 -8.0905773221264360E-007                  0.0000000000000000E+000                 -9.8999999999999986E+001                  5.4872870332914170E-001                  7.8728933068897278E-001                  9.3780432852096340E-001 
                                     178                  2.9998246107531648E+000                  4.4534336366847915E-001                  4.6975226264351626E+000                 -7.3429357609401418E+000                  5.4971923667533371E+000                  6.9999999999760398E-001                  2.8000000000239628E-001                  1.9999999999999796E-002                  0.0000000000000000E+000                  7.0422926206390893E+008                  3.1109728775981450E+006                  6.6599408105740027E-027                  0.0000000000000000E+000                  0.0000000000000000E+000                  1.9688761337079708E+001                  1.3001502932799759E+009                 -4.8102513692063466E-007                  0.0000000000000000E+000                 -9.8999999999999986E+001                  5.5517230348471258E-001                  7.9373293084454366E-001                  9.4424792867653429E-001 
                                     179                  2.9998246104719315E+000                  4.4528503599590868E-001                  4.7022037044230967E+000                 -7.3311234078615026E+000                  5.5141600676772589E+000                  6.9999999999760398E-001                  2.8000000000239628E-001                  1.9999999999999796E-002                  0.0000000000000000E+000                  6.8557842375299442E+008                  3.1422987578789773E+006                  6.8436085854847807E-027                  0.0000000000000000E+000                  0.0000000000000000E+000                  1.9469881937624038E+001                  1.3157854476083877E+009                 -2.5736885250261384E-007                  0.0000000000000000E+000                 -9.8999999999999986E+001                  5.5970538883771204E-001                  7.9826601619754323E-001                  9.4878101402953385E-001 
                                     180                  2.9998246101906973E+000                  4.4522825082155182E-001                  4.7073788602124162E+000                 -7.3177695293049103E+000                  5.5331623136918155E+000                  6.9999999999760398E-001                  2.8000000000239628E-001                  1.9999999999999796E-002                  0.0000000000000000E+000                  6.6615062634585547E+008                  3.1770774663388696E+006                  7.0573529778679729E-027                  0.0000000000000000E+000                  0.0000000000000000E+000                  1.9203434770985748E+001                  1.3306960639543357E+009                 -4.9921847186477363E-008                  0.0000000000000000E+000                 -9.8999999999999986E+001                  5.6398750846446777E-001                  8.0254813582429885E-001                  9.5306313365628947E-001 
                                     181                  2.9998246098157195E+000                  4.4515479686758314E-001                  4.7122235151288754E+000                 -7.3047816570433310E+000                  5.5513799329529263E+000                  6.9999999999760398E-001                  2.8000000000239628E-001                  1.9999999999999796E-002                  0.0000000000000000E+000                  6.4912436565629697E+008                  3.2095462322085099E+006                  7.2716417576848493E-027                  0.0000000000000000E+000                  0.0000000000000000E+000                  1.8945892580090547E+001                  1.3494048215015640E+009                  1.9894801106960115E-007                  0.0000000000000000E+000                 -3.3506301991203564E+000                  5.6931496110057755E-001                  8.0787558846040863E-001                  9.5839058629239926E-001 
                                     182                  2.9998246095344858E+000                  4.4510130608042558E-001                  4.7161767332458062E+000                 -7.2939811054236570E+000                  5.5664162670706698E+000                  6.9999999999760398E-001                  2.8000000000239628E-001                  1.9999999999999796E-002                  0.0000000000000000E+000                  6.3610422058294916E+008                  3.2359313383689444E+006                  7.4547890038390275E-027                  0.0000000000000000E+000                  0.0000000000000000E+000                  1.8727879351074090E+001                  1.3626367418143208E+009                  3.6528683665453494E-007                  0.0000000000000000E+000                 -3.2186829887931672E+000                  5.7303692582579446E-001                  8.1159755318562554E-001                  9.6211255101761617E-001 
                                     183                  2.9998246092532521E+000                  4.4504911011106318E-001                  4.7205758066434251E+000                 -7.2817458125658998E+000                  5.5833329522451534E+000                  6.9999999999760398E-001                  2.8000000000239628E-001                  1.9999999999999796E-002                  0.0000000000000000E+000                  6.2257432021644020E+008                  3.2650766241045860E+006                  7.6678449534524108E-027                  0.0000000000000000E+000                  0.0000000000000000E+000                  1.8481108480171105E+001                  1.3753301894911263E+009                  5.1585486863182102E-007                  0.0000000000000000E+000                 -3.1437362331185272E+000                  5.7653648251244838E-001                  8.1509710987227946E-001                  9.6561210770426997E-001 
                                     184                  2.9998246088782738E+000                  4.4498142077759767E-001                  4.7253183204379505E+000                 -7.2681791629998482E+000                  5.6019036678655745E+000                  6.9999999999760398E-001                  2.8000000000239628E-001                  1.9999999999999796E-002                  0.0000000000000000E+000                  6.0911953005042398E+008                  3.2961033540350036E+006                  7.9112112476899668E-027                  0.0000000000000000E+000                  0.0000000000000000E+000                  1.8219477170599117E+001                  1.3914141827601752E+009                  6.9315420982201043E-007                  0.0000000000000000E+000                 -3.0795850673807235E+000                  5.8088366062213603E-001                  8.1944428798196711E-001                  9.6995928581395785E-001 
                                     185                  2.9998246085032965E+000                  4.4491578304369511E-001                  4.7292458010396388E+000                 -7.2566599397316436E+000                  5.6175354197624845E+000                  6.9999999999760398E-001                  2.8000000000239628E-001                  1.9999999999999796E-002                  0.0000000000000000E+000                  5.9881843972167492E+008                  3.3214560548389163E+006                  8.1239042590643884E-027                  0.0000000000000000E+000                  0.0000000000000000E+000                  1.8008481361099001E+001                  1.4065731636486137E+009                  8.4623270324665884E-007                  0.0000000000000000E+000                 -3.0362550975352609E+000                  5.8490282219381062E-001                  8.2346344955364170E-001                  9.7397844738563244E-001 
                                     186                  2.9998246082220623E+000                  4.4486782449687334E-001                  4.7324789539199594E+000                 -7.2470583477168793E+000                  5.6305059832199920E+000                  6.9999999999760398E-001                  2.8000000000239628E-001                  1.9999999999999796E-002                  0.0000000000000000E+000                  5.9088807272385037E+008                  3.3421005885384525E+006                  8.3055534099573385E-027                  0.0000000000000000E+000                  0.0000000000000000E+000                  1.7836197214711415E+001                  1.4174373924036591E+009                  9.4736928766904274E-007                  0.0000000000000000E+000                 -3.0117403492868582E+000                  5.8772139973523907E-001                  8.2628202709507015E-001                  9.7679702492706089E-001 
                                     187                  2.9998246079408291E+000                  4.4482089923023993E-001                  4.7361073601543957E+000                 -7.2361577190183963E+000                  5.6451706177144212E+000                  6.9999999999760398E-001                  2.8000000000239628E-001                  1.9999999999999796E-002                  0.0000000000000000E+000                  5.8255050947255325E+008                  3.3650041423772816E+006                  8.5167071879433703E-027                  0.0000000000000000E+000                  0.0000000000000000E+000                  1.7644559112779962E+001                  1.4279498877297966E+009                  1.0384835358240531E-006                  0.0000000000000000E+000                 -2.9918001922016306E+000                  5.9038540491327163E-001                  8.2894603227310282E-001                  9.7946103010509333E-001 
                                     188                  2.9998246075658508E+000                  4.4475986031571213E-001                  4.7400593680738190E+000                 -7.2240498530482720E+000                  5.6613543492925329E+000                  6.9999999999760398E-001                  2.8000000000239628E-001                  1.9999999999999796E-002                  0.0000000000000000E+000                  5.7409748398337042E+008                  3.3895741308862022E+006                  8.7575456395024951E-027                  0.0000000000000000E+000                  0.0000000000000000E+000                  1.7441497869325342E+001                  1.4414038638095474E+009                  1.1462013663118091E-006                  0.0000000000000000E+000                 -2.9703695390919327E+000                  5.9372150886659047E-001                  8.3228213622642166E-001                  9.8279713405841218E-001 
                                     189                  2.9998246071908730E+000                  4.4470047493124171E-001                  4.7433628303461708E+000                 -7.2137492970352008E+000                  5.6750440729485980E+000                  6.9999999999760398E-001                  2.8000000000239628E-001                  1.9999999999999796E-002                  0.0000000000000000E+000                  5.6750817196654129E+008                  3.4097949834729186E+006                  8.9677894193307172E-027                  0.0000000000000000E+000                  0.0000000000000000E+000                  1.7276144473281210E+001                  1.4542236459320254E+009                  1.2400867255494368E-006                  0.0000000000000000E+000                 -2.9532739706807782E+000                  5.9683574331913736E-001                  8.3539637067896844E-001                  9.8591136851095906E-001 
                                     190                  2.9998246069096393E+000                  4.4465696437602026E-001                  4.7461002153979992E+000                 -7.2051441169700716E+000                  5.6864486785490849E+000                  6.9999999999760398E-001                  2.8000000000239628E-001                  1.9999999999999796E-002                  0.0000000000000000E+000                  5.6236734445543623E+008                  3.4263505537231383E+006                  9.1472940297749759E-027                  0.0000000000000000E+000                  0.0000000000000000E+000                  1.7140192250537925E+001                  1.4634895933653502E+009                  1.3026902671182528E-006                  0.0000000000000000E+000                 -2.9425794158089364E+000                  5.9903746607699293E-001                  8.3759809343682412E-001                  9.8811309126881475E-001 
                                     191                  2.9998246066284056E+000                  4.4461429476189024E-001                  4.7500700173530612E+000                 -7.1926230720859836E+000                  5.7030193723835092E+000                  6.9999999999760398E-001                  2.8000000000239628E-001                  1.9999999999999796E-002                  0.0000000000000000E+000                  5.5540911513457406E+008                  3.4500645516381236E+006                  9.4149217410641157E-027                  0.0000000000000000E+000                  0.0000000000000000E+000                  1.6942356854255092E+001                  1.4725433262510536E+009                  1.3596141340766748E-006                  0.0000000000000000E+000                 -2.9332921646454007E+000                  6.0113139835466067E-001                  8.3969202571449186E-001                  9.9020702354648238E-001 
                                     192                  2.9998246060659381E+000                  4.4453134481903084E-001                  4.7542289636464243E+000                 -7.1791234523471887E+000                  5.7207320629253386E+000                  6.9999999999760398E-001                  2.8000000000239628E-001                  1.9999999999999796E-002                  0.0000000000000000E+000                  5.4863550806663537E+008                  3.4744383557513128E+006                  9.7122454708639331E-027                  0.0000000000000000E+000                  0.0000000000000000E+000                  1.6747028114746055E+001                  1.4898264546374493E+009                  1.4584674903800869E-006                  0.0000000000000000E+000                 -2.9180516234856908E+000                  6.0504601773450928E-001                  8.4360664509434047E-001                  9.9412164292633109E-001 
                                     193                  2.9998246056909608E+000                  4.4447771206605846E-001                  4.7566297220061280E+000                 -7.1712514104034941E+000                  5.7310280012369166E+000                  6.9999999999760398E-001                  2.8000000000239628E-001                  1.9999999999999796E-002                  0.0000000000000000E+000                  5.4496640046424985E+008                  3.4883223023656360E+006                  9.8899398431851298E-027                  0.0000000000000000E+000                  0.0000000000000000E+000                  1.6636325092937490E+001                  1.5007370430555756E+009                  1.5145118196333499E-006                  0.0000000000000000E+000                 -2.9098636664869519E+000                  6.0747545450417639E-001                  8.4603608186400747E-001                  9.9655107969599810E-001 
                                     194                  2.9998246055034716E+000                  4.4445137011028529E-001                  4.7589815534614406E+000                 -7.1635647470253616E+000                  5.7410879053073911E+000                  6.9999999999760398E-001                  2.8000000000239628E-001                  1.9999999999999796E-002                  0.0000000000000000E+000                  5.4155050077042139E+008                  3.5018148188794991E+006                  1.0066586784899475E-026                  0.0000000000000000E+000                  0.0000000000000000E+000                  1.6526503309510513E+001                  1.5060886975967305E+009                  1.5401298637535854E-006                  0.0000000000000000E+000                 -2.9062213289539347E+000                  6.0863793727307691E-001                  8.4719856463290810E-001                  9.9771356246489862E-001 
                                     195                  2.9998246051284934E+000                  4.4439959649167415E-001                  4.7623844580581434E+000                 -7.1523148661329383E+000                  5.7557607683364624E+000                  6.9999999999760398E-001                  2.8000000000239622E-001                  1.9999999999999796E-002                  0.0000000000000000E+000                  5.3686391298567146E+008                  3.5210971284728558E+006                  1.0330824322946737E-026                  0.0000000000000000E+000                  0.0000000000000000E+000                  1.6371801356719192E+001                  1.5165786592633057E+009                  1.5870621885075102E-006                  0.0000000000000000E+000                 -2.8997030276129694E+000                  6.1086824689008812E-001                  8.4942887424991920E-001                  9.9994387208190982E-001 
                                     196                  2.9998246046597705E+000                  4.4433650933673552E-001                  4.7663660007124058E+000                 -7.1390115632220796E+000                  5.7730559576006240E+000                  6.9999999999760398E-001                  2.8000000000239628E-001                  1.9999999999999796E-002                  0.0000000000000000E+000                  5.3174958359260428E+008                  3.5433237847802923E+006                  1.0652258609815209E-026                  0.0000000000000000E+000                  0.0000000000000000E+000                  1.6195600463903471E+001                  1.5292009909193306E+009                  1.6382277202849641E-006                  0.0000000000000000E+000                 -2.8928128648441884E+000                  6.1349895154544720E-001                  8.5205957890527839E-001                  1.0025745767372689E+000 
                                     197                  2.9998246040973031E+000                  4.4426305394180088E-001                  4.7708431249378078E+000                 -7.1238820731120454E+000                  5.7926585164202109E+000                  6.9999999999760398E-001                  2.8000000000239628E-001                  1.9999999999999796E-002                  0.0000000000000000E+000                  5.2643782885132140E+008                  3.5679131605180912E+006                  1.1029990731001486E-026                  0.0000000000000000E+000                  0.0000000000000000E+000                  1.6003874670325068E+001                  1.5437221711007717E+009                  1.6903269021901488E-006                  0.0000000000000000E+000                 -2.8860146482588318E+000                  6.1644969433876651E-001                  8.5501032169859759E-001                  1.0055253195305882E+000 
                                     198                  2.9998246034410916E+000                  4.4418024535133904E-001                  4.7757337042829064E+000                 -7.1071641107292303E+000                  5.8142453706573676E+000                  6.9999999999760398E-001                  2.8000000000239628E-001                  1.9999999999999796E-002                  0.0000000000000000E+000                  5.2111773723799950E+008                  3.5943187137529780E+006                  1.1462980711886669E-026                  0.0000000000000000E+000                  0.0000000000000000E+000                  1.5802414792312058E+001                  1.5598873878731890E+009                  1.7404704794908779E-006                  0.0000000000000000E+000                 -2.8796666692415385E+000                  6.1964450585392750E-001                  8.5820513321375858E-001                  1.0087201310457492E+000 
                                     199                  2.9998246026911355E+000                  4.4408912607384698E-001                  4.7794298894792746E+000                 -7.0942845378216619E+000                  5.8307877381690396E+000                  6.9999999999760398E-001                  2.8000000000239628E-001                  1.9999999999999796E-002                  0.0000000000000000E+000                  5.1736557153405511E+008                  3.6139527569097928E+006                  1.1808116325390464E-026                  0.0000000000000000E+000                  0.0000000000000000E+000                  1.5659925810624172E+001                  1.5773334574806736E+009                  1.7861541755790373E-006                  0.0000000000000000E+000                 -2.8740405284030905E+000                  6.2301927323646855E-001                  8.6157990059629974E-001                  1.0120948984282903E+000 
                                     200                  2.9998246023161572E+000                  4.4404487704364110E-001                  4.7830141033758045E+000                 -7.0818966096433611E+000                  5.8467294333849775E+000                  6.9999999999760398E-001                  2.8000000000239628E-001                  1.9999999999999796E-002                  0.0000000000000000E+000                  5.1400138004498541E+008                  3.6328101834439021E+006                  1.2149879064315453E-026                  0.0000000000000000E+000                  0.0000000000000000E+000                  1.5519328432917973E+001                  1.5857657060930007E+009                  1.8052533068327707E-006                  0.0000000000000000E+000                 -2.8717309253995915E+000                  6.2460543959937209E-001                  8.6316606695920317E-001                  1.0136810647911938E+000 
                                     201                  2.9998246015662016E+000                  4.4395882894759503E-001                  4.7864207649763024E+000                 -7.0698696929307685E+000                  5.8621185938111804E+000                  6.9999999999760398E-001                  2.8000000000239628E-001                  1.9999999999999796E-002                  0.0000000000000000E+000                  5.1094620887376690E+008                  3.6505005773899248E+006                  1.2491144238623252E-026                  0.0000000000000000E+000                  0.0000000000000000E+000                  1.5395415042377556E+001                  1.6020466572330620E+009                  1.8374311863061340E-006                  0.0000000000000000E+000                 -2.8678944583578394E+000                  6.2760461836308945E-001                  8.6616524572292053E-001                  1.0166802435549112E+000 
                                     202                  2.9998246011912233E+000                  4.4391696152451682E-001                  4.7897328380626938E+000                 -7.0582730427273797E+000                  5.8769866872686034E+000                  6.9999999999760398E-001                  2.8000000000239628E-001                  1.9999999999999796E-002                  0.0000000000000000E+000                  5.0818606127536815E+008                  3.6675672968659326E+006                  1.2829276022391375E-026                  0.0000000000000000E+000                  0.0000000000000000E+000                  1.5272706931896591E+001                  1.6099094848393862E+009                  1.8508054946646421E-006                  0.0000000000000000E+000                 -2.8663196099191715E+000                  6.2902485976944544E-001                  8.6758548712927652E-001                  1.0181004849612671E+000 
                                     203                  2.9998246004412668E+000                  4.4383539823773277E-001                  4.7928940284191439E+000                 -7.0469965872325178E+000                  5.8913732016131943E+000                  6.9999999999760398E-001                  2.8000000000239628E-001                  1.9999999999999796E-002                  0.0000000000000000E+000                  5.0565264999307066E+008                  3.6836815275931149E+006                  1.3166848294934655E-026                  0.0000000000000000E+000                  0.0000000000000000E+000                  1.5163605864650371E+001                  1.6251397863222585E+009                  1.8732664369742176E-006                  0.0000000000000000E+000                 -2.8637002239983529E+000                  6.3172606957676924E-001                  8.7028669693660043E-001                  1.0208016947685910E+000 
                                     204                  2.9998246000662889E+000                  4.4379564520685094E-001                  4.7959741842297294E+000                 -7.0360995903474421E+000                  5.9053034055865767E+000                  6.9999999999760398E-001                  2.8000000000239628E-001                  1.9999999999999796E-002                  0.0000000000000000E+000                  5.0334763445334142E+008                  3.6992862684640801E+006                  1.3501498953497188E-026                  0.0000000000000000E+000                  0.0000000000000000E+000                  1.5055316650308985E+001                  1.6325181270427554E+009                  1.8825385274751244E-006                  0.0000000000000000E+000                 -2.8626280634471293E+000                  6.3301237457328452E-001                  8.7157300193311560E-001                  1.0220879997651062E+000 
                                     205                  2.9998245993163324E+000                  4.4371807780913941E-001                  4.7999031781171428E+000                 -7.0220415507612506E+000                  5.9232206240305967E+000                  6.9999999999760398E-001                  2.8000000000239628E-001                  1.9999999999999796E-002                  0.0000000000000000E+000                  5.0054584615497345E+008                  3.7190083246259699E+006                  1.3945823359238705E-026                  0.0000000000000000E+000                  0.0000000000000000E+000                  1.4924024189330492E+001                  1.6469133880302866E+009                  1.8981201674089438E-006                  0.0000000000000000E+000                 -2.8608381482223826E+000                  6.3546912855036641E-001                  8.7402975591019749E-001                  1.0245447537421881E+000 
                                     206                  2.9998245985663763E+000                  4.4364294143420502E-001                  4.8027285450631592E+000                 -7.0118328080049812E+000                  5.9361983784498396E+000                  6.9999999999760398E-001                  2.8000000000239628E-001                  1.9999999999999796E-002                  0.0000000000000000E+000                  4.9861907377628493E+008                  3.7330754131581970E+006                  1.4277624188024153E-026                  0.0000000000000000E+000                  0.0000000000000000E+000                  1.4834068432095824E+001                  1.6606454646986706E+009                  1.9097128507731830E-006                  0.0000000000000000E+000                 -2.8595159647268882E+000                  6.3779109791081556E-001                  8.7635172527064664E-001                  1.0268667231026374E+000 
                                     207                  2.9998245981913980E+000                  4.4360623186633003E-001                  4.8054897092419697E+000                 -7.0019365533599931E+000                  5.9488037525635846E+000                  6.9999999999760398E-001                  2.8000000000239628E-001                  1.9999999999999796E-002                  0.0000000000000000E+000                  4.9684679474480206E+008                  3.7467656062445319E+006                  1.4606803457500414E-026                  0.0000000000000000E+000                  0.0000000000000000E+000                  1.4744703388553628E+001                  1.6673580074194031E+009                  1.9144020937815871E-006                  0.0000000000000000E+000                 -2.8589834197032400E+000                  6.3890422499196120E-001                  8.7746485235179228E-001                  1.0279798501837829E+000 
                                     208                  2.9998245974414424E+000                  4.4353443991425456E-001                  4.8090294535747535E+000                 -6.9891347018223566E+000                  5.9650717763621595E+000                  6.9999999999760398E-001                  2.8000000000239628E-001                  1.9999999999999796E-002                  0.0000000000000000E+000                  4.9466191849246478E+008                  3.7641993641566588E+006                  1.5043917691006734E-026                  0.0000000000000000E+000                  0.0000000000000000E+000                  1.4635776278603776E+001                  1.6804971375046318E+009                  1.9219421703552215E-006                  0.0000000000000000E+000                 -2.8581298420156980E+000                  6.4104442706260722E-001                  8.7960505442243830E-001                  1.0301200522544289E+000 
                                     209                  2.9998245966914858E+000                  4.4346469922906284E-001                  4.8124354392636830E+000                 -6.9767762983923394E+000                  5.9807622581698405E+000                  6.9999999999760398E-001                  2.8000000000239628E-001                  1.9999999999999796E-002                  0.0000000000000000E+000                  4.9266682174718124E+008                  3.7808753286422240E+006                  1.5478297253629763E-026                  0.0000000000000000E+000                  0.0000000000000000E+000                  1.4534558372034773E+001                  1.6931495531782508E+009                  1.9269582159408686E-006                  0.0000000000000000E+000                 -2.8575638512304091E+000                  6.4308197467340245E-001                  8.8164260203323352E-001                  1.0321575998652242E+000 
                                     210                  2.9998245959415297E+000                  4.4339688292111867E-001                  4.8157180524763241E+000                 -6.9648325288000938E+000                  5.9959148731431418E+000                  6.9999999999760398E-001                  2.8000000000239628E-001                  1.9999999999999796E-002                  0.0000000000000000E+000                  4.9083636899340242E+008                  3.7968658264128044E+006                  1.5910019303474231E-026                  0.0000000000000000E+000                  0.0000000000000000E+000                  1.4440441769183547E+001                  1.7054079196028662E+009                  1.9299664851224416E-006                  0.0000000000000000E+000                 -2.8572251163387983E+000                  6.4502601383679126E-001                  8.8358664119662234E-001                  1.0341016390286129E+000 
                                     211                  2.9998245951915732E+000                  4.4333087575189173E-001                  4.8196748970019314E+000                 -6.9504635868633819E+000                  6.0141520188660165E+000                  6.9999999999760398E-001                  2.8000000000239628E-001                  1.9999999999999796E-002                  0.0000000000000000E+000                  4.8875937220264578E+008                  3.8160590221624607E+006                  1.6445392134489046E-026                  0.0000000000000000E+000                  0.0000000000000000E+000                  1.4329574060682374E+001                  1.7173464620452554E+009                  1.9313637856046889E-006                  0.0000000000000000E+000                 -2.8570679580868634E+000                  6.4688475929842215E-001                  8.8544538665825334E-001                  1.0359603844902439E+000 
                                     212                  2.9998245940666393E+000                  4.4323503367972494E-001                  4.8234435538339877E+000                 -6.9366222726300526E+000                  6.0316692522574549E+000                  6.9999999999760398E-001                  2.8000000000239628E-001                  1.9999999999999796E-002                  0.0000000000000000E+000                  4.8684761717691338E+008                  3.8342410781923397E+006                  1.6978137106001869E-026                  0.0000000000000000E+000                  0.0000000000000000E+000                  1.4232598024739533E+001                  1.7345605456163337E+009                  1.9306893693893331E-006                  0.0000000000000000E+000                 -2.8571437973443925E+000                  6.4953295225791996E-001                  8.8809357961775093E-001                  1.0386085774497416E+000 
                                     213                  2.9998245933166827E+000                  4.4317310949812572E-001                  4.8270870501808671E+000                 -6.9233323524741976E+000                  6.0485166605294429E+000                  6.9999999999760398E-001                  2.8000000000239628E-001                  1.9999999999999796E-002                  0.0000000000000000E+000                  4.8512125752681148E+008                  3.8517746301806211E+006                  1.7505895587511815E-026                  0.0000000000000000E+000                  0.0000000000000000E+000                  1.4139803677566906E+001                  1.7456491887271547E+009                  1.9287060179367892E-006                  0.0000000000000000E+000                 -2.8573669822168650E+000                  6.5121309854100973E-001                  8.8977372590084081E-001                  1.0402887237328313E+000 
                                     214                  2.9998245921917484E+000                  4.4308297527946044E-001                  4.8312661856122316E+000                 -6.9080018533216760E+000                  6.0679228026891465E+000                  6.9999999999760398E-001                  2.8000000000239628E-001                  1.9999999999999796E-002                  0.0000000000000000E+000                  4.8322250992165405E+008                  3.8718134202916543E+006                  1.8135100465129379E-026                  0.0000000000000000E+000                  0.0000000000000000E+000                  1.4040728828716786E+001                  1.7618139124539220E+009                  1.9241026330658772E-006                  0.0000000000000000E+000                 -2.8578858830447960E+000                  6.5361925712921154E-001                  8.9217988448904262E-001                  1.0426948823210334E+000 
                                     215                  2.9998245910668140E+000                  4.4299591401049826E-001                  4.8349351489968857E+000                 -6.8945063518428675E+000                  6.0849941700658912E+000                  6.9999999999760398E-001                  2.8000000000239622E-001                  1.9999999999999796E-002                  0.0000000000000000E+000                  4.8163072867853254E+008                  3.8893593903227923E+006                  1.8707685531543672E-026                  0.0000000000000000E+000                  0.0000000000000000E+000                  1.3959026381266643E+001                  1.7773158355988989E+009                  1.9175659356076587E-006                  0.0000000000000000E+000                 -2.8586248469415776E+000                  6.5590381770529083E-001                  8.9446444506512202E-001                  1.0449794428971126E+000 
                                     216                  2.9998245901293692E+000                  4.4292554452206911E-001                  4.8381556856267647E+000                 -6.8826783567473955E+000                  6.0999614961922868E+000                  6.9999999999760398E-001                  2.8000000000239622E-001                  1.9999999999999796E-002                  0.0000000000000000E+000                  4.8029857367703247E+008                  3.9047399951269506E+006                  1.9224371083563093E-026                  0.0000000000000000E+000                  0.0000000000000000E+000                  1.3890057190212172E+001                  1.7898308671640432E+009                  1.9110723063280562E-006                  0.0000000000000000E+000                 -2.8593614404481045E+000                  6.5772352527204225E-001                  8.9628415263187344E-001                  1.0467991504638641E+000 
                                     217                  2.9998245891919235E+000                  4.4285703282573141E-001                  4.8420458260069186E+000                 -6.8684499462096529E+000                  6.1179843483982941E+000                  6.9999999999760398E-001                  2.8000000000239628E-001                  1.9999999999999796E-002                  0.0000000000000000E+000                  4.7877329945415515E+008                  3.9233076992055001E+006                  1.9864861399883425E-026                  0.0000000000000000E+000                  0.0000000000000000E+000                  1.3809251406371400E+001                  1.8020720017019904E+009                  1.9039689800735100E-006                  0.0000000000000000E+000                 -2.8601700657627065E+000                  6.5947348719868926E-001                  8.9803411455852045E-001                  1.0485491123905109E+000 
                                     218                  2.9998245877857559E+000                  4.4275751987552753E-001                  4.8465006220118401E+000                 -6.8520888642353697E+000                  6.1386871926019886E+000                  6.9999999999760398E-001                  2.8000000000239628E-001                  1.9999999999999796E-002                  0.0000000000000000E+000                  4.7708901121470338E+008                  3.9445470963180773E+006                  2.0627778435637787E-026                  0.0000000000000000E+000                  0.0000000000000000E+000                  1.3724630458697312E+001                  1.8198392749587586E+009                  1.8922060010929230E-006                  0.0000000000000000E+000                 -2.8615157922472951E+000                  6.6198194681578437E-001                  9.0054257417561556E-001                  1.0510575720076061E+000 
                                     219                  2.9998245863795874E+000                  4.4266162141455440E-001                  4.8507591621420652E+000                 -6.8364619544799510E+000                  6.1584649435037138E+000                  6.9999999999760398E-001                  2.8000000000239628E-001                  1.9999999999999796E-002                  0.0000000000000000E+000                  4.7555862888702697E+008                  3.9648459284496456E+006                  2.1383807962891139E-026                  0.0000000000000000E+000                  0.0000000000000000E+000                  1.3649592813593575E+001                  1.8368915682320585E+009                  1.8792097407659587E-006                  0.0000000000000000E+000                 -2.8630123725431886E+000                  6.6436466559371399E-001                  9.0292529295354507E-001                  1.0534402907855356E+000 
                                     220                  2.9998245849734202E+000                  4.4256905201855634E-001                  4.8538232243663773E+000                 -6.8251704825804040E+000                  6.1727407172520490E+000                  6.9999999999760398E-001                  2.8000000000239628E-001                  1.9999999999999796E-002                  0.0000000000000000E+000                  4.7448597491968745E+008                  3.9794463697841386E+006                  2.1947278962204549E-026                  0.0000000000000000E+000                  0.0000000000000000E+000                  1.3600873157421978E+001                  1.8532775661492510E+009                  1.8652407037319723E-006                  0.0000000000000000E+000                 -2.8646325579176652E+000                  6.6663526843253806E-001                  9.0519589579236925E-001                  1.0557108936243598E+000 
                                     221                  2.9998245842703364E+000                  4.4252393374224513E-001                  4.8564862450712392E+000                 -6.8154563365773999E+000                  6.1850530001913873E+000                  6.9999999999760398E-001                  2.8000000000239628E-001                  1.9999999999999796E-002                  0.0000000000000000E+000                  4.7360877941174519E+008                  3.9921518949561897E+006                  2.2443906845957081E-026                  0.0000000000000000E+000                  0.0000000000000000E+000                  1.3558230835721817E+001                  1.8612956722340999E+009                  1.8580711407957639E-006                  0.0000000000000000E+000                 -2.8654688309990770E+000                  6.6773151620229931E-001                  9.0629214356213050E-001                  1.0568071413941211E+000 
                                     222                  2.9998245830985297E+000                  4.4245036977816321E-001                  4.8597086984596940E+000                 -6.8036738795240224E+000                  6.1999781031326719E+000                  6.9999999999760398E-001                  2.8000000000239628E-001                  1.9999999999999796E-002                  0.0000000000000000E+000                  4.7256947768633139E+008                  4.0075320625250814E+006                  2.3061384091495930E-026                  0.0000000000000000E+000                  0.0000000000000000E+000                  1.3510433526664372E+001                  1.8744422452301769E+009                  1.8460603581098081E-006                  0.0000000000000000E+000                 -2.8668770517727413E+000                  6.6950559038687940E-001                  9.0806621774671059E-001                  1.0585812155787011E+000 
                                     223                  2.9998245819267235E+000                  4.4237873886969725E-001                  4.8631406766725629E+000                 -6.7911663261286899E+000                  6.2158344475312965E+000                  6.9999999999760398E-001                  2.8000000000239628E-001                  1.9999999999999796E-002                  0.0000000000000000E+000                  4.7150742915168726E+008                  4.0239325281521794E+006                  2.3735463526462417E-026                  0.0000000000000000E+000                  0.0000000000000000E+000                  1.3461767514460256E+001                  1.8872320257743325E+009                  1.8338439941140126E-006                  0.0000000000000000E+000                 -2.8683188063551399E+000                  6.7121851116456799E-001                  9.0977913852439918E-001                  1.0602941363563898E+000 
                                     224                  2.9998245805205555E+000                  4.4229517723276007E-001                  4.8664508889244305E+000                 -6.7790862465593200E+000                  6.2311437751145746E+000                  6.9999999999760398E-001                  2.8000000000239628E-001                  1.9999999999999796E-002                  0.0000000000000000E+000                  4.7050924324358577E+008                  4.0397661458183741E+006                  2.4405206890439341E-026                  0.0000000000000000E+000                  0.0000000000000000E+000                  1.3418366375927269E+001                  1.9021477742599747E+009                  1.8190935718710126E-006                  6.2828693615938434E-020                 -2.8700724804017250E+000                  6.7319976113092606E-001                  9.1176038849075713E-001                  1.0622753863227477E+000 
                                     225                  2.9998245793487488E+000                  4.4222741735751064E-001                  4.8696625480708313E+000                 -6.7674249170830532E+000                  6.2459408353280574E+000                  6.9999999999760398E-001                  2.8000000000239628E-001                  1.9999999999999796E-002                  0.0000000000000000E+000                  4.6958560336761570E+008                  4.0551518683283213E+006                  2.5069658558255147E-026                  0.0000000000000000E+000                  0.0000000000000000E+000                  1.3377229730456373E+001                  1.9142577369872029E+009                  1.8068404989292006E-006                  2.4959479020629671E-019                 -2.8715400918136904E+000                  6.7479312042708828E-001                  9.1335374778691947E-001                  1.0638687456189100E+000 
                                     226                  2.9998245779425807E+000                  4.4214821958820932E-001                  4.8736112713478192E+000                 -6.7531379807029159E+000                  6.2640853851740088E+000                  6.9999999999760387E-001                  2.8000000000239628E-001                  1.9999999999999796E-002                  0.0000000000000000E+000                  4.6850045459326059E+008                  4.0740986050028973E+006                  2.5908428447463889E-026                  0.0000000000000000E+000                  0.0000000000000000E+000                  1.3328423100363212E+001                  1.9284897217997968E+009                  1.7924244272730836E-006                  3.7143084147533573E-019                 -2.8732795730630443E+000                  6.7664079112224818E-001                  9.1520141848207937E-001                  1.0657164163140700E+000 
                                     227                  2.9998245760676907E+000                  4.4204597580559374E-001                  4.8779338857566845E+000                 -6.7374935806534255E+000                  6.2839525091198141E+000                  6.9999999999760398E-001                  2.8000000000239622E-001                  1.9999999999999796E-002                  0.0000000000000000E+000                  4.6735419678262585E+008                  4.0948731329518715E+006                  2.6859123523568765E-026                  0.0000000000000000E+000                  0.0000000000000000E+000                  1.3278675073939086E+001                  1.9468672681041019E+009                  1.7735419591945492E-006                  2.7593456121279335E-019                 -2.8755792661753548E+000                  6.7900454818803524E-001                  9.1756517554786632E-001                  1.0680801733798568E+000 
                                     228                  2.9998245741927998E+000                  4.4194728108619913E-001                  4.8820718501344054E+000                 -6.7225602191945937E+000                  6.3029301679511143E+000                  6.9999999999760398E-001                  2.8000000000239628E-001                  1.9999999999999796E-002                  0.0000000000000000E+000                  4.6630787915061814E+008                  4.1148029258092763E+006                  2.7799141363109258E-026                  0.0000000000000000E+000                  0.0000000000000000E+000                  1.3233454396380802E+001                  1.9645940458776662E+009                  1.7550455543448453E-006                  1.5069001762005962E-019                 -2.8778558032048243E+000                  6.8126397965194219E-001                  9.1982460701177338E-001                  1.0703396048437639E+000 
                                     229                  2.9998245723253971E+000                  4.4185223958556485E-001                  4.8860235961252831E+000                 -6.7083394258693598E+000                  6.3210151185289281E+000                  6.9999999999760387E-001                  2.8000000000239628E-001                  1.9999999999999796E-002                  0.0000000000000000E+000                  4.6535330101296473E+008                  4.1338780402984456E+006                  2.8724876048684579E-026                  0.0000000000000000E+000                  0.0000000000000000E+000                  1.3192894517848943E+001                  1.9816998766668859E+009                  1.7370683339534504E-006                  5.4322545263135620E-020                 -2.8800915483253351E+000                  6.8341981847338229E-001                  9.2198044583321337E-001                  1.0724954436652039E+000 
                                     230                  2.9998245704743622E+000                  4.4176100732973489E-001                  4.8897948796440769E+000                 -6.6948073862984137E+000                  6.3382366558524401E+000                  6.9999999999760398E-001                  2.8000000000239628E-001                  1.9999999999999796E-002                  0.0000000000000000E+000                  4.6448251375953627E+008                  4.1521220930091641E+006                  2.9634390002210015E-026                  0.0000000000000000E+000                  0.0000000000000000E+000                  1.3156922017722453E+001                  1.9981549920419948E+009                  1.7196007621853300E-006                 -4.3576174123263398E-020                 -2.8822861855304782E+000                  6.8547157026571348E-001                  9.2403219762554456E-001                  1.0745471954575352E+000 
                                     231                  2.9998245686407112E+000                  4.4167335026778515E-001                  4.8942916189543526E+000                 -6.6787955966063386E+000                  6.3586530856079824E+000                  6.9999999999760398E-001                  2.8000000000239628E-001                  1.9999999999999796E-002                  0.0000000000000000E+000                  4.6351441018740773E+008                  4.1739357257383410E+006                  3.0747849640337371E-026                  0.0000000000000000E+000                  0.0000000000000000E+000                  1.3116041910169832E+001                  2.0140662285467224E+009                  1.7026914676669140E-006                 -1.8682302770731587E-020                 -2.8844320201258760E+000                  6.8742677059699753E-001                  9.2598739795682861E-001                  1.0765023957888191E+000 
                                     232                  2.9998245659162168E+000                  4.4154772867884201E-001                  4.8989710020713089E+000                 -6.6620872850192123E+000                  6.3799431612706847E+000                  6.9999999999760387E-001                  2.8000000000239628E-001                  1.9999999999999796E-002                  0.0000000000000000E+000                  4.6253356120152736E+008                  4.1966881364820655E+006                  3.1954385303271474E-026                  0.0000000000000000E+000                  0.0000000000000000E+000                  1.3081651390212436E+001                  2.0368835246663487E+009                  1.6779061326274488E-006                  2.1607310644056072E-020                 -2.8876161693168894E+000                  6.9020405604783541E-001                  9.2876468340766660E-001                  1.0792796812396572E+000 
                                     233                  2.9998245636594434E+000                  4.4144752200705617E-001                  4.9038090857227408E+000                 -6.6449904039222583E+000                  6.4017849651478755E+000                  6.9999999999760398E-001                  2.8000000000239628E-001                  1.9999999999999796E-002                  0.0000000000000000E+000                  4.6160856560356122E+008                  4.2202948295363467E+006                  3.3238014754667682E-026                  0.0000000000000000E+000                  0.0000000000000000E+000                  1.3049209344230146E+001                  2.0551320449355276E+009                  1.6576230927581994E-006                 -4.5888625341358473E-020                 -2.8902571058143178E+000                  6.9239858831051693E-001                  9.3095921567034801E-001                  1.0814742135023387E+000 
                                     234                  2.9998245605506124E+000                  4.4131470354553815E-001                  4.9087395867922536E+000                 -6.6275511772091784E+000                  6.4240593304691496E+000                  6.9999999999760398E-001                  2.8000000000239628E-001                  1.9999999999999796E-002                  0.0000000000000000E+000                  4.6069805190449882E+008                  4.2444283043068172E+006                  3.4600497445175855E-026                  0.0000000000000000E+000                  0.0000000000000000E+000                  1.3024684591461430E+001                  2.0794108080246129E+009                  1.6302257663944520E-006                 -7.1007184166208120E-020                 -2.8938761234698940E+000                  6.9528189043098731E-001                  9.3384251779081839E-001                  1.0843575156228089E+000 
                                     235                  2.9998245579094931E+000                  4.4120621792825493E-001                  4.9130642030082843E+000                 -6.6123597879433200E+000                  6.4434962922612522E+000                  6.9999999999760398E-001                  2.8000000000239628E-001                  1.9999999999999796E-002                  0.0000000000000000E+000                  4.5995415639834893E+008                  4.2656793101299191E+006                  3.5832810030958998E-026                  0.0000000000000000E+000                  0.0000000000000000E+000                  1.3006583997147787E+001                  2.0992489999448552E+009                  1.6074056807136161E-006                 -2.3634567804052174E-020                 -2.8969372505851929E+000                  6.9761677101753061E-001                  9.3617739837736180E-001                  1.0866923962093524E+000 
                                     236                  2.9998245552916822E+000                  4.4110230975208431E-001                  4.9165052454682394E+000                 -6.6002858411569001E+000                  6.4589491010317861E+000                  6.9999999999760398E-001                  2.8000000000239628E-001                  1.9999999999999796E-002                  0.0000000000000000E+000                  4.5938078052726728E+008                  4.2826437355658934E+006                  3.6843474054078303E-026                  0.0000000000000000E+000                  0.0000000000000000E+000                  1.2995734236859276E+001                  2.1182981562286532E+009                  1.5854135674591332E-006                  0.0000000000000000E+000                 -2.8999287147871469E+000                  6.9983765107185947E-001                  9.3839827843169055E-001                  1.0889132762636811E+000 
                                     237                  2.9998245535614649E+000                  4.4103547625377881E-001                  4.9191742994867305E+000                 -6.5909851060837523E+000                  6.4708734235275855E+000                  6.9999999999760398E-001                  2.8000000000239628E-001                  1.9999999999999796E-002                  0.0000000000000000E+000                  4.5896152041553646E+008                  4.2958435689077768E+006                  3.7641402859852680E-026                  0.0000000000000000E+000                  0.0000000000000000E+000                  1.2987861938744150E+001                  2.1305916866450038E+009                  1.5712664127535394E-006                  0.0000000000000000E+000                 -2.9018750864171721E+000                  7.0125836707760314E-001                  9.3981899443743433E-001                  1.0903339922694248E+000 
                                     238                  2.9998245518312467E+000                  4.4097002893178727E-001                  4.9224119043266983E+000                 -6.5797743495996626E+000                  6.4852696729232315E+000                  6.9999999999760398E-001                  2.8000000000239628E-001                  1.9999999999999796E-002                  0.0000000000000000E+000                  4.5848029814857149E+008                  4.3119057073165700E+006                  3.8626204483558481E-026                  0.0000000000000000E+000                  0.0000000000000000E+000                  1.2978970182544835E+001                  2.1427345816540656E+009                  1.5575722517565791E-006                  0.0000000000000000E+000                 -2.9037758992007223E+000                  7.0264387844763931E-001                  9.4120450580747039E-001                  1.0917195036394609E+000 
                                     239                  2.9998245492576747E+000                  4.4087510900452004E-001                  4.9255224188735145E+000                 -6.5689785290476683E+000                  6.4991250029592988E+000                  6.9999999999760398E-001                  2.8000000000239628E-001                  1.9999999999999796E-002                  0.0000000000000000E+000                  4.5801761123750907E+008                  4.3273840532059018E+006                  3.9598906915797619E-026                  0.0000000000000000E+000                  0.0000000000000000E+000                  1.2973661491718543E+001                  2.1603455520000596E+009                  1.5377248700614992E-006                  0.0000000000000000E+000                 -2.9065606808052689E+000                  7.0464471333538037E-001                  9.4320534069521156E-001                  1.0937203385272021E+000 
                                     240                  2.9998245475559808E+000                  4.4081385408407725E-001                  4.9279422491153309E+000                 -6.5606327377541236E+000                  6.5098531776204176E+000                  6.9999999999760398E-001                  2.8000000000239628E-001                  1.9999999999999796E-002                  0.0000000000000000E+000                  4.5767509057614660E+008                  4.3394661771513540E+006                  4.0367621797739811E-026                  0.0000000000000000E+000                  0.0000000000000000E+000                  1.2969832915382719E+001                  2.1717109652697091E+009                  1.5249318200286782E-006                  0.0000000000000000E+000                 -2.9083747866331056E+000                  7.0593056806397514E-001                  9.4449119542380622E-001                  1.0950061932557968E+000 
                                     241                  2.9998245458542860E+000                  4.4075373986043698E-001                  4.9303009626392189E+000                 -6.5525203443975366E+000                  6.5202887544887194E+000                  6.9999999999760398E-001                  2.8000000000239628E-001                  1.9999999999999796E-002                  0.0000000000000000E+000                  4.5734893620455831E+008                  4.3512775619455231E+006                  4.1129142443905175E-026                  0.0000000000000000E+000                  0.0000000000000000E+000                  1.2967031303520338E+001                  2.1829227822441649E+009                  1.5124961507952129E-006                  0.0000000000000000E+000                 -2.9101528609627136E+000                  7.0718860685689855E-001                  9.4574923421672963E-001                  1.0962642320487204E+000 
                                     242                  2.9998245441656421E+000                  4.4069516660701419E-001                  4.9337472916506266E+000                 -6.5407707658887304E+000                  6.5354370416591099E+000                  6.9999999999760398E-001                  2.8000000000239628E-001                  1.9999999999999796E-002                  0.0000000000000000E+000                  4.5690126733780867E+008                  4.3686060304780556E+006                  4.2257639541973562E-026                  0.0000000000000000E+000                  0.0000000000000000E+000                  1.2963084133168421E+001                  2.1939279346094508E+009                  1.5005136812859795E-006                  0.0000000000000000E+000                 -2.9118800202195576E+000                  7.0841087389541224E-001                  9.4697150125524332E-001                  1.0974864990872339E+000 
                                     243                  2.9998245407883553E+000                  4.4058107892730197E-001                  4.9370568740120415E+000                 -6.5294148102656049E+000                  6.5500539620734530E+000                  6.9999999999760398E-001                  2.8000000000239628E-001                  1.9999999999999796E-002                  0.0000000000000000E+000                  4.5645066539305758E+008                  4.3853142684633294E+006                  4.3377754578403134E-026                  0.0000000000000000E+000                  0.0000000000000000E+000                  1.2964720523373355E+001                  2.2153246932660065E+009                  1.4771156096155634E-006                  0.0000000000000000E+000                 -2.9152927561851896E+000                  7.1078361594158024E-001                  9.4934424330141143E-001                  1.0998592411334021E+000 
                                     244                  2.9998245391123275E+000                  4.4052589026699751E-001                  4.9402629121043971E+000                 -6.5185686645566419E+000                  6.5640653868740264E+000                  6.9999999999760398E-001                  2.8000000000239628E-001                  1.9999999999999796E-002                  0.0000000000000000E+000                  4.5605222757541102E+008                  4.4015879688092601E+006                  4.4475301231702329E-026                  0.0000000000000000E+000                  0.0000000000000000E+000                  1.2965643037012224E+001                  2.2257048279092426E+009                  1.4658064996459901E-006                  0.0000000000000000E+000                 -2.9169616784499461E+000                  7.1192745203323338E-001                  9.5048807939306457E-001                  1.1010030772250552E+000 
                                     245                  2.9998245357846174E+000                  4.4041895739716280E-001                  4.9443616120958449E+000                 -6.5046976067253652E+000                  6.5819828964894276E+000                  6.9999999999760398E-001                  2.8000000000239628E-001                  1.9999999999999796E-002                  0.0000000000000000E+000                  4.5553385229519612E+008                  4.4225053519399734E+006                  4.5919519017092734E-026                  0.0000000000000000E+000                  0.0000000000000000E+000                  1.2972250062963759E+001                  2.2459800587995791E+009                  1.4440910977505452E-006                  0.0000000000000000E+000                 -2.9202027046288741E+000                  7.1413791511885150E-001                  9.5269854247868269E-001                  1.1032135403106733E+000 
                                     246                  2.9998245324804182E+000                  4.4031604311064709E-001                  4.9483038246278710E+000                 -6.4914289231501021E+000                  6.5991465173123460E+000                  6.9999999999760398E-001                  2.8000000000239628E-001                  1.9999999999999796E-002                  0.0000000000000000E+000                  4.5504545696537423E+008                  4.4427527679147776E+006                  4.7344897248810881E-026                  0.0000000000000000E+000                  0.0000000000000000E+000                  1.2982599760046041E+001                  2.2654823689813151E+009                  1.4230519121478090E-006                  0.0000000000000000E+000                 -2.9233896284019494E+000                  7.1625847233173512E-001                  9.5481909969156620E-001                  1.1053340975235568E+000 
                                     247                  2.9998245291762187E+000                  4.4021615560064409E-001                  4.9516305636489486E+000                 -6.4802648370872049E+000                  6.6135987831596790E+000                  6.9999999999760398E-001                  2.8000000000239628E-001                  1.9999999999999796E-002                  0.0000000000000000E+000                  4.5463416781636697E+008                  4.4599371850347230E+006                  4.8578419081677128E-026                  0.0000000000000000E+000                  0.0000000000000000E+000                  1.2995221971626199E+001                  2.2844541703045368E+009                  1.4025570430815992E-006                  0.0000000000000000E+000                 -2.9265397333097742E+000                  7.1831079279267451E-001                  9.5687142015250559E-001                  1.1073864179844963E+000 
                                     248                  2.9998245267150976E+000                  4.4014359974320733E-001                  4.9543919223807631E+000                 -6.4710587878602048E+000                  6.6255366086066809E+000                  6.9999999999760398E-001                  2.8000000000239628E-001                  1.9999999999999796E-002                  0.0000000000000000E+000                  4.5430260211830205E+008                  4.4742743552014697E+006                  4.9619744773944316E-026                  0.0000000000000000E+000                  0.0000000000000000E+000                  1.3007349498632804E+001                  2.2982878503145771E+009                  1.3876556084890035E-006                  0.0000000000000000E+000                 -2.9288591523481049E+000                  7.1979809561408636E-001                  9.5835872297391744E-001                  1.1088737208059081E+000 
                                     249                  2.9998245242704038E+000                  4.4007300493751011E-001                  4.9584014923107507E+000                 -6.4578339840065180E+000                  6.6427336813789362E+000                  6.9999999999760398E-001                  2.8000000000239628E-001                  1.9999999999999796E-002                  0.0000000000000000E+000                  4.5384716747768980E+008                  4.4952180590749430E+006                  5.1154842324343673E-026                  0.0000000000000000E+000                  0.0000000000000000E+000                  1.3025982640554597E+001                  2.3118981032324610E+009                  1.3733317765923817E-006                  0.0000000000000000E+000                 -2.9311122654904924E+000                  7.2124265457930525E-001                  9.5980328193913644E-001                  1.1103182797711271E+000 
                                     250                  2.9998245194114430E+000                  4.3993680497761822E-001                  4.9626636533631983E+000                 -6.4437277164346884E+000                  6.6610604316543514E+000                  6.9999999999760398E-001                  2.8000000000239628E-001                  1.9999999999999796E-002                  0.0000000000000000E+000                  4.5333333613877714E+008                  4.5176281788856657E+006                  5.2844653861473537E-026                  0.0000000000000000E+000                  0.0000000000000000E+000                  1.3052740089989452E+001                  2.3381790181077609E+009                  1.3458456994730568E-006                  0.0000000000000000E+000                 -2.9355023644500391E+000                  7.2402420525798250E-001                  9.6258483261781369E-001                  1.1130998304498043E+000 
                                     251                  2.9998245161721364E+000                  4.3984883880191389E-001                  4.9659644471032163E+000                 -6.4329067884805244E+000                  6.6751539136714531E+000                  6.9999999999760398E-001                  2.8000000000239628E-001                  1.9999999999999796E-002                  0.0000000000000000E+000                  4.5295112271984553E+008                  4.5350990515614646E+006                  5.4178657722844241E-026                  0.0000000000000000E+000                  0.0000000000000000E+000                  1.3074226371674804E+001                  2.3551416684442401E+009                  1.3282204115550188E-006                  0.0000000000000000E+000                 -2.9383649249918196E+000                  7.2581626236836505E-001                  9.6437688972819624E-001                  1.1148918875601868E+000 
                                     252                  2.9998245129523720E+000                  4.3976350390999525E-001                  4.9691567814884658E+000                 -6.4224926569587071E+000                  6.6887350117617022E+000                  6.9999999999760398E-001                  2.8000000000239628E-001                  1.9999999999999796E-002                  0.0000000000000000E+000                  4.5258713985788888E+008                  4.5520847520087333E+006                  5.5494311380562624E-026                  0.0000000000000000E+000                  0.0000000000000000E+000                  1.3096219977461248E+001                  2.3717244423462253E+009                  1.3114967417790111E-006                  0.0000000000000000E+000                 -2.9411163920065633E+000                  7.2755132160192526E-001                  9.6611194896175634E-001                  1.1166269467937471E+000 
                                     253                  2.9998245097514529E+000                  4.3968063044576861E-001                  4.9730278970653297E+000                 -6.4099720371276758E+000                  6.7051001152901586E+000                  6.9999999999760398E-001                  2.8000000000239628E-001                  1.9999999999999796E-002                  0.0000000000000000E+000                  4.5216575202485865E+008                  4.5727983207986681E+006                  5.7118462644119129E-026                  0.0000000000000000E+000                  0.0000000000000000E+000                  1.3122966160581877E+001                  2.3879433893922958E+009                  1.2956409860456546E-006                  0.0000000000000000E+000                 -2.9437576610302512E+000                  7.2923259280851926E-001                  9.6779322016835045E-001                  1.1183082180003410E+000 
                                     254                  2.9998245049500745E+000                  4.3955976790216966E-001                  4.9774895767877325E+000                 -6.3955787785555822E+000                  6.7239256121728967E+000                  6.9999999999760398E-001                  2.8000000000239628E-001                  1.9999999999999796E-002                  0.0000000000000000E+000                  4.5168177327643019E+008                  4.5968130648834938E+006                  5.9044361992708648E-026                  0.0000000000000000E+000                  0.0000000000000000E+000                  1.3156175605061463E+001                  2.4116984223334775E+009                  1.2731276448890035E-006                  0.0000000000000000E+000                 -2.9475640257097626E+000                  7.3167752770234007E-001                  9.7023815506217126E-001                  1.1207531528941619E+000 
                                     255                  2.9998245001759285E+000                  4.3944341318644670E-001                  4.9810587774296797E+000                 -6.3840967197583698E+000                  6.7389543910298944E+000                  6.9999999999760398E-001                  2.8000000000239628E-001                  1.9999999999999796E-002                  0.0000000000000000E+000                  4.5129884625755405E+008                  4.6161282496437151E+006                  6.0627199671794908E-026                  0.0000000000000000E+000                  0.0000000000000000E+000                  1.3184097566328386E+001                  2.4345366929523330E+009                  1.2519595877793742E-006                  0.0000000000000000E+000                 -2.9512048447831134E+000                  7.3402249069924108E-001                  9.7258311805907205E-001                  1.1230981158910627E+000 
                                     256                  2.9998244970106467E+000                  4.3936823254815793E-001                  4.9838288012388441E+000                 -6.3752529131930729E+000                  6.7505532970326545E+000                  6.9999999999760398E-001                  2.8000000000239628E-001                  1.9999999999999796E-002                  0.0000000000000000E+000                  4.5101772139880902E+008                  4.6311840493405005E+006                  6.1875223761614992E-026                  0.0000000000000000E+000                  0.0000000000000000E+000                  1.3205147497625084E+001                  2.4493538237666812E+009                  1.2386817377449920E-006                  0.0000000000000000E+000                 -2.9535201326458798E+000                  7.3553230656560276E-001                  9.7409293392543395E-001                  1.1246079317574247E+000 
                                     257                  2.9998244938621861E+000                  4.3929492126891428E-001                  4.9868651454823141E+000                 -6.3656108292034279E+000                  6.7632172783338822E+000                  6.9999999999760398E-001                  2.8000000000239628E-001                  1.9999999999999796E-002                  0.0000000000000000E+000                  4.5072296857591945E+008                  4.6477487188023413E+006                  6.3265200717637242E-026                  0.0000000000000000E+000                  0.0000000000000000E+000                  1.3227868347274168E+001                  2.4639099302223930E+009                  1.2261432836492516E-006                  0.0000000000000000E+000                 -2.9557293882113211E+000                  7.3700008432868813E-001                  9.7556071168851932E-001                  1.1260757095205098E+000 
                                     258                  2.9998244899266098E+000                  4.3920524382777476E-001                  4.9907892383757932E+000                 -6.3532212550454084E+000                  6.7795148790873370E+000                  6.9999999999760398E-001                  2.8000000000239628E-001                  1.9999999999999796E-002                  0.0000000000000000E+000                  4.5036272451282161E+008                  4.6692455749926111E+006                  6.5097199072394620E-026                  0.0000000000000000E+000                  0.0000000000000000E+000                  1.3256680099916478E+001                  2.4818163841911454E+009                  1.2112877316053770E-006                  0.0000000000000000E+000                 -2.9583763407300174E+000                  7.3878909182612917E-001                  9.7734971918596025E-001                  1.1278647170179508E+000 
                                     259                  2.9998244844440194E+000                  4.3908374055741806E-001                  4.9948702437472159E+000                 -6.3403463290258140E+000                  6.7964542496018820E+000                  6.9999999999760398E-001                  2.8000000000239628E-001                  1.9999999999999796E-002                  0.0000000000000000E+000                  4.4999655125613225E+008                  4.6916942476735916E+006                  6.7057211894508894E-026                  0.0000000000000000E+000                  0.0000000000000000E+000                  1.3287689985334490E+001                  2.5060984001351404E+009                  1.1917688886058113E-006                  0.0000000000000000E+000                 -2.9619039780590639E+000                  7.4120142351670992E-001                  9.7976205087654100E-001                  1.1302770487085316E+000 
                                     260                  2.9998244797670597E+000                  4.3898304180246245E-001                  4.9985113618079495E+000                 -6.3289288038813796E+000                  6.8115006322182303E+000                  6.9999999999760398E-001                  2.8000000000239628E-001                  1.9999999999999796E-002                  0.0000000000000000E+000                  4.4969571397902769E+008                  4.7118012036057357E+006                  6.8844689914602421E-026                  0.0000000000000000E+000                  0.0000000000000000E+000                  1.3314292619611107E+001                  2.5262437558081279E+009                  1.1761244453727285E-006                  0.0000000000000000E+000                 -2.9647733616302454E+000                  7.4318940746468964E-001                  9.8175003482452072E-001                  1.1322650326565113E+000 
                                     261                  2.9998244750901000E+000                  4.3888488851404323E-001                  5.0020441926426411E+000                 -6.3178958724417535E+000                  6.8260560675516793E+000                  6.9999999999760398E-001                  2.8000000000239628E-001                  1.9999999999999796E-002                  0.0000000000000000E+000                  4.4942511453865498E+008                  4.7313725772994431E+006                  7.0617225848801696E-026                  0.0000000000000000E+000                  0.0000000000000000E+000                  1.3339353411952670E+001                  2.5459679390509844E+009                  1.1614606620571136E-006                  0.0000000000000000E+000                 -2.9674977474479460E+000                  7.4511622393546340E-001                  9.8367685129529447E-001                  1.1341918491272851E+000 
                                     262                  2.9998244704131407E+000                  4.3878913322178698E-001                  5.0049049978706419E+000                 -6.3089706469295255E+000                  6.8378339531163794E+000                  6.9999999999760398E-001                  2.8000000000239628E-001                  1.9999999999999796E-002                  0.0000000000000000E+000                  4.4921628353662443E+008                  4.7472616002247222E+006                  7.2084489825575727E-026                  0.0000000000000000E+000                  0.0000000000000000E+000                  1.3359666858580100E+001                  2.5652199340823984E+009                  1.1475871254764376E-006                  0.0000000000000000E+000                 -2.9701071663257346E+000                  7.4698533653420929E-001                  9.8554596389404048E-001                  1.1360609617260311E+000 
                                     263                  2.9998244672951677E+000                  4.3872656067987686E-001                  5.0082662880659292E+000                 -6.2985943643608797E+000                  6.8515661195104354E+000                  6.9999999999760398E-001                  2.8000000000239628E-001                  1.9999999999999796E-002                  0.0000000000000000E+000                  4.4900875339729387E+008                  4.7659850210931506E+006                  7.3828680549106150E-026                  0.0000000000000000E+000                  0.0000000000000000E+000                  1.3380848560131124E+001                  2.5778857697063632E+009                  1.1388613211036900E-006                  0.0000000000000000E+000                 -2.9717645783231443E+000                  7.4820031406412313E-001                  9.8676094142395432E-001                  1.1372759392559448E+000 
                                     264                  2.9998244610592217E+000                  4.3860429212954327E-001                  5.0125893705966185E+000                 -6.2852309043370242E+000                  6.8692447881903398E+000                  6.9999999999760398E-001                  2.8000000000239628E-001                  1.9999999999999796E-002                  0.0000000000000000E+000                  4.4875317598993170E+008                  4.7901333782279119E+006                  7.6137339830002169E-026                  0.0000000000000000E+000                  0.0000000000000000E+000                  1.3409129168030908E+001                  2.6027457702501903E+009                  1.1224263561470624E-006                  0.0000000000000000E+000                 -2.9749210720078252E+000                  7.5056036029770068E-001                  9.8912098765753187E-001                  1.1396359854895224E+000 
                                     265                  2.9998244548232758E+000                  4.3848562984644701E-001                  5.0157210598163671E+000                 -6.2755403739826461E+000                  6.8820607841652714E+000                  6.9999999999760398E-001                  2.8000000000239628E-001                  1.9999999999999796E-002                  0.0000000000000000E+000                  4.4857741686487126E+008                  4.8076728800296122E+006                  7.7856511238943760E-026                  0.0000000000000000E+000                  0.0000000000000000E+000                  1.3430301907439892E+001                  2.6267276221581082E+009                  1.1067645410965302E-006                  0.0000000000000000E+000                 -2.9779723816921768E+000                  7.5283394940455961E-001                  9.9139457676439080E-001                  1.1419095745963814E+000 
                                     266                  2.9998244517053028E+000                  4.3842757248923470E-001                  5.0187910117988697E+000                 -6.2661533269160739E+000                  6.8945159604863129E+000                  6.9999999999760398E-001                  2.8000000000239628E-001                  1.9999999999999796E-002                  0.0000000000000000E+000                  4.4844433617038620E+008                  4.8249135327245453E+006                  7.9558860993998459E-026                  0.0000000000000000E+000                  0.0000000000000000E+000                  1.3448355774246540E+001                  2.6385343802738280E+009                  1.0993714855040695E-006                  0.0000000000000000E+000                 -2.9794277657793926E+000                  7.5393929050758057E-001                  9.9249991786741176E-001                  1.1430149156994023E+000 
                                     267                  2.9998244454693568E+000                  4.3831387317689097E-001                  5.0232434759728086E+000                 -6.2525472098022599E+000                  6.9125720584808157E+000                  6.9999999999760398E-001                  2.8000000000239628E-001                  1.9999999999999796E-002                  0.0000000000000000E+000                  4.4827273210742915E+008                  4.8499812790129781E+006                  8.2092659234772829E-026                  0.0000000000000000E+000                  0.0000000000000000E+000                  1.3475006534690353E+001                  2.6618370234321470E+009                  1.0854404076758973E-006                  0.0000000000000000E+000                 -2.9821970074902944E+000                  7.5609046219180354E-001                  9.9465108955163462E-001                  1.1451660873836251E+000 
                                     268                  2.9998244376744241E+000                  4.3817601292487690E-001                  5.0270479299310082E+000                 -6.2408858053399001E+000                  6.9280342838827700E+000                  6.9999999999760398E-001                  2.8000000000239628E-001                  1.9999999999999796E-002                  0.0000000000000000E+000                  4.4813460392053664E+008                  4.8714572239669496E+006                  8.4328450295194419E-026                  0.0000000000000000E+000                  0.0000000000000000E+000                  1.3499464614638089E+001                  2.6899304023159938E+009                  1.0687844484805762E-006                  0.0000000000000000E+000                 -2.9855549370470116E+000                  7.5867743802940457E-001                  9.9723806538923576E-001                  1.1477530632212263E+000 
                                     269                  2.9998244329974648E+000                  4.3809542748268410E-001                  5.0302928767145056E+000                 -6.2310293939930830E+000                  6.9411359615748092E+000                  6.9999999999760398E-001                  2.8000000000239628E-001                  1.9999999999999796E-002                  0.0000000000000000E+000                  4.4805199502360433E+008                  4.8898282382442048E+006                  8.6265612542508667E-026                  0.0000000000000000E+000                  0.0000000000000000E+000                  1.3518566618031469E+001                  2.7063835704953508E+009                  1.0592888378635563E-006                  0.0000000000000000E+000                 -2.9874928020110811E+000                  7.6017793595598326E-001                  9.9873856331581434E-001                  1.1492535611478050E+000 
                                     270                  2.9998244267615188E+000                  4.3799032391741916E-001                  5.0338899090885842E+000                 -6.2201082721016032E+000                  6.9556545825496281E+000                  6.9999999999760398E-001                  2.8000000000239628E-001                  1.9999999999999796E-002                  0.0000000000000000E+000                  4.4797392281700194E+008                  4.9102439691576911E+006                  8.8464063133975383E-026                  0.0000000000000000E+000                  0.0000000000000000E+000                  1.3540700941449051E+001                  2.7279576487030954E+009                  1.0472358910771615E-006                  0.0000000000000000E+000                 -2.9899777409876016E+000                  7.6212208214167410E-001                  1.0006827095015052E+000                  1.1511977073334958E+000 
                                     271                  2.9998244205255729E+000                  4.3788775687497911E-001                  5.0373804304256415E+000                 -6.2095382841301285E+000                  6.9697165660739326E+000                  6.9999999999760398E-001                  2.8000000000239628E-001                  1.9999999999999796E-002                  0.0000000000000000E+000                  4.4791703612373918E+008                  4.9301106604166655E+006                  9.0645188832511471E-026                  0.0000000000000000E+000                  0.0000000000000000E+000                  1.3562844336799893E+001                  2.7490057841192031E+009                  1.0355945426685999E-006                  0.0000000000000000E+000                 -2.9924051234287203E+000                  7.6400612352202524E-001                  1.0025667508818563E+000                  1.1530817487138469E+000 
                                     272                  2.9998244142896269E+000                  4.3778758588816657E-001                  5.0411926504681626E+000                 -6.1980463444066016E+000                  6.9850243178884890E+000                  6.9999999999760398E-001                  2.8000000000239628E-001                  1.9999999999999796E-002                  0.0000000000000000E+000                  4.4788091834955519E+008                  4.9518745544911204E+006                  9.3077644021800444E-026                  0.0000000000000000E+000                  0.0000000000000000E+000                  1.3587588351554833E+001                  2.7696289464971871E+009                  1.0243714650411957E-006                  0.0000000000000000E+000                 -2.9947712638853612E+000                  7.6583345557917493E-001                  1.0043940829390059E+000                  1.1549090807709965E+000 
                                     273                  2.9998244064946946E+000                  4.3766554837927168E-001                  5.0444690407463906E+000                 -6.1881419222201304E+000                  6.9982071151337921E+000                  6.9999999999760398E-001                  2.8000000000239628E-001                  1.9999999999999796E-002                  0.0000000000000000E+000                  4.4785238063984674E+008                  4.9706307643594919E+006                  9.5226403120878842E-026                  0.0000000000000000E+000                  0.0000000000000000E+000                  1.3611609582216539E+001                  2.7947156805893955E+009                  1.0106913299675881E-006                  0.0000000000000000E+000                 -2.9976907298998730E+000                  7.6804410738396922E-001                  1.0066047347438003E+000                  1.1571197325757909E+000 
                                     274                  2.9998244018177349E+000                  4.3759392898296096E-001                  5.0472739981624661E+000                 -6.1797282446875270E+000                  7.0094299832383049E+000                  6.9999999999760398E-001                  2.8000000000239628E-001                  1.9999999999999796E-002                  0.0000000000000000E+000                  4.4785110529941964E+008                  4.9867356146862628E+006                  9.7090684238366255E-026                  0.0000000000000000E+000                  0.0000000000000000E+000                  1.3632041122541551E+001                  2.8094606052416291E+009                  1.0026692515711227E-006                  0.0000000000000000E+000                 -2.9994211515887117E+000                  7.6933333143139238E-001                  1.0078939587912235E+000                  1.1584089566232141E+000 
                                     275                  2.9998243955817889E+000                  4.3750021514772441E-001                  5.0503971891737782E+000                 -6.1703649458597809E+000                  7.0219213697608218E+000                  6.9999999999760398E-001                  2.8000000000239628E-001                  1.9999999999999796E-002                  0.0000000000000000E+000                  4.4785677143868411E+008                  5.0047159456350161E+006                  9.9208337540306949E-026                  0.0000000000000000E+000                  0.0000000000000000E+000                  1.3656703011303545E+001                  2.8288434455033607E+009                  9.9222698686412910E-007                  0.0000000000000000E+000                 -3.0016944825388561E+000                  7.7101150251376571E-001                  1.0095721298735969E+000                  1.1600871277055873E+000 
                                     276                  2.9998243893458434E+000                  4.3740844136249596E-001                  5.0550542270727998E+000                 -6.1565430158798220E+000                  7.0404130639831273E+000                  6.9999999999760398E-001                  2.8000000000239628E-001                  1.9999999999999796E-002                  0.0000000000000000E+000                  4.4791076838361007E+008                  5.0316379489064990E+006                  1.0241911976780585E-025                  0.0000000000000000E+000                  0.0000000000000000E+000                  1.3693809585703866E+001                  2.8479434570012884E+009                  9.8204975541725970E-007                  0.0000000000000000E+000                 -3.0039332540923929E+000                  7.7264548334256467E-001                  1.0112061107023957E+000                  1.1617211085343864E+000 
                                     277                  2.9998243764638675E+000                  4.3722462244112137E-001                  5.0595914412447653E+000                 -6.1429486007683280E+000                  7.0585521350704852E+000                  6.9999999999760398E-001                  2.8000000000239628E-001                  1.9999999999999796E-002                  0.0000000000000000E+000                  4.4793827345193893E+008                  5.0579784198150635E+006                  1.0567843680340016E-025                  0.0000000000000000E+000                  0.0000000000000000E+000                  1.3737971518275184E+001                  2.8860701044464254E+009                  9.6147352281450933E-007                  0.0000000000000000E+000                 -3.0085313354599594E+000                  7.7589506840017441E-001                  1.0144556957600055E+000                  1.1649706935919961E+000 
                                     278                  2.9998243698178380E+000                  4.3713262211796688E-001                  5.0625983418869884E+000                 -6.1340267920787666E+000                  7.0704891919402675E+000                  6.9999999999760398E-001                  2.8000000000239628E-001                  1.9999999999999796E-002                  0.0000000000000000E+000                  4.4798219041278875E+008                  5.0755126418563575E+006                  1.0787366963456455E-025                  0.0000000000000000E+000                  0.0000000000000000E+000                  1.3766941836062387E+001                  2.9050809953115368E+009                  9.5110237909504158E-007                  0.0000000000000000E+000                 -3.0108863659882252E+000                  7.7750959709314804E-001                  1.0160702244529791E+000                  1.1665852222849697E+000 
                                     279                  2.9998243631718076E+000                  4.3704243576510038E-001                  5.0662631169648886E+000                 -6.1232182485897226E+000                  7.0849752427703825E+000                  6.9999999999760398E-001                  2.8000000000239628E-001                  1.9999999999999796E-002                  0.0000000000000000E+000                  4.4805440209680384E+008                  5.0969687822504789E+006                  1.1059433852598349E-025                  0.0000000000000000E+000                  0.0000000000000000E+000                  1.3802461222563332E+001                  2.9239111762169137E+009                  9.4119109047954597E-007                  0.0000000000000000E+000                 -3.0131610963014950E+000                  7.7908435578865398E-001                  1.0176449831484851E+000                  1.1681599809804757E+000 
                                     280                  2.9998243532027629E+000                  4.3691038014317046E-001                  5.0705110955227850E+000                 -6.1106924998407237E+000                  7.1017638714327687E+000                  6.9999999999760398E-001                  2.8000000000239628E-001                  1.9999999999999796E-002                  0.0000000000000000E+000                  4.4813912080476290E+008                  5.1219555096366946E+006                  1.1383323951427846E-025                  0.0000000000000000E+000                  0.0000000000000000E+000                  1.3845988779333844E+001                  2.9515367660675917E+009                  9.2690197777128675E-007                  0.0000000000000000E+000                 -3.0164830955835895E+000                  7.8137793195067251E-001                  1.0199385593105037E+000                  1.1704535571424943E+000 
                                     281                  2.9998243432337186E+000                  4.3678196333960934E-001                  5.0739349933050271E+000                 -6.1006016950363540E+000                  7.1152908047315089E+000                  6.9999999999760398E-001                  2.8000000000239628E-001                  1.9999999999999796E-002                  0.0000000000000000E+000                  4.4820719000821573E+008                  5.1421907523553697E+006                  1.1651140220060752E-025                  0.0000000000000000E+000                  0.0000000000000000E+000                  1.3882539004983180E+001                  2.9783167178817925E+009                  9.1316490013636144E-007                  0.0000000000000000E+000                 -3.0197253950484431E+000                  7.8359520328157006E-001                  1.0221558306414009E+000                  1.1726708284733918E+000 
                                     282                  2.9998243365876882E+000                  4.3669825707064780E-001                  5.0766121436736684E+000                 -6.0927559720079776E+000                  7.1258249793763540E+000                  6.9999999999760398E-001                  2.8000000000239628E-001                  1.9999999999999796E-002                  0.0000000000000000E+000                  4.4827000457600892E+008                  5.1580786425563572E+006                  1.1863718994974574E-025                  0.0000000000000000E+000                  0.0000000000000000E+000                  1.3910716352862995E+001                  2.9958082042103677E+009                  9.0440957709936680E-007                  0.0000000000000000E+000                 -3.0218174237054742E+000                  7.8503345684343173E-001                  1.0235940842032629E+000                  1.1741090820352535E+000 
                                     283                  2.9998243299416587E+000                  4.3661600227962233E-001                  5.0805359282679774E+000                 -6.0813514771795720E+000                  7.1411735335734132E+000                  6.9999999999760398E-001                  2.8000000000239628E-001                  1.9999999999999796E-002                  0.0000000000000000E+000                  4.4838214287220681E+008                  5.1814760590671301E+006                  1.2179660757307508E-025                  0.0000000000000000E+000                  0.0000000000000000E+000                  1.3950945207595305E+001                  3.0131539476207848E+009                  8.9610014837449687E-007                  0.0000000000000000E+000                 -3.0238217253832893E+000                  7.8644125089760086E-001                  1.0250018782574319E+000                  1.1755168760894226E+000 
                                     284                  2.9998243166495993E+000                  4.3645562212042716E-001                  5.0849360219517541E+000                 -6.0685000331257744E+000                  7.1584454109283833E+000                  6.9999999999760398E-001                  2.8000000000239622E-001                  1.9999999999999796E-002                  0.0000000000000000E+000                  4.4848324426105785E+008                  5.2078596227617105E+006                  1.2545786294137793E-025                  0.0000000000000000E+000                  0.0000000000000000E+000                  1.4001040391958755E+001                  3.0469561952312121E+009                  8.8013249798268812E-007                  0.0000000000000000E+000                 -3.0277259714185734E+000                  7.8917281332269473E-001                  1.0277334406825258E+000                  1.1782484385145164E+000 
                                     285                  2.9998243066805546E+000                  4.3633873238521964E-001                  5.0898053309246789E+000                 -6.0544452727912805E+000                  7.1773985307590094E+000                  6.9999999999760398E-001                  2.8000000000239628E-001                  1.9999999999999796E-002                  0.0000000000000000E+000                  4.4862674496725100E+008                  5.2372627716231057E+006                  1.2958810488817268E-025                  0.0000000000000000E+000                  0.0000000000000000E+000                  1.4057189531682043E+001                  3.0716390104957442E+009                  8.6858907137449538E-007                  0.0000000000000000E+000                 -3.0305928196257446E+000                  7.9115218772852414E-001                  1.0297128150883552E+000                  1.1802278129203458E+000 
                                     286                  2.9998242900654803E+000                  4.3614992068749581E-001                  5.0950383364367555E+000                 -6.0392950477731402E+000                  7.1978112123974647E+000                  6.9999999999760398E-001                  2.8000000000239622E-001                  1.9999999999999796E-002                  0.0000000000000000E+000                  4.4875303067616510E+008                  5.2690883530061888E+006                  1.3419275110687115E-025                  0.0000000000000000E+000                  0.0000000000000000E+000                  1.4127072725370674E+001                  3.1116221501209445E+009                  8.4993033699704496E-007                  0.0000000000000000E+000                 -3.0353083344943887E+000                  7.9433126878980231E-001                  1.0328918961496334E+000                  1.1834068939816240E+000 
                                     287                  2.9998242767734209E+000                  4.3600388098192189E-001                  5.0990264254968869E+000                 -6.0278085938953350E+000                  7.2133105182580470E+000                  6.9999999999760398E-001                  2.8000000000239622E-001                  1.9999999999999796E-002                  0.0000000000000000E+000                  4.4885208828148943E+008                  5.2935130943948021E+006                  1.3779264940856968E-025                  0.0000000000000000E+000                  0.0000000000000000E+000                  1.4185689215452188E+001                  3.1424476379321027E+009                  8.3512518696388998E-007                  0.0000000000000000E+000                 -3.0391242090052151E+000                  7.9677546854683279E-001                  1.0353360959066638E+000                  1.1858510937386544E+000 
                                     288                  2.9998242664312271E+000                  4.3589311915532769E-001                  5.1024218965548185E+000                 -6.0180890468556072E+000                  7.2264489550582693E+000                  6.9999999999760398E-001                  2.8000000000239622E-001                  1.9999999999999796E-002                  0.0000000000000000E+000                  4.4894247237280744E+008                  5.3144294413353195E+006                  1.4091415637337465E-025                  0.0000000000000000E+000                  0.0000000000000000E+000                  1.4239429626750164E+001                  3.1659484674190941E+009                  8.2371464727527642E-007                  0.0000000000000000E+000                 -3.0421116056664861E+000                  7.9862116974798902E-001                  1.0371817971078201E+000                  1.1876967949398107E+000 
                                     289                  2.9998242560890334E+000                  4.3578472664010742E-001                  5.1065532404207650E+000                 -6.0063537331126637E+000                  7.2423476336858217E+000                  6.9999999999760398E-001                  2.8000000000239622E-001                  1.9999999999999796E-002                  0.0000000000000000E+000                  4.4906444653800678E+008                  5.3400305512164598E+006                  1.4477746642206371E-025                  0.0000000000000000E+000                  0.0000000000000000E+000                  1.4308874649930805E+001                  3.1891228270552273E+009                  8.1242428063997620E-007                  0.0000000000000000E+000                 -3.0451085527330854E+000                  8.0042108737243367E-001                  1.0389817147322646E+000                  1.1894967125642553E+000 
                                     290                  2.9998242405757423E+000                  4.3562632655274136E-001                  5.1117291385646437E+000                 -5.9917090202317471E+000                  7.2622105754760584E+000                  6.9999999999760398E-001                  2.8000000000239622E-001                  1.9999999999999796E-002                  0.0000000000000000E+000                  4.4921594511944067E+008                  5.3723285298717543E+006                  1.4974752831617589E-025                  0.0000000000000000E+000                  0.0000000000000000E+000                  1.4403059461943458E+001                  3.2231505039010291E+009                  7.9579460340891561E-007                  0.0000000000000000E+000                 -3.0495995051492732E+000                  8.0304119054430589E-001                  1.0416018179041369E+000                  1.1921168157361275E+000 
                                     291                  2.9998242224769025E+000                  4.3544744588445278E-001                  5.1170787778230267E+000                 -5.9766511914995046E+000                  7.2826647946749636E+000                  6.9999999999760398E-001                  2.8000000000239622E-001                  1.9999999999999796E-002                  0.0000000000000000E+000                  4.4937585265885270E+008                  5.4059693775751144E+006                  1.5503584075155915E-025                  0.0000000000000000E+000                  0.0000000000000000E+000                  1.4506508129205812E+001                  3.2616277479006844E+009                  7.7700774978415450E-007                  0.0000000000000000E+000                 -3.0547873247876316E+000                  8.0598586770349701E-001                  1.0445464950633281E+000                  1.1950614928953187E+000 
                                     292                  2.9998242043780632E+000                  4.3527445094655709E-001                  5.1211241420477958E+000                 -5.9652870481264531E+000                  7.2981104676900879E+000                  6.9999999999760398E-001                  2.8000000000239622E-001                  1.9999999999999796E-002                  0.0000000000000000E+000                  4.4949218082472730E+008                  5.4315776381529309E+006                  1.5915029611626012E-025                  0.0000000000000000E+000                  0.0000000000000000E+000                  1.4588398370707235E+001                  3.2988138973618183E+009                  7.5905382493475280E-007                  0.0000000000000000E+000                 -3.0598637134729882E+000                  8.0881945754144358E-001                  1.0473800849012747E+000                  1.1978950827332653E+000 
                                     293                  2.9998241940358694E+000                  4.3517806020987587E-001                  5.1254290571338625E+000                 -5.9533774269318194E+000                  7.3143706552569254E+000                  6.9999999999760398E-001                  2.8000000000239622E-001                  1.9999999999999796E-002                  0.0000000000000000E+000                  4.4965557922782439E+008                  5.4590021676194081E+006                  1.6357953347950397E-025                  0.0000000000000000E+000                  0.0000000000000000E+000                  1.4673129064237987E+001                  3.3197235059950023E+009                  7.4939642912278573E-007                  0.0000000000000000E+000                 -3.0626441903261838E+000                  8.1039137394187599E-001                  1.0489520013017071E+000                  1.1994669991336977E+000 
                                     294                  2.9998241733514814E+000                  4.3499030938063066E-001                  5.1302546904887105E+000                 -5.9399903972718899E+000                  7.3326329549827305E+000                  6.9999999999760398E-001                  2.8000000000239622E-001                  1.9999999999999796E-002                  0.0000000000000000E+000                  4.4982145898267853E+008                  5.4899242344660852E+006                  1.6870562277688927E-025                  0.0000000000000000E+000                  0.0000000000000000E+000                  1.4772078787969702E+001                  3.3606595849700804E+009                  7.3131173759478612E-007                  0.0000000000000000E+000                 -3.0679487280343971E+000                  8.1343954204334012E-001                  1.0520001694031711E+000                  1.2025151672351619E+000 
                                     295                  2.9998241578381908E+000                  4.3485361748195733E-001                  5.1335978363498578E+000                 -5.9307643756103134E+000                  7.3452383683438907E+000                  6.9999999999760398E-001                  2.8000000000239622E-001                  1.9999999999999796E-002                  0.0000000000000000E+000                  4.4994602238797694E+008                  5.5114616418879796E+006                  1.7233165035210206E-025                  0.0000000000000000E+000                  0.0000000000000000E+000                  1.4841825234030788E+001                  3.3903546102190294E+009                  7.1843050912185766E-007                  0.0000000000000000E+000                 -3.0718076165237109E+000                  8.1564692124063587E-001                  1.0542075486004669E+000                  1.2047225464324576E+000 
                                     296                  2.9998241474959961E+000                  4.3476433536781328E-001                  5.1368703869457146E+000                 -5.9218158710791524E+000                  7.3574981419333882E+000                  6.9999999999760398E-001                  2.8000000000239622E-001                  1.9999999999999796E-002                  0.0000000000000000E+000                  4.5008853144435352E+008                  5.5326370658198390E+006                  1.7592308426061584E-025                  0.0000000000000000E+000                  0.0000000000000000E+000                  1.4910498764906349E+001                  3.4099023727435951E+009                  7.1021426430571766E-007                  0.0000000000000000E+000                 -3.0743053046774027E+000                  8.1708250360637080E-001                  1.0556431309662018E+000                  1.2061581287981924E+000 
                                     297                  2.9998241319827055E+000                  4.3463304342553960E-001                  5.1413215285445641E+000                 -5.9096998349279293E+000                  7.3741201193645471E+000                  6.9999999999760398E-001                  2.8000000000239622E-001                  1.9999999999999796E-002                  0.0000000000000000E+000                  4.5029690873740572E+008                  5.5615739110567644E+006                  1.8090542114425769E-025                  0.0000000000000000E+000                  0.0000000000000000E+000                  1.5007897918442461E+001                  3.4388591272410574E+009                  6.9826434047266172E-007                  0.0000000000000000E+000                 -3.0779900681470327E+000                  8.1918465411005015E-001                  1.0577452814698813E+000                  1.2082602793018717E+000 
                                     298                  2.9998241112983175E+000                  4.3446262626414944E-001                  5.1462385309327496E+000                 -5.8963629011583869E+000                  7.3924364011520556E+000                  6.9999999999760398E-001                  2.8000000000239622E-001                  1.9999999999999796E-002                  0.0000000000000000E+000                  4.5054193834887064E+008                  5.5937121302386438E+006                  1.8655320543573476E-025                  0.0000000000000000E+000                  0.0000000000000000E+000                  1.5123406863124012E+001                  3.4764928879057198E+009                  6.8259414535964879E-007                  0.0000000000000000E+000                 -3.0829187205022484E+000                  8.2189846433416780E-001                  1.0604590916939989E+000                  1.2109740895259895E+000 
                                     299                  2.9998240905227824E+000                  4.3429644163719500E-001                  5.1498113558652907E+000                 -5.8866853752010240E+000                  7.4057325554909355E+000                  6.9999999999760398E-001                  2.8000000000239622E-001                  1.9999999999999796E-002                  0.0000000000000000E+000                  4.5072637302251691E+008                  5.6171739553502286E+006                  1.9076147929999181E-025                  0.0000000000000000E+000                  0.0000000000000000E+000                  1.5214284879586195E+001                  3.5131149322917638E+009                  6.6690737231016491E-007                  0.0000000000000000E+000                 -3.0879672408288901E+000                  8.2452948262904913E-001                  1.0630901099888801E+000                  1.2136051078208707E+000 
                                     300                  2.9998240801350149E+000                  4.3421511091737097E-001                  5.1533145440484143E+000                 -5.8773280526736560E+000                  7.4186432297525169E+000                  6.9999999999760398E-001                  2.8000000000239622E-001                  1.9999999999999796E-002                  0.0000000000000000E+000                  4.5094557618312293E+008                  5.6402784641430713E+006                  1.9492081054491186E-025                  0.0000000000000000E+000                  0.0000000000000000E+000                  1.5306278915691616E+001                  3.5311772252362761E+009                  6.5907447493997863E-007                  0.0000000000000000E+000                 -3.0905327538350309E+000                  8.2581092627024899E-001                  1.0643715536300802E+000                  1.2148865514620708E+000 
                                     301                  2.9998240593594794E+000                  4.3405578432819680E-001                  5.1578410913811332E+000                 -5.8652582350518943E+000                  7.4353052618758699E+000                  6.9999999999760398E-001                  2.8000000000239622E-001                  1.9999999999999796E-002                  0.0000000000000000E+000                  4.5124087343745458E+008                  5.6702577873050151E+006                  2.0042013505519798E-025                  0.0000000000000000E+000                  0.0000000000000000E+000                  1.5433706774824650E+001                  3.5668390721805682E+009                  6.4347360438552369E-007                  0.0000000000000000E+000                 -3.0957346316873564E+000                  8.2831054216567035E-001                  1.0668711695255015E+000                  1.2173861673574922E+000 
                                     302                  2.9998240385839439E+000                  4.3390065635285091E-001                  5.1633179340247128E+000                 -5.8508266506736017E+000                  7.4553001198400892E+000                  6.9999999999760398E-001                  2.8000000000239622E-001                  1.9999999999999796E-002                  0.0000000000000000E+000                  4.5165668568898678E+008                  5.7067293020667220E+006                  2.0719969338538520E-025                  0.0000000000000000E+000                  0.0000000000000000E+000                  1.5594664071085571E+001                  3.6017190399412003E+009                  6.2807463481487774E-007                  0.0000000000000000E+000                 -3.1009943727473912E+000                  8.3073120413758117E-001                  1.0692918314974122E+000                  1.2198068293294029E+000 
                                     303                  2.9998240074206413E+000                  4.3367527367119973E-001                  5.1690896605037828E+000                 -5.8356683852520286E+000                  7.4763233499513388E+000                  6.9999999999760398E-001                  2.8000000000239622E-001                  1.9999999999999796E-002                  0.0000000000000000E+000                  4.5212517786943835E+008                  5.7453801754516475E+006                  2.1456785038798372E-025                  0.0000000000000000E+000                  0.0000000000000000E+000                  1.5773929787761567E+001                  3.6526110550710688E+009                  6.0574814973818333E-007                  0.0000000000000000E+000                 -3.1088539518719296E+000                  8.3422657684867452E-001                  1.0727872042085056E+000                  1.2233022020404962E+000 
                                     304                  2.9998239814512222E+000                  4.3349364200484303E-001                  5.1731431153728655E+000                 -5.8250913393309913E+000                  7.4910222180880526E+000                  6.9999999999760398E-001                  2.8000000000239622E-001                  1.9999999999999796E-002                  0.0000000000000000E+000                  4.5248359566622150E+008                  5.7726606932554264E+006                  2.1986390089591958E-025                  0.0000000000000000E+000                  0.0000000000000000E+000                  1.5902862962653904E+001                  3.6935991454473324E+009                  5.8800075965147900E-007                  0.0000000000000000E+000                 -3.1153110564243178E+000                  8.3702518449633301E-001                  1.0755858118561641E+000                  1.2261008096881545E+000 
                                     305                  2.9998239658695707E+000                  4.3338717919303427E-001                  5.1775968532300087E+000                 -5.8136497659270061E+000                  7.5070001331937428E+000                  6.9999999999760398E-001                  2.8000000000239617E-001                  1.9999999999999796E-002                  0.0000000000000000E+000                  4.5293748600053966E+008                  5.8027770020888094E+006                  2.2574019822109900E-025                  0.0000000000000000E+000                  0.0000000000000000E+000                  1.6042390560877301E+001                  3.7179078172384367E+009                  5.7797862820071440E-007                  0.0000000000000000E+000                 -3.1190441100510666E+000                  8.3865656875984429E-001                  1.0772171961196755E+000                  1.2277321939516661E+000 
                                     306                  2.9998239347062676E+000                  4.3317956480726072E-001                  5.1823633717751969E+000                 -5.8013819873127188E+000                  7.5241221320159752E+000                  6.9999999999760398E-001                  2.8000000000239622E-001                  1.9999999999999796E-002                  0.0000000000000000E+000                  4.5343065962363422E+008                  5.8351473954054732E+006                  2.3221552039827170E-025                  0.0000000000000000E+000                  0.0000000000000000E+000                  1.6194541621232897E+001                  3.7655415578135943E+009                  5.5926957343415949E-007                  0.0000000000000000E+000                 -3.1261894037178637E+000                  8.4182062440380145E-001                  1.0803812517636324E+000                  1.2308962495956230E+000 
                                     307                  2.9998239139307321E+000                  4.3304485105935586E-001                  5.1860744916876866E+000                 -5.7919215372253641E+000                  7.5373659045930870E+000                  6.9999999999760398E-001                  2.8000000000239622E-001                  1.9999999999999796E-002                  0.0000000000000000E+000                  4.5384953440429932E+008                  5.8604622234023334E+006                  2.3733569613135953E-025                  0.0000000000000000E+000                  0.0000000000000000E+000                  1.6310884277611486E+001                  3.7964423550443954E+009                  5.4769318568857205E-007                  0.0000000000000000E+000                 -3.1307313312302041E+000                  8.4386114317672567E-001                  1.0824217705365569E+000                  1.2329367683685475E+000 
                                     308                  2.9998238931551966E+000                  4.3291291866668835E-001                  5.1896920343999433E+000                 -5.7827442602338310E+000                  7.5502331293082854E+000                  6.9999999999760398E-001                  2.8000000000239622E-001                  1.9999999999999796E-002                  0.0000000000000000E+000                  4.5427838278346020E+008                  5.8852309115415392E+006                  2.4241053290618886E-025                  0.0000000000000000E+000                  0.0000000000000000E+000                  1.6422693675977730E+001                  3.8269102101753559E+009                  5.3700047037258959E-007                  0.0000000000000000E+000                 -3.1350126669452587E+000                  8.4584886217113942E-001                  1.0844094895309706E+000                  1.2349244873629612E+000 
                                     309                  2.9998238723796611E+000                  4.3278362835085571E-001                  5.1949730038746260E+000                 -5.7695029618823037E+000                  7.5688679344911600E+000                  6.9999999999760398E-001                  2.8000000000239622E-001                  1.9999999999999796E-002                  0.0000000000000000E+000                  4.5496214117242998E+008                  5.9215633917634580E+006                  2.4992463932748466E-025                  0.0000000000000000E+000                  0.0000000000000000E+000                  1.6579353516265584E+001                  3.8570329323748665E+009                  5.2725459208429052E-007                  0.0000000000000000E+000                 -3.1389898145584074E+000                  8.4778579270443744E-001                  1.0863464200642685E+000                  1.2368614178962591E+000 
                                     310                  2.9998238308285909E+000                  4.3253248290500629E-001                  5.2016914332775848E+000                 -5.7526472558398210E+000                  7.5925855649951481E+000                  6.9999999999760398E-001                  2.8000000000239622E-001                  1.9999999999999796E-002                  0.0000000000000000E+000                  4.5585323930505204E+008                  5.9680595056079486E+006                  2.5982795429139751E-025                  0.0000000000000000E+000                  0.0000000000000000E+000                  1.6772686394134265E+001                  3.9157374086348062E+009                  5.1012748613815580E-007                  0.0000000000000000E+000                 -3.1461606378261200E+000                  8.5151872788604077E-001                  1.0900793552458719E+000                  1.2405943530778625E+000 
                                     311                  2.9998237892775199E+000                  4.3229048627493388E-001                  5.2069180615641155E+000                 -5.7395434275320731E+000                  7.6110286468328949E+000                  6.9999999999760398E-001                  2.8000000000239622E-001                  1.9999999999999796E-002                  0.0000000000000000E+000                  4.5656617756433886E+008                  6.0044517503840998E+006                  2.6779741628789663E-025                  0.0000000000000000E+000                  0.0000000000000000E+000                  1.6916527190725905E+001                  3.9719529536834087E+009                  4.9544654788611740E-007                  0.0000000000000000E+000                 -3.1525015966340546E+000                  8.5507858501765110E-001                  1.0936392123774821E+000                  1.2441542102094727E+000 
                                     312                  2.9998237631477958E+000                  4.3214262892815192E-001                  5.2112324251779389E+000                 -5.7288299958006332E+000                  7.6261541952745855E+000                  6.9999999999760398E-001                  2.8000000000239622E-001                  1.9999999999999796E-002                  0.0000000000000000E+000                  4.5719363235797846E+008                  6.0346550920196781E+006                  2.7449449415065963E-025                  0.0000000000000000E+000                  0.0000000000000000E+000                  1.7028585126977273E+001                  4.0064301527369580E+009                  4.8753904620844990E-007                  0.0000000000000000E+000                 -3.1559952983172868E+000                  8.5723350409548038E-001                  1.0957941314553115E+000                  1.2463091292873021E+000 
                                     313                  2.9998237316638825E+000                  4.3196862215863940E-001                  5.2146564988587203E+000                 -5.7202943656439205E+000                  7.6381903844346359E+000                  6.9999999999760398E-001                  2.8000000000239622E-001                  1.9999999999999796E-002                  0.0000000000000000E+000                  4.5768747125730330E+008                  6.0587230099104121E+006                  2.7994995527314868E-025                  0.0000000000000000E+000                  0.0000000000000000E+000                  1.7116594629760019E+001                  4.0470644738650608E+009                  4.7907254564737885E-007                  0.0000000000000000E+000                 -3.1597993583357846E+000                  8.5975015125275422E-001                  1.0983107786125854E+000                  1.2488257764445758E+000 
                                     314                  2.9998237159219263E+000                  4.3188323557681219E-001                  5.2180150458008407E+000                 -5.7120113149741787E+000                  7.6499110650771636E+000                  6.9999999999760398E-001                  2.8000000000239622E-001                  1.9999999999999796E-002                  0.0000000000000000E+000                  4.5820137122439575E+008                  6.0824302287126360E+006                  2.8534769056698234E-025                  0.0000000000000000E+000                  0.0000000000000000E+000                  1.7198877012221207E+001                  4.0670676168484330E+009                  4.7523050368039036E-007                  0.0000000000000000E+000                 -3.1615478455086961E+000                  8.6097707079593777E-001                  1.0995376981557690E+000                  1.2500526959877596E+000 
                                     315                  2.9998236844380131E+000                  4.3171554209755242E-001                  5.2223541222844139E+000                 -5.7012773841731175E+000                  7.6650852713760242E+000                  6.9999999999760398E-001                  2.8000000000239617E-001                  1.9999999999999796E-002                  0.0000000000000000E+000                  4.5886068696596164E+008                  6.1131901512441197E+006                  2.9249778601554762E-025                  0.0000000000000000E+000                  0.0000000000000000E+000                  1.7304525273855184E+001                  4.1065143909316549E+009                  4.6824337341884267E-007                  0.0000000000000000E+000                 -3.1647641800228059E+000                  8.6337148572596834E-001                  1.1019321130857995E+000                  1.2524471109177902E+000 
                                     316                  2.9998236529541003E+000                  4.3155175508312221E-001                  5.2265570937982204E+000                 -5.6908958688917890E+000                  7.6797689074340232E+000                  6.9999999999760398E-001                  2.8000000000239617E-001                  1.9999999999999796E-002                  0.0000000000000000E+000                  4.5950766729023367E+008                  6.1431371901515778E+006                  2.9958363534608964E-025                  0.0000000000000000E+000                  0.0000000000000000E+000                  1.7405017712155377E+001                  4.1449080822341671E+009                  4.6181324487593587E-007                  0.0000000000000000E+000                 -3.1677668078033525E+000                  8.6569172692848961E-001                  1.1042523542883207E+000                  1.2547673521203113E+000 
                                     317                  2.9998236214701874E+000                  4.3139165786758227E-001                  5.2296167803219396E+000                 -5.6833156039969266E+000                  7.6904803362224623E+000                  6.9999999999760398E-001                  2.8000000000239617E-001                  1.9999999999999796E-002                  0.0000000000000000E+000                  4.5997346480899763E+008                  6.1650313475926910E+006                  3.0486577337395822E-025                  0.0000000000000000E+000                  0.0000000000000000E+000                  1.7477831184411190E+001                  4.1823154221624928E+009                  4.5588290014324673E-007                  0.0000000000000000E+000                 -3.1705733487912173E+000                  8.6794234297993922E-001                  1.1065029703397702E+000                  1.2570179681717608E+000 
                                     318                  2.9998236057282304E+000                  4.3131292940450039E-001                  5.2326232710765339E+000                 -5.6759343862622424E+000                  7.7009414173470363E+000                  6.9999999999760398E-001                  2.8000000000239617E-001                  1.9999999999999796E-002                  0.0000000000000000E+000                  4.6045140483900088E+008                  6.1866342099021031E+006                  3.1009875368738433E-025                  0.0000000000000000E+000                  0.0000000000000000E+000                  1.7545909008100182E+001                  4.2007726481977797E+009                  4.5318133377455795E-007                  0.0000000000000000E+000                 -3.1718639933646671E+000                  8.6904245976811212E-001                  1.1076030871279432E+000                  1.2581180849599338E+000 
                                     319                  2.9998235742443176E+000                  4.3115800100971041E-001                  5.2370024637828223E+000                 -5.6651649009145206E+000                  7.7161966057389293E+000                  6.9999999999760398E-001                  2.8000000000239617E-001                  1.9999999999999796E-002                  0.0000000000000000E+000                  4.6114209522412032E+008                  6.2182466770412857E+006                  3.1789554683517085E-025                  0.0000000000000000E+000                  0.0000000000000000E+000                  1.7641792761518726E+001                  4.2372622579771800E+009                  4.4839975030493902E-007                  0.0000000000000000E+000                 -3.1741673189587121E+000                  8.7119473812862991E-001                  1.1097553654884611E+000                  1.2602703633204515E+000 
                                     320                  2.9998235348894262E+000                  4.3096885915470889E-001                  5.2416963096834399E+000                 -5.6536000411885725E+000                  7.7325690833174985E+000                  6.9999999999760398E-001                  2.8000000000239617E-001                  1.9999999999999796E-002                  0.0000000000000000E+000                  4.6187394594683886E+008                  6.2523299738923023E+006                  3.2648674207576151E-025                  0.0000000000000000E+000                  0.0000000000000000E+000                  1.7738301398229261E+001                  4.2816222527642651E+009                  4.4327797184539683E-007                  0.0000000000000000E+000                 -3.1766619249477719E+000                  8.7380080741666766E-001                  1.1123614347764987E+000                  1.2628764326084894E+000 
                                     321                  2.9998234955345349E+000                  4.3078444973009639E-001                  5.2466758567059726E+000                 -5.6413484867831727E+000                  7.7499222495275175E+000                  6.9999999999760398E-001                  2.8000000000239617E-001                  1.9999999999999796E-002                  0.0000000000000000E+000                  4.6265180132719350E+008                  6.2887239870252088E+006                  3.3584164614623195E-025                  0.0000000000000000E+000                  0.0000000000000000E+000                  1.7829872428352431E+001                  4.3248074739638319E+009                  4.3927420429362222E-007                  0.0000000000000000E+000                 -3.1786321496328389E+000                  8.7631812772926343E-001                  1.1148787550890946E+000                  1.2653937529210852E+000 
                                     322                  2.9998234483086654E+000                  4.3056901656721808E-001                  5.2514560727367927E+000                 -5.6295248425178759E+000                  7.7666411039211791E+000                  6.9999999999760398E-001                  2.8000000000239617E-001                  1.9999999999999796E-002                  0.0000000000000000E+000                  4.6337640730425733E+008                  6.3238802351400796E+006                  3.4512408009820486E-025                  0.0000000000000000E+000                  0.0000000000000000E+000                  1.7907200533191460E+001                  4.3750737263635273E+009                  4.3589218765394063E-007                  0.0000000000000000E+000                 -3.1803104573117458E+000                  8.7922891775516543E-001                  1.1177895451149964E+000                  1.2683045429469870E+000 
                                     323                  2.9998234089537741E+000                  4.3039407490722664E-001                  5.2564879971609857E+000                 -5.6171190783099751E+000                  7.7842022187506403E+000                  6.9999999999760398E-001                  2.8000000000239617E-001                  1.9999999999999796E-002                  0.0000000000000000E+000                  4.6414788873038334E+008                  6.3611340709701013E+006                  3.5513966654731315E-025                  0.0000000000000000E+000                  0.0000000000000000E+000                  1.7972698154303227E+001                  4.4158284133967133E+009                  4.3430096180115363E-007                  0.0000000000000000E+000                 -3.1811046044249509E+000                  8.8156738941218593E-001                  1.1201280167720169E+000                  1.2706430146040075E+000 
                                     324                  2.9998233538569261E+000                  4.3015571377142769E-001                  5.2624924861086333E+000                 -5.6022248944723483E+000                  7.8052448840794639E+000                  6.9999999999760398E-001                  2.8000000000239617E-001                  1.9999999999999796E-002                  0.0000000000000000E+000                  4.6503645010056251E+008                  6.4059010825789301E+006                  3.6754921985071456E-025                  0.0000000000000000E+000                  0.0000000000000000E+000                  1.8034413707867710E+001                  4.4712823506875334E+009                  4.3369748076300160E-007                  0.0000000000000000E+000                 -3.1814065502743674E+000                  8.8471593679125082E-001                  1.1232765641510818E+000                  1.2737915619830726E+000 
                                     325                  2.9998232908891000E+000                  4.2989202825951833E-001                  5.2683476603106651E+000                 -5.5875792602465832E+000                  7.8258813531871612E+000                  6.9999999999760398E-001                  2.8000000000239628E-001                  1.9999999999999796E-002                  0.0000000000000000E+000                  4.6586238487132704E+008                  6.4498749440670367E+006                  3.8017475705461105E-025                  0.0000000000000000E+000                  0.0000000000000000E+000                  1.8079235596085766E+001                  4.5320442185891104E+009                  4.3437532837439364E-007                  0.0000000000000000E+000                 -3.1810674248762050E+000                  8.8814767019579610E-001                  1.1267082975556271E+000                  1.2772232953876177E+000 
                                     326                  2.9998232326750078E+000                  4.2965592620710358E-001                  5.2729944771656827E+000                 -5.5758645237434630E+000                  7.8423468897066222E+000                  6.9999999999760398E-001                  2.8000000000239628E-001                  1.9999999999999796E-002                  0.0000000000000000E+000                  4.6648975110273033E+008                  6.4849906484298855E+006                  3.9058538423980202E-025                  0.0000000000000000E+000                  0.0000000000000000E+000                  1.8105034708026754E+001                  4.5858880432881985E+009                  4.3587906605476434E-007                  0.0000000000000000E+000                 -3.1803169941619713E+000                  8.9117342236691677E-001                  1.1297340497267478E+000                  1.2802490475587385E+000 
                                     327                  2.9998231902028709E+000                  4.2948801989047602E-001                  5.2767844850594203E+000                 -5.5662969567469034E+000                  7.8557889673503860E+000                  6.9999999999760398E-001                  2.8000000000239628E-001                  1.9999999999999796E-002                  0.0000000000000000E+000                  4.6699888851139909E+008                  6.5137760196241643E+006                  3.9929917519721686E-025                  0.0000000000000000E+000                  0.0000000000000000E+000                  1.8118810126674585E+001                  4.6239920315429430E+009                  4.3743296909350565E-007                  0.0000000000000000E+000                 -3.1795442437587149E+000                  8.9329725866336573E-001                  1.1318578860231967E+000                  1.2823728838551876E+000 
                                     328                  2.9998231477307344E+000                  4.2932358348197591E-001                  5.2804542856062762E+000                 -5.5569888486375287E+000                  7.8688469203295250E+000                  6.9999999999760398E-001                  2.8000000000239628E-001                  1.9999999999999796E-002                  0.0000000000000000E+000                  4.6748050134929204E+008                  6.5417644001054084E+006                  4.0796333388233073E-025                  0.0000000000000000E+000                  0.0000000000000000E+000                  1.8127007615746720E+001                  4.6612121306700726E+009                  4.3930703468930114E-007                  0.0000000000000000E+000                 -3.1786159211282272E+000                  8.9535440064350202E-001                  1.1339150280033330E+000                  1.2844300258353236E+000 
                                     329                  2.9998231052585984E+000                  4.2916245280708948E-001                  5.2840103488798267E+000                 -5.5479253402487094E+000                  7.8815422467887739E+000                  6.9999999999760398E-001                  2.8000000000239628E-001                  1.9999999999999796E-002                  0.0000000000000000E+000                  4.6793638404158539E+008                  6.5689914966214374E+006                  4.1658057655003580E-025                  0.0000000000000000E+000                  0.0000000000000000E+000                  1.8129948218357143E+001                  4.6974920080669994E+009                  4.4137826363701732E-007                  0.0000000000000000E+000                 -3.1775945290794105E+000                  8.9734840917609993E-001                  1.1359090365359310E+000                  1.2864240343679216E+000 
                                     330                  2.9998230627864619E+000                  4.2900447598257263E-001                  5.2878876677245996E+000                 -5.5380119645621413E+000                  7.8954143270865993E+000                  6.9999999999760398E-001                  2.8000000000239628E-001                  1.9999999999999796E-002                  0.0000000000000000E+000                  4.6842749005685067E+008                  6.5987984928984772E+006                  4.2621456505433735E-025                  0.0000000000000000E+000                  0.0000000000000000E+000                  1.8126666886792176E+001                  4.7329236444702911E+009                  4.4366207714737384E-007                  0.0000000000000000E+000                 -3.1764738459183759E+000                  8.9928230087194039E-001                  1.1378429282317715E+000                  1.2883579260637621E+000 
                                     331                  2.9998230096962919E+000                  4.2881122716515796E-001                  5.2924518904848536E+000                 -5.5262658681761847E+000                  7.9118172003647294E+000                  6.9999999999760398E-001                  2.8000000000239628E-001                  1.9999999999999796E-002                  0.0000000000000000E+000                  4.6898734120296621E+008                  6.6340395971116610E+006                  4.3791865779076358E-025                  0.0000000000000000E+000                  0.0000000000000000E+000                  1.8114575905505820E+001                  4.7760588391888275E+009                  4.4678176745981103E-007                  0.0000000000000000E+000                 -3.1749522790731559E+000                  9.0161974440924775E-001                  1.1401803717690788E+000                  1.2906953696010695E+000 
                                     332                  2.9998229459880870E+000                  4.2858518944800877E-001                  5.2960437243006933E+000                 -5.5168855324609352E+000                  7.9248560696994099E+000                  6.9999999999760398E-001                  2.8000000000239617E-001                  1.9999999999999796E-002                  0.0000000000000000E+000                  4.6938964523479497E+008                  6.6618759809606327E+006                  4.4749603743697438E-025                  0.0000000000000000E+000                  0.0000000000000000E+000                  1.8100570586293966E+001                  4.8258409771778631E+009                  4.5062205897518564E-007                  0.0000000000000000E+000                 -3.1730937761943405E+000                  9.0431560631350327E-001                  1.1428762336733342E+000                  1.2933912315053249E+000 
                                     333                  2.9998229138524901E+000                  4.2847347785574025E-001                  5.2995802158293932E+000                 -5.5077089349877051E+000                  7.9376377214870288E+000                  6.9999999999760398E-001                  2.8000000000239622E-001                  1.9999999999999796E-002                  0.0000000000000000E+000                  4.6980916555616063E+008                  6.6893969829997029E+006                  4.5706821983079244E-025                  0.0000000000000000E+000                  0.0000000000000000E+000                  1.8077413046416112E+001                  4.8503580958213463E+009                  4.5272260861495707E-007                  0.0000000000000000E+000                 -3.1720839083172692E+000                  9.0563208237441994E-001                  1.1441927097342510E+000                  1.2947077075662417E+000 
                                     334                  2.9998228492998007E+000                  4.2825351614550328E-001                  5.3041121719666480E+000                 -5.4957877850782815E+000                  7.9541713844782533E+000                  6.9999999999760398E-001                  2.8000000000239622E-001                  1.9999999999999796E-002                  0.0000000000000000E+000                  4.7030284805433828E+008                  6.7247906156058591E+006                  5.3602119477923188E-025                  0.0000000000000000E+000                  0.0000000000000000E+000                  1.8040667059910184E+001                  4.8985153996630526E+009                  4.5729827339191281E-007                  0.0000000000000000E+000                 -3.1699002191847740E+000                  9.0819399000076584E-001                  1.1467546173605969E+000                  1.2972696151925875E+000 
                                     335                  2.9998227847471113E+000                  4.2803918890451675E-001                  5.3091816191574086E+000                 -5.4823825685814462E+000                  7.9727331226045202E+000                  6.9999999999760398E-001                  2.8000000000239622E-001                  1.9999999999999796E-002                  0.0000000000000000E+000                  4.7084204804626215E+008                  6.7645723156871321E+006                  6.8625217621214467E-025                  0.0000000000000000E+000                  0.0000000000000000E+000                  1.7985830773635307E+001                  4.9449379723342180E+009                  4.6203379252322840E-007                  0.0000000000000000E+000                 -3.1676631297872331E+000                  9.1065237323716963E-001                  1.1492130005970007E+000                  1.2997279984289913E+000 
                                     336                  2.9998226986768599E+000                  4.2776163413822055E-001                  5.3146796906991201E+000                 -5.4676292829805773E+000                  7.9930691121480528E+000                  6.9999999999760398E-001                  2.8000000000239622E-001                  1.9999999999999796E-002                  0.0000000000000000E+000                  4.7136826237823480E+008                  6.8079275080315229E+006                  8.9669763538775756E-025                  0.0000000000000000E+000                  0.0000000000000000E+000                  1.7913819834037323E+001                  5.0044167326116238E+009                  4.6857130375793925E-007                 -3.9109670472296195E-020                 -3.1646121559928617E+000                  9.1378134100106978E-001                  1.1523419683609009E+000                  1.3028569661928915E+000 
                                     337                  2.9998226126066077E+000                  4.2749284301197443E-001                  5.3189291409263335E+000                 -5.4560479627587251E+000                  8.0089570425887224E+000                  6.9999999999760398E-001                  2.8000000000239622E-001                  1.9999999999999796E-002                  0.0000000000000000E+000                  4.7172407970425963E+008                  6.8415838077007867E+006                  1.1023088296600294E-024                  0.0000000000000000E+000                  0.0000000000000000E+000                  1.7850168467246146E+001                  5.0609635774791451E+009                  4.7499393327434827E-007                 -1.5496170298311116E-019                 -3.1616559686215657E+000                  9.1675444209823531E-001                  1.1553150694580665E+000                  1.3058300672900571E+000 
                                     338                  2.9998225588127001E+000                  4.2732902465057554E-001                  5.3220946212623161E+000                 -5.4473996323159950E+000                  8.0208124991279739E+000                  6.9999999999760387E-001                  2.8000000000239628E-001                  1.9999999999999796E-002                  0.0000000000000000E+000                  4.7198576509957463E+008                  6.8667513145809211E+006                  1.2851101872430504E-024                  0.0000000000000000E+000                  0.0000000000000000E+000                  1.7796136343830501E+001                  5.0950956942376146E+009                  4.7902209668016671E-007                 -2.3112513031983776E-019                 -3.1598222263355940E+000                  9.1853881871580789E-001                  1.1570994460756390E+000                  1.3076144439076296E+000 
                                     339                  2.9998225050187926E+000                  4.2716825608814990E-001                  5.3248594260126314E+000                 -5.4397825655690983E+000                  8.0312277937666696E+000                  6.9999999999760387E-001                  2.8000000000239628E-001                  1.9999999999999796E-002                  0.0000000000000000E+000                  4.7219602102581084E+008                  6.8887936708565447E+006                  1.4692204358640618E-024                  0.0000000000000000E+000                  0.0000000000000000E+000                  1.7745803665742525E+001                  5.1284290406310186E+009                  4.8308411839429401E-007                 -1.5323831330897501E-019                 -3.1579886199517269E+000                  9.2026999437483814E-001                  1.1588306217346691E+000                  1.3093456195666597E+000 
                                     340                  2.9998224619836669E+000                  4.2704175188182020E-001                  5.3284528457607037E+000                 -5.4298950117108626E+000                  8.0447528472385841E+000                  6.9999999999760387E-001                  2.8000000000239628E-001                  1.9999999999999796E-002                  0.0000000000000000E+000                  4.7247607209491915E+008                  6.9175433236664319E+006                  1.7477605044640585E-024                  0.0000000000000000E+000                  0.0000000000000000E+000                  1.7673368776518899E+001                  5.1546011323242836E+009                  4.8636832929433136E-007                 -3.8146420508456316E-020                 -3.1565173563213214E+000                  9.2161829231840553E-001                  1.1601789196782366E+000                  1.3106939175102272E+000 
                                     341                  2.9998223759134146E+000                  4.2679411885002361E-001                  5.3324635281086374E+000                 -5.4186459715032287E+000                  8.0600517199675323E+000                  6.9999999999760387E-001                  2.8000000000239628E-001                  1.9999999999999796E-002                  0.0000000000000000E+000                  4.7272232472786433E+008                  6.9497319958281154E+006                  2.1214096776747160E-024                  0.0000000000000000E+000                  0.0000000000000000E+000                  1.7589900080078852E+001                  5.2053191169316406E+009                  4.9277368668845357E-007                  0.0000000000000000E+000                 -3.1536762454209128E+000                  9.2422413764642775E-001                  1.1627847650062586E+000                  1.3132997628382492E+000 
                                     342                  2.9998223113607252E+000                  4.2661287464133035E-001                  5.3369014721406147E+000                 -5.4061958452896883E+000                  8.0769830383547010E+000                  6.9999999999760387E-001                  2.8000000000239628E-001                  1.9999999999999796E-002                  0.0000000000000000E+000                  4.7299696069231874E+008                  6.9855168209025944E+006                  2.6270180695041780E-024                  0.0000000000000000E+000                  0.0000000000000000E+000                  1.7487520170676923E+001                  5.2420458319447527E+009                  4.9741525173204795E-007                 -3.7275958920879060E-020                 -3.1516404512685474E+000                  9.2610332357748237E-001                  1.1646639509373136E+000                  1.3151789487693042E+000 
                                     343                  2.9998222032033510E+000                  4.2631729739718827E-001                  5.3416646072276999E+000                 -5.3925540619521923E+000                  8.0954211416629835E+000                  6.9999999999760387E-001                  2.8000000000239628E-001                  1.9999999999999796E-002                  0.0000000000000000E+000                  4.7320300167903835E+008                  7.0240783088866640E+006                  3.3042196858557622E-024                  0.0000000000000000E+000                  0.0000000000000000E+000                  1.7374095052230562E+001                  5.3012625853985357E+009                  5.0489033266473473E-007                 -1.4769148938288184E-019                 -3.1484014724167197E+000                  9.2911957406921386E-001                  1.1676802014290448E+000                  1.3181951992610355E+000 
                                     344                  2.9998221159939802E+000                  4.2608591692889941E-001                  5.3447244350459355E+000                 -5.3836827322006044E+000                  8.1073684952630281E+000                  6.9999999999760398E-001                  2.8000000000239628E-001                  1.9999999999999796E-002                  0.0000000000000000E+000                  4.7330101913416535E+008                  7.0489428120917734E+006                  3.8281761486370758E-024                  0.0000000000000000E+000                  0.0000000000000000E+000                  1.7298288141767792E+001                  5.3466395078910713E+009                  5.1040647443395022E-007                 -2.1991566291683337E-019                 -3.1460419126439323E+000                  9.3144025117230000E-001                  1.1700008785321310E+000                  1.3205158763641218E+000 
                                     345                  2.9998220723892950E+000                  4.2597243082008857E-001                  5.3477151563678005E+000                 -5.3750517322093243E+000                  8.1190079582614150E+000                  6.9999999999760398E-001                  2.8000000000239628E-001                  1.9999999999999796E-002                  0.0000000000000000E+000                  4.7341051333168787E+008                  7.0733359323260607E+006                  4.4187737909109996E-024                  0.0000000000000000E+000                  0.0000000000000000E+000                  1.7218818842473777E+001                  5.3688521566608133E+009                  5.1312974127076817E-007                 -1.4609167082439588E-019                 -3.1448864063387960E+000                  9.3256535763915949E-001                  1.1711259849989906E+000                  1.3216409828309812E+000 
                                     346                  2.9998219851799242E+000                  4.2574966628787175E-001                  5.3515505508300754E+000                 -5.3638224749346355E+000                  8.1340877136906986E+000                  6.9999999999760398E-001                  2.8000000000239628E-001                  1.9999999999999796E-002                  0.0000000000000000E+000                  4.7349891801373821E+008                  7.1047144451147728E+006                  5.3110940377320058E-024                  0.0000000000000000E+000                  0.0000000000000000E+000                  1.7115293769070206E+001                  5.4122806909349508E+009                  5.1845465585101849E-007                 -3.6273260391508187E-020                 -3.1426446105485870E+000                  9.3474997931804205E-001                  1.1733106066778731E+000                  1.3238256045098640E+000 
                                     347                  2.9998218979705529E+000                  4.2553225752244267E-001                  5.3561819495527550E+000                 -5.3501973594024985E+000                  8.1523593530544662E+000                  6.9999999999760398E-001                  2.8000000000239622E-001                  1.9999999999999796E-002                  0.0000000000000000E+000                  4.7358484233477598E+008                  7.1427788183351271E+006                  6.6287501361234717E-024                  0.0000000000000000E+000                  0.0000000000000000E+000                  1.6983284504230181E+001                  5.4542051302843733E+009                  5.2348620245778676E-007                  0.0000000000000000E+000                 -3.1405473802737673E+000                  9.3685233114333255E-001                  1.1754129585031636E+000                  1.3259279563351543E+000 
                                     348                  2.9998217660040964E+000                  4.2521284089061384E-001                  5.3610223990305039E+000                 -5.3356693014559253E+000                  8.1717299240774963E+000                  6.9999999999760398E-001                  2.8000000000239622E-001                  1.9999999999999796E-002                  0.0000000000000000E+000                  4.7358027556709319E+008                  7.1827316435752278E+006                  8.3557830990709505E-024                  0.0000000000000000E+000                  0.0000000000000000E+000                  1.6842810649115108E+001                  5.5148975482965117E+009                  5.3057124712113062E-007                  0.0000000000000000E+000                 -3.1376281445675165E+000                  9.3989049233715993E-001                  1.1784511196969909E+000                  1.3289661175289815E+000 
                                     349                  2.9998216560320494E+000                  4.2495490351100706E-001                  5.3643901528617368E+000                 -5.3254366838225575E+000                  8.1853257786362317E+000                  6.9999999999760398E-001                  2.8000000000239617E-001                  1.9999999999999796E-002                  0.0000000000000000E+000                  4.7353608284084231E+008                  7.2106403961692909E+006                  9.8147330531543730E-024                  0.0000000000000000E+000                  0.0000000000000000E+000                  1.6742235197111064E+001                  5.5628780185517921E+009                  5.3591287016638016E-007                  0.0000000000000000E+000                 -3.1354529065359253E+000                  9.4230125139119436E-001                  1.1808618787510254E+000                  1.3313768765830161E+000 
                                     350                  2.9998215900488212E+000                  4.2480353103362473E-001                  5.3672677218542386E+000                 -5.3166943428582849E+000                  8.1969418715645759E+000                  6.9999999999760398E-001                  2.8000000000239628E-001                  1.9999999999999796E-002                  0.0000000000000000E+000                  4.7349865183169007E+008                  7.2345729340093853E+006                  1.1258213385294142E-023                  0.0000000000000000E+000                  0.0000000000000000E+000                  1.6652280372003723E+001                  5.5908769802405128E+009                  5.3901113959984926E-007                  0.0000000000000000E+000                 -3.1342011296359873E+000                  9.4369843034273815E-001                  1.1822590577025691E+000                  1.3327740555345597E+000 
                                     351                  2.9998215014882579E+000                  4.2460417128632993E-001                  5.3712654078770292E+000                 -5.3044735007624340E+000                  8.2131514976390374E+000                  6.9999999999760387E-001                  2.8000000000239628E-001                  1.9999999999999796E-002                  0.0000000000000000E+000                  4.7342205973570919E+008                  7.2679401630984582E+006                  1.3618811856345463E-023                  0.0000000000000000E+000                  0.0000000000000000E+000                  1.6523241571471214E+001                  5.6277156270299540E+009                  5.4311466756572609E-007                  0.0000000000000000E+000                 -3.1325542341617405E+000                  9.4551918944034896E-001                  1.1840798168001800E+000                  1.3345948146321707E+000 
                                     352                  2.9998213677730230E+000                  4.2431101724744757E-001                  5.3758457773660036E+000                 -5.2902503814201731E+000                  8.2319342602027454E+000                  6.9999999999760398E-001                  2.8000000000239628E-001                  1.9999999999999796E-002                  0.0000000000000000E+000                  4.7326228893444735E+008                  7.3063216882246686E+006                  1.6935758429470934E-023                  0.0000000000000000E+000                  0.0000000000000000E+000                  1.6372595457496228E+001                  5.6811615518145847E+009                  5.4892182440062320E-007                  0.0000000000000000E+000                 -3.1302447509524804E+000                  9.4815868130033087E-001                  1.1867193086601620E+000                  1.3372343064921526E+000 
                                     353                  2.9998212340577881E+000                  4.2402674208860996E-001                  5.3809360961003119E+000                 -5.2743250589708905E+000                  8.2529212453690253E+000                  6.9999999999760398E-001                  2.8000000000239628E-001                  1.9999999999999796E-002                  0.0000000000000000E+000                  4.7304678288363451E+008                  7.3491916423630863E+006                  2.1566752927684142E-023                  0.0000000000000000E+000                  0.0000000000000000E+000                  1.6197846469566453E+001                  5.7322778800602999E+009                  5.5432586593146789E-007                  0.0000000000000000E+000                 -3.1281174279514556E+000                  9.5067590130444490E-001                  1.1892365286642761E+000                  1.3397515264962667E+000 
                                     354                  2.9998210557708087E+000                  4.2366053393976755E-001                  5.3850525580786526E+000                 -5.2611310205648065E+000                  8.2701936191528436E+000                  6.9999999999760398E-001                  2.8000000000239628E-001                  1.9999999999999796E-002                  0.0000000000000000E+000                  4.7277038855148798E+008                  7.3839881946086213E+006                  2.6226051626375304E-023                  0.0000000000000000E+000                  0.0000000000000000E+000                  1.6057438562185990E+001                  5.7967541502887068E+009                  5.6081475579439307E-007                  0.0000000000000000E+000                 -3.1255902840080614E+000                  9.5386085489075156E-001                  1.1924214822505825E+000                  1.3429364800825732E+000 
                                     355                  2.9998209666273192E+000                  4.2348257479527290E-001                  5.3877139997969596E+000                 -5.2526053112010436E+000                  8.2813563818261091E+000                  6.9999999999760398E-001                  2.8000000000239628E-001                  1.9999999999999796E-002                  0.0000000000000000E+000                  4.7259398502973264E+008                  7.4065722111083642E+006                  2.9752614706770485E-023                  0.0000000000000000E+000                  0.0000000000000000E+000                  1.5963369735249028E+001                  5.8276074671554689E+009                  5.6377263546623568E-007                  0.0000000000000000E+000                 -3.1244480039221956E+000                  9.5538518513051529E-001                  1.1939458124903464E+000                  1.3444608103223370E+000 
                                     356                  2.9998208774838293E+000                  4.2330786244412771E-001                  5.3909622103138535E+000                 -5.2421683407798572E+000                  8.2950103419969548E+000                  6.9999999999760398E-001                  2.8000000000239628E-001                  1.9999999999999796E-002                  0.0000000000000000E+000                  4.7236933055087429E+008                  7.4342214383179219E+006                  3.4697348133311485E-023                  0.0000000000000000E+000                  0.0000000000000000E+000                  1.5846308069726085E+001                  5.8579535051610832E+009                  5.6667863513190634E-007                  0.0000000000000000E+000                 -3.1233315803911177E+000                  9.5686713249864574E-001                  1.1954277598584768E+000                  1.3459427576904675E+000 
                                     357                  2.9998207425891454E+000                  4.2304937371503332E-001                  5.3953504323854862E+000                 -5.2279345126860628E+000                  8.3135839695757632E+000                  6.9999999999760398E-001                  2.8000000000239628E-001                  1.9999999999999796E-002                  0.0000000000000000E+000                  4.7202425855849826E+008                  7.4717114947990933E+006                  4.2697720823033970E-023                  0.0000000000000000E+000                  0.0000000000000000E+000                  1.5686755817647295E+001                  5.9025543967590885E+009                  5.7081668299833702E-007                  0.0000000000000000E+000                 -3.1217516712227735E+000                  9.5903451503549819E-001                  1.1975951423953293E+000                  1.3481101402273199E+000 
                                     358                  2.9998205619432667E+000                  4.2271368849027841E-001                  5.4001331060988917E+000                 -5.2121914738120436E+000                  8.3340462193051614E+000                  6.9999999999760398E-001                  2.8000000000239628E-001                  1.9999999999999796E-002                  0.0000000000000000E+000                  4.7157684214375567E+008                  7.5127411357798297E+006                  5.3523106740826812E-023                  0.0000000000000000E+000                  0.0000000000000000E+000                  1.5513163953364248E+001                  5.9595564652395420E+009                  5.7574817360662540E-007                  0.0000000000000000E+000                 -3.1198837155171431E+000                  9.6180639938096235E-001                  1.2003670267407933E+000                  1.3508820245727839E+000 
                                     359                  2.9998203801007239E+000                  4.2238706298154066E-001                  5.4035651458776499E+000                 -5.2007078879776607E+000                  8.3489076706936629E+000                  6.9999999999760398E-001                  2.8000000000239628E-001                  1.9999999999999796E-002                  0.0000000000000000E+000                  4.7119805520557749E+008                  7.5422863190054549E+006                  6.2944451970547757E-023                  0.0000000000000000E+000                  0.0000000000000000E+000                  1.5390211142387688E+001                  6.0137949835835295E+009                  5.7998044111884046E-007                  0.0000000000000000E+000                 -3.1182933260266230E+000                  9.6445913873455880E-001                  1.2030197660943898E+000                  1.3535347639263804E+000 
                                     360                  2.9998202885811196E+000                  4.2222669572148752E-001                  5.4063620157187682E+000                 -5.1913854740672569E+000                  8.3609845980165503E+000                  6.9999999999760398E-001                  2.8000000000239617E-001                  1.9999999999999796E-002                  0.0000000000000000E+000                  4.7090279390910846E+008                  7.5664520710940557E+006                  7.1810274755250150E-023                  0.0000000000000000E+000                  0.0000000000000000E+000                  1.5287365395610994E+001                  6.0402402424063177E+009                  5.8192562297892897E-007                  0.0000000000000000E+000                 -3.1175662599035809E+000                  9.6574568697524343E-001                  1.2043063143350745E+000                  1.3548213121670651E+000 
                                     361                  2.9998201513017131E+000                  4.2199093105093455E-001                  5.4101387589413319E+000                 -5.1787032529500889E+000                  8.3773821302906430E+000                  6.9999999999760398E-001                  2.8000000000239628E-001                  1.9999999999999796E-002                  0.0000000000000000E+000                  4.7047672781468195E+008                  7.5991859654116277E+006                  8.5780851562584417E-023                  0.0000000000000000E+000                  0.0000000000000000E+000                  1.5148565763810147E+001                  6.0791364706942310E+009                  5.8470735537453943E-007                  0.0000000000000000E+000                 -3.1165307214424982E+000                  9.6761895190906366E-001                  1.2061795792688947E+000                  1.3566945771008854E+000 
                                     362                  2.9998199682625044E+000                  4.2168505345194129E-001                  5.4142625222878280E+000                 -5.1646907676422673E+000                  8.3954438377424747E+000                  6.9999999999760398E-001                  2.8000000000239628E-001                  1.9999999999999796E-002                  0.0000000000000000E+000                  4.6996275845160735E+008                  7.6350539869164173E+006                  1.0414336012405963E-022                  0.0000000000000000E+000                  0.0000000000000000E+000                  1.4998388842140475E+001                  6.1289299093103848E+009                  5.8797273281460747E-007                  0.0000000000000000E+000                 -3.1153214069132353E+000                  9.7001886882162391E-001                  1.2085794961814549E+000                  1.3590944940134455E+000 
                                     363                  2.9998197852232957E+000                  4.2138827034092269E-001                  5.4182318093207069E+000                 -5.1510929514562873E+000                  8.4129343442678959E+000                  6.9999999999760398E-001                  2.8000000000239628E-001                  1.9999999999999796E-002                  0.0000000000000000E+000                  4.6943747653641450E+008                  7.6697117483617058E+006                  1.2549019531789205E-022                  0.0000000000000000E+000                  0.0000000000000000E+000                  1.4854112059847834E+001                  6.1765757331219616E+009                  5.9079142100629550E-007                  0.0000000000000000E+000                 -3.1142829098932103E+000                  9.7231560737030920E-001                  1.2108762347301403E+000                  1.3613912325621309E+000 
                                     364                  2.9998195999599244E+000                  4.2109654808673885E-001                  5.4223041140242065E+000                 -5.1370496852791891E+000                  8.4309673655834967E+000                  6.9999999999760398E-001                  2.8000000000239628E-001                  1.9999999999999796E-002                  0.0000000000000000E+000                  4.6887434448807347E+008                  7.7054082300380114E+006                  1.5190115373625397E-022                  0.0000000000000000E+000                  0.0000000000000000E+000                  1.4706103429936801E+001                  6.2229730475828781E+009                  5.9329490368656958E-007                  0.0000000000000000E+000                 -3.1133646910851973E+000                  9.7454377322972685E-001                  1.2131044005895579E+000                  1.3636193984215486E+000 
                                     365                  2.9998193907045709E+000                  4.2077685708315227E-001                  5.4257448935937092E+000                 -5.1250285809905529E+000                  8.4463526062641243E+000                  6.9999999999760398E-001                  2.8000000000239628E-001                  1.9999999999999796E-002                  0.0000000000000000E+000                  4.6835367858563662E+008                  7.7356655731410328E+006                  1.7849668031014741E-022                  0.0000000000000000E+000                  0.0000000000000000E+000                  1.4583226807867185E+001                  6.2730955110802946E+009                  5.9569167344519770E-007                  0.0000000000000000E+000                 -3.1124892352049649E+000                  9.7695394193519836E-001                  1.2155145692950295E+000                  1.3660295671270200E+000 
                                     366                  2.9998192512010018E+000                  4.2056917015179490E-001                  5.4281975379935572E+000                 -5.1164389908820009E+000                  8.4573394403163675E+000                  6.9999999999760398E-001                  2.8000000000239628E-001                  1.9999999999999796E-002                  0.0000000000000000E+000                  4.6797863382192922E+008                  7.7572988589318423E+006                  2.0021664029809771E-022                  0.0000000000000000E+000                  0.0000000000000000E+000                  1.4495307065262564E+001                  6.3052940186767397E+009                  5.9706596117158839E-007                  0.0000000000000000E+000                 -3.1119888436560772E+000                  9.7850237548092467E-001                  1.2170630028407556E+000                  1.3675780006727465E+000 
                                     367                  2.9998191344699672E+000                  4.2039856661026209E-001                  5.4319139466049853E+000                 -5.1034919360739490E+000                  8.4739223944622193E+000                  6.9999999999760398E-001                  2.8000000000239628E-001                  1.9999999999999796E-002                  0.0000000000000000E+000                  4.6743605862857085E+008                  7.7901997370239859E+006                  2.3814652003113851E-022                  0.0000000000000000E+000                  0.0000000000000000E+000                  1.4359324059162258E+001                  6.3318906391823292E+009                  5.9818105011371706E-007                  0.0000000000000000E+000                 -3.1115836745903316E+000                  9.7976416347994333E-001                  1.2183247908397743E+000                  1.3688397886717649E+000 
                                     368                  2.9998188525944682E+000                  4.1999791328312014E-001                  5.4363905311350971E+000                 -5.0875780744369958E+000                  8.4942018172629403E+000                  6.9999999999760398E-001                  2.8000000000239617E-001                  1.9999999999999796E-002                  0.0000000000000000E+000                  4.6668982183600616E+008                  7.8299534432603335E+006                  2.9354418524583574E-022                  0.0000000000000000E+000                  0.0000000000000000E+000                  1.4201871443535678E+001                  6.3936766695804749E+009                  6.0046944308931160E-007                  0.0000000000000000E+000                 -3.1107545441183411E+000                  9.8269485438407389E-001                  1.2212554817439050E+000                  1.3717704795758956E+000 
                                     369                  2.9998186277362624E+000                  4.1968904690219810E-001                  5.4407982547034930E+000                 -5.0719015338374076E+000                  8.5141770601130169E+000                  6.9999999999760398E-001                  2.8000000000239622E-001                  1.9999999999999796E-002                  0.0000000000000000E+000                  4.6596108524815750E+008                  7.8692822452278677E+006                  3.6045582816982754E-022                  0.0000000000000000E+000                  0.0000000000000000E+000                  1.4046096946426246E+001                  6.4405488255887127E+009                  6.0185764774190896E-007                  0.0000000000000000E+000                 -3.1102531082837195E+000                  9.8492312851242136E-001                  1.2234837558722524E+000                  1.3739987537042431E+000 
                                     370                  2.9998183312713369E+000                  4.1929530417870770E-001                  5.4441427716555522E+000                 -5.0597822506509846E+000                  8.5295484530648960E+000                  6.9999999999760409E-001                  2.8000000000239611E-001                  1.9999999999999796E-002                  0.0000000000000000E+000                  4.6534449520748955E+008                  7.8992129531358005E+006                  4.2128087232382547E-022                  0.0000000000000000E+000                  0.0000000000000000E+000                  1.3932986189044309E+001                  6.4994037193485079E+009                  6.0320423027092348E-007                  0.0000000000000000E+000                 -3.1097678107103239E+000                  9.8772768237220920E-001                  1.2262883097320403E+000                  1.3768033075640309E+000 
                                     371                  2.9998182114319309E+000                  4.1914022877323848E-001                  5.4469640262741317E+000                 -5.0496619555263953E+000                  8.5424170228252461E+000                  6.9999999999760409E-001                  2.8000000000239611E-001                  1.9999999999999796E-002                  0.0000000000000000E+000                  4.6485986889256060E+008                  7.9245629476233190E+006                  4.8026188158662301E-022                  0.0000000000000000E+000                  0.0000000000000000E+000                  1.3835188694617599E+001                  6.5224524082299213E+009                  6.0362346127325877E-007                 -2.6827298267509278E-020                 -3.1096169443359805E+000                  9.8882104742433108E-001                  1.2273816747841622E+000                  1.3778966726161528E+000 
                                     372                  2.9998179717531190E+000                  4.1883674155068606E-001                  5.4507756403673682E+000                 -5.0358572008425861E+000                  8.5599293533063214E+000                  6.9999999999760409E-001                  2.8000000000239611E-001                  1.9999999999999796E-002                  0.0000000000000000E+000                  4.6416965553199512E+008                  7.9589164348561615E+006                  5.7322570317483903E-022                  0.0000000000000000E+000                  0.0000000000000000E+000                  1.3706592774294585E+001                  6.5676802247903767E+009                  6.0435188382798342E-007                 -1.0664019026476914E-019                 -3.1093550599062709E+000                  9.9094385571142707E-001                  1.2295044830712583E+000                  1.3800194809032489E+000 
                                     373                  2.9998177061606239E+000                  4.1851025389758806E-001                  5.4537528183719832E+000                 -5.0249541669372242E+000                  8.5737233483278033E+000                  6.9999999999760398E-001                  2.8000000000239617E-001                  1.9999999999999796E-002                  0.0000000000000000E+000                  4.6359780181763607E+008                  7.9858322811024198E+006                  6.5816858667429099E-022                  0.0000000000000000E+000                  0.0000000000000000E+000                  1.3609543934449038E+001                  6.6154576342499619E+009                  6.0476339793893932E-007                 -1.5889716418385942E-019                 -3.1092072507459627E+000                  9.9320408673741878E-001                  1.2317647140972499E+000                  1.3822797119292405E+000 
                                     374                  2.9998175604075352E+000                  4.1833522166076487E-001                  5.4568400591040289E+000                 -5.0137358416527684E+000                  8.5879438191943791E+000                  6.9999999999760398E-001                  2.8000000000239617E-001                  1.9999999999999796E-002                  0.0000000000000000E+000                  4.6303505960732788E+008                  8.0138533871245719E+006                  7.5919991797053583E-022                  0.0000000000000000E+000                  0.0000000000000000E+000                  1.3507566462342620E+001                  6.6410359754999628E+009                  6.0488958832360147E-007                 -1.0555887654127958E-019                 -3.1091619453661972E+000                  9.9440575090364802E-001                  1.2329663782634790E+000                  1.3834813760954696E+000 
                                     375                  2.9998172689013569E+000                  4.1799347458442654E-001                  5.4611430274464707E+000                 -4.9979616980087034E+000                  8.6078968999787389E+000                  6.9999999999760398E-001                  2.8000000000239622E-001                  1.9999999999999796E-002                  0.0000000000000000E+000                  4.6221470853033811E+008                  8.0530522309084171E+006                  9.2624847255552244E-022                  0.0000000000000000E+000                  0.0000000000000000E+000                  1.3370136247555855E+001                  6.6910117205984774E+009                  6.0498724387889644E-007                 -2.6211561210744781E-020                 -3.1091268911625338E+000                  9.9673335277193442E-001                  1.2352939801317655E+000                  1.3858089779637561E+000 
                                     376                  2.9998169242368817E+000                  4.1760283344823645E-001                  5.4644784819629271E+000                 -4.9855733351443252E+000                  8.6235180956433126E+000                  6.9999999999760398E-001                  2.8000000000239617E-001                  1.9999999999999796E-002                  0.0000000000000000E+000                  4.6153525107947785E+008                  8.0835458497450212E+006                  1.0806201980661076E-021                  0.0000000000000000E+000                  0.0000000000000000E+000                  1.3268700375811282E+001                  6.7469912099473057E+009                  6.0462817743366587E-007                  0.0000000000000000E+000                 -3.1092558086495572E+000                  9.9936575759731316E-001                  1.2379263849571442E+000                  1.3884413827891349E+000 
                                     377                  2.9998167519046439E+000                  4.1741262447921618E-001                  5.4666476872831966E+000                 -4.9775495668402279E+000                  8.6336460749851369E+000                  6.9999999999760398E-001                  2.8000000000239617E-001                  1.9999999999999796E-002                  0.0000000000000000E+000                  4.6110546278255635E+008                  8.1034461006329972E+006                  1.1942632055070647E-021                  0.0000000000000000E+000                  0.0000000000000000E+000                  1.3202658447813127E+001                  6.7740347567328196E+009                  6.0431421943493045E-007                  0.0000000000000000E+000                 -3.1093685933693411E+000                  1.0006366567197511E+000                  1.2391972840795822E+000                  1.3897122819115728E+000 
                                     378                  2.9998165795724070E+000                  4.1722565402052630E-001                  5.4683217237513775E+000                 -4.9713292896863646E+000                  8.6414891637348088E+000                  6.9999999999760398E-001                  2.8000000000239617E-001                  1.9999999999999796E-002                  0.0000000000000000E+000                  4.6076655707515216E+008                  8.1188338038792424E+006                  1.2900309354938435E-021                  0.0000000000000000E+000                  0.0000000000000000E+000                  1.3152731665222987E+001                  6.8006248036444788E+009                  6.0395234772253583E-007                  2.1572491272616684E-020                 -3.1094986630880772E+000                  1.0018793746076320E+000                  1.2404400019674631E+000                  1.3909549997994539E+000 
                                     379                  2.9998164798885614E+000                  4.1711893261621025E-001                  5.4701361542282854E+000                 -4.9646192737354813E+000                  8.6499596373340548E+000                  6.9999999999760398E-001                  2.8000000000239617E-001                  1.9999999999999796E-002                  0.0000000000000000E+000                  4.6040977015675151E+008                  8.1355512908699550E+006                  1.4022858722970556E-021                  0.0000000000000000E+000                  0.0000000000000000E+000                  1.3098273823266682E+001                  6.8158131606092205E+009                  6.0372307688038000E-007                  6.8051178890922554E-020                 -3.1095811116175227E+000                  1.0025858277351440E+000                  1.2411464550949753E+000                  1.3916614529269660E+000 
                                     380                  2.9998162805208701E+000                  4.1690853192325894E-001                  5.4736867216900364E+000                 -4.9515018529690824E+000                  8.6665230347425961E+000                  6.9999999999760409E-001                  2.8000000000239611E-001                  1.9999999999999796E-002                  0.0000000000000000E+000                  4.5971835230779296E+008                  8.1683710864517577E+006                  1.6504754617079404E-021                  0.0000000000000000E+000                  0.0000000000000000E+000                  1.2992615950310002E+001                  6.8459476165560961E+009                  6.0325798136852768E-007                  5.6692948223739670E-020                 -3.1097484617370399E+000                  1.0039726334401207E+000                  1.2425332607999517E+000                  1.3930482586319424E+000 
                                     381                  2.9998158791540717E+000                  4.1649667185030803E-001                  5.4778819994869332E+000                 -4.9358092911415223E+000                  8.6862797697872640E+000                  6.9999999999760398E-001                  2.8000000000239617E-001                  1.9999999999999796E-002                  0.0000000000000000E+000                  4.5884936345503134E+008                  8.2073005416479381E+006                  2.0008551021603277E-021                  0.0000000000000000E+000                  0.0000000000000000E+000                  1.2874252325431911E+001                  6.9042838917716055E+009                  6.0207002434913229E-007                 -2.2008804251235831E-020                 -3.1101764973778510E+000                  1.0066665649990130E+000                  1.2452271923588440E+000                  1.3957421901908349E+000 
                                     382                  2.9998155361795455E+000                  4.1615633741769997E-001                  5.4817064482088780E+000                 -4.9215015320257232E+000                  8.7042931840602247E+000                  6.9999999999760398E-001                  2.8000000000239617E-001                  1.9999999999999796E-002                  0.0000000000000000E+000                  4.5806072494767171E+008                  8.2429623860771125E+006                  2.3836163086575781E-021                  0.0000000000000000E+000                  0.0000000000000000E+000                  1.2768184241203897E+001                  6.9518869757538662E+009                  6.0082745776282930E-007                 -4.9824821409793737E-020                 -3.1106251141650616E+000                  1.0088721268253935E+000                  1.2474327541852248E+000                  1.3979477520172154E+000 
                                     383                  2.9998151725592317E+000                  4.1580637626321365E-001                  5.4859906381879258E+000                 -4.9054684679572080E+000                  8.7244780613118351E+000                  6.9999999999760398E-001                  2.8000000000239617E-001                  1.9999999999999796E-002                  0.0000000000000000E+000                  4.5718026582717323E+008                  8.2831091018685289E+006                  2.8985273028491274E-021                  0.0000000000000000E+000                  0.0000000000000000E+000                  1.2651326057980894E+001                  7.0008157800227652E+009                  5.9944006511143650E-007                  1.3644055243360384E-020                 -3.1111271166183498E+000                  1.0111216592520733E+000                  1.2496822866119046E+000                  1.4001972844438950E+000 
                                     384                  2.9998147114570339E+000                  4.1537752766708691E-001                  5.4892426678693287E+000                 -4.8931412709284592E+000                  8.7399508427127994E+000                  6.9999999999760398E-001                  2.8000000000239617E-001                  1.9999999999999796E-002                  0.0000000000000000E+000                  4.5647056854816824E+008                  8.3136993389257910E+006                  3.3624363175267038E-021                  0.0000000000000000E+000                  0.0000000000000000E+000                  1.2567377906380541E+001                  7.0599434084094658E+009                  5.9748057159146006E-007                  1.2413943200776829E-019                 -3.1118381061002083E+000                  1.0138547781054605E+000                  1.2524154054652916E+000                  1.4029304032972822E+000 
                                     385                  2.9998145164932670E+000                  4.1520090686694611E-001                  5.4916061125326667E+000                 -4.8842648221065552E+000                  8.7511172297148985E+000                  6.9999999999760409E-001                  2.8000000000239617E-001                  1.9999999999999796E-002                  0.0000000000000000E+000                  4.5598053641037685E+008                  8.3360194905911805E+006                  3.7440838961064735E-021                  0.0000000000000000E+000                  0.0000000000000000E+000                  1.2505145914599586E+001                  7.0841961771147966E+009                  5.9661990863653397E-007                  1.8562689608761493E-019                 -3.1121511293700408E+000                  1.0149726711424243E+000                  1.2535332985022554E+000                  1.4040482963342462E+000 
                                     386                  2.9998142240476158E+000                  4.1494094388953651E-001                  5.4958840237903566E+000                 -4.8682675627305487E+000                  8.7712630100307720E+000                  6.9999999999760398E-001                  2.8000000000239617E-001                  1.9999999999999796E-002                  0.0000000000000000E+000                  4.5511764316903400E+008                  8.3765923411319992E+006                  4.5457735428673131E-021                  0.0000000000000000E+000                  0.0000000000000000E+000                  1.2392340961989790E+001                  7.1203903696286373E+009                  5.9541779017499637E-007                  1.2319221826251626E-019                 -3.1125890967195136E+000                  1.0166100416926911E+000                  1.2551706690525222E+000                  1.4056856668845128E+000 
                                     387                  2.9998136069809518E+000                  4.1441080932283381E-001                  5.5005178911480979E+000                 -4.8506598505314722E+000                  8.7933539373323697E+000                  6.9999999999760398E-001                  2.8000000000239628E-001                  1.9999999999999796E-002                  0.0000000000000000E+000                  4.5411108263128686E+008                  8.4207350335418154E+006                  5.6091657598462375E-021                  0.0000000000000000E+000                  0.0000000000000000E+000                  1.2278456450689839E+001                  7.1932413799725180E+009                  5.9272192391305627E-007                  3.0517701992226538E-020                 -3.1135745042745619E+000                  1.0199229744867813E+000                  1.2584836018466126E+000                  1.4089985996786030E+000 
                                     388                  2.9998131821039871E+000                  4.1405922279219781E-001                  5.5039453242058167E+000                 -4.8376696210801828E+000                  8.8096623547742361E+000                  6.9999999999760398E-001                  2.8000000000239628E-001                  1.9999999999999796E-002                  0.0000000000000000E+000                  4.5338079696860117E+008                  8.4535493432442266E+006                  6.5495650997372489E-021                  0.0000000000000000E+000                  0.0000000000000000E+000                  1.2194942845037300E+001                  7.2408171719376650E+009                  5.9072910209283917E-007                  0.0000000000000000E+000                 -3.1143058166136002E+000                  1.0221002981061296E+000                  1.2606609254659606E+000                  1.4111759232979513E+000 
                                     389                  2.9998128056458233E+000                  4.1375619847784062E-001                  5.5078465365808391E+000                 -4.8229511647317356E+000                  8.8281612508173577E+000                  6.9999999999760387E-001                  2.8000000000239628E-001                  1.9999999999999796E-002                  0.0000000000000000E+000                  4.5257312175576979E+008                  8.4910753042915035E+006                  7.8087796866159495E-021                  0.0000000000000000E+000                  0.0000000000000000E+000                  1.2099939129519894E+001                  7.2820854380922270E+009                  5.8902334687238399E-007                  0.0000000000000000E+000                 -3.1149337454613746E+000                  1.0239645522855818E+000                  1.2625251796454129E+000                  1.4130401774774035E+000 
                                     390                  2.9998122385926949E+000                  4.1331383012313050E-001                  5.5123422566906806E+000                 -4.8058924967757974E+000                  8.8495735501848607E+000                  6.9999999999760387E-001                  2.8000000000239639E-001                  1.9999999999999796E-002                  0.0000000000000000E+000                  4.5162214446444768E+008                  8.5345245641093198E+006                  9.5598567406007204E-021                  0.0000000000000000E+000                  0.0000000000000000E+000                  1.1994589852860196E+001                  7.3421684708853531E+009                  5.8646499240932388E-007                  0.0000000000000000E+000                 -3.1158789534598328E+000                  1.0266671178381885E+000                  1.2652277451980196E+000                  1.4157427430300102E+000 
                                     391                  2.9998116668077990E+000                  4.1288365713899700E-001                  5.5155480769040892E+000                 -4.7936407565924783E+000                  8.8649269695057828E+000                  6.9999999999760387E-001                  2.8000000000239633E-001                  1.9999999999999796E-002                  0.0000000000000000E+000                  4.5092483232910156E+008                  8.5656381385780629E+006                  1.1041830729864410E-020                  0.0000000000000000E+000                  0.0000000000000000E+000                  1.1922616789042904E+001                  7.3996890069056215E+009                  5.8378111050232612E-007                  0.0000000000000000E+000                 -3.1168749808279306E+000                  1.0292744404232150E+000                  1.2678350677830461E+000                  1.4183500656150367E+000 
                                     392                  2.9998113901067689E+000                  4.1268083324817151E-001                  5.5182125717676298E+000                 -4.7835546817613492E+000                  8.8775953435241153E+000                  6.9999999999760387E-001                  2.8000000000239639E-001                  1.9999999999999796E-002                  0.0000000000000000E+000                  4.5037463716227424E+008                  8.5916032197070625E+006                  1.2441333364374162E-020                  0.0000000000000000E+000                  0.0000000000000000E+000                  1.1861408979448719E+001                  7.4268374513731833E+009                  5.8250896821101132E-007                  0.0000000000000000E+000                 -3.1173486919624973E+000                  1.0304964683771078E+000                  1.2690570957369389E+000                  1.4195720935689298E+000 
                                     393                  2.9998109451142363E+000                  4.1236156328002765E-001                  5.5216070932284147E+000                 -4.7706673699599715E+000                  8.8937715206739565E+000                  6.9999999999760376E-001                  2.8000000000239639E-001                  1.9999999999999796E-002                  0.0000000000000000E+000                  4.4966750289852715E+008                  8.6247960903262906E+006                  1.4481094174357499E-020                  0.0000000000000000E+000                  0.0000000000000000E+000                  1.1785141313889675E+001                  7.4698146783829327E+009                  5.8054958694905010E-007                  0.0000000000000000E+000                 -3.1180803397985235E+000                  1.0324111047527131E+000                  1.2709717321125442E+000                  1.4214867299445348E+000 
                                     394                  2.9998104402397328E+000                  4.1200910391955226E-001                  5.5258441737003450E+000                 -4.7546208886045997E+000                  8.9139256815513583E+000                  6.9999999999760387E-001                  2.8000000000239639E-001                  1.9999999999999796E-002                  0.0000000000000000E+000                  4.4880162995544457E+008                  8.6664225506484117E+006                  1.7492828731153211E-020                  0.0000000000000000E+000                  0.0000000000000000E+000                  1.1690305244265792E+001                  7.5171503538195410E+009                  5.7837187201970937E-007                  0.0000000000000000E+000                 -3.1188964181296437E+000                  1.0345123421137579E+000                  1.2730729694735889E+000                  1.4235879673055798E+000 
                                     395                  2.9998097150694845E+000                  4.1151979666299338E-001                  5.5304160592070222E+000                 -4.7372021750104114E+000                  8.9357736595733179E+000                  6.9999999999760387E-001                  2.8000000000239628E-001                  1.9999999999999796E-002                  0.0000000000000000E+000                  4.4784674816163290E+008                  8.7115622320122141E+006                  2.1441577580834440E-020                  0.0000000000000000E+000                  0.0000000000000000E+000                  1.1591585732651739E+001                  7.5824609417090445E+009                  5.7531329535404397E-007                  2.9134289772998205E-020                 -3.1200477947079377E+000                  1.0374089983563823E+000                  1.2759696257162134E+000                  1.4264846235482040E+000 
                                     396                  2.9998090470245051E+000                  4.1108537216216418E-001                  5.5335420019179926E+000                 -4.7252308656741819E+000                  8.9507716816134533E+000                  6.9999999999760398E-001                  2.8000000000239628E-001                  1.9999999999999796E-002                  0.0000000000000000E+000                  4.4718179256610900E+008                  8.7425618067639228E+006                  2.4638190579749167E-020                  0.0000000000000000E+000                  0.0000000000000000E+000                  1.1526262216600834E+001                  7.6395980995349379E+009                  5.7248435449289707E-007                  1.1576031705001434E-019                 -3.1211181888610660E+000                  1.0399613942712396E+000                  1.2785220216310709E+000                  1.4290370194630615E+000 
                                     397                  2.9998087212622946E+000                  4.1087883435103428E-001                  5.5359015331652390E+000                 -4.7162675722827370E+000                  8.9620228285003929E+000                  6.9999999999760387E-001                  2.8000000000239628E-001                  1.9999999999999796E-002                  0.0000000000000000E+000                  4.4670107729308826E+008                  8.7660502596823759E+006                  2.7353366475352344E-020                  0.0000000000000000E+000                  0.0000000000000000E+000                  1.1475890140992426E+001                  7.6667949589250221E+009                  5.7115351254709187E-007                  1.7309645198750888E-019                 -3.1216235739929341E+000                  1.0411683380892327E+000                  1.2797289654490638E+000                  1.4302439632810544E+000 
                                     398                  2.9998082800975783E+000                  4.1060438779062808E-001                  5.5385446501062781E+000                 -4.7062049451597705E+000                  8.9746477909645268E+000                  6.9999999999760387E-001                  2.8000000000239633E-001                  1.9999999999999796E-002                  0.0000000000000000E+000                  4.4615880456468862E+008                  8.7924396654278506E+006                  3.0747511659528108E-020                  0.0000000000000000E+000                  0.0000000000000000E+000                  1.1420497898806545E+001                  7.7031072396571884E+009                  5.6942578052748736E-007                  9.5675895485783252E-020                 -3.1222814371163357E+000                  1.0427659054052734E+000                  1.2813265327651044E+000                  1.4318415305970951E+000 
                                     399                  2.9998078389328620E+000                  4.1033572356946008E-001                  5.5420852264935903E+000                 -4.6927967039106591E+000                  8.9914917488427619E+000                  6.9999999999760387E-001                  2.8000000000239628E-001                  1.9999999999999796E-002                  0.0000000000000000E+000                  4.4545394322032410E+008                  8.8279347439547405E+006                  3.5946095417170935E-020                  0.0000000000000000E+000                  0.0000000000000000E+000                  1.1345808505140509E+001                  7.7387104224029102E+009                  5.6774853727539389E-007                 -4.8066026251327441E-020                 -3.1229219880028527E+000                  1.0443230219335162E+000                  1.2828836492933473E+000                  1.4333986471253382E+000 
                                     400                  2.9998070652644890E+000                  4.0987774462496790E-001                  5.5455939805742158E+000                 -4.6793730217361871E+000                  9.0083157215764196E+000                  6.9999999999760398E-001                  2.8000000000239628E-001                  1.9999999999999796E-002                  0.0000000000000000E+000                  4.4472387612574208E+008                  8.8632452616738584E+006                  4.1963136829180258E-020                  0.0000000000000000E+000                  0.0000000000000000E+000                  1.1275974601104311E+001                  7.7989353557655096E+009                  5.6482784321762137E-007                 -1.1425104760973569E-019                 -3.1240419514298572E+000                  1.0469631729278368E+000                  1.2855238002876679E+000                  1.4360387981196585E+000 
                                     401                  2.9998065828938785E+000                  4.0960018822702648E-001                  5.5482272853772621E+000                 -4.6693476254902251E+000                  9.0208953538502819E+000                  6.9999999999760387E-001                  2.8000000000239633E-001                  1.9999999999999796E-002                  0.0000000000000000E+000                  4.4419077497736782E+008                  8.8898537735367808E+006                  4.7115650151241079E-020                  0.0000000000000000E+000                  0.0000000000000000E+000                  1.1223471907444207E+001                  7.8351328062883673E+009                  5.6300334882016720E-007                 -7.5859679880497929E-020                 -3.1247445109492875E+000                  1.0485542595450992E+000                  1.2871148869049303E+000                  1.4376298847369209E+000 
                                     402                  2.9998060962680464E+000                  4.0932605119368559E-001                  5.5518327938435110E+000                 -4.6557000747384949E+000                  9.0380437632209016E+000                  6.9999999999760398E-001                  2.8000000000239628E-001                  1.9999999999999796E-002                  0.0000000000000000E+000                  4.4348370802432281E+008                  8.9264388855770808E+006                  5.5184242907003959E-020                  0.0000000000000000E+000                  0.0000000000000000E+000                  1.1151388195171808E+001                  7.8712249823561974E+009                  5.6124904703598753E-007                 -1.8890416759147935E-020                 -3.1254221916957472E+000                  1.0501190920703893E+000                  1.2886797194302204E+000                  1.4391947172622110E+000 
                                     403                  2.9998052193828575E+000                  4.0884609816778128E-001                  5.5558317418029883E+000                 -4.6404405291428903E+000                  9.0571823537624461E+000                  6.9999999999760398E-001                  2.8000000000239622E-001                  1.9999999999999796E-002                  0.0000000000000000E+000                  4.4267192823469245E+008                  8.9671925048959535E+006                  6.5749693685736559E-020                  0.0000000000000000E+000                  0.0000000000000000E+000                  1.1075930653107113E+001                  7.9340774354633341E+009                  5.5811976280949309E-007                  0.0000000000000000E+000                 -3.1266362995039434E+000                  1.0528444969025130E+000                  1.2914051242623441E+000                  1.4419201220943347E+000 
                                     404                  2.9998045165648226E+000                  4.0847360518192088E-001                  5.5594015111941237E+000                 -4.6268695724950017E+000                  9.0742186860693490E+000                  6.9999999999760398E-001                  2.8000000000239628E-001                  1.9999999999999796E-002                  0.0000000000000000E+000                  4.4196292864670855E+008                  9.0037531416148841E+006                  7.6840844902322107E-020                  0.0000000000000000E+000                  0.0000000000000000E+000                  1.1008869806818295E+001                  7.9824665465880394E+009                  5.5563081801265976E-007                  0.0000000000000000E+000                 -3.1276068370812671E+000                  1.0549470089732278E+000                  1.2935076363330589E+000                  1.4440226341650495E+000 
                                     405                  2.9998037584442994E+000                  4.0808313584911027E-001                  5.5633773194188727E+000                 -4.6117839041726159E+000                  9.0931657532174022E+000                  6.9999999999760398E-001                  2.8000000000239628E-001                  1.9999999999999796E-002                  0.0000000000000000E+000                  4.4118326301255703E+008                  9.0446710610369332E+006                  9.1365023644966321E-020                  0.0000000000000000E+000                  0.0000000000000000E+000                  1.0934683728412038E+001                  8.0333438203635263E+009                  5.5307924516159720E-007                  0.0000000000000000E+000                 -3.1286063192746498E+000                  1.0571393685800845E+000                  1.2956999959399156E+000                  1.4462149937719062E+000 
                                     406                  2.9998028291013861E+000                  4.0761945391763754E-001                  5.5672467686966112E+000                 -4.5970489953139024E+000                  9.1116575902520207E+000                  6.9999999999760398E-001                  2.8000000000239622E-001                  1.9999999999999796E-002                  0.0000000000000000E+000                  4.4041447517709178E+008                  9.0846838745993562E+006                  1.0810003310166460E-019                  0.0000000000000000E+000                  0.0000000000000000E+000                  1.0864260675726859E+001                  8.0934388368316345E+009                  5.5007569723221500E-007                  0.0000000000000000E+000                 -3.1297887710454719E+000                  1.0597280709042260E+000                  1.2982886982640571E+000                  1.4488036960960478E+000 
                                     407                  2.9998020463185524E+000                  4.0724082472587270E-001                  5.5706840900898573E+000                 -4.5839922139333993E+000                  9.1280535858657448E+000                  6.9999999999760398E-001                  2.8000000000239622E-001                  1.9999999999999796E-002                  0.0000000000000000E+000                  4.3974231756908554E+008                  9.1203947782299053E+006                  1.2546717852946883E-019                  0.0000000000000000E+000                  0.0000000000000000E+000                  1.0801195501214092E+001                  8.1422824900438452E+009                  5.4766931643505331E-007                  0.0000000000000000E+000                 -3.1307407950242192E+000                  1.0618298884139639E+000                  1.3003905157737949E+000                  1.4509055136057856E+000 
                                     408                  2.9998012543358845E+000                  4.0686812532563932E-001                  5.5739027239926475E+000                 -4.5717606897376886E+000                  9.1434122203912782E+000                  6.9999999999760398E-001                  2.8000000000239628E-001                  1.9999999999999796E-002                  0.0000000000000000E+000                  4.3911407781477207E+008                  9.1539709109921586E+006                  1.4420971627799122E-019                  0.0000000000000000E+000                  0.0000000000000000E+000                  1.0742081277100887E+001                  8.1903211974617157E+009                  5.4539304658166110E-007                  0.0000000000000000E+000                 -3.1316452016703016E+000                  1.0638882747712521E+000                  1.3024489021310832E+000                  1.4529638999630738E+000 
                                     409                  2.9998005215140120E+000                  4.0653202174236552E-001                  5.5770626908302825E+000                 -4.5597741325206682E+000                  9.1584701919276288E+000                  6.9999999999760398E-001                  2.8000000000239622E-001                  1.9999999999999796E-002                  0.0000000000000000E+000                  4.3850499896157563E+008                  9.1870677160790656E+006                  1.6527755998895073E-019                  0.0000000000000000E+000                  0.0000000000000000E+000                  1.0683146178066911E+001                  8.2335875104994612E+009                  5.4343015146373112E-007                  0.0000000000000000E+000                 -3.1324281345131264E+000                  1.0657355283476757E+000                  1.3042961557075068E+000                  1.4548111535394974E+000 
                                     410                  2.9997997108908785E+000                  4.0616948243265877E-001                  5.5794859547632036E+000                 -4.5505344681370712E+000                  9.1700638253247249E+000                  6.9999999999760398E-001                  2.8000000000239628E-001                  1.9999999999999796E-002                  0.0000000000000000E+000                  4.3802814083271420E+008                  9.2125291074361224E+006                  1.8348215765142220E-019                  0.0000000000000000E+000                  0.0000000000000000E+000                  1.0638584344050642E+001                  8.2799632371513395E+009                  5.4137706531350208E-007                  0.0000000000000000E+000                 -3.1332500732287909E+000                  1.0677187363427016E+000                  1.3062793637025327E+000                  1.4567943615345234E+000 
                                     411                  2.9997993002455114E+000                  4.0598935599573549E-001                  5.5814971612074658E+000                 -4.5429184910185789E+000                  9.1796356133312056E+000                  6.9999999999760387E-001                  2.8000000000239628E-001                  1.9999999999999796E-002                  0.0000000000000000E+000                  4.3764602914734191E+008                  9.2337255367395151E+006                  2.0005590120415806E-019                  0.0000000000000000E+000                  0.0000000000000000E+000                  1.0600309110326105E+001                  8.3030018029597721E+009                  5.4039886798879287E-007                  0.0000000000000000E+000                 -3.1336427846980008E+000                  1.0687002862307651E+000                  1.3072609135905964E+000                  1.4577759114225868E+000 
                                     412                  2.9997986794536029E+000                  4.0572136960755528E-001                  5.5842703702468883E+000                 -4.5324157810226939E+000                  9.1928354201637283E+000                  6.9999999999760398E-001                  2.8000000000239628E-001                  1.9999999999999796E-002                  0.0000000000000000E+000                  4.3712051116340965E+008                  9.2630377823861465E+006                  2.2535165887140518E-019                  0.0000000000000000E+000                  0.0000000000000000E+000                  1.0547297286609965E+001                  8.3374764824624233E+009                  5.3902926561583595E-007                  0.0000000000000000E+000                 -3.1341938274711660E+000                  1.0701558958063639E+000                  1.3087165231661950E+000                  1.4592315209981856E+000 
                                     413                  2.9997978436492359E+000                  4.0536843035887865E-001                  5.5881556884851973E+000                 -4.5177298548218854E+000                  9.2113016563233572E+000                  6.9999999999760387E-001                  2.8000000000239628E-001                  1.9999999999999796E-002                  0.0000000000000000E+000                  4.3639456357830292E+008                  9.3042732467447799E+006                  2.6614856546235143E-019                  0.0000000000000000E+000                  0.0000000000000000E+000                  1.0472055591771193E+001                  8.3828741654871149E+009                  5.3730547781752792E-007                  0.0000000000000000E+000                 -3.1348893658930228E+000                  1.0720644964222144E+000                  1.3106251237820454E+000                  1.4611401216140361E+000 
                                     414                  2.9997965728278482E+000                  4.0484807056531674E-001                  5.5919303807499690E+000                 -4.5033359367427632E+000                  9.2293644585788712E+000                  6.9999999999760387E-001                  2.8000000000239633E-001                  1.9999999999999796E-002                  0.0000000000000000E+000                  4.3566426889652711E+008                  9.3445001572476104E+006                  3.1281304892147149E-019                  0.0000000000000000E+000                  0.0000000000000000E+000                  1.0401275268833725E+001                  8.4491123282041264E+009                  5.3479991894113732E-007                 -2.8704107886730112E-020                 -3.1359043336177224E+000                  1.0748617289193882E+000                  1.3134223562792193E+000                  1.4639373541112100E+000 
                                     415                  2.9997957048206412E+000                  4.0450320757051472E-001                  5.5944130997630621E+000                 -4.4938804898331188E+000                  9.2412338338727427E+000                  6.9999999999760387E-001                  2.8000000000239628E-001                  1.9999999999999796E-002                  0.0000000000000000E+000                  4.3518952108487916E+008                  9.3710572482407819E+006                  3.4779854206683481E-019                  0.0000000000000000E+000                  0.0000000000000000E+000                  1.0354443287971048E+001                  8.4925219605311813E+009                  5.3313853863063536E-007                 -1.1432498575109539E-019                 -3.1365799613921057E+000                  1.0767041962243962E+000                  1.3152648235842272E+000                  1.4657798214162179E+000 
                                     416                  2.9997951227621034E+000                  4.0427648648305187E-001                  5.5966204738448848E+000                 -4.4855080594895531E+000                  9.2517539332246361E+000                  6.9999999999760398E-001                  2.8000000000239622E-001                  1.9999999999999796E-002                  0.0000000000000000E+000                  4.3477735333491129E+008                  9.3947378585299086E+006                  3.8209270529742336E-019                  0.0000000000000000E+000                  0.0000000000000000E+000                  1.0312150769490229E+001                  8.5211750766284618E+009                  5.3209589135185185E-007                 -1.7101079267708444E-019                 -3.1370050472620399E+000                  1.0779103493081199E+000                  1.3164709766679510E+000                  1.4669859744999416E+000 
                                     417                  2.9997943887939083E+000                  4.0399556075863513E-001                  5.5992805824299037E+000                 -4.4754160912544805E+000                  9.2644342797291568E+000                  6.9999999999760398E-001                  2.8000000000239628E-001                  1.9999999999999796E-002                  0.0000000000000000E+000                  4.3428261834902507E+008                  9.4233549906655494E+006                  4.2787048366910150E-019                  0.0000000000000000E+000                  0.0000000000000000E+000                  1.0261361831340308E+001                  8.5567710185342846E+009                  5.3084728867141610E-007                 -1.1361890520756271E-019                 -3.1375151982407612E+000                  1.0793993317207642E+000                  1.3179599590805953E+000                  1.4684749569125859E+000 
                                     418                  2.9997934977469094E+000                  4.0366163866454491E-001                  5.6026184481059254E+000                 -4.4627664487363692E+000                  9.2803327189301825E+000                  6.9999999999760398E-001                  2.8000000000239622E-001                  1.9999999999999796E-002                  0.0000000000000000E+000                  4.3366900529599065E+008                  9.4593879699030556E+006                  4.9299854926696157E-019                  0.0000000000000000E+000                  0.0000000000000000E+000                  1.0197657147853660E+001                  8.5990377347764854E+009                  5.2938886176376855E-007                 -4.4378920209954315E-020                 -3.1381126002039812E+000                  1.0811613818079133E+000                  1.3197220091677444E+000                  1.4702370069997350E+000 
                                     419                  2.9997922896440099E+000                  4.0322071742384819E-001                  5.6065887600631559E+000                 -4.4476937927587592E+000                  9.2992695042865030E+000                  6.9999999999760387E-001                  2.8000000000239628E-001                  1.9999999999999796E-002                  0.0000000000000000E+000                  4.3293934133114177E+008                  9.5024219884859454E+006                  5.8330293873107225E-019                  0.0000000000000000E+000                  0.0000000000000000E+000                  1.0122597914559078E+001                  8.6546679342497044E+009                  5.2749378235460804E-007                 -4.8596116764434743E-020                 -3.1388913275459389E+000                  1.0834752980853786E+000                  1.3220359254452096E+000                  1.4725509232772005E+000 
                                     420                  2.9997909056008147E+000                  4.0273124341387967E-001                  5.6104668348483875E+000                 -4.4329275836109545E+000                  9.3178092855154535E+000                  6.9999999999760398E-001                  2.8000000000239628E-001                  1.9999999999999796E-002                  0.0000000000000000E+000                  4.3222374410672629E+008                  9.5446351901516635E+006                  6.8724482318033856E-019                  0.0000000000000000E+000                  0.0000000000000000E+000                  1.0049879461378266E+001                  8.7159196096830788E+009                  5.2541270493897139E-007                 -3.4148350648510735E-020                 -3.1397497149011859E+000                  1.0860273216179879E+000                  1.3245879489778190E+000                  1.4751029468098096E+000 
                                     421                  2.9997896518736513E+000                  4.0230131517758627E-001                  5.6145045386436232E+000                 -4.4176055231709022E+000                  9.3370627725909223E+000                  6.9999999999760387E-001                  2.8000000000239628E-001                  1.9999999999999796E-002                  0.0000000000000000E+000                  4.3149821877391428E+008                  9.5887848555177059E+006                  8.1474528482056644E-019                  0.0000000000000000E+000                  0.0000000000000000E+000                  9.9723025365248343E+000                  8.7695893391148109E+009                  5.2367838401259358E-007                  2.8199294197130627E-020                 -3.1404676760985200E+000                  1.0882540058715831E+000                  1.3268146332314141E+000                  1.4773296310634048E+000 
                                     422                  2.9997880557543248E+000                  4.0177119269596656E-001                  5.6184388470249811E+000                 -4.4025908144458095E+000                  9.3559060883097640E+000                  6.9999999999760387E-001                  2.8000000000239633E-001                  1.9999999999999796E-002                  0.0000000000000000E+000                  4.3078049536105847E+008                  9.6319800887828395E+006                  9.6148490148317292E-019                  0.0000000000000000E+000                  0.0000000000000000E+000                  9.8970568451971594E+000                  8.8354068581372166E+009                  5.2167000735992607E-007                  4.4917497104166115E-020                 -3.1413020658371251E+000                  1.0909809524576930E+000                  1.3295415798175239E+000                  1.4800565776495145E+000 
                                     423                  2.9997867518867443E+000                  4.0135147769476931E-001                  5.6214507478875442E+000                 -4.3910893192084073E+000                  9.3703388352225314E+000                  6.9999999999760387E-001                  2.8000000000239633E-001                  1.9999999999999796E-002                  0.0000000000000000E+000                  4.3023534818358791E+008                  9.6651708167572860E+006                  1.0911561784862422E-018                  0.0000000000000000E+000                  0.0000000000000000E+000                  9.8383630566395119E+000                  8.8870117361323490E+009                  5.2016094084125691E-007                  1.5092738210628823E-020                 -3.1419311311584819E+000                  1.0931251584204540E+000                  1.3316857857802851E+000                  1.4822007836122759E+000 
                                     424                  2.9997857567859985E+000                  4.0103873634026532E-001                  5.6244340209330153E+000                 -4.3797442042049939E+000                  9.3845893448961402E+000                  6.9999999999760387E-001                  2.8000000000239633E-001                  1.9999999999999796E-002                  0.0000000000000000E+000                  4.2971080109159756E+008                  9.6981573960661925E+006                  1.2363988124109424E-018                  0.0000000000000000E+000                  0.0000000000000000E+000                  9.7780006508823671E+000                  8.9255417056721363E+009                  5.1915991322079438E-007                  0.0000000000000000E+000                 -3.1423494244165577E+000                  1.0947139509771007E+000                  1.3332745783369317E+000                  1.4837895761689224E+000 
                                     425                  2.9997844124856177E+000                  4.0062610951572908E-001                  5.6273558693410077E+000                 -4.3685675006313298E+000                  9.3986098601981674E+000                  6.9999999999760398E-001                  2.8000000000239628E-001                  1.9999999999999796E-002                  0.0000000000000000E+000                  4.2918760884785336E+008                  9.7305590330572855E+006                  1.3972644356437918E-018                  0.0000000000000000E+000                  0.0000000000000000E+000                  9.7187345208729852E+000                  8.9761931864706764E+009                  5.1796478986419566E-007                 -1.8543145221019332E-020                 -3.1428498808295253E+000                  1.0967989118735069E+000                  1.3353595392333382E+000                  1.4858745370653288E+000 
                                     426                  2.9997833880162443E+000                  4.0031887976933489E-001                  5.6302516305547829E+000                 -4.3575321363566601E+000                  9.4124654331643143E+000                  6.9999999999760387E-001                  2.8000000000239628E-001                  1.9999999999999796E-002                  0.0000000000000000E+000                  4.2868287279905105E+008                  9.7627768102984466E+006                  1.5768332982373045E-018                  0.0000000000000000E+000                  0.0000000000000000E+000                  9.6578750548233909E+000                  9.0137606636929684E+009                  5.1716119226938013E-007                 -5.5165573128110750E-020                 -3.1431870359944374E+000                  1.0983427599878330E+000                  1.3369033873476641E+000                  1.4874183851796547E+000 
                                     427                  2.9997820020685406E+000                  3.9991267421860521E-001                  5.6335014986537200E+000                 -4.3451005014902089E+000                  9.4280610820606139E+000                  6.9999999999760398E-001                  2.8000000000239628E-001                  1.9999999999999796E-002                  0.0000000000000000E+000                  4.2811188475728172E+008                  9.7990478447532281E+006                  1.8057017606955197E-018                  0.0000000000000000E+000                  0.0000000000000000E+000                  9.5891907595741284E+000                  9.0633622544810905E+009                  5.1621999256501812E-007                 -3.5689558861144115E-020                 -3.1435825898878127E+000                  1.1003728023739350E+000                  1.3389334297337661E+000                  1.4894484275657567E+000 
                                     428                  2.9997805917593934E+000                  3.9950986888078588E-001                  5.6367007076777398E+000                 -4.3328442234107900E+000                  9.4434319592980671E+000                  6.9999999999760387E-001                  2.8000000000239628E-001                  1.9999999999999796E-002                  0.0000000000000000E+000                  4.2755175667621744E+008                  9.8348745695308931E+006                  2.0629516159802249E-018                  0.0000000000000000E+000                  0.0000000000000000E+000                  9.5208623981939660E+000                  9.1121885840695782E+009                  5.1534755789880794E-007                  3.8314110284697667E-020                 -3.1439498888121760E+000                  1.1023734291226150E+000                  1.3409340564824463E+000                  1.4914490543144370E+000 
                                     429                  2.9997791566651553E+000                  3.9911028438958124E-001                  5.6390522292443501E+000                 -4.3237811410825744E+000                  9.4547829310997749E+000                  6.9999999999760387E-001                  2.8000000000239628E-001                  1.9999999999999796E-002                  0.0000000000000000E+000                  4.2713228439930892E+008                  9.8612798523866013E+006                  2.2750207793026356E-018                  0.0000000000000000E+000                  0.0000000000000000E+000                  9.4711711452835914E+000                  9.1601506763163948E+009                  5.1450388503035450E-007                  5.5851307704595877E-020                 -3.1443056707609052E+000                  1.1043460732481367E+000                  1.3429067006079678E+000                  1.4934216984399586E+000 
                                     430                  2.9997784328683568E+000                  3.9891250641430370E-001                  5.6414025372688501E+000                 -4.3147965771715091E+000                  9.4660568846282427E+000                  6.9999999999760387E-001                  2.8000000000239633E-001                  1.9999999999999796E-002                  0.0000000000000000E+000                  4.2673208094259191E+008                  9.8877462305228189E+006                  2.5079723832381602E-018                  0.0000000000000000E+000                  0.0000000000000000E+000                  9.4197590748608135E+000                  9.1839267888286133E+009                  5.1411986208852027E-007                 -9.2721657357268701E-022                 -3.1444678088145701E+000                  1.1053177654160622E+000                  1.3438783927758935E+000                  1.4943933906078841E+000 
                                     431                  2.9997769598414457E+000                  3.9851743413296070E-001                  5.6444843967389096E+000                 -4.3029432016635818E+000                  9.4809103196447868E+000                  6.9999999999760387E-001                  2.8000000000239628E-001                  1.9999999999999796E-002                  0.0000000000000000E+000                  4.2619682068318653E+008                  9.9225427338591367E+006                  2.8498048942732141E-018                  0.0000000000000000E+000                  0.0000000000000000E+000                  9.3534373567547444E+000                  9.2314891453092194E+009                  5.1340985535419942E-007                 -7.7349343396871933E-020                 -3.1447678994598047E+000                  1.1072498650553371E+000                  1.3458104924151681E+000                  1.4963254902471588E+000 
                                     432                  2.9997754609391625E+000                  3.9812518064376146E-001                  5.6475228339307808E+000                 -4.2912386453533307E+000                  9.4955725601987240E+000                  6.9999999999760398E-001                  2.8000000000239622E-001                  1.9999999999999796E-002                  0.0000000000000000E+000                  4.2567040308089465E+008                  9.9569608610226791E+006                  3.2317537021313347E-018                  0.0000000000000000E+000                  0.0000000000000000E+000                  9.2882731210008398E+000                  9.2782467239695396E+009                  5.1267600897302484E-007                 -1.1556986110327902E-019                 -3.1450785025967622E+000                  1.1091569399462429E+000                  1.3477175673060739E+000                  1.4982325651380646E+000 
                                     433                  2.9997739357118567E+000                  3.9773560099544752E-001                  5.6505197994268093E+000                 -4.2796765399886336E+000                  9.5100518982873403E+000                  6.9999999999760398E-001                  2.8000000000239617E-001                  1.9999999999999796E-002                  0.0000000000000000E+000                  4.2515225093718880E+008                  9.9910200750028342E+006                  3.6578903683743922E-018                  0.0000000000000000E+000                  0.0000000000000000E+000                  9.2244226187932306E+000                  9.3244674060479908E+009                  5.1194243846100617E-007                 -7.6751112978517394E-020                 -3.1453894336371779E+000                  1.1110400202124215E+000                  1.3496006475722524E+000                  1.5001156454042432E+000 
                                     434                  2.9997723837021586E+000                  3.9734855823363652E-001                  5.6534771746344292E+000                 -4.2682509527881640E+000                  9.5243561291317889E+000                  6.9999999999760398E-001                  2.8000000000239628E-001                  1.9999999999999796E-002                  0.0000000000000000E+000                  4.2464191032934129E+008                  1.0024739092537330E+007                  4.1326556473586914E-018                  0.0000000000000000E+000                  0.0000000000000000E+000                  9.1619559447756469E+000                  9.3701757208307056E+009                  5.1119854455568229E-007                  9.7706856289363051E-022                 -3.1457051956685054E+000                  1.1129002726366586E+000                  1.3514608999964899E+000                  1.5019758978284803E+000 
                                     435                  2.9997708044448488E+000                  3.9696392274972370E-001                  5.6563967398370796E+000                 -4.2569563099198886E+000                  9.5384925900401445E+000                  6.9999999999760398E-001                  2.8000000000239628E-001                  1.9999999999999796E-002                  0.0000000000000000E+000                  4.2413901561011422E+008                  1.0058135498914868E+007                  4.6608868344309849E-018                  0.0000000000000000E+000                  0.0000000000000000E+000                  9.1007866363482997E+000                  9.4153955389850578E+009                  5.1044250717532867E-007                  8.0074650997168027E-020                 -3.1460265834218468E+000                  1.1147388006729155E+000                  1.3532994280327466E+000                  1.5038144258647372E+000 
                                     436                  2.9997691974667235E+000                  3.9658157172840391E-001                  5.6592801541711628E+000                 -4.2457873375089319E+000                  9.5524681955410955E+000                  6.9999999999760387E-001                  2.8000000000239628E-001                  1.9999999999999796E-002                  0.0000000000000000E+000                  4.2364325084219474E+008                  1.0091225494140971E+007                  5.2478463184217898E-018                  0.0000000000000000E+000                  0.0000000000000000E+000                  9.0408099824387342E+000                  9.4601493300384350E+009                  5.0967883295847479E-007                  1.1967763106086251E-019                 -3.1463517011772151E+000                  1.1165566324335594E+000                  1.3551172597933907E+000                  1.5056322576253813E+000 
                                     437                  2.9997675622864599E+000                  3.9620138867326149E-001                  5.6621289617327495E+000                 -4.2347390354806000E+000                  9.5662894692064402E+000                  6.9999999999760398E-001                  2.8000000000239628E-001                  1.9999999999999796E-002                  0.0000000000000000E+000                  4.2315432701699603E+008                  1.0124023996291813E+007                  5.8992543339115068E-018                  0.0000000000000000E+000                  0.0000000000000000E+000                  8.9819263565707974E+000                  9.5044578800202579E+009                  5.0891249349702010E-007                  7.9501917764468404E-020                 -3.1466784436631619E+000                  1.1183547192579610E+000                  1.3569153466177921E+000                  1.5074303444497830E+000 
                                     438                  2.9997658984144779E+000                  3.9582326297777959E-001                  5.6649446007422419E+000                 -4.2238066564728172E+000                  9.5799625725296966E+000                  6.9999999999760387E-001                  2.8000000000239628E-001                  1.9999999999999796E-002                  0.0000000000000000E+000                  4.2267187881073099E+008                  1.0156545137176674E+007                  6.6213243944402905E-018                  0.0000000000000000E+000                  0.0000000000000000E+000                  8.9240417363422306E+000                  9.5483403535327148E+009                  5.0814815346467828E-007                  1.9806218446597054E-020                 -3.1470048241222113E+000                  1.1201339502737717E+000                  1.3586945776336028E+000                  1.5092095754655934E+000 
                                     439                  2.9997642053528017E+000                  3.9544708953459090E-001                  5.6677284120469498E+000                 -4.2129856895597726E+000                  9.5934933311816284E+000                  6.9999999999760387E-001                  2.8000000000239628E-001                  1.9999999999999796E-002                  0.0000000000000000E+000                  4.2219548424090278E+008                  1.0188802344010174E+007                  7.4208011466623857E-018                  0.0000000000000000E+000                  0.0000000000000000E+000                  8.8670680020754435E+000                  9.5918144106819992E+009                  5.0739022333787976E-007                  0.0000000000000000E+000                 -3.1473289526242669E+000                  1.1218951662970382E+000                  1.3604557936568693E+000                  1.5109707914888602E+000 
                                     440                  2.9997624825949165E+000                  3.9507276837658212E-001                  5.6704816469893577E+000                 -4.2022718455296957E+000                  9.6068872589238232E+000                  6.9999999999760387E-001                  2.8000000000239628E-001                  1.9999999999999796E-002                  0.0000000000000000E+000                  4.2172471902856016E+008                  1.0220808248538252E+007                  8.3050008198549129E-018                  0.0000000000000000E+000                  0.0000000000000000E+000                  8.8109231060898754E+000                  9.6348963474497528E+009                  5.0664280805616327E-007                 -2.0985789539883650E-020                 -3.1476490589534221E+000                  1.1236391608882195E+000                  1.3621997882480505E+000                  1.5127147860800412E+000 
                                     441                  2.9997607296256232E+000                  3.9470020434651232E-001                  5.6732054746825202E+000                 -4.1916610425798284E+000                  9.6201495794267959E+000                  6.9999999999760387E-001                  2.8000000000239628E-001                  1.9999999999999796E-002                  0.0000000000000000E+000                  4.2125916628153944E+008                  1.0252574729978848E+007                  9.2818544474642208E-018                  0.0000000000000000E+000                  0.0000000000000000E+000                  8.7555311566834462E+000                  9.6776012166408939E+009                  5.0590966168328422E-007                 -8.3665666023745498E-020                 -3.1479635132551262E+000                  1.1253666804645481E+000                  1.3639273078243792E+000                  1.5144423056563698E+000 
                                     442                  2.9997589459208935E+000                  3.9432930679311151E-001                  5.6759009887611631E+000                 -4.1811493933482691E+000                  9.6332852462094376E+000                  6.9999999999760398E-001                  2.8000000000239628E-001                  1.9999999999999796E-002                  0.0000000000000000E+000                  4.2079841412302083E+008                  1.0284112954379173E+007                  1.0359954069944662E-017                  0.0000000000000000E+000                  0.0000000000000000E+000                  8.7008226005123124E+000                  9.7199429310919437E+009                  5.0519416785507125E-007                 -1.2509059370377239E-019                 -3.1482708358704872E+000                  1.1270784271472318E+000                  1.3656390545070629E+000                  1.5161540523390538E+000 
                                     443                  2.9997571309477187E+000                  3.9395998929096671E-001                  5.6785692152095466E+000                 -4.1707331948888493E+000                  9.6462989608906788E+000                  6.9999999999760398E-001                  2.8000000000239617E-001                  1.9999999999999796E-002                  0.0000000000000000E+000                  4.2034206064604533E+008                  1.0315433434247119E+007                  1.1548602599729376E-017                  0.0000000000000000E+000                  0.0000000000000000E+000                  8.6467445446847915E+000                  9.7619343810717964E+009                  5.0449895258414114E-007                 -8.3127140592035042E-020                 -3.1485698655434655E+000                  1.1287750618652652E+000                  1.3673356892250963E+000                  1.5178506870570869E+000 
                                     444                  2.9997552841639585E+000                  3.9359216938036518E-001                  5.6825603650022449E+000                 -4.1552538033430260E+000                  9.6656674990257336E+000                  6.9999999999760398E-001                  2.8000000000239628E-001                  1.9999999999999796E-002                  0.0000000000000000E+000                  4.1968219182853323E+008                  1.0362487891568311E+007                  1.3578149889949622E-017                  0.0000000000000000E+000                  0.0000000000000000E+000                  8.5637257716989019E+000                  9.8039608822078743E+009                  5.0387707115240261E-007                 -2.0716789206655413E-020                 -3.1488377018486586E+000                  1.1304568696580888E+000                  1.3690174970179199E+000                  1.5195324948499107E+000 
                                     445                  2.9997514929495339E+000                  3.9286074967192447E-001                  5.6864201931991580E+000                 -4.1400239407389545E+000                  9.6846516011218355E+000                  6.9999999999760398E-001                  2.8000000000239617E-001                  1.9999999999999796E-002                  0.0000000000000000E+000                  4.1899686248917860E+008                  1.0408188960906155E+007                  1.5882962318581884E-017                  0.0000000000000000E+000                  0.0000000000000000E+000                  8.4879155154061241E+000                  9.8863015667498722E+009                  5.0260618665541520E-007                  0.0000000000000000E+000                 -3.1493860849571051E+000                  1.1337803481143864E+000                  1.3723409754742177E+000                  1.5228559733062084E+000 
                                     446                  2.9997495473875291E+000                  3.9249696308584375E-001                  5.6889884183998474E+000                 -4.1299558848226070E+000                  9.6972200496413770E+000                  6.9999999999760398E-001                  2.8000000000239628E-001                  1.9999999999999796E-002                  0.0000000000000000E+000                  4.1855554044408447E+008                  1.0438726080081608E+007                  1.7623043915610094E-017                  0.0000000000000000E+000                  0.0000000000000000E+000                  8.4360734008661815E+000                  9.9266446193760033E+009                  5.0194432304164995E-007                  2.1864354787822498E-020                 -3.1496722266235020E+000                  1.1354224414325362E+000                  1.3739830687923673E+000                  1.5244980666243579E+000 
                                     447                  2.9997475677519345E+000                  3.9213437931671707E-001                  5.6915337215152810E+000                 -4.1199672473742144E+000                  9.7096868159270162E+000                  6.9999999999760398E-001                  2.8000000000239622E-001                  1.9999999999999796E-002                  0.0000000000000000E+000                  4.1811766176892215E+008                  1.0469085917527420E+007                  1.9532885588370974E-017                  0.0000000000000000E+000                  0.0000000000000000E+000                  8.3847260193324331E+000                  9.9670509507031803E+009                  5.0135773277614959E-007                  7.2571216769259504E-020                 -3.1499261411281068E+000                  1.1370518640751384E+000                  1.3756124914349694E+000                  1.5261274892669601E+000 
                                     448                  2.9997455534525850E+000                  3.9177293239773836E-001                  5.6940568473567774E+000                 -4.1100552519195528E+000                  9.7220553980137598E+000                  6.9999999999760387E-001                  2.8000000000239628E-001                  1.9999999999999796E-002                  0.0000000000000000E+000                  4.1768306811718380E+008                  1.0499275310116015E+007                  2.1627330184643097E-017                  0.0000000000000000E+000                  0.0000000000000000E+000                  8.3338501383058805E+000                  1.0007169745448709E+010                  5.0079288758497563E-007                  7.2076758295536657E-020                 -3.1501709238689934E+000                  1.1386692618925320E+000                  1.3772298892523631E+000                  1.5277448870843537E+000 
                                     449                  2.9997435038892166E+000                  3.9141255910288075E-001                  5.6978364136047102E+000                 -4.0952984262979957E+000                  9.7404954210658730E+000                  6.9999999999760398E-001                  2.8000000000239628E-001                  1.9999999999999796E-002                  0.0000000000000000E+000                  4.1705170559985250E+008                  1.0544686503868718E+007                  2.5179461524617043E-017                  0.0000000000000000E+000                  0.0000000000000000E+000                  8.2556605044640197E+000                  1.0047354303352867E+010                  5.0029714640701037E-007                 -5.6514301648993258E-022                 -3.1503859871183826E+000                  1.1402747564289699E+000                  1.3788353837888012E+000                  1.5293503816207918E+000 
                                     450                  2.9997392965178600E+000                  3.9069482745722722E-001                  5.7015005637794935E+000                 -4.0807540514605032E+000                  9.7586043570080765E+000                  6.9999999999760398E-001                  2.8000000000239622E-001                  1.9999999999999796E-002                  0.0000000000000000E+000                  4.1639756589990461E+008                  1.0588892556012195E+007                  2.9185236738661386E-017                  0.0000000000000000E+000                  0.0000000000000000E+000                  8.1837664645504393E+000                  1.0126232886875599E+010                  4.9928604713627820E-007                 -3.6296454241316307E-020                 -3.1508252852043603E+000                  1.1434535332816513E+000                  1.3820141606414824E+000                  1.5325291584734730E+000 
                                     451                  2.9997371374573119E+000                  3.9033732017800726E-001                  5.7039417020603791E+000                 -4.0711231906413072E+000                  9.7706121386860723E+000                  6.9999999999760387E-001                  2.8000000000239628E-001                  1.9999999999999796E-002                  0.0000000000000000E+000                  4.1597428852129465E+008                  1.0618463709131217E+007                  3.2191347903740302E-017                  0.0000000000000000E+000                  0.0000000000000000E+000                  8.1345965454168692E+000                  1.0164948349195692E+010                  4.9875866830946813E-007                 -1.4422516857032908E-020                 -3.1510547716513391E+000                  1.1450270915968661E+000                  1.3835877189566972E+000                  1.5341027167886880E+000 
                                     452                  2.9997349406272704E+000                  3.8998065811300825E-001                  5.7063639032524280E+000                 -4.0615568325612488E+000                  9.7825370152044311E+000                  6.9999999999760387E-001                  2.8000000000239633E-001                  1.9999999999999796E-002                  0.0000000000000000E+000                  4.1555365299703020E+008                  1.0647894151515992E+007                  3.5475713845439739E-017                  0.0000000000000000E+000                  0.0000000000000000E+000                  8.0858849114446780E+000                  1.0203748762428831E+010                  4.9829780762953420E-007                  0.0000000000000000E+000                 -3.1512555117992695E+000                  1.1465903796374453E+000                  1.3851510069972766E+000                  1.5356660048292672E+000 
                                     453                  2.9997327053743748E+000                  3.8962478959851554E-001                  5.7087677554392497E+000                 -4.0520528797339121E+000                  9.7943816575134139E+000                  6.9999999999760387E-001                  2.8000000000239639E-001                  1.9999999999999796E-002                  0.0000000000000000E+000                  4.1513568124457282E+008                  1.0677188768404206E+007                  3.9061666730303024E-017                  0.0000000000000000E+000                  0.0000000000000000E+000                  8.0376640964296637E+000                  1.0242307733444269E+010                  4.9785032365011222E-007                  1.5255716191704980E-020                 -3.1514506031014293E+000                  1.1481438982933998E+000                  1.3867045256532309E+000                  1.5372195234852215E+000 
                                     454                  2.9997304310340982E+000                  3.8926966489922910E-001                  5.7123729398635099E+000                 -4.0378826744658385E+000                  9.8120652755268249E+000                  6.9999999999760387E-001                  2.8000000000239639E-001                  1.9999999999999796E-002                  0.0000000000000000E+000                  4.1452661240841144E+008                  1.0721296379529698E+007                  4.5109630095020767E-017                  0.0000000000000000E+000                  0.0000000000000000E+000                  7.9638548694454734E+000                  1.0280955177411156E+010                  4.9745408523711151E-007                  6.0863386528432292E-020                 -3.1516234991157934E+000                  1.1496876762743535E+000                  1.3882483036341846E+000                  1.5387633014661752E+000 
                                     455                  2.9997257623763596E+000                  3.8856148777030219E-001                  5.7158753808399076E+000                 -4.0238967888323378E+000                  9.8294589515756634E+000                  6.9999999999760398E-001                  2.8000000000239628E-001                  1.9999999999999796E-002                  0.0000000000000000E+000                  4.1389837684671259E+008                  1.0764312290830033E+007                  5.1890979529350152E-017                  0.0000000000000000E+000                  0.0000000000000000E+000                  7.8961460105041299E+000                  1.0356935995049461E+010                  4.9660280918576826E-007                  6.7872444917282755E-020                 -3.1519954140274296E+000                  1.1527489726227371E+000                  1.3913095999825682E+000                  1.5418245978145588E+000 
                                     456                  2.9997233666723226E+000                  3.8820831314588677E-001                  5.7182114369310639E+000                 -4.0146233765957779E+000                  9.8410072239818938E+000                  6.9999999999760398E-001                  2.8000000000239622E-001                  1.9999999999999796E-002                  0.0000000000000000E+000                  4.1349125584531844E+008                  1.0793111705355946E+007                  5.6954881138532477E-017                  0.0000000000000000E+000                  0.0000000000000000E+000                  7.8501285815500284E+000                  1.0394287875117064E+010                  4.9613333694363135E-007                 -3.1183150818978123E-020                 -3.1522007951049305E+000                  1.1542666558518433E+000                  1.3928272832116744E+000                  1.5433422810436650E+000 
                                     457                  2.9997209291073661E+000                  3.8785570057279978E-001                  5.7205318929453046E+000                 -4.0054032773291190E+000                  9.8524870557268915E+000                  6.9999999999760398E-001                  2.8000000000239633E-001                  1.9999999999999685E-002                  0.0000000000000000E+000                  4.1308690054143202E+008                  1.0821799406232750E+007                  6.2466997879804965E-017                  0.0000000000000000E+000                  0.0000000000000000E+000                  7.8047023067501069E+000                  1.0431747400253288E+010                  4.9570537449610528E-007                 -1.2196683612919200E-019                 -3.1523881861986771E+000                  1.1557758924743100E+000                  1.3943365198341411E+000                  1.5448515176661317E+000 
                                     458                  2.9997184489582653E+000                  3.8750360842091180E-001                  5.7228372582111664E+000                 -3.9962349107354425E+000                  9.8639005306865126E+000                  6.9999999999760398E-001                  2.8000000000239633E-001                  1.9999999999999685E-002                  0.0000000000000000E+000                  4.1268532432666785E+008                  1.0850380108615026E+007                  6.8463726327235882E-017                  0.0000000000000000E+000                  0.0000000000000000E+000                  7.7598779347077826E+000                  1.0469008663962961E+010                  4.9527444543116443E-007                 -9.1128154492370336E-020                 -3.1525770398191328E+000                  1.1572771528230581E+000                  1.3958377801828894E+000                  1.5463527780148800E+000 
                                     459                  2.9997159254894550E+000                  3.8715199642328696E-001                  5.7262986212242399E+000                 -3.9825489542834593E+000                  9.8809601241605627E+000                  6.9999999999760398E-001                  2.8000000000239633E-001                  1.9999999999999685E-002                  0.0000000000000000E+000                  4.1209949497737843E+008                  1.0893450792686194E+007                  7.8531877357444007E-017                  0.0000000000000000E+000                  0.0000000000000000E+000                  7.6915660299602102E+000                  1.0506384070156466E+010                  4.9487544029321059E-007                 -2.2727154859701521E-020                 -3.1527520494227721E+000                  1.1587704420555858E+000                  1.3973310694154168E+000                  1.5478460672474075E+000 
                                     460                  2.9997107455875027E+000                  3.8645008664733888E-001                  5.7308241707959855E+000                 -3.9645048905007694E+000                  9.9034119159661920E+000                  6.9999999999760398E-001                  2.8000000000239628E-001                  1.9999999999999796E-002                  0.0000000000000000E+000                  4.1131296147237575E+008                  1.0950019827865325E+007                  9.3952609062912650E-017                  0.0000000000000000E+000                  0.0000000000000000E+000                  7.6055494623097077E+000                  1.0580576714605803E+010                  4.9406594040888013E-007                  0.0000000000000000E+000                 -3.1531075420922519E+000                  1.1617352240868142E+000                  1.4002958514466453E+000                  1.5508108492786359E+000 
                                     461                  2.9997053832622278E+000                  3.8574964433603876E-001                  5.7341647068016641E+000                 -3.9510804929527250E+000                  9.9200877851393745E+000                  6.9999999999760398E-001                  2.8000000000239617E-001                  1.9999999999999796E-002                  0.0000000000000000E+000                  4.1071884928603625E+008                  1.0991962750677155E+007                  1.0723808963046311E-016                  0.0000000000000000E+000                  0.0000000000000000E+000                  7.5442706089066149E+000                  1.0652892601851124E+010                  4.9309459068482672E-007                  0.0000000000000000E+000                 -3.1535348808563293E+000                  1.1646731570127828E+000                  1.4032337843726139E+000                  1.5537487822046048E+000 
                                     462                  2.9997026077127487E+000                  3.8539684807957314E-001                  5.7363888667927805E+000                 -3.9421931368301233E+000                  9.9311417296452476E+000                  6.9999999999760387E-001                  2.8000000000239622E-001                  1.9999999999999907E-002                  0.0000000000000000E+000                  4.1033437691768599E+008                  1.1019986411543811E+007                  1.1707841634040884E-016                  0.0000000000000000E+000                  0.0000000000000000E+000                  7.5027694607222086E+000                  1.0689117987706261E+010                  4.9260094721671878E-007                  0.0000000000000000E+000                 -3.1537523786981141E+000                  1.1661447834865131E+000                  1.4047054108463441E+000                  1.5552204086783348E+000 
                                     463                  2.9996998321632700E+000                  3.8505036220106381E-001                  5.7386016577036338E+000                 -3.9333473687553027E+000                  9.9421431855460103E+000                  6.9999999999760387E-001                  2.8000000000239628E-001                  1.9999999999999796E-002                  0.0000000000000000E+000                  4.0995309280506736E+008                  1.1047939627850898E+007                  1.2775020752361543E-016                  0.0000000000000000E+000                  0.0000000000000000E+000                  7.4616679952039169E+000                  1.0724861198727953E+010                  4.9215461241066044E-007                  0.0000000000000000E+000                 -3.1539492201931743E+000                  1.1675847760060778E+000                  1.4061454033659089E+000                  1.5566604011978995E+000 
                                     464                  2.9996969589426561E+000                  3.8469806601587098E-001                  5.7408021087686620E+000                 -3.9245432383322569E+000                  9.9530910510479131E+000                  6.9999999999760387E-001                  2.8000000000239628E-001                  1.9999999999999796E-002                  0.0000000000000000E+000                  4.0957454766400021E+008                  1.1075808384432811E+007                  1.3931296426303712E-016                  0.0000000000000000E+000                  0.0000000000000000E+000                  7.4210387648040443E+000                  1.0761076683527916E+010                  4.9170282502562134E-007                  0.0000000000000000E+000                 -3.1541486482552505E+000                  1.1690437676823386E+000                  1.4076043950421697E+000                  1.5581193928741603E+000 
                                     465                  2.9996940857220418E+000                  3.8435200606001729E-001                  5.7441012762503991E+000                 -3.9114213741181776E+000                  9.9694296232574970E+000                  6.9999999999760387E-001                  2.8000000000239633E-001                  1.9999999999999796E-002                  0.0000000000000000E+000                  4.0902383454587603E+008                  1.1117734684044298E+007                  1.5857564292010721E-016                  0.0000000000000000E+000                  0.0000000000000000E+000                  7.3590155539154356E+000                  1.0796810334048931E+010                  4.9129513556654984E-007                  0.0000000000000000E+000                 -3.1543287679499548E+000                  1.1704716595662803E+000                  1.4090322869261114E+000                  1.5595472847581022E+000 
                                     466                  2.9996881371443358E+000                  3.8365435396861880E-001                  5.7484364346714836E+000                 -3.8940447419964141E+000                  9.9910304317134528E+000                  6.9999999999760387E-001                  2.8000000000239628E-001                  1.9999999999999796E-002                  0.0000000000000000E+000                  4.0828442333757949E+008                  1.1173058324395873E+007                  1.8797660188510392E-016                  0.0000000000000000E+000                  0.0000000000000000E+000                  7.2801278668571099E+000                  1.0868483510225931E+010                  4.9048784210637807E-007                  0.0000000000000000E+000                 -3.1546858765798866E+000                  1.1733356723608837E+000                  1.4118962997207147E+000                  1.5624112975527054E+000 
                                     467                  2.9996819794026961E+000                  3.8295714512943457E-001                  5.7527305934345225E+000                 -3.8768126663491036E+000                  1.0012447263785599E+001                  6.9999999999760387E-001                  2.8000000000239639E-001                  1.9999999999999796E-002                  0.0000000000000000E+000                  4.0755677046101916E+008                  1.1228130780563826E+007                  2.2238120235350888E-016                  0.0000000000000000E+000                  0.0000000000000000E+000                  7.2027332303656824E+000                  1.0939044971617542E+010                  4.8962002817775522E-007                  0.0000000000000000E+000                 -3.1550704127217108E+000                  1.1761786175417299E+000                  1.4147392449015610E+000                  1.5652542427335516E+000 
                                     468                  2.9996756052285303E+000                  3.8226015831034388E-001                  5.7569860391955130E+000                 -3.8597174025472132E+000                  1.0033690105056595E+001                  6.9999999999760387E-001                  2.8000000000239633E-001                  1.9999999999999796E-002                  0.0000000000000000E+000                  4.0684082020731515E+008                  1.1282973328203548E+007                  2.6258068015490580E-016                  0.0000000000000000E+000                  0.0000000000000000E+000                  7.1268722853010145E+000                  1.1009106536151855E+010                  4.8876158633978015E-007                  1.2175313270369402E-020                 -3.1554514671522176E+000                  1.1790015023940446E+000                  1.4175621297538756E+000                  1.5680771275858663E+000 
                                     469                  2.9996690071039653E+000                  3.8156318390882088E-001                  5.7612049719364373E+000                 -3.8427517754197904E+000                  1.0054768293647587E+001                  6.9999999999760387E-001                  2.8000000000239628E-001                  1.9999999999999796E-002                  0.0000000000000000E+000                  4.0613656485794920E+008                  1.1337606661097689E+007                  3.0948467642919064E-016                  0.0000000000000000E+000                  0.0000000000000000E+000                  7.0526036179743450E+000                  1.1078698205035252E+010                  4.8790346625828289E-007                  4.8506566315538103E-020                 -3.1558330482389092E+000                  1.1818055811683970E+000                  1.4203662085282280E+000                  1.5708812063602187E+000 
                                     470                  2.9996621772534313E+000                  3.8086602289521049E-001                  5.7653895045009262E+000                 -3.8259091244272314E+000                  1.0075690573976708E+001                  6.9999999999760398E-001                  2.8000000000239628E-001                  1.9999999999999796E-002                  0.0000000000000000E+000                  4.0544405706784159E+008                  1.1392050946093082E+007                  3.6413832803391614E-016                  0.0000000000000000E+000                  0.0000000000000000E+000                  6.9799350650597631E+000                  1.1147849684064453E+010                  4.8703820373228216E-007                  8.4739162734620309E-020                 -3.1562184854918938E+000                  1.1845920561612977E+000                  1.4231526835211288E+000                  1.5736676813531194E+000 
                                     471                  2.9996551076349718E+000                  3.8016848587029062E-001                  5.7695416426700152E+000                 -3.8091832326952080E+000                  1.0096465145071464E+001                  6.9999999999760387E-001                  2.8000000000239639E-001                  1.9999999999999796E-002                  0.0000000000000000E+000                  4.0476335971595216E+008                  1.1446325698294485E+007                  4.2774153500189435E-016                  0.0000000000000000E+000                  0.0000000000000000E+000                  6.9088291277455820E+000                  1.1216589968249731E+010                  4.8616250243472296E-007                  9.6999405789848772E-020                 -3.1566092706008213E+000                  1.1873620785283072E+000                  1.4259227058881383E+000                  1.5764377037201289E+000 
                                     472                  2.9996477899312572E+000                  3.7947039225871337E-001                  5.7736632685296128E+000                 -3.7925682618860286E+000                  1.0117099704077676E+001                  6.9999999999760376E-001                  2.8000000000239644E-001                  1.9999999999999796E-002                  0.0000000000000000E+000                  4.0409449974753672E+008                  1.1500449382983731E+007                  5.0167077601702451E-016                  0.0000000000000000E+000                  0.0000000000000000E+000                  6.8392090299313146E+000                  1.1284946655815853E+010                  4.8527675480433052E-007                  8.5014912359331112E-020                 -3.1570052556425754E+000                  1.1901167403974964E+000                  1.4286773677573275E+000                  1.5791923655893181E+000 
                                     473                  2.9996402155403090E+000                  3.7877156962569447E-001                  5.7777561269203028E+000                 -3.7760586968360221E+000                  1.0137601485520019E+001                  6.9999999999760376E-001                  2.8000000000239639E-001                  1.9999999999999796E-002                  0.0000000000000000E+000                  4.0343746544071043E+008                  1.1554439153653717E+007                  5.8750376024739762E-016                  0.0000000000000000E+000                  0.0000000000000000E+000                  6.7709639655181331E+000                  1.1352945333710064E+010                  4.8438454808747651E-007                  4.8506919019502815E-020                 -3.1574048596713653E+000                  1.1928570643656617E+000                  1.4314176917254928E+000                  1.5819326895574835E+000 
                                     474                  2.9996323755659140E+000                  3.7807185309868419E-001                  5.7818218174251452E+000                 -3.7596493005459415E+000                  1.0157977296796171E+001                  6.9999999999760376E-001                  2.8000000000239633E-001                  1.9999999999999907E-002                  0.0000000000000000E+000                  4.0279222293478358E+008                  1.1608310693247274E+007                  6.8704728070284350E-016                  0.0000000000000000E+000                  0.0000000000000000E+000                  6.7039640383355632E+000                  1.1420609110673208E+010                  4.8349184915913990E-007                  1.2083509567655633E-020                 -3.1578054214885727E+000                  1.1955839976790559E+000                  1.4341446250388872E+000                  1.5846596228708778E+000 
                                     475                  2.9996242608077202E+000                  3.7737108487550020E-001                  5.7858618015717056E+000                 -3.7433350908780429E+000                  1.0178233550324267E+001                  6.9999999999760376E-001                  2.8000000000239644E-001                  1.9999999999999796E-002                  0.0000000000000000E+000                  4.0215868639875734E+008                  1.1662078535925040E+007                  8.0236887526913682E-016                  0.0000000000000000E+000                  0.0000000000000000E+000                  6.6380987038255332E+000                  1.1487958473920490E+010                  4.8260487458980994E-007                  0.0000000000000000E+000                 -3.1582041478891609E+000                  1.1982984172582352E+000                  1.4368590446180662E+000                  1.5873740424500569E+000 
                                     476                  2.9996158617510114E+000                  3.7666911378224083E-001                  5.7888600415138187E+000                 -3.7311511009902398E+000                  1.0193341853709573E+001                  6.9999999999760376E-001                  2.8000000000239639E-001                  1.9999999999999796E-002                  0.0000000000000000E+000                  4.0168280834185219E+008                  1.1702128470960515E+007                  9.0023170240392909E-016                  0.0000000000000000E+000                  0.0000000000000000E+000                  6.5907350380439169E+000                  1.1554500807705711E+010                  4.8167371772304282E-007                  0.0000000000000000E+000                 -3.1586235250462860E+000                  1.2010016940033994E+000                  1.4395623213632305E+000                  1.5900773191952211E+000 
                                     477                  2.9996115151535747E+000                  3.7631459504288656E-001                  5.7908618018795215E+000                 -3.7230613246255913E+000                  1.0203385391758493E+001                  6.9999999999760376E-001                  2.8000000000239639E-001                  1.9999999999999796E-002                  0.0000000000000000E+000                  4.0137469341605592E+008                  1.1728944175603017E+007                  9.7191340885831635E-016                  0.0000000000000000E+000                  0.0000000000000000E+000                  6.5585855755141278E+000                  1.1587949090024849E+010                  4.8120685555920642E-007                  0.0000000000000000E+000                 -3.1588340970352511E+000                  1.2023607059448826E+000                  1.4409213333047139E+000                  1.5914363311367046E+000 
                                     478                  2.9996071685561385E+000                  3.7596577258717789E-001                  5.7938702443717141E+000                 -3.7109736704737575E+000                  1.0218411436631936E+001                  6.9999999999760376E-001                  2.8000000000239650E-001                  1.9999999999999796E-002                  0.0000000000000000E+000                  4.0092637698259181E+008                  1.1769360801803242E+007                  1.0901514442361053E-015                  0.0000000000000000E+000                  0.0000000000000000E+000                  6.5094491982757381E+000                  1.1621270987918667E+010                  4.8080758569710219E-007                  0.0000000000000000E+000                 -3.1590143445454988E+000                  1.2036934665924424E+000                  1.4422540939522734E+000                  1.5927690917842641E+000 
                                     479                  2.9995981710476052E+000                  3.7526096633499612E-001                  5.7978407942912682E+000                 -3.6949175704270201E+000                  1.0238343958462545E+001                  6.9999999999760365E-001                  2.8000000000239644E-001                  1.9999999999999907E-002                  0.0000000000000000E+000                  4.0032719217648184E+008                  1.1822895005146511E+007                  1.2683934753480660E-015                  0.0000000000000000E+000                  0.0000000000000000E+000                  6.4466112030631448E+000                  1.1688300312460186E+010                  4.8001538718817247E-007                  0.0000000000000000E+000                 -3.1593724204124070E+000                  1.2063746871631755E+000                  1.4449353145230066E+000                  1.5954503123549972E+000 
                                     480                  2.9995888587027908E+000                  3.7455453935579996E-001                  5.8007897951356950E+000                 -3.6829190939993950E+000                  1.0253220384471998E+001                  6.9999999999760365E-001                  2.8000000000239661E-001                  1.9999999999999796E-002                  0.0000000000000000E+000                  3.9987731437231368E+008                  1.1862797753971577E+007                  1.4192894353592277E-015                  0.0000000000000000E+000                  0.0000000000000000E+000                  6.4013757332809558E+000                  1.1754053864077007E+010                  4.7912312966831994E-007                  0.0000000000000000E+000                 -3.1597764315351804E+000                  1.2090472597254658E+000                  1.4476078870852966E+000                  1.5981228849172875E+000 
                                     481                  2.9995840396715612E+000                  3.7419762433408388E-001                  5.8027594653548800E+000                 -3.6749489271878266E+000                  1.0263114059531558E+001                  6.9999999999760354E-001                  2.8000000000239661E-001                  1.9999999999999796E-002                  0.0000000000000000E+000                  3.9958610362926221E+008                  1.1889523179188078E+007                  1.5296205709977318E-015                  0.0000000000000000E+000                  0.0000000000000000E+000                  6.3706931961534803E+000                  1.1787120004887457E+010                  4.7867451976713928E-007                 -1.6697399844492654E-020                 -3.1599798448751191E+000                  1.2103915587828864E+000                  1.4489521861427175E+000                  1.5994671839747081E+000 
                                     482                  2.9995792206403316E+000                  3.7384634147386092E-001                  5.8057208397377584E+000                 -3.6630348588756414E+000                  1.0277922090656476E+001                  6.9999999999760354E-001                  2.8000000000239661E-001                  1.9999999999999796E-002                  0.0000000000000000E+000                  3.9916246608951348E+008                  1.1929816484267935E+007                  1.7112902502477167E-015                  0.0000000000000000E+000                  0.0000000000000000E+000                  6.3238798404230705E+000                  1.1820069834718628E+010                  4.7828725084899770E-007                 -6.6687597048585753E-020                 -3.1601555977301516E+000                  1.2117103879110955E+000                  1.4502710152709266E+000                  1.6007860131029175E+000 
                                     483                  2.9995692456080723E+000                  3.7313629114803532E-001                  5.8086411830008542E+000                 -3.6511455409275673E+000                  1.0292662518677856E+001                  6.9999999999760365E-001                  2.8000000000239667E-001                  1.9999999999999685E-002                  0.0000000000000000E+000                  3.9872929362988365E+008                  1.1969665891760265E+007                  1.9118016211172946E-015                  0.0000000000000000E+000                  0.0000000000000000E+000                  6.2802077832422780E+000                  1.1885881794643457E+010                  4.7745541526705724E-007                 -9.9726765117160241E-020                 -3.1605335882783567E+000                  1.2143655325754974E+000                  1.4529261599353287E+000                  1.6034411577673193E+000 
                                     484                  2.9995640837893700E+000                  3.7277745854168953E-001                  5.8115982803460797E+000                 -3.6392418387905208E+000                  1.0307456787582945E+001                  6.9999999999760354E-001                  2.8000000000239661E-001                  1.9999999999999796E-002                  0.0000000000000000E+000                  3.9831508039731389E+008                  1.2010155273720296E+007                  2.1376914281502805E-015                  0.0000000000000000E+000                  0.0000000000000000E+000                  6.2345393957857507E+000                  1.1918987472784565E+010                  4.7702605675820536E-007                 -6.6384084156429678E-020                 -3.1607289488476242E+000                  1.2157014807230533E+000                  1.4542621080828844E+000                  1.6047771059148750E+000 
                                     485                  2.9995535798337212E+000                  3.7206436600710763E-001                  5.8144823904566625E+000                 -3.6274959004456924E+000                  1.0322019320896347E+001                  6.9999999999760354E-001                  2.8000000000239672E-001                  1.9999999999999796E-002                  0.0000000000000000E+000                  3.9789644956409889E+008                  1.2049758794777902E+007                  2.3839784336372318E-015                  0.0000000000000000E+000                  0.0000000000000000E+000                  6.1925172516979003E+000                  1.1984477885272585E+010                  4.7616441630484226E-007                 -2.9129816818739235E-020                 -3.1611215312398957E+000                  1.2183456391365193E+000                  1.4569062664963504E+000                  1.6074212643283410E+000 
                                     486                  2.9995482376967741E+000                  3.7171007225043529E-001                  5.8174042902822771E+000                 -3.6157321917077225E+000                  1.0336640070076200E+001                  6.9999999999760354E-001                  2.8000000000239672E-001                  1.9999999999999796E-002                  0.0000000000000000E+000                  3.9749646490945822E+008                  1.2090017171662815E+007                  2.6610874489018907E-015                  0.0000000000000000E+000                  0.0000000000000000E+000                  6.1486239799480709E+000                  1.2016880074867073E+010                  4.7572287892974956E-007                 -5.0258400442892050E-020                 -3.1613229807815273E+000                  1.2196538083154431E+000                  1.4582144356752742E+000                  1.6087294335072648E+000 
                                     487                  2.9995371803458104E+000                  3.7099369540686211E-001                  5.8212667986324051E+000                 -3.6000914549700673E+000                  1.0356056261088412E+001                  6.9999999999760343E-001                  2.8000000000239667E-001                  1.9999999999999907E-002                  0.0000000000000000E+000                  3.9696236971143723E+008                  1.2143422570230499E+007                  3.0771577908790282E-015                  0.0000000000000000E+000                  0.0000000000000000E+000                  6.0929498596815668E+000                  1.2082622621971107E+010                  4.7485817281872017E-007                 -7.5174288200615778E-020                 -3.1617180414608672E+000                  1.2222880813825856E+000                  1.4608487087424165E+000                  1.6113637065744073E+000 
                                     488                  2.9995257370542974E+000                  3.7027498605510872E-001                  5.8251153944000338E+000                 -3.5845098424101645E+000                  1.0375400600833043E+001                  6.9999999999760343E-001                  2.8000000000239672E-001                  1.9999999999999796E-002                  0.0000000000000000E+000                  3.9643884176553744E+008                  1.2196857379651852E+007                  3.5551935407030007E-015                  0.0000000000000000E+000                  0.0000000000000000E+000                  6.0387514811896077E+000                  1.2147709358666317E+010                  4.7389962553938099E-007                 -3.7329494852161418E-020                 -3.1621568172331700E+000                  1.2249173664853519E+000                  1.4634779938451830E+000                  1.6139929916771738E+000 
                                     489                  2.9995138945217428E+000                  3.6955383690879323E-001                  5.8289512620690216E+000                 -3.5689850237049847E+000                  1.0394676618038231E+001                  6.9999999999760343E-001                  2.8000000000239683E-001                  1.9999999999999796E-002                  0.0000000000000000E+000                  3.9592557328288972E+008                  1.2250339255286038E+007                  4.1041041961136805E-015                  0.0000000000000000E+000                  0.0000000000000000E+000                  5.9860479003837304E+000                  1.2212670311662809E+010                  4.7289373111317522E-007                  3.7990892864677471E-020                 -3.1626182215723260E+000                  1.2275420763571039E+000                  1.4661027037169350E+000                  1.6166177015489256E+000 
                                     490                  2.9995016389960676E+000                  3.6883014303997175E-001                  5.8327755366893737E+000                 -3.5535147885198985E+000                  1.0413887670840218E+001                  6.9999999999760332E-001                  2.8000000000239683E-001                  1.9999999999999796E-002                  0.0000000000000000E+000                  3.9542230627720600E+008                  1.2303885067880496E+007                  4.7340520478505159E-015                  0.0000000000000000E+000                  0.0000000000000000E+000                  5.9347551452955614E+000                  1.2277526998502028E+010                  4.7184220219880167E-007                  7.5475036544841629E-020                 -3.1631016089164041E+000                  1.2301629821712503E+000                  1.4687236095310816E+000                  1.6192386073630720E+000 
                                     491                  2.9994889562585554E+000                  3.6810380169205092E-001                  5.8365892674965698E+000                 -3.5380969961614879E+000                  1.0433036957285156E+001                  6.9999999999760332E-001                  2.8000000000239689E-001                  1.9999999999999796E-002                  0.0000000000000000E+000                  3.9492883406137490E+008                  1.2357510226810170E+007                  5.4566208425854598E-015                  0.0000000000000000E+000                  0.0000000000000000E+000                  5.8847712910946406E+000                  1.2342299618586172E+010                  4.7075209421168373E-007                  2.4822944337137540E-020                 -3.1636038696412512E+000                  1.2327808023078417E+000                  1.4713414296676728E+000                  1.6218564274996634E+000 
                                     492                  2.9994758316083110E+000                  3.6737471217697865E-001                  5.8403934168356511E+000                 -3.5227295646212164E+000                  1.0452127525045713E+001                  6.9999999999760332E-001                  2.8000000000239694E-001                  1.9999999999999796E-002                  0.0000000000000000E+000                  3.9444500253005940E+008                  1.2411228690502858E+007                  6.2850093464633134E-015                  0.0000000000000000E+000                  0.0000000000000000E+000                  5.8360011365135094E+000                  1.2407006410198727E+010                  4.6963089948875313E-007                 -8.8677565847859823E-020                 -3.1641216681502584E+000                  1.2353961916271272E+000                  1.4739568189869583E+000                  1.6244718168189489E+000 
                                     493                  2.9994622498462125E+000                  3.6664277579214488E-001                  5.8441888672232878E+000                 -3.5074104683832483E+000                  1.0471162280419467E+001                  6.9999999999760310E-001                  2.8000000000239711E-001                  1.9999999999999796E-002                  0.0000000000000000E+000                  3.9397055532019746E+008                  1.2465053900639651E+007                  7.2342516295147094E-015                  0.0000000000000000E+000                  0.0000000000000000E+000                  5.7883573068693925E+000                  1.2471663660074785E+010                  4.6848550557417725E-007                 -1.2601262413456000E-019                 -3.1646519205807695E+000                  1.2380097590570984E+000                  1.4765703864169295E+000                  1.6270853842489201E+000 
                                     494                  2.9994481952583394E+000                  3.6590789574232224E-001                  5.8479764288196234E+000                 -3.4921377368644837E+000                  1.0490143996670705E+001                  6.9999999999760310E-001                  2.8000000000239716E-001                  1.9999999999999796E-002                  0.0000000000000000E+000                  3.9350487664788884E+008                  1.2519000514120357E+007                  8.3214669888894310E-015                  0.0000000000000000E+000                  0.0000000000000000E+000                  5.7417612720678095E+000                  1.2536285831729385E+010                  4.6732243002512353E-007                  2.6056578928872001E-020                 -3.1651916868446142E+000                  1.2406221146884167E+000                  1.4791827420482477E+000                  1.6296977398802384E+000 
                                     495                  2.9994336515988640E+000                  3.6516997706560733E-001                  5.8517568478265787E+000                 -3.4769094582483482E+000                  1.0509075321761971E+001                  6.9999999999760298E-001                  2.8000000000239716E-001                  1.9999999999999796E-002                  0.0000000000000000E+000                  3.9304733854836756E+008                  1.2573082556669360E+007                  9.5661436100049468E-015                  0.0000000000000000E+000                  0.0000000000000000E+000                  5.6961459512992034E+000                  1.2600885769373688E+010                  4.6614761273447005E-007                  2.1522123568706390E-019                 -3.1657382677873214E+000                  1.2432338688185995E+000                  1.4817944961784306E+000                  1.6323094940104212E+000 
                                     496                  2.9994186020724043E+000                  3.6442892655462183E-001                  5.8555308301892470E+000                 -3.4617237984224962E+000                  1.0527958785521079E+001                  6.9999999999760287E-001                  2.8000000000239733E-001                  1.9999999999999796E-002                  0.0000000000000000E+000                  3.9259739540875804E+008                  1.2627313290509505E+007                  1.0990464759244344E-014                  0.0000000000000000E+000                  0.0000000000000000E+000                  5.6515012985234279E+000                  1.2665475191626587E+010                  4.6496390821162503E-007                  1.8916256854609956E-019                 -3.1662903784720822E+000                  1.2458455973300850E+000                  1.4844062246899163E+000                  1.6349212225219070E+000 
                                     497                  2.9994030293158178E+000                  3.6368465264661942E-001                  5.8592990805681531E+000                 -3.4465790364065616E+000                  1.0546796806306704E+001                  6.9999999999760276E-001                  2.8000000000239750E-001                  1.9999999999999796E-002                  0.0000000000000000E+000                  3.9215458975726730E+008                  1.2681705749605525E+007                  1.2619686994405257E-014                  0.0000000000000000E+000                  0.0000000000000000E+000                  5.6078750131264732E+000                  1.2730065647600056E+010                  4.6376882894738747E-007                  1.2144616022887708E-020                 -3.1668492223628966E+000                  1.2484578491641272E+000                  1.4870184765239582E+000                  1.6375334743559489E+000 
                                     498                  2.9993869153794095E+000                  3.6293706525198643E-001                  5.8630623239568038E+000                 -3.4314735806238077E+000                  1.0565591697235618E+001                  6.9999999999760254E-001                  2.8000000000239766E-001                  1.9999999999999796E-002                  0.0000000000000000E+000                  3.9171854040892494E+008                  1.2736273100456353E+007                  1.4482571407480032E-014                  0.0000000000000000E+000                  0.0000000000000000E+000                  5.5653190417202021E+000                  1.2794669446413324E+010                  4.6255691308521152E-007                 -8.8678174434086406E-020                 -3.1674174119833403E+000                  1.2510711623398592E+000                  1.4896317896996902E+000                  1.6401467875316809E+000 
                                     499                  2.9993702417075374E+000                  3.6218607555199134E-001                  5.8668213076526881E+000                 -3.4164059611249424E+000                  1.0584345672014756E+001                  6.9999999999760243E-001                  2.8000000000239778E-001                  1.9999999999999796E-002                  0.0000000000000000E+000                  3.9128881114329213E+008                  1.2791029198123066E+007                  1.6611872200602859E-014                  0.0000000000000000E+000                  0.0000000000000000E+000                  5.5238851839438530E+000                  1.2859299961612829E+010                  4.6132252950267553E-007                 -1.0130968387149019E-019                 -3.1679976676668531E+000                  1.2536860798432421E+000                  1.4922467072030732E+000                  1.6427617050350638E+000 
                                     500                  2.9993529891185822E+000                  3.6143159580631506E-001                  5.8705768012091468E+000                 -3.4013748266981545E+000                  1.0603060850409289E+001                  6.9999999999760221E-001                  2.8000000000239800E-001                  1.9999999999999796E-002                  0.0000000000000000E+000                  3.9086493345131218E+008                  1.2845988807338903E+007                  1.9044894015223254E-014                  0.0000000000000000E+000                  0.0000000000000000E+000                  5.4836235491422505E+000                  1.2923971648910131E+010                  4.6006025491765837E-007                 -6.3110736184411636E-020                 -3.1685926421325692E+000                  1.2563031628877381E+000                  1.4948637902475692E+000                  1.6453787880795598E+000 
                                     501                  2.9993351377842794E+000                  3.6067353916186318E-001                  5.8743295953889465E+000                 -3.3863789403660776E+000                  1.0621739263376776E+001                  6.9999999999760198E-001                  2.8000000000239822E-001                  1.9999999999999796E-002                  0.0000000000000000E+000                  3.9044644501305103E+008                  1.2901167460352821E+007                  2.1824128158602539E-014                  0.0000000000000000E+000                  0.0000000000000000E+000                  5.4445811793357652E+000                  1.2988700102589733E+010                  4.5876500168543769E-007                  2.3749902577298242E-022                 -3.1692048605059702E+000                  1.2589229920627090E+000                  1.4974836194225400E+000                  1.6479986172545307E+000 
                                     502                  2.9993166672083778E+000                  3.5991181946536210E-001                  5.8780881137683130E+000                 -3.3713874433563680E+000                  1.0640420073317461E+001                  6.9999999999760187E-001                  2.8000000000239844E-001                  1.9999999999999685E-002                  0.0000000000000000E+000                  3.9003213613808721E+008                  1.2956694154256366E+007                  2.5004824780918496E-014                  0.0000000000000000E+000                  0.0000000000000000E+000                  5.4067147897111001E+000                  1.3053505990614693E+010                  4.5743254315578810E-007                  4.1344035942376219E-024                 -3.1698364707935518E+000                  1.2615461594201960E+000                  1.5001067867800271E+000                  1.6506217846120177E+000 
                                     503                  2.9992974795610969E+000                  3.5914332580449282E-001                  5.8818652653239543E+000                 -3.3563511625393434E+000                  1.0659165157505875E+001                  6.9999999999760154E-001                  2.8000000000239861E-001                  1.9999999999999796E-002                  0.0000000000000000E+000                  3.8962027353108901E+008                  1.3012767032214897E+007                  2.8657545886221350E-014                  0.0000000000000000E+000                  0.0000000000000000E+000                  5.3699334684967175E+000                  1.3118665578882185E+010                  4.5605468228993959E-007                 -2.5258567332660183E-020                 -3.1704915405175833E+000                  1.2641836336678793E+000                  1.5027442610277104E+000                  1.6532592588597010E+000 
                                     504                  2.9992774936069879E+000                  3.5836595907943797E-001                  5.8856685921562599E+000                 -3.3412427151019988E+000                  1.0678009344954425E+001                  6.9999999999760143E-001                  2.8000000000239889E-001                  1.9999999999999685E-002                  0.0000000000000000E+000                  3.8920999157789767E+008                  1.3069506007751865E+007                  3.2862153722635536E-014                  0.0000000000000000E+000                  0.0000000000000000E+000                  5.3342022040764583E+000                  1.3184361578389940E+010                  4.5462567087906281E-007                  1.2168556511394760E-020                 -3.1711730225299464E+000                  1.2668427685138668E+000                  1.5054033958736979E+000                  1.6559183937056887E+000 
                                     505                  2.9992566502605076E+000                  3.5757871943293074E-001                  5.8895005415990767E+000                 -3.3260552857996402E+000                  1.0696961898626251E+001                  6.9999999999760099E-001                  2.8000000000239922E-001                  1.9999999999999796E-002                  0.0000000000000000E+000                  3.8880116756172526E+008                  1.3126955286925886E+007                  3.7707495226963904E-014                  0.0000000000000000E+000                  0.0000000000000000E+000                  5.2995416300546134E+000                  1.3250682718288111E+010                  4.5314158321381739E-007                  8.6548538862290831E-020                 -3.1718830411553269E+000                  1.2695270384659558E+000                  1.5080876658257869E+000                  1.6586026636577778E+000 
                                     506                  2.9992349126828177E+000                  3.5678156989651832E-001                  5.8933556892550616E+000                 -3.3108131049416500E+000                  1.0715993296811849E+001                  6.9999999999760065E-001                  2.8000000000239961E-001                  1.9999999999999796E-002                  0.0000000000000000E+000                  3.8839439948669583E+008                  1.3185041628763663E+007                  4.3285684623896400E-014                  0.0000000000000000E+000                  0.0000000000000000E+000                  5.2660484446692548E+000                  1.3317635201099178E+010                  4.5159979982158263E-007                  1.2329806895155818E-019                 -3.1726231296273006E+000                  1.2722366063549724E+000                  1.5107972337148035E+000                  1.6613122315467941E+000 
                                     507                  2.9992123072824808E+000                  3.5597674458904444E-001                  5.8972454354624118E+000                 -3.2954762868096696E+000                  1.0735154715759185E+001                  6.9999999999760021E-001                  2.8000000000240005E-001                  1.9999999999999796E-002                  0.0000000000000000E+000                  3.8798868764213043E+008                  1.3243946568019718E+007                  4.9729614832658803E-014                  0.0000000000000000E+000                  0.0000000000000000E+000                  5.2336526530074110E+000                  1.3385049447535299E+010                  4.5000295798301753E-007                  8.5937472108363840E-020                 -3.1733923157440169E+000                  1.2749639734805867E+000                  1.5135246008404177E+000                  1.6640395986724084E+000 
                                     508                  2.9991886039727227E+000                  3.5515753008113116E-001                  5.9011760600358665E+000                 -3.2800218413691939E+000                  1.0754475342485176E+001                  6.9999999999759976E-001                  2.8000000000240050E-001                  1.9999999999999796E-002                  0.0000000000000000E+000                  3.8758307896243995E+008                  1.3303777653992901E+007                  5.7191557732289706E-014                  0.0000000000000000E+000                  0.0000000000000000E+000                  5.2023921434040936E+000                  1.3453494568761072E+010                  4.4833470334591466E-007                  2.4484311065572267E-022                 -3.1741988216352328E+000                  1.2777319722224170E+000                  1.5162925995822483E+000                  1.6668075974142389E+000 
                                     509                  2.9991638650206607E+000                  3.5432770024067578E-001                  5.9051212708651102E+000                 -3.2645560617999707E+000                  1.0773823061095872E+001                  6.9999999999759910E-001                  2.8000000000240105E-001                  1.9999999999999796E-002                  0.0000000000000000E+000                  3.8718031892346078E+008                  1.3364143577808620E+007                  6.5778369485583831E-014                  0.0000000000000000E+000                  0.0000000000000000E+000                  5.1724624986034256E+000                  1.3522645179257217E+010                  4.4660140767610796E-007                 -3.6342567421822612E-020                 -3.1750399561887139E+000                  1.2805278952600492E+000                  1.5190885226198803E+000                  1.6696035204518709E+000 
                                     510                  2.9991382711251569E+000                  3.5349445475425328E-001                  5.9090829108247078E+000                 -3.2490773320849211E+000                  1.0793201381321566E+001                  6.9999999999759854E-001                  2.8000000000240166E-001                  1.9999999999999796E-002                  0.0000000000000000E+000                  3.8678096845246571E+008                  1.3425075677469712E+007                  7.5664142606624193E-014                  0.0000000000000000E+000                  0.0000000000000000E+000                  5.1436465957506483E+000                  1.3591927589972290E+010                  4.4482987802322885E-007                  4.7715647415141983E-020                 -3.1759030250286107E+000                  1.2833275694373178E+000                  1.5218881967971489E+000                  1.6724031946291396E+000 
                                     511                  2.9991115565859459E+000                  3.5265030087904758E-001                  5.9130781388081433E+000                 -3.2335195399904531E+000                  1.0812693300531627E+001                  6.9999999999759788E-001                  2.8000000000240233E-001                  1.9999999999999796E-002                  0.0000000000000000E+000                  3.8638346637612438E+008                  1.3486843158168301E+007                  8.7098982240310341E-014                  0.0000000000000000E+000                  0.0000000000000000E+000                  5.1156666776946720E+000                  1.3661982062903267E+010                  4.4302267088936014E-007                  1.1970568442807639E-019                 -3.1767870244841503E+000                  1.2861561610911996E+000                  1.5247167884510309E+000                  1.6752317862830215E+000 
                                     512                  2.9990836735952380E+000                  3.5179522565978205E-001                  5.9171062680678448E+000                 -3.2178873792308962E+000                  1.0832293466290398E+001                  6.9999999999759721E-001                  2.8000000000240305E-001                  1.9999999999999796E-002                  0.0000000000000000E+000                  3.8598808772301161E+008                  1.3549443376319453E+007                  1.0033125259155734E-013                  0.0000000000000000E+000                  0.0000000000000000E+000                  5.0883650550386799E+000                  1.3732800274813099E+010                  4.4119681350042197E-007                  4.8231427375101484E-020                 -3.1776838164343513E+000                  1.2890135520199564E+000                  1.5275741793797875E+000                  1.6780891772117781E+000 
                                     513                  2.9990545784388885E+000                  3.5092939123401634E-001                  5.9211661521030479E+000                 -3.2021866534265877E+000                  1.0851994949648843E+001                  6.9999999999759643E-001                  2.8000000000240388E-001                  1.9999999999999685E-002                  0.0000000000000000E+000                  3.8559497913977826E+008                  1.3612866974581340E+007                  1.1564785882817421E-013                  0.0000000000000000E+000                  0.0000000000000000E+000                  5.0615836139216404E+000                  1.3804365026068634E+010                  4.3937062141516094E-007                 -3.5269923917193331E-020                 -3.1785844928063396E+000                  1.2918989866265982E+000                  1.5304596139864293E+000                  1.6809746118184201E+000 
                                     514                  2.9990242252752597E+000                  3.5005293383190128E-001                  5.9252565794863914E+000                 -3.1864226727082321E+000                  1.0871791237651218E+001                  6.9999999999759543E-001                  2.8000000000240488E-001                  1.9999999999999685E-002                  0.0000000000000000E+000                  3.8520430987345189E+008                  1.3677102611688074E+007                  1.3338135129697712E-013                  0.0000000000000000E+000                  0.0000000000000000E+000                  5.0351603953822037E+000                  1.3876656852556520E+010                  4.3756249033791431E-007                  1.1419637694811355E-020                 -3.1794799572969508E+000                  1.2948117321777313E+000                  1.5333723595375623E+000                  1.6838873573695530E+000 
                                     515                  2.9989925669392754E+000                  3.4916599016122918E-001                  5.9293595894800450E+000                 -3.1706630753790912E+000                  1.0891596936284516E+001                  6.9999999999759432E-001                  2.8000000000240594E-001                  1.9999999999999796E-002                  0.0000000000000000E+000                  3.8481791408837432E+008                  1.3741871376759470E+007                  1.5382834779046709E-013                  0.0000000000000000E+000                  0.0000000000000000E+000                  5.0091462908717403E+000                  1.3949642308892927E+010                  4.3578504175757073E-007                  1.1698617636337937E-019                 -3.1803638404565802E+000                  1.2977509646749810E+000                  1.5363115920348120E+000                  1.6868265898668027E+000 
                                     516                  2.9989598177702610E+000                  3.4827573513310761E-001                  5.9334752342203334E+000                 -3.1549100798549765E+000                  1.0911409897095556E+001                  6.9999999999759310E-001                  2.8000000000240716E-001                  1.9999999999999796E-002                  0.0000000000000000E+000                  3.8443635970684665E+008                  1.3807175191837426E+007                  1.7740212269059405E-013                  0.0000000000000000E+000                  0.0000000000000000E+000                  4.9837515732528015E+000                  1.4022729719964090E+010                  4.3404396563832501E-007                  1.7518274775791241E-019                 -3.1812331386227322E+000                  1.3006925783093062E+000                  1.5392532056691373E+000                  1.6897682035011281E+000 
                                     517                  2.9989256788531367E+000                  3.4737520747781908E-001                  5.9376185410719042E+000                 -3.1391059551042919E+000                  1.0931302648263255E+001                  6.9999999999759166E-001                  2.8000000000240854E-001                  1.9999999999999796E-002                  0.0000000000000000E+000                  3.8405850393118519E+008                  1.3873255395842228E+007                  2.0468544079349605E-013                  0.0000000000000000E+000                  0.0000000000000000E+000                  4.9592109099960364E+000                  1.4096494256780800E+010                  4.3229648479844134E-007                  1.8608325094071851E-019                 -3.1821091479500909E+000                  1.3036593350108630E+000                  1.5422199623706940E+000                  1.6927349602026847E+000 
                                     518                  2.9988900989174239E+000                  3.4646452885707996E-001                  5.9417888583072278E+000                 -3.1232558717621854E+000                  1.0951269401752294E+001                  6.9999999999758999E-001                  2.8000000000241021E-001                  1.9999999999999796E-002                  0.0000000000000000E+000                  3.8368492693418348E+008                  1.3940106634775333E+007                  2.3626845595881887E-013                  0.0000000000000000E+000                  0.0000000000000000E+000                  4.9358486931496168E+000                  1.4170916419067768E+010                  4.3050887542556185E-007                  1.5065743495968090E-019                 -3.1830089453239636E+000                  1.3066506329197884E+000                  1.5452112602796195E+000                  1.6957262581116102E+000 
                                     519                  2.9988530255587142E+000                  3.4554382728128036E-001                  5.9459858257539180E+000                 -3.1073651302650083E+000                  1.0971304549825041E+001                  6.9999999999758811E-001                  2.8000000000241204E-001                  1.9999999999999796E-002                  0.0000000000000000E+000                  3.8331631012583101E+008                  1.4007728393706465E+007                  2.7283703743800662E-013                  0.0000000000000000E+000                  0.0000000000000000E+000                  4.9139930424166769E+000                  1.4245995261501114E+010                  4.2864797165000198E-007                  6.9398478406658223E-020                 -3.1839496135007539E+000                  1.3096659873565992E+000                  1.5482266147164303E+000                  1.6987416125484209E+000 
                                     520                  2.9988144044412008E+000                  3.4461321667019623E-001                  5.9502094076863381E+000                 -3.0914390564724301E+000                  1.0991402802210922E+001                  6.9999999999758622E-001                  2.8000000000241410E-001                  1.9999999999999685E-002                  0.0000000000000000E+000                  3.8295348074341148E+008                  1.4076125341801053E+007                  3.1518928729210295E-013                  0.0000000000000000E+000                  0.0000000000000000E+000                  4.8939772974228326E+000                  1.4321740589150827E+010                  4.2668019119564752E-007                  3.4326983561028852E-020                 -3.1849487594868142E+000                  1.3127051006958446E+000                  1.5512657280556756E+000                  1.7017807258876663E+000 
                                     521                  2.9987741794941689E+000                  3.4367280265624472E-001                  5.9544598041801153E+000                 -3.0754830516624447E+000                  1.1011559040086430E+001                  6.9999999999758378E-001                  2.8000000000241654E-001                  1.9999999999999685E-002                  0.0000000000000000E+000                  3.8259735590747046E+008                  1.4145305780977463E+007                  3.6425404562923737E-013                  0.0000000000000000E+000                  0.0000000000000000E+000                  4.8759894031681226E+000                  1.4398171585699141E+010                  4.2457934466031799E-007                  4.5532830987780144E-020                 -3.1860205688135128E+000                  1.3157678199607599E+000                  1.5543284473205909E+000                  1.7048434451525816E+000 
                                     522                  2.9987322931579969E+000                  3.4272268857007593E-001                  5.9587230909409978E+000                 -3.0595536573425024E+000                  1.1031703010018463E+001                  6.9999999999758122E-001                  2.8000000000241909E-001                  1.9999999999999685E-002                  0.0000000000000000E+000                  3.8224983691631061E+008                  1.4215046087696256E+007                  4.2091099447902949E-013                  0.0000000000000000E+000                  0.0000000000000000E+000                  4.8597508037178550E+000                  1.4475301599895908E+010                  4.2235466725799762E-007                  5.6936767108819459E-020                 -3.1871613511275574E+000                  1.3188540333570007E+000                  1.5574146607168318E+000                  1.7079296585488224E+000 
                                     523                  2.9986889688016429E+000                  3.4176909863557647E-001                  5.9630001121061342E+000                 -3.0436530491973741E+000                  1.1051833433614295E+001                  6.9999999999757778E-001                  2.8000000000242237E-001                  1.9999999999999796E-002                  0.0000000000000000E+000                  3.8191167836224025E+008                  1.4285361512794200E+007                  4.8633463877263197E-013                  0.0000000000000000E+000                  0.0000000000000000E+000                  4.8447631362649686E+000                  1.4552657374515535E+010                  4.2006647856110688E-007                  1.5941640177482789E-019                 -3.1883409869586816E+000                  1.3219436850204420E+000                  1.5605043123802731E+000                  1.7110193102122637E+000 
                                     524                  2.9986438771294832E+000                  3.4080593431305151E-001                  5.9673037916719691E+000                 -3.0277335756991226E+000                  1.1072010726365015E+001                  6.9999999999757445E-001                  2.8000000000242570E-001                  1.9999999999999796E-002                  0.0000000000000000E+000                  3.8158203682544303E+008                  1.4356468832558660E+007                  5.6211685855257390E-013                  0.0000000000000000E+000                  0.0000000000000000E+000                  4.8305261639866650E+000                  1.4630751619071989E+010                  4.1775216261167320E-007                  2.5026942823438216E-019                 -3.1895406465905527E+000                  1.3250565246041450E+000                  1.5636171519639761E+000                  1.7141321497959667E+000 
                                     525                  2.9985969558637557E+000                  3.3983328115297745E-001                  5.9716331756035324E+000                 -3.0117986155867515E+000                  1.1092230542428380E+001                  6.9999999999757057E-001                  2.8000000000242953E-001                  1.9999999999999907E-002                  0.0000000000000000E+000                  3.8126106500924271E+008                  1.4428358656829180E+007                  6.4990255554685897E-013                  0.0000000000000000E+000                  0.0000000000000000E+000                  4.8165745318851405E+000                  1.4709562697922651E+010                  4.1546263079123793E-007                  1.7038532870938185E-019                 -3.1907340165909752E+000                  1.3281920207180973E+000                  1.5667526480779284E+000                  1.7172676459099190E+000 
                                     526                  2.9985481405062662E+000                  3.3885121246558464E-001                  5.9759869322041137E+000                 -2.9958508962105252E+000                  1.1112488779606467E+001                  6.9999999999756624E-001                  2.8000000000243397E-001                  1.9999999999999796E-002                  0.0000000000000000E+000                  3.8094879274845493E+008                  1.4501014418430675E+007                  7.5158927680346701E-013                  0.0000000000000000E+000                  0.0000000000000000E+000                  4.8024367306620697E+000                  1.4789063502442030E+010                  4.1324953080788744E-007                  1.1302855770987364E-019                 -3.1918938154211021E+000                  1.3313494694656023E+000                  1.5699100968254334E+000                  1.7204250946574240E+000 
                                     527                  2.9984973647642224E+000                  3.3785980050369357E-001                  5.9803633913971233E+000                 -2.9798926238791683E+000                  1.1132781493231221E+001                  6.9999999999756113E-001                  2.8000000000243896E-001                  1.9999999999999907E-002                  0.0000000000000000E+000                  3.8064516042738807E+008                  1.4574412883666025E+007                  8.6936300595967491E-013                  0.0000000000000000E+000                  0.0000000000000000E+000                  4.7877682192231914E+000                  1.4869212528033943E+010                  4.1115727862047335E-007                  1.8036792156968334E-019                 -3.1929960085619169E+000                  1.3345279636082490E+000                  1.5730885909680801E+000                  1.7236035888000707E+000 
                                     528                  2.9984445604081231E+000                  3.3685911528618656E-001                  5.9847607364639890E+000                 -2.9639256762112907E+000                  1.1153104909783751E+001                  6.9999999999755524E-001                  2.8000000000244490E-001                  1.9999999999999796E-002                  0.0000000000000000E+000                  3.8034999657026333E+008                  1.4648528202521052E+007                  1.0057419258036872E-012                  0.0000000000000000E+000                  0.0000000000000000E+000                  4.7725081907149169E+000                  1.4949958276356152E+010                  4.0920707500869620E-007                  2.3657256591535198E-019                 -3.1940284330680693E+000                  1.3377264739917651E+000                  1.5762871013515962E+000                  1.7268020991835868E+000 
                                     529                  2.9983896572501774E+000                  3.3584922555313029E-001                  5.9891656537531643E+000                 -2.9479924460536933E+000                  1.1173403333425837E+001                  6.9999999999754869E-001                  2.8000000000245145E-001                  1.9999999999999796E-002                  0.0000000000000000E+000                  3.8006351354760933E+008                  1.4723141001751598E+007                  1.1631883954331882E-012                  0.0000000000000000E+000                  0.0000000000000000E+000                  4.7566979077479852E+000                  1.5031238126959471E+010                  4.0740056643031423E-007                  2.7020770958481116E-019                 -3.1949891857565516E+000                  1.3409439850849671E+000                  1.5795046124447982E+000                  1.7300196102767889E+000 
                                     530                  2.9983328764462009E+000                  3.3483535953746552E-001                  5.9935773415348521E+000                 -2.9320924483295183E+000                  1.1193676385158316E+001                  6.9999999999754114E-001                  2.8000000000245906E-001                  1.9999999999999796E-002                  0.0000000000000000E+000                  3.7978532644860101E+008                  1.4798241242228953E+007                  1.3448793300464969E-012                  0.0000000000000000E+000                  0.0000000000000000E+000                  4.7403253212928576E+000                  1.5112590611126326E+010                  4.0574486066371742E-007                  2.9253706562785635E-019                 -3.1958734862123852E+000                  1.3441631588435414E+000                  1.5827237862033725E+000                  1.7332387840353631E+000 
                                     531                  2.9982738632579293E+000                  3.3381234119689918E-001                  5.9980052299105839E+000                 -2.9161860273715883E+000                  1.1213972963792157E+001                  6.9999999999753282E-001                  2.8000000000246744E-001                  1.9999999999999796E-002                  0.0000000000000000E+000                  3.7951426272404385E+008                  1.4873993488298574E+007                  1.5549842766778567E-012                  0.0000000000000000E+000                  0.0000000000000000E+000                  4.7233799241664629E+000                  1.5194390943353315E+010                  4.0422763177740091E-007                  2.9245296951196883E-019                 -3.1966870013748698E+000                  1.3473997756593039E+000                  1.5859604030191350E+000                  1.7364754008511256E+000 
                                     532                  2.9982125416807661E+000                  3.3278023614145330E-001                  6.0024373369427915E+000                 -2.9003109258038298E+000                  1.1234243350343721E+001                  6.9999999999752305E-001                  2.8000000000247710E-001                  1.9999999999999796E-002                  0.0000000000000000E+000                  3.7925057573081309E+008                  1.4950196148176923E+007                  1.7972654857806886E-012                  2.5229516785712696E-038                  0.0000000000000000E+000                  4.7059453994085523E+000                  1.5276571480709787E+010                  4.0284287142196774E-007                  3.1518885362562523E-019                 -3.1974321585437817E+000                  1.3506529222456742E+000                  1.5892135496055053E+000                  1.7397285474374959E+000 
                                     533                  2.9981491265857025E+000                  3.3174382780459427E-001                  6.0068631106652530E+000                 -2.8845013863337461E+000                  1.1254442769669723E+001                  6.9999999999751206E-001                  2.8000000000248809E-001                  1.9999999999999796E-002                  0.0000000000000000E+000                  3.7899439261853290E+008                  1.5026669823266044E+007                  2.0758528173555804E-012                  4.1318399626617152E-038                  0.0000000000000000E+000                  4.6881402838605961E+000                  1.5358708086012356E+010                  4.0158735639011736E-007                  3.4955732417440771E-019                 -3.1981099845057748E+000                  1.3539069443460865E+000                  1.5924675717059178E+000                  1.7429825695379084E+000 
                                     534                  2.9980835477765022E+000                  3.3070292977038068E-001                  6.0112825567053614E+000                 -2.8687534699574262E+000                  1.1274575093372258E+001                  6.9999999999749962E-001                  2.8000000000250058E-001                  1.9999999999999796E-002                  0.0000000000000000E+000                  3.7874502413159174E+008                  1.5103416510439878E+007                  2.3959860240116499E-012                  6.7507390569074788E-038                  0.0000000000000000E+000                  4.6700825358046414E+000                  1.5440785197466845E+010                  4.0044652628499510E-007                  3.7306666172358628E-019                 -3.1987277346585996E+000                  1.3571620316730080E+000                  1.5957226590328391E+000                  1.7462376568648297E+000 
                                     535                  2.9980157327604422E+000                  3.2965736171681415E-001                  6.0156957861009461E+000                 -2.8530635373242421E+000                  1.1294644010409552E+001                  6.9999999999748586E-001                  2.8000000000251452E-001                  1.9999999999999574E-002                  0.0000000000000000E+000                  3.7850189015480566E+008                  1.5180439821869636E+007                  2.7636402171260357E-012                  1.1003891310745148E-037                  0.0000000000000000E+000                  4.6518760767133172E+000                  1.5522784308691597E+010                  3.9940471400488695E-007                  4.5371255871631020E-019                 -3.1992934068205039E+000                  1.3604184394689418E+000                  1.5989790668287731E+000                  1.7494940646607635E+000 
                                     536                  2.9979456066758638E+000                  3.2860694879036578E-001                  6.0201029988231589E+000                 -2.8374282196481064E+000                  1.1314653038074439E+001                  6.9999999999746987E-001                  2.8000000000253039E-001                  1.9999999999999796E-002                  0.0000000000000000E+000                  3.7826452405718786E+008                  1.5257744665287035E+007                  3.1856272796997281E-012                  1.7895582146306464E-037                  0.0000000000000000E+000                  4.6336109539997627E+000                  1.5604690902803772E+010                  3.9844811961207112E-007                  6.3686040184485306E-019                 -3.1998141091954069E+000                  1.3636764577583076E+000                  1.6022370851181387E+000                  1.7527520829501293E+000 
                                     537                  2.9978730922175929E+000                  3.2755152104343116E-001                  6.0245044686829798E+000                 -2.8218443915026699E+000                  1.1334605532171640E+001                  6.9999999999745188E-001                  2.8000000000254838E-001                  1.9999999999999796E-002                  0.0000000000000000E+000                  3.7803251921787918E+008                  1.5335337256810481E+007                  3.6697110730408582E-012                  2.9038234744868512E-037                  0.0000000000000000E+000                  4.6153648463055053E+000                  1.5686493891493193E+010                  3.9756471126940027E-007                  8.0880201822705287E-019                 -3.2002960857554763E+000                  1.3669364064434366E+000                  1.6054970338032679E+000                  1.7560120316352585E+000 
                                     538                  2.9977981095603292E+000                  3.2649091293295818E-001                  6.0289005301250604E+000                 -2.8063091457751854E+000                  1.1354504696457044E+001                  6.9999999999743157E-001                  2.8000000000256864E-001                  1.9999999999999796E-002                  0.0000000000000000E+000                  3.7780539576058602E+008                  1.5413225753584309E+007                  4.2247383323447365E-012                  4.7015597022836723E-037                  0.0000000000000000E+000                  4.5972044255222446E+000                  1.5768185082437153E+010                  3.9674415066526265E-007                  8.9029592618010481E-019                 -3.2007447337390151E+000                  1.3701986438758704E+000                  1.6087592712357015E+000                  1.7592742690676921E+000 
                                     539                  2.9977205762798391E+000                  3.2542496287339912E-001                  6.0332915666938796E+000                 -2.7908197738716480E+000                  1.1374353591425390E+001                  6.9999999999740870E-001                  2.8000000000259156E-001                  1.9999999999999796E-002                  0.0000000000000000E+000                  3.7758268982313263E+008                  1.5491419526950816E+007                  4.8607873339412905E-012                  7.5960061573456810E-037                  0.0000000000000000E+000                  4.5791865568106207E+000                  1.5849758740821026E+010                  3.9597764878125234E-007                  9.9547074333391836E-019                 -3.2011646637101223E+000                  1.3734635651899174E+000                  1.6120241925497483E+000                  1.7625391903817391E+000 
                                     540                  2.9976404072718235E+000                  3.2435351283083969E-001                  6.0376780009765749E+000                 -2.7753737469437745E+000                  1.1394155142505474E+001                  6.9999999999738260E-001                  2.8000000000261765E-001                  1.9999999999999796E-002                  0.0000000000000000E+000                  3.7736398819811994E+008                  1.5569928769648332E+007                  5.5893367513038938E-012                  1.2246888893223466E-036                  0.0000000000000000E+000                  4.5613593889371113E+000                  1.5931211229789377E+010                  3.9525771954968245E-007                  1.1464940131091683E-018                 -3.2015598196794182E+000                  1.3767315859114611E+000                  1.6152922132712921E+000                  1.7658072111032830E+000 
                                     541                  2.9975575146684168E+000                  3.2327640795638662E-001                  6.0420602858605834E+000                 -2.7599686985938110E+000                  1.1413912147708148E+001                  6.9999999999735329E-001                  2.8000000000264691E-001                  1.9999999999999796E-002                  0.0000000000000000E+000                  3.7714892963957375E+008                  1.5648764302699460E+007                  6.4234574135042577E-012                  1.9705603501893472E-036                  0.0000000000000000E+000                  4.5437633398342232E+000                  1.6012540665562395E+010                  3.9457800761320320E-007                  1.2173678983205598E-018                 -3.2019335622261496E+000                  1.3800031334784286E+000                  1.6185637608382597E+000                  1.7690787586702503E+000 
                                     542                  2.9974718077522522E+000                  3.2219349625572552E-001                  6.0464388969635090E+000                 -2.7446024079251918E+000                  1.1433627284770317E+001                  6.9999999999731977E-001                  2.8000000000268027E-001                  2.0000000000000018E-002                  0.0000000000000000E+000                  3.7693721836381900E+008                  1.5727937053416779E+007                  7.3780300635529374E-012                  3.1644927676123380E-036                  0.0000000000000000E+000                  4.5264319968134181E+000                  1.6093746577123320E+010                  3.9393311865705798E-007                  1.2428509732542372E-018                 -3.2022887528736992E+000                  1.3832786373173098E+000                  1.6218392646771409E+000                  1.7723542625091315E+000 
                                     543                  2.9973831928680239E+000                  3.2110462829450892E-001                  6.0508143260689824E+000                 -2.7292727856053949E+000                  1.1453303117834047E+001                  6.9999999999728246E-001                  2.8000000000271758E-001                  2.0000000000000018E-002                  0.0000000000000000E+000                  3.7672859742241073E+008                  1.5807458104232581E+007                  8.4699925659311624E-012                  5.0721964500279444E-036                  0.0000000000000000E+000                  4.5093928463801145E+000                  1.6174829601290255E+010                  3.9331848715917263E-007                  1.3839308467310130E-018                 -3.2026278199777845E+000                  1.3865585223119754E+000                  1.6251191496718065E+000                  1.7756341475037971E+000 
                                     544                  2.9972915733314762E+000                  3.2000965693272365E-001                  6.0551870676370294E+000                 -2.7139778547550280E+000                  1.1472942103696610E+001                  6.9999999999724039E-001                  2.8000000000275971E-001                  1.9999999999999907E-002                  0.0000000000000000E+000                  3.7652280605587018E+008                  1.5887338969462788E+007                  9.7186188952876205E-012                  8.1150742395000884E-036                  0.0000000000000000E+000                  4.4926513249625222E+000                  1.6255791112273869E+010                  3.9273132327101325E-007                  1.6290384959445682E-018                 -3.2029522295516379E+000                  1.3898432134699770E+000                  1.6284038408298080E+000                  1.7789188386617987E+000 
                                     545                  2.9971968493357561E+000                  3.1890843710171624E-001                  6.0595575895508373E+000                 -2.6987157139705982E+000                  1.1492546597646555E+001                  6.9999999999719253E-001                  2.8000000000280761E-001                  1.9999999999999796E-002                  0.0000000000000000E+000                  3.7631957572951227E+008                  1.5967591055210672E+007                  1.1145830816460935E-011                  1.2960410304119630E-035                  0.0000000000000000E+000                  4.4761730433223228E+000                  1.6336632393169765E+010                  3.9217267249321077E-007                  1.8515926236148864E-018                 -3.2032613361333198E+000                  1.3931331326207328E+000                  1.6316937599805639E+000                  1.7822087578125545E+000 
                                     546                  2.9970989178551917E+000                  3.1780082567260975E-001                  6.0639263140707689E+000                 -2.6834845113191217E+000                  1.1512118858866994E+001                  6.9999999999713858E-001                  2.8000000000286168E-001                  1.9999999999999796E-002                  0.0000000000000000E+000                  3.7611864609047300E+008                  1.6048225034209268E+007                  1.2776549739992504E-011                  2.0663214199903532E-035                  0.0000000000000000E+000                  4.4599224083524254E+000                  1.6417353643512823E+010                  3.9164615404653188E-007                  2.0750892479640660E-018                 -3.2035530669296004E+000                  1.3964286827250976E+000                  1.6349893100849286E+000                  1.7855043079169193E+000 
                                     547                  2.9969976725467093E+000                  3.1668668139402334E-001                  6.0682936207177898E+000                 -2.6682824410050885E+000                  1.1531661055453926E+001                  6.9999999999707752E-001                  2.8000000000292263E-001                  1.9999999999999796E-002                  0.0000000000000000E+000                  3.7591986761110747E+008                  1.6129249847336859E+007                  1.4639098104342967E-011                  3.2889011293846308E-035                  0.0000000000000000E+000                  4.4438682309883131E+000                  1.6497953586398668E+010                  3.9115509328300118E-007                  2.3456034161022086E-018                 -3.2038255051871820E+000                  1.3997302264642804E+000                  1.6382908538241114E+000                  1.7888058516561021E+000 
                                     548                  2.9968930036483661E+000                  3.1556586483742505E-001                  6.0726598515830483E+000                 -2.6531077451752600E+000                  1.1551175269120280E+001                  6.9999999999700890E-001                  2.8000000000299130E-001                  1.9999999999999796E-002                  0.0000000000000000E+000                  3.7572310588358998E+008                  1.6210673671081211E+007                  1.6765654018367050E-011                  5.2263277903537173E-035                  0.0000000000000000E+000                  4.4279832864151123E+000                  1.6578429583034554E+010                  3.9070218632838399E-007                  2.6634681336313305E-018                 -3.2040770792510629E+000                  1.4030380863412075E+000                  1.6415987137010386E+000                  1.7921137115330292E+000 
                                     549                  2.9967847978749691E+000                  3.1443823833746098E-001                  6.0770253160701992E+000                 -2.6379587150066066E+000                  1.1570663499600595E+001                  6.9999999999693119E-001                  2.8000000000306907E-001                  1.9999999999999796E-002                  0.0000000000000000E+000                  3.7552820063141018E+008                  1.6292504429902613E+007                  1.9192765578328964E-011                  8.2918756077219419E-035                  0.0000000000000000E+000                  4.4122439255717962E+000                  1.6658777824456480E+010                  3.9028968570504074E-007                  3.0755022825375622E-018                 -3.2043064628945723E+000                  1.4063525655249931E+000                  1.6449131928848242E+000                  1.7954281907168148E+000 
                                     550                  2.9966729383107746E+000                  3.1330366592938935E-001                  6.0813902951373953E+000                 -2.6228336910354035E+000                  1.1590127668774246E+001                  6.9999999999684348E-001                  2.8000000000315672E-001                  1.9999999999999796E-002                  0.0000000000000000E+000                  3.7533497214351022E+008                  1.6374749854773322E+007                  2.1961932590924548E-011                  1.3135154808160135E-034                  0.0000000000000000E+000                  4.3966297330335076E+000                  1.6738993490077190E+010                  3.8991949105593514E-007                  3.5234687315504832E-018                 -3.2045125275118451E+000                  1.4096739559996199E+000                  1.6482345833594509E+000                  1.7987495811914418E+000 
                                     551                  2.9965573042991926E+000                  3.1216201328529480E-001                  6.0857550450984146E+000                 -2.6077310630015695E+000                  1.1609569624529287E+001                  6.9999999999674467E-001                  2.8000000000325564E-001                  1.9999999999999685E-002                  0.0000000000000000E+000                  3.7514328150123990E+008                  1.6457416994729660E+007                  2.5120264413769672E-011                  2.0775842130845109E-034                  0.0000000000000000E+000                  4.3811232240858953E+000                  1.6819070877134001E+010                  3.8959313659149214E-007                  3.9962438574026336E-018                 -3.2046943513159838E+000                  1.4130025332567078E+000                  1.6515631606165391E+000                  1.8020781584485297E+000 
                                     552                  2.9964377713294277E+000                  3.1101314765007698E-001                  6.0901198010333237E+000                 -2.5926492694964787E+000                  1.1628991144387044E+001                  6.9999999999663309E-001                  2.8000000000336711E-001                  1.9999999999999796E-002                  0.0000000000000000E+000                  3.7495307238228321E+008                  1.6540511880095216E+007                  2.8721223724427261E-011                  3.2812305251533110E-034                  0.0000000000000000E+000                  4.3657095743931640E+000                  1.6899003511697739E+010                  3.8931173629756774E-007                  4.5522267784080344E-018                 -3.2048512518624150E+000                  1.4163385457970612E+000                  1.6548991731568923E+000                  1.8054141709888829E+000 
                                     553                  2.9963142109199850E+000                  3.0985693777753032E-001                  6.0944847798463178E+000                 -2.5775867980891047E+000                  1.1648393938892241E+001                  6.9999999999650719E-001                  2.8000000000349307E-001                  1.9999999999999796E-002                  0.0000000000000000E+000                  3.7476427907510883E+008                  1.6624040349141894E+007                  3.2825467253987363E-011                  5.1746644775563205E-034                  0.0000000000000000E+000                  4.3503763730279683E+000                  1.6978784259873127E+010                  3.8907605563054421E-007                  5.1213149857457043E-018                 -3.2049827477791921E+000                  1.4196822219592093E+000                  1.6582428493190404E+000                  1.8087578471510311E+000 
                                     554                  2.9961864904991411E+000                  3.0869325386663327E-001                  6.0988501829947390E+000                 -2.5625421850985188E+000                  1.1667779654729401E+001                  6.9999999999636497E-001                  2.8000000000363529E-001                  1.9999999999999796E-002                  0.0000000000000000E+000                  3.7457682219300157E+008                  1.6708008179822540E+007                  3.7501796000507058E-011                  8.1490476091146752E-034                  0.0000000000000000E+000                  4.3351134038104133E+000                  1.7058405435343956E+010                  3.8888662878536046E-007                  5.7273539217640905E-018                 -3.2050884945416800E+000                  1.4230337830610029E+000                  1.6615944104208340E+000                  1.8121094082528246E+000 
                                     555                  2.9960544732829364E+000                  3.0752196750420485E-001                  6.1032161999415031E+000                 -2.5475140163481074E+000                  1.1687149877621556E+001                  6.9999999999620488E-001                  2.8000000000379538E-001                  1.9999999999999796E-002                  0.0000000000000000E+000                  3.7439061588297427E+008                  1.6792421109481670E+007                  4.2828229851689180E-011                  1.2815097928908363E-033                  0.0000000000000000E+000                  4.3199145204979583E+000                  1.7137858913110910E+010                  3.8874366162416319E-007                  6.4407954711847411E-018                 -3.2051683394894228E+000                  1.4263934455530283E+000                  1.6649540729128594E+000                  1.8154690707448500E+000 
                                     556                  2.9959180181496361E+000                  3.0634295160139857E-001                  6.1075830202144026E+000                 -2.5325009373093965E+000                  1.1706506135105986E+001                  6.9999999999602391E-001                  2.8000000000397612E-001                  2.0000000000000018E-002                  0.0000000000000000E+000                  3.7420562449710977E+008                  1.6877284642075829E+007                  4.8893230940539249E-011                  2.0125118501284237E-033                  0.0000000000000000E+000                  4.3047934868659086E+000                  1.7217136445652382E+010                  3.8864587528464997E-007                  7.2739057945690166E-018                 -3.2052229685600029E+000                  1.4297614189564920E+000                  1.6683220463163231E+000                  1.8188370441483137E+000 
                                     557                  2.9957769795105156E+000                  3.0515608029783181E-001                  6.1119508475817996E+000                 -2.5175016651889255E+000                  1.1725849899181837E+001                  6.9999999999581997E-001                  2.8000000000418029E-001                  1.9999999999999796E-002                  0.0000000000000000E+000                  3.7402184348453653E+008                  1.6962604474372491E+007                  5.5797095070409395E-011                  3.1562240543155397E-033                  0.0000000000000000E+000                  4.2897724347526367E+000                  1.7296230206199219E+010                  3.8859018222482582E-007                  8.2625508668107588E-018                 -3.2052540880485672E+000                  1.4331379089404053E+000                  1.6716985363002363E+000                  1.8222135341322270E+000 
                                     558                  2.9956312071771594E+000                  3.0396122882885834E-001                  6.1163199028001554E+000                 -2.5025149890996929E+000                  1.1745182588825045E+001                  6.9999999999558993E-001                  2.8000000000441028E-001                  1.9999999999999796E-002                  0.0000000000000000E+000                  3.7383926867432028E+008                  1.7048386789909247E+007                  6.3653520535861001E-011                  4.9433572758006433E-033                  0.0000000000000000E+000                  4.2748711384957776E+000                  1.7375133139004429E+010                  3.8857316273690313E-007                  9.3482427679923746E-018                 -3.2052635988801557E+000                  1.4365231267207039E+000                  1.6750837540805350E+000                  1.8255987519125259E+000 
                                     559                  2.9954805462252025E+000                  3.0275827338728312E-001                  6.1206904209127773E+000                 -2.4875397647421749E+000                  1.1764505572380530E+001                  6.9999999999533058E-001                  2.8000000000466957E-001                  1.9999999999999796E-002                  0.0000000000000000E+000                  3.7365789882352567E+008                  1.7134638224957768E+007                  7.2591378189376512E-011                  7.7323819485051731E-033                  0.0000000000000000E+000                  4.2601071382866076E+000                  1.7453838963539997E+010                  3.8859178363546161E-007                  1.0519777947861855E-017                 -3.2052531931695905E+000                  1.4399172923791050E+000                  1.6784779197389361E+000                  1.8289929175709267E+000 
                                     560                  2.9953248368544312E+000                  3.0154709099452404E-001                  6.1250626487868303E+000                 -2.4725749097218297E+000                  1.1783820169836956E+001                  6.9999999999503792E-001                  2.8000000000496217E-001                  1.9999999999999907E-002                  0.0000000000000000E+000                  3.7347774158145720E+008                  1.7221365782147221E+007                  8.2756713136607576E-011                  1.2079649259409880E-032                  0.0000000000000000E+000                  4.2454959406333703E+000                  1.7532342076220535E+010                  3.8864336722105898E-007                  1.1895893307340417E-017                 -3.2052243698892871E+000                  1.4433206332076371E+000                  1.6818812605674685E+000                  1.8323962583994591E+000 
                                     561                  2.9951639142451949E+000                  3.0032755937998540E-001                  6.1294368428981700E+000                 -2.4576193993805351E+000                  1.1803127654940361E+001                  6.9999999999470819E-001                  2.8000000000529202E-001                  1.9999999999999796E-002                  0.0000000000000000E+000                  3.7329882932336891E+008                  1.7308576675979424E+007                  9.4315008183715228E-011                  1.8847678535488387E-032                  0.0000000000000000E+000                  4.2310511985063801E+000                  1.7610637467431381E+010                  3.8872554239732642E-007                  1.3524798581483721E-017                 -3.2051784608938361E+000                  1.4467333805853033E+000                  1.6852940079451344E+000                  1.8358090057771250E+000 
                                     562                  2.9949976084119072E+000                  2.9909955687386758E-001                  6.1338132673361434E+000                 -2.4426722621115511E+000                  1.1822429257133042E+001                  6.9999999999433604E-001                  2.8000000000566416E-001                  1.9999999999999796E-002                  0.0000000000000000E+000                  3.7312120028628474E+008                  1.7396278371116072E+007                  1.0745374322215209E-010                  2.9372223927480006E-032                  0.0000000000000000E+000                  4.2167848816659577E+000                  1.7688720629651951E+010                  3.8883621206841660E-007                  1.5372010992607079E-017                 -3.2051166481471096E+000                  1.4501557684376174E+000                  1.6887163957974485E+000                  1.8392313936294391E+000 
                                     563                  2.9948257440532511E+000                  2.9786296231206855E-001                  6.1381921920309717E+000                 -2.4277325754570498E+000                  1.1841726163433776E+001                  6.9999999999391649E-001                  2.8000000000608377E-001                  1.9999999999999796E-002                  0.0000000000000000E+000                  3.7294489451829022E+008                  1.7484478574800905E+007                  1.2238528875132825E-010                  4.5719783703444097E-032                  0.0000000000000000E+000                  4.2027074267245670E+000                  1.7766587464129910E+010                  3.8897353881136052E-007                  1.7355308234739834E-017                 -3.2050399709812210E+000                  1.4535880336062015E+000                  1.6921486609660326E+000                  1.8426636587980232E+000 
                                     564                  2.9946481403975906E+000                  2.9661765494075637E-001                  6.1425738911868057E+000                 -2.4127994625838358E+000                  1.1861019520300969E+001                  6.9999999999344353E-001                  2.8000000000655673E-001                  1.9999999999999796E-002                  0.0000000000000000E+000                  3.7276995704929346E+008                  1.7573185216644108E+007                  1.3935017694034940E-010                  7.1084152932282077E-032                  0.0000000000000000E+000                  4.1888278717510037E+000                  1.7844234207588161E+010                  3.8913592613393496E-007                  1.9439716940752586E-017                 -3.2049493360226116E+000                  1.4570304154838312E+000                  1.6955910428436622E+000                  1.8461060406756529E+000 
                                     565                  2.9944646110441266E+000                  2.9536351432511071E-001                  6.1469586418870303E+000                 -2.3978720895480290E+000                  1.1880310435433897E+001                  6.9999999999291007E-001                  2.8000000000709019E-001                  1.9999999999999796E-002                  0.0000000000000000E+000                  3.7259643761356026E+008                  1.7662406441812310E+007                  1.5862079895273332E-010                  1.1039655952828639E-031                  0.0000000000000000E+000                  4.1751539737607883E+000                  1.7921657379360222E+010                  3.8932199938892375E-007                  2.1792740551845109E-017                 -3.2048455274714223E+000                  1.4604831556592173E+000                  1.6990437830190486E+000                  1.8495587808510392E+000 
                                     566                  2.9942749637997821E+000                  2.9410042026079941E-001                  6.1513467230565899E+000                 -2.3829496622812147E+000                  1.1899599979511020E+001                  6.9999999999230866E-001                  2.8000000000769143E-001                  1.9999999999999907E-002                  0.0000000000000000E+000                  3.7242438978617781E+008                  1.7752150572580367E+007                  1.8050558478507251E-010                  1.7126362280709783E-031                  0.0000000000000000E+000                  4.1616927199179834E+000                  1.7998853735106987E+010                  3.8953055874974934E-007                  2.4630523465147005E-017                 -3.2047292330832553E+000                  1.4639464973556822E+000                  1.7025071247155132E+000                  1.8530221225475039E+000 
                                     567                  2.9940790005116686E+000                  2.9282825268913620E-001                  6.1557384294258455E+000                 -2.3680314391511059E+000                  1.1918889187869619E+001                  6.9999999999163087E-001                  2.8000000000836939E-001                  1.9999999999999796E-002                  0.0000000000000000E+000                  3.7225387259736586E+008                  1.7842426382080305E+007                  2.0535378591648448E-010                  2.6540842415371221E-031                  0.0000000000000000E+000                  4.1484791843405455E+000                  1.8075820535532143E+010                  3.8975863040360974E-007                  2.7943359740230233E-017                 -3.2046021297370819E+000                  1.4674206882386065E+000                  1.7059813155984376E+000                  1.8564963134304282E+000 
                                     568                  2.9938765168950408E+000                  2.9154689156991143E-001                  6.1601341097021489E+000                 -2.3531167696136865E+000                  1.1938179062125288E+001                  6.9999999999086682E-001                  2.8000000000913344E-001                  1.9999999999999796E-002                  0.0000000000000000E+000                  3.7208496376731783E+008                  1.7933243904738151E+007                  2.3356102591847574E-010                  4.1088406560080267E-031                  0.0000000000000000E+000                  4.1355945453486669E+000                  1.8152556686817810E+010                  3.8999829242078233E-007                  3.1601896545781950E-017                 -3.2044686472481030E+000                  1.4709059934427389E+000                  1.7094666208025699E+000                  1.8599816186345608E+000 
                                     569                  2.9936673023568523E+000                  2.9025621663353179E-001                  6.1645341900193236E+000                 -2.3382051175422278E+000                  1.1957470571748511E+001                  6.9999999999000551E-001                  2.8000000000999470E-001                  1.9999999999999796E-002                  0.0000000000000000E+000                  3.7191777320962250E+008                  1.8024614947642766E+007                  2.6557562352269454E-010                  6.3547240140527600E-031                  0.0000000000000000E+000                  4.1231202258728539E+000                  1.8229064122511055E+010                  3.9023851454094302E-007                  3.5643969372265141E-017                 -3.2043349350935588E+000                  1.4744027113597056E+000                  1.7129633387195367E+000                  1.8634783365515273E+000 
                                     570                  2.9934511398147587E+000                  2.8895610705149860E-001                  6.1689391703353582E+000                 -2.3232960563229765E+000                  1.1976764655638215E+001                  6.9999999998903506E-001                  2.8000000001096514E-001                  1.9999999999999796E-002                  0.0000000000000000E+000                  3.7175244407004482E+008                  1.8116553034946006E+007                  3.0190570604786908E-010                  9.8189993418481950E-031                  0.0000000000000000E+000                  4.1111336339283859E+000                  1.8305348292863888E+010                  3.9046863128511032E-007                  4.0191739670115879E-017                 -3.2042069249483798E+000                  1.4779111786694776E+000                  1.7164718060293087E+000                  1.8669868038612993E+000 
                                     571                  2.9932278055110326E+000                  2.8764644110397952E-001                  6.1733496189598416E+000                 -2.3083892607468619E+000                  1.1996062223710297E+001                  6.9999999998794116E-001                  2.8000000001205916E-001                  1.9999999999999685E-002                  0.0000000000000000E+000                  3.7158913846667856E+008                  1.8209073389249913E+007                  3.4312729796571699E-010                  1.5158407238875521E-030                  0.0000000000000000E+000                  4.0997087165356998E+000                  1.8381417999532494E+010                  3.9067859370332675E-007                  4.5296014071603332E-017                 -3.2040901921239935E+000                  1.4814317687610845E+000                  1.7199923961209156E+000                  1.8705073939529062E+000 
                                     572                  2.9929970688212348E+000                  2.8632709585434335E-001                  6.1777661678080182E+000                 -2.2934845001184461E+000                  1.2015364158501541E+001                  6.9999999998670881E-001                  2.8000000001329128E-001                  1.9999999999999907E-002                  0.0000000000000000E+000                  3.7142803308286107E+008                  1.8302192879444640E+007                  3.8989353291555187E-010                  2.3381935544800343E-030                  0.0000000000000000E+000                  4.0889165040867290E+000                  1.8457285182955433E+010                  3.9085889091751640E-007                  5.1080301741003801E-017                 -3.2039900023210026E+000                  1.4849648902393902E+000                  1.7235255175992215E+000                  1.8740405154312121E+000 
                                     573                  2.9927586920574010E+000                  2.8499794682703411E-001                  6.1821895083478422E+000                 -2.2785816322996530E+000                  1.2034671316794055E+001                  6.9999999998532036E-001                  2.8000000001467978E-001                  1.9999999999999796E-002                  0.0000000000000000E+000                  3.7126932060924172E+008                  1.8395929962501682E+007                  4.4294515158962743E-010                  3.6039149594187262E-030                  0.0000000000000000E+000                  4.0788256480994027E+000                  1.8532964749404865E+010                  3.9100046822816743E-007                  5.7705228922903064E-017                 -3.2039113612652534E+000                  1.4885109849904057E+000                  1.7270716123502368E+000                  1.8775866101822274E+000 
                                     574                  2.9925124302654544E+000                  2.8365886768579257E-001                  6.1866203882262205E+000                 -2.2636805989939344E+000                  1.2053984531343234E+001                  6.9999999998375628E-001                  2.8000000001624392E-001                  1.9999999999999796E-002                  0.0000000000000000E+000                  3.7111322624248880E+008                  1.8490304559781883E+007                  5.0312247225663924E-010                  5.5509097043896291E-030                  0.0000000000000000E+000                  4.0695029507372515E+000                  1.8608474440955833E+010                  3.9109463852291148E-007                  6.5187523190571630E-017                 -3.2038590688532294E+000                  1.4920705254600812E+000                  1.7306311528199123E+000                  1.8811461506519029E+000 
                                     575                  2.9922580310144693E+000                  2.8230972989711584E-001                  6.1910596085674330E+000                 -2.2487814208910848E+000                  1.2073304612795207E+001                  6.9999999998199369E-001                  2.8000000001800646E-001                  1.9999999999999796E-002                  0.0000000000000000E+000                  3.7096000280339700E+008                  1.8585338025103215E+007                  5.7137905141115333E-010                  8.5443553689478448E-030                  0.0000000000000000E+000                  4.0610138986156308E+000                  1.8683834729835472E+010                  3.9113299477808885E-007                  7.3580410842951672E-017                 -3.2038377733769843E+000                  1.4956440123030339E+000                  1.7342046396628650E+000                  1.8847196374948556E+000 
                                     576                  2.9919952341768830E+000                  2.8095040237743629E-001                  6.1955080218710110E+000                 -2.2338841928419209E+000                  1.2092632351558025E+001                  6.9999999998000872E-001                  2.8000000001999154E-001                  1.9999999999999796E-002                  0.0000000000000000E+000                  3.7080991417877424E+008                  1.8681053214528915E+007                  6.4879728426249081E-010                  1.3144721737813847E-029                  0.0000000000000000E+000                  4.0534232034232458E+000                  1.8759068709467442E+010                  3.9110734086400389E-007                  8.3083204649235711E-017                 -3.2038520162545536E+000                  1.4992319743782407E+000                  1.7377926017380718E+000                  1.8883075995700624E+000 
                                     577                  2.9917237717056375E+000                  2.7958075115755909E-001                  6.1999665304589540E+000                 -2.2189890804501760E+000                  1.2111968519491045E+001                  6.9999999997777296E-001                  2.8000000002222730E-001                  1.9999999999999796E-002                  0.0000000000000000E+000                  3.7066323370433712E+008                  1.8777474493441984E+007                  7.3660623179255049E-010                  2.0212185822252573E-029                  0.0000000000000000E+000                  4.0467953422832590E+000                  1.8834202008043217E+010                  3.9100962620207646E-007                  9.3799576853701747E-017                 -3.2039062753238281E+000                  1.5028349691836542E+000                  1.7413955965434855E+000                  1.8919105943754762E+000 
                                     578                  2.9914433674059095E+000                  2.7820063904689873E-001                  6.2044360677948269E+000                 -2.2040962989473134E+000                  1.2131313871549917E+001                  6.9999999997525453E-001                  2.8000000002474573E-001                  1.9999999999999796E-002                  0.0000000000000000E+000                  3.7052023991702634E+008                  1.8874627388945151E+007                  8.3620173962879542E-010                  3.1066939052025492E-029                  0.0000000000000000E+000                  4.0411619050411938E+000                  1.8909262339265270E+010                  3.9083420851677706E-007                  1.0580960368858784E-016                 -3.2040037154143541E+000                  1.5064535785113142E+000                  1.7450142058711453E+000                  1.8955292037031359E+000 
                                     579                  2.9911537367003627E+000                  2.7680992534952548E-001                  6.2089175079905150E+000                 -2.1892060169346390E+000                  1.2150669147419276E+001                  6.9999999997241857E-001                  2.8000000002758163E-001                  1.9999999999999796E-002                  0.0000000000000000E+000                  3.7038119418271506E+008                  1.8972536668216188E+007                  9.4916804909473141E-010                  4.7735090214047829E-029                  0.0000000000000000E+000                  4.0364204577224791E+000                  1.8984277014514912E+010                  3.9058738555211301E-007                  1.1935266237503117E-016                 -3.2041408934190816E+000                  1.5100883822687678E+000                  1.7486490096285991E+000                  1.8991640074605898E+000 
                                     580                  2.9908545863875644E+000                  2.7540846587800538E-001                  6.2134115777710246E+000                 -2.1743182611108787E+000                  1.2170035073225694E+001                  6.9999999996922468E-001                  2.8000000003077552E-001                  1.9999999999999796E-002                  0.0000000000000000E+000                  3.7024631658370489E+008                  1.9071224212649100E+007                  1.0773015690170197E-009                  7.3325666246102867E-029                  0.0000000000000000E+000                  4.0324400875184070E+000                  1.9059268797171612E+010                  3.9028726057001929E-007                  1.3460911010366063E-016                 -3.2043078121821251E+000                  1.5137399122403752E+000                  1.7523005396002065E+000                  1.9028155374321971E+000 
                                     581                  2.9905456143888798E+000                  2.7399611325830980E-001                  6.2179188479545306E+000                 -2.1594329052169337E+000                  1.2189412363461891E+001                  6.9999999996562845E-001                  2.8000000003437175E-001                  1.9999999999999796E-002                  0.0000000000000000E+000                  3.7011578379559624E+008                  1.9170708718265146E+007                  1.2226384884399882E-009                  1.1260872460114165E-028                  0.0000000000000000E+000                  4.0290963229348566E+000                  1.9134253571300659E+010                  3.8995338971401461E-007                  1.5176068690165374E-016                 -3.2044936500761496E+000                  1.5174086250447314E+000                  1.7559692524045627E+000                  1.9064842502365533E+000 
                                     582                  2.9902265094810532E+000                  2.7257271725761911E-001                  6.2224397440747552E+000                 -2.1445496796515462E+000                  1.2208801722730680E+001                  6.9999999996157902E-001                  2.8000000003842118E-001                  1.9999999999999796E-002                  0.0000000000000000E+000                  3.6998973098243868E+008                  1.9271005874665003E+007                  1.3874861704757482E-009                  1.7290157498346802E-028                  0.0000000000000000E+000                  4.0262700996679834E+000                  1.9209240281768730E+010                  3.8960425832120965E-007                  1.7122381300399623E-016                 -3.2046881524941226E+000                  1.5210949022432814E+000                  1.7596555296031124E+000                  1.9101705274351031E+000 
                                     583                  2.9898969510275539E+000                  2.7113812513174540E-001                  6.2269745556714096E+000                 -2.1296681807897917E+000                  1.2228203847031960E+001                  6.9999999995702022E-001                  2.8000000004298009E-001                  1.9999999999999685E-002                  0.0000000000000000E+000                  3.6986823449757975E+008                  1.9372128785883337E+007                  1.5744584986978346E-009                  2.6542675114924765E-028                  0.0000000000000000E+000                  4.0238468762480348E+000                  1.9284231313010750E+010                  3.8925745222984684E-007                  1.9329592780618517E-016                 -3.2048815321142565E+000                  1.5247990585682825E+000                  1.7633596859281135E+000                  1.9138746837601042E+000 
                                     584                  2.9895566087051328E+000                  2.6969218197416106E-001                  6.2315234444894054E+000                 -2.1147878786571122E+000                  1.2247619424795598E+001                  6.9999999995188789E-001                  2.8000000004811226E-001                  1.9999999999999796E-002                  0.0000000000000000E+000                  3.6975132257025135E+008                  1.9474088038506150E+007                  1.7865156464841660E-009                  4.0739191852609447E-028                  0.0000000000000000E+000                  4.0217158922918390E+000                  1.9359222821392212E+010                  3.8892980125190537E-007                  2.1801851716683417E-016                 -3.2050643891573172E+000                  1.5285213487983638E+000                  1.7670819761581951E+000                  1.9175969739901857E+000 
                                     585                  2.9892051422239652E+000                  2.6823473106381179E-001                  6.2360864517756793E+000                 -2.0999081232309038E+000                  1.2267049137730313E+001                  6.9999999994611117E-001                  2.8000000005388909E-001                  1.9999999999999796E-002                  0.0000000000000000E+000                  3.6963899588818216E+008                  1.9576891527060758E+007                  2.0270087863470255E-009                  6.2517384328620687E-028                  0.0000000000000000E+000                  4.0197695536961380E+000                  1.9434205001225849E+010                  3.8863745427931091E-007                  2.4570494356171239E-016                 -3.2052276736604624E+000                  1.5322619678101403E+000                  1.7708225951699714E+000                  1.9213375930019621E+000 
                                     586                  2.9888422010412095E+000                  2.6676561421540568E-001                  6.2406635048478565E+000                 -2.0850281506144088E+000                  1.2286493661610056E+001                  6.9999999993960949E-001                  2.8000000006039083E-001                  1.9999999999999685E-002                  0.0000000000000000E+000                  3.6953122965240729E+008                  1.9680544525532391E+007                  2.2997303057662744E-009                  9.5918952311308875E-028                  0.0000000000000000E+000                  4.0179029243517741E+000                  1.9509162320336563E+010                  3.8839593911950412E-007                  2.7699335446014060E-016                 -3.2053626597569012E+000                  1.5360210505977023E+000                  1.7745816779575336E+000                  1.9250966757895243E+000 
                                     587                  2.9884674240637890E+000                  2.6528467211585649E-001                  6.2452544230895324E+000                 -2.0701470888081843E+000                  1.2305953667128616E+001                  6.9999999993229289E-001                  2.8000000006770737E-001                  1.9999999999999796E-002                  0.0000000000000000E+000                  3.6942796274967313E+008                  1.9785049909125935E+007                  2.6089701590095631E-009                  1.4713433182565394E-027                  0.0000000000000000E+000                  4.0160133181177544E+000                  1.9584073751304386E+010                  3.8822024400338946E-007                  3.1235476099204516E-016                 -3.2054609108909697E+000                  1.5397986767174814E+000                  1.7783593040773125E+000                  1.9288743019093031E+000 
                                     588                  2.9880804393388218E+000                  2.6379174464429261E-001                  6.2498589234370581E+000                 -2.0552639632606247E+000                  1.2325429820625937E+001                  6.9999999992406015E-001                  2.8000000007594011E-001                  1.9999999999999796E-002                  0.0000000000000000E+000                  3.6932907916187018E+008                  1.9890408473293964E+007                  2.9595790427022118E-009                  2.2564034006671308E-027                  0.0000000000000000E+000                  4.0139999848557295E+000                  1.9658912995142273E+010                  3.8812490868471033E-007                  3.5217774848285546E-016                 -3.2055142423285368E+000                  1.5435948773700710E+000                  1.7821555047299020E+000                  1.9326705025618927E+000 
                                     589                  2.9876808637396475E+000                  2.6228667120909793E-001                  6.2544766412254091E+000                 -2.0403777178826723E+000                  1.2344922784524220E+001                  6.9999999991479822E-001                  2.8000000008520193E-001                  1.9999999999999796E-002                  0.0000000000000000E+000                  3.6923444403718263E+008                  1.9996619045423441E+007                  3.3570400789101943E-009                  3.4593699187388159E-027                  0.0000000000000000E+000                  4.0117923901111441E+000                  1.9733649050236385E+010                  3.8812193892246880E-007                  3.9710402408021353E-016                 -3.2055159038507162E+000                  1.5474096411054885E+000                  1.7859702684653196E+000                  1.9364852662973104E+000 
                                     590                  2.9872683026461493E+000                  2.6076929104142199E-001                  6.2591072199926892E+000                 -2.0254873092858636E+000                  1.2364433217550847E+001                  6.9999999990438044E-001                  2.8000000009561971E-001                  1.9999999999999796E-002                  0.0000000000000000E+000                  3.6914393299808562E+008                  2.0103680477754403E+007                  3.8075541860100641E-009                  5.3019996796159287E-027                  0.0000000000000000E+000                  4.0094459268114653E+000                  1.9808248805925987E+010                  3.8821142585737685E-007                  4.4775764570916370E-016                 -3.2054658432917238E+000                  1.5512429371805185E+000                  1.7898035645403498E+000                  1.9403185623723405E+000 
                                     591                  2.9868423496191583E+000                  2.5923944318088682E-001                  6.2637504014080445E+000                 -2.0105918013830375E+000                  1.2383961774823716E+001                  6.9999999989266415E-001                  2.8000000010733617E-001                  1.9999999999999685E-002                  0.0000000000000000E+000                  3.6905745190152889E+008                  2.0211593829873752E+007                  4.3181393678306051E-009                  8.1233171449879574E-027                  0.0000000000000000E+000                  4.0070474403381215E+000                  1.9882681343903568E+010                  3.8838130879281841E-007                  5.0466933557549809E-016                 -3.2053708395409588E+000                  1.5550947610972956E+000                  1.7936553884571267E+000                  1.9441703862891175E+000 
                                     592                  2.9864025860692478E+000                  2.5769696613342463E-001                  6.2684060385686555E+000                 -1.9956903796534615E+000                  1.2403509107859765E+001                  6.9999999987949046E-001                  2.8000000012050980E-001                  1.9999999999999796E-002                  0.0000000000000000E+000                  3.6897490861326933E+008                  2.0320363119891018E+007                  4.8967404988052434E-009                  1.2441444740249342E-026                  0.0000000000000000E+000                  4.0046801210127345E+000                  1.9956920462699299E+010                  3.8861756221351185E-007                  5.6865134453399742E-016                 -3.2052387884351869E+000                  1.5589651659936725E+000                  1.7975257933535036E+000                  1.9480407911854942E+000 
                                     593                  2.9859485809204065E+000                  2.5614169747087223E-001                  6.2730740887562995E+000                 -1.9807823432091136E+000                  1.2423075864631098E+001                  6.9999999986468087E-001                  2.8000000013531934E-001                  1.9999999999999796E-002                  0.0000000000000000E+000                  3.6889623439375967E+008                  2.0429994948799592E+007                  5.5523529101817387E-009                  1.9047954117635685E-026                  0.0000000000000000E+000                  4.0024238474591449E+000                  2.0030944887495808E+010                  3.8890695606802837E-007                  6.4068868334018450E-016                 -3.2050771444523134E+000                  1.5628542657529583E+000                  1.8014148931127894E+000                  1.9519298909447800E+000 
                                     594                  2.9854798902635515E+000                  2.5457347343108061E-001                  6.2777546067865364E+000                 -1.9658670973536851E+000                  1.2442662689765736E+001                  6.9999999984803707E-001                  2.8000000015196314E-001                  1.9999999999999796E-002                  0.0000000000000000E+000                  3.6882140092653942E+008                  2.0540498207112547E+007                  6.2951628072323057E-009                  2.9151831785530451E-026                  0.0000000000000000E+000                  4.0003555439186371E+000                  2.0104737985394409E+010                  3.8923695216058576E-007                  7.2172717817520716E-016                 -3.2048929683775240E+000                  1.5667622267195582E+000                  1.8053228540793893E+000                  1.9558378519113799E+000 
                                     595                  2.9849960569999014E+000                  2.5299212851874653E-001                  6.2824477389354918E+000                 -1.9509441468684461E+000                  1.2462270224797546E+001                  6.9999999982933547E-001                  2.8000000017066484E-001                  1.9999999999999685E-002                  0.0000000000000000E+000                  3.6875041410768348E+008                  2.0651884031886648E+007                  7.1367068788469673E-009                  4.4599133461535746E-026                  0.0000000000000000E+000                  3.9985495481111109E+000                  2.0178287504936661E+010                  3.8959562469459963E-007                  8.1286239164711388E-016                 -3.2046929645282067E+000                  1.5706892631405713E+000                  1.8092498905004024E+000                  1.9597648883323930E+000 
                                     596                  2.9844966104777697E+000                  2.5139749511752030E-001                  6.2871537174259062E+000                 -1.9360130898870624E+000                  1.2481899108376165E+001                  6.9999999980832783E-001                  2.8000000019167226E-001                  1.9999999999999907E-002                  0.0000000000000000E+000                  3.6868324362569225E+008                  2.0764166489797141E+007                  8.0900538079062293E-009                  6.8208111467185762E-026                  0.0000000000000000E+000                  3.9970779907076572E+000                  2.0251585338791809E+010                  3.8997165944195159E-007                  9.1534238983713726E-016                 -3.2044834767370078E+000                  1.5746356428807764E+000                  1.8131962702406075E+000                  1.9637112680725981E+000 
                                     597                  2.9839810661235009E+000                  2.4978940311355341E-001                  6.2918728554657237E+000                 -1.9210736125900587E+000                  1.2501549976411873E+001                  6.9999999978473681E-001                  2.8000000021526328E-001                  1.9999999999999907E-002                  0.0000000000000000E+000                  3.6861983489946306E+008                  2.0877362387992866E+007                  9.1700107908228998E-009                  1.0428055820265784E-025                  0.0000000000000000E+000                  3.9960111850767408E+000                  2.0324627310376072E+010                  3.9035433890106683E-007                  1.0304684140430678E-015                 -3.2042704944820173E+000                  1.5786016916639973E+000                  1.8171623190238284E+000                  1.9676773168558190E+000 
                                     598                  2.9834489250678424E+000                  2.4816767953102611E-001                  6.2966055428176002E+000                 -1.9061254846156301E+000                  1.2521223462077501E+001                  6.9999999975825267E-001                  2.8000000024174748E-001                  1.9999999999999796E-002                  0.0000000000000000E+000                  3.6856017577376997E+008                  2.0991490454923298E+007                  1.0393358629306620E-008                  1.5938210533523234E-025                  0.0000000000000000E+000                  3.9954180294650912E+000                  2.0397412986030670E+010                  3.9073339521481257E-007                  1.1597230306326776E-015                 -3.2040597344468464E+000                  1.5825877815211336E+000                  1.8211484088809646E+000                  1.9716634067129553E+000 
                                     599                  2.9828996737718771E+000                  2.4653214818840424E-001                  6.3013522414997460E+000                 -1.8911685544861292E+000                  1.2540920195811911E+001                  6.9999999972853011E-001                  2.8000000027146998E-001                  1.9999999999999907E-002                  0.0000000000000000E+000                  3.6850429629429853E+008                  2.1106571279920522E+007                  1.1779119425512236E-008                  2.4353316970932536E-025                  0.0000000000000000E+000                  3.9953656671117077E+000                  2.0469945495285892E+010                  3.9109893050388358E-007                  1.3047988515918888E-015                 -3.2038566858322914E+000                  1.5865943206535635E+000                  1.8251549480133946E+000                  1.9756699458453850E+000 
                                     600                  2.9823327836421392E+000                  2.4488262934242641E-001                  6.3061134437315092E+000                 -1.8762027044844964E+000                  1.2560640805517286E+001                  6.9999999969518434E-001                  2.8000000030481592E-001                  1.9999999999999796E-002                  0.0000000000000000E+000                  3.6845216451195514E+008                  2.1222627335645534E+007                  1.3348853190430823E-008                  3.7202601341112219E-025                  0.0000000000000000E+000                  3.9958538327726152E+000                  2.0542230389933025E+010                  3.9144672774397007E-007                  1.4676017309397995E-015                 -3.2036636665106148E+000                  1.5906217523784680E+000                  1.8291823797382991E+000                  1.9796973775702897E+000 
                                     601                  2.9817477106345844E+000                  2.4321893947654410E-001                  6.3108895631515960E+000                 -1.8612277356175964E+000                  1.2580385916821708E+001                  6.9999999965778681E-001                  2.8000000034221345E-001                  1.9999999999999796E-002                  0.0000000000000000E+000                  3.6840358616340727E+008                  2.1339681062796470E+007                  1.5126973961077452E-008                  5.6819375613389764E-025                  0.0000000000000000E+000                  3.9967646533595707E+000                  2.0614271874734283E+010                  3.9178775889673182E-007                  1.6503315344528797E-015                 -3.2034745686610084E+000                  1.5946705353532091E+000                  1.8332311627130402E+000                  1.9837461605450308E+000 
                                     602                  2.9811438948522144E+000                  2.4154089153038280E-001                  6.3156808618075653E+000                 -1.8462432918986555E+000                  1.2600156153232319E+001                  6.9999999961586001E-001                  2.8000000038414025E-001                  1.9999999999999796E-002                  0.0000000000000000E+000                  3.6835833753977656E+008                  2.1457751371668108E+007                  1.7141102508737528E-008                  8.6762798328540780E-025                  0.0000000000000000E+000                  3.9979710697093065E+000                  2.0686068273633949E+010                  3.9214346104846047E-007                  1.8539288218024446E-015                 -3.2032775112044765E+000                  1.5987410881977393E+000                  1.8373017155575704E+000                  1.9878167133895610E+000 
                                     603                  2.9805207601370678E+000                  2.3984829544558781E-001                  6.3204874508613109E+000                 -1.8312488613078126E+000                  1.2619952136075520E+001                  6.9999999956887293E-001                  2.8000000043112733E-001                  1.9999999999999796E-002                  0.0000000000000000E+000                  3.6831618293217373E+008                  2.1576853368154239E+007                  1.9422474169963840E-008                  1.3246017878192330E-024                  0.0000000000000000E+000                  3.9993486140187713E+000                  2.0757610199134277E+010                  3.9253553402887153E-007                  2.0705488575185760E-015                 -3.2030605114540887E+000                  1.6028337514134843E+000                  1.8413943787733156E+000                  1.9919093766053062E+000 
                                     604                  2.9798777136599095E+000                  2.3814095875295357E-001                  6.3240902218042265E+000                 -1.8199734171847881E+000                  1.2634826122020346E+001                  6.9999999952976522E-001                  2.8000000047023499E-001                  1.9999999999999796E-002                  0.0000000000000000E+000                  3.6828214848472935E+008                  2.1666556066967007E+007                  2.1326210569442704E-008                  1.8173523789606105E-024                  0.0000000000000000E+000                  4.0008536614288692E+000                  2.0827868225269550E+010                  3.9293309013897942E-007                  2.2807155830338274E-015                 -3.2028406981677295E+000                  1.6069496561597081E+000                  1.8455102835195394E+000                  1.9960252813515300E+000 
                                     605                  2.9795459295859659E+000                  2.3727495698411144E-001                  6.3265048345006862E+000                 -1.8124680499137245E+000                  1.2644743921231692E+001                  6.9999999950190761E-001                  2.8000000049809265E-001                  1.9999999999999796E-002                  0.0000000000000000E+000                  3.6826308028605092E+008                  2.1726887967378754E+007                  2.2700202792321722E-008                  2.2451425850558649E-024                  0.0000000000000000E+000                  4.0015594858327779E+000                  2.0863158165004326E+010                  3.9315985332196660E-007                  2.4741916234836135E-015                 -3.2027154178142792E+000                  1.6090322938843744E+000                  1.8475929212442055E+000                  1.9981079190761961E+000 
                                     606                  2.9792141455120222E+000                  2.3641871445982476E-001                  6.3301467574523134E+000                 -1.8012276702985315E+000                  1.2659623944448985E+001                  6.9999999945727853E-001                  2.8000000054272173E-001                  1.9999999999999796E-002                  0.0000000000000000E+000                  3.6823998899112785E+008                  2.1818210462260101E+007                  2.4932986596681015E-008                  3.0855286006328889E-024                  0.0000000000000000E+000                  4.0021146459900230E+000                  2.0898841364402943E+010                  3.9345942918745228E-007                  2.6882927863326094E-015                 -3.2025500212183973E+000                  1.6110873442790739E+000                  1.8496479716389049E+000                  2.0001629694708956E+000 
                                     607                  2.9785294282864676E+000                  2.3468131122198971E-001                  6.3349984428590096E+000                 -1.7861987196551039E+000                  1.2679500856051256E+001                  6.9999999939128632E-001                  2.8000000060871377E-001                  1.9999999999999907E-002                  0.0000000000000000E+000                  3.6820485000255251E+008                  2.1940467361163028E+007                  2.8246869721759229E-008                  4.7074010836623092E-024                  0.0000000000000000E+000                  4.0032786308894002E+000                  2.0970530662715633E+010                  3.9414290779406503E-007                  2.9689871457788722E-015                 -3.2021731418619952E+000                  1.6152470018919209E+000                  1.8538076292517520E+000                  2.0043226270837424E+000 
                                     608                  2.9778229166514700E+000                  2.3292858173337125E-001                  6.3398644965241706E+000                 -1.7711563189607145E+000                  1.2699405969536089E+001                  6.9999999931743795E-001                  2.8000000068256226E-001                  1.9999999999999796E-002                  0.0000000000000000E+000                  3.6817103266247833E+008                  2.2063787288922120E+007                  3.1999116413922315E-008                  7.1796760810127879E-024                  0.0000000000000000E+000                  4.0041327582751771E+000                  2.1040810593709431E+010                  3.9488641285585550E-007                  3.3144433890970947E-015                 -3.2017639045463171E+000                  1.6194301761789176E+000                  1.8579908035387487E+000                  2.0085058013707391E+000 
                                     609                  2.9770939469188393E+000                  2.3116032998735747E-001                  6.3447443743164476E+000                 -1.7560992835595601E+000                  1.2719339888156179E+001                  6.9999999923482836E-001                  2.8000000076517184E-001                  1.9999999999999796E-002                  0.0000000000000000E+000                  3.6813801731714880E+008                  2.2188169956003856E+007                  3.6247105049460283E-008                  1.0946614265348516E-023                  0.0000000000000000E+000                  4.0045597257216086E+000                  2.1110680507195210E+010                  3.9576750173412281E-007                  3.6919355206554549E-015                 -3.2012799352783037E+000                  1.6236362116734000E+000                  1.8621968390332311E+000                  2.0127118368652215E+000 
                                     610                  2.9763418366084875E+000                  2.2937636063384301E-001                  6.3484005757352309E+000                 -1.7447717802507696E+000                  1.2734320768410537E+001                  6.9999999916630751E-001                  2.8000000083369281E-001                  1.9999999999999685E-002                  0.0000000000000000E+000                  3.6810915719885892E+008                  2.2281828824952733E+007                  3.9790252519598996E-008                  1.5002040015915242E-023                  0.0000000000000000E+000                  4.0049701608713848E+000                  2.1179040913713802E+010                  3.9674507543992586E-007                  4.0567975473354862E-015                 -3.2007442275890639E+000                  1.6278659281291616E+000                  1.8664265554889927E+000                  2.0169415533209833E+000 
                                     611                  2.9759538603131603E+000                  2.2847142239939133E-001                  6.3508501846549716E+000                 -1.7372310418368244E+000                  1.2744309832519402E+001                  6.9999999911772592E-001                  2.8000000088227434E-001                  1.9999999999999796E-002                  0.0000000000000000E+000                  3.6809289613299912E+008                  2.2344808364959937E+007                  4.2346288532365256E-008                  1.8518328307535270E-023                  0.0000000000000000E+000                  4.0047574778414186E+000                  2.1213292665553661E+010                  3.9730115004889347E-007                  4.3945334382066819E-015                 -3.2004400889055358E+000                  1.6300058701591491E+000                  1.8685664975189804E+000                  2.0190814953509708E+000 
                                     612                  2.9755658840178327E+000                  2.2757651523858816E-001                  6.3545435140249218E+000                 -1.7259365646127047E+000                  1.2759296641077952E+001                  6.9999999903973043E-001                  2.8000000096026961E-001                  2.0000000000000018E-002                  0.0000000000000000E+000                  3.6807306696472108E+008                  2.2440113760598559E+007                  4.6497789157638072E-008                  2.5415892827558551E-023                  0.0000000000000000E+000                  4.0036471802260287E+000                  2.1247935314377216E+010                  3.9795711588250162E-007                  4.7773624830765894E-015                 -3.2000818626302916E+000                  1.6321175162392934E+000                  1.8706781435991244E+000                  2.0211931414311151E+000 
                                     613                  2.9747653677932888E+000                  2.2576052864832757E-001                  6.3594604130241530E+000                 -1.7108273303550592E+000                  1.2779320520382893E+001                  6.9999999892380083E-001                  2.8000000107619943E-001                  1.9999999999999796E-002                  0.0000000000000000E+000                  3.6804003450695312E+008                  2.2567635737992097E+007                  5.2654989739549599E-008                  3.8696707411449148E-023                  0.0000000000000000E+000                  4.0020803679919990E+000                  2.1317324515544308E+010                  3.9943055589514757E-007                  5.2789108118228669E-015                 -3.1992793576281748E+000                  1.6363907529987523E+000                  1.8749513803585833E+000                  2.0254663781905742E+000 
                                     614                  2.9739395464945342E+000                  2.2392824927873264E-001                  6.3643878227057114E+000                 -1.6956975878063503E+000                  1.2799375549581896E+001                  6.9999999879491659E-001                  2.8000000120508367E-001                  1.9999999999999796E-002                  0.0000000000000000E+000                  3.6800602669317263E+008                  2.2696178493451346E+007                  5.9619956167740317E-008                  5.8881276675860246E-023                  0.0000000000000000E+000                  3.9995917478406753E+000                  2.1384979452312374E+010                  4.0105219772590452E-007                  5.8845344428888601E-015                 -3.1983995497135433E+000                  1.6406868658111773E+000                  1.8792474931710086E+000                  2.0297624910029990E+000 
                                     615                  2.9730876581557677E+000                  2.2207949136293734E-001                  6.3693246223355446E+000                 -1.6805455862629730E+000                  1.2819462290990352E+001                  6.9999999865100471E-001                  2.8000000134899544E-001                  1.9999999999999796E-002                  0.0000000000000000E+000                  3.6797087084272760E+008                  2.2825718699947707E+007                  6.7496499166924804E-008                  8.9531817595645745E-023                  0.0000000000000000E+000                  3.9960525455902554E+000                  2.1451907301658512E+010                  4.0290915996641527E-007                  6.5415699322667898E-015                 -3.1973964295005892E+000                  1.6450048184693726E+000                  1.8835654458292037E+000                  2.0340804436611943E+000 
                                     616                  2.9722089198449901E+000                  2.2021407344971289E-001                  6.3730198480890161E+000                 -1.6691395142939223E+000                  1.2834561225400972E+001                  6.9999999853182293E-001                  2.8000000146817727E-001                  1.9999999999999796E-002                  0.0000000000000000E+000                  3.6793910169230390E+008                  2.2923168796327744E+007                  7.4059241335567377E-008                  1.2241988687305004E-022                  0.0000000000000000E+000                  3.9930939706402970E+000                  2.1516943561645199E+010                  4.0495160094576556E-007                  7.1789345135220778E-015                 -3.1962984398719683E+000                  1.6493450539442343E+000                  1.8879056813040656E+000                  2.0384206791360562E+000 
                                     617                  2.9717557235368903E+000                  2.1926780002874799E-001                  6.3754940932922954E+000                 -1.6615450716388755E+000                  1.2844628860862326E+001                  6.9999999844741012E-001                  2.8000000155259008E-001                  1.9999999999999796E-002                  0.0000000000000000E+000                  3.6792053590948367E+008                  2.2988658468711819E+007                  7.8789718156190522E-008                  1.5086422503879916E-022                  0.0000000000000000E+000                  3.9904223034238275E+000                  2.1549379470622726E+010                  4.0608159026905614E-007                  7.7680178186900586E-015                 -3.1956933494137991E+000                  1.6515399082108984E+000                  1.8901005355707294E+000                  2.0406155334027201E+000 
                                     618                  2.9713025272287905E+000                  2.1833186537429361E-001                  6.3792221609944892E+000                 -1.6501680303277275E+000                  1.2859733197388980E+001                  6.9999999831205317E-001                  2.8000000168794703E-001                  1.9999999999999796E-002                  0.0000000000000000E+000                  3.6789677738133180E+008                  2.3087697968825467E+007                  8.6466059705924343E-008                  2.0650451562045697E-022                  0.0000000000000000E+000                  3.9852999572839765E+000                  2.1582175452708973E+010                  4.0733645937698621E-007                  8.4346836569840122E-015                 -3.1950233579356557E+000                  1.6537053374905946E+000                  1.8922659648504259E+000                  2.0427809626824165E+000 
                                     619                  2.9703676541481299E+000                  2.1643260189691318E-001                  6.3841792826928376E+000                 -1.6349377131470448E+000                  1.2879918304871097E+001                  6.9999999811122626E-001                  2.8000000188877400E-001                  1.9999999999999796E-002                  0.0000000000000000E+000                  3.6785712410783780E+008                  2.3220049592928275E+007                  9.7835623401267101E-008                  3.1315892462045471E-022                  0.0000000000000000E+000                  3.9778702171488405E+000                  2.1647524039335907E+010                  4.1008847654656063E-007                  9.3095656794627884E-015                 -3.1935612170906569E+000                  1.6580850156738107E+000                  1.8966456430336418E+000                  2.0471606408656324E+000 
                                     620                  2.9694034521928989E+000                  2.1451616845052970E-001                  6.3891402914410413E+000                 -1.6196772079261490E+000                  1.2900137233385840E+001                  6.9999999788834710E-001                  2.8000000211165299E-001                  1.9999999999999907E-002                  0.0000000000000000E+000                  3.6781558701558644E+008                  2.3353267866562903E+007                  1.1067532246306397E-007                  4.7437311019178205E-022                  0.0000000000000000E+000                  3.9689101395524529E+000                  2.1710665183622257E+010                  4.1307200238530400E-007                  1.0364187272235644E-014                 -3.1919871200397014E+000                  1.6624849813072622E+000                  1.9010456086670933E+000                  2.0515606064990841E+000 
                                     621                  2.9684090502770357E+000                  2.1258240916296728E-001                  6.3941035899198289E+000                 -1.6043843487711629E+000                  1.2920390464777961E+001                  6.9999999763994825E-001                  2.8000000236005196E-001                  1.9999999999999796E-002                  0.0000000000000000E+000                  3.6777207149100286E+008                  2.3487310466623459E+007                  1.2516911471488137E-007                  7.1770474785448660E-022                  0.0000000000000000E+000                  3.9583123363594339E+000                  2.1772617032529270E+010                  4.1638044238656920E-007                  1.1507379457692990E-014                 -3.1902548388639729E+000                  1.6669038377425238E+000                  1.9054644651023549E+000                  2.0559794629343453E+000 
                                     622                  2.9673835542153513E+000                  2.1063117663620468E-001                  6.3978131937742893E+000                 -1.5928635047145836E+000                  1.2935617577946012E+001                  6.9999999743456975E-001                  2.8000000256543045E-001                  1.9999999999999796E-002                  0.0000000000000000E+000                  3.6773323427462298E+008                  2.3587987470348645E+007                  1.3722461688323137E-007                  9.7729658407513821E-022                  0.0000000000000000E+000                  3.9497230572246735E+000                  2.1832161795952030E+010                  4.1995150404730743E-007                  1.2607110934120407E-014                 -3.1884004294923511E+000                  1.6713417760162999E+000                  1.9099024033761309E+000                  2.0604174012081216E+000 
                                     623                  2.9668548002610931E+000                  2.0964143528176638E-001                  6.4002949883240401E+000                 -1.5851907317497775E+000                  1.2945770342338715E+001                  6.9999999728926421E-001                  2.8000000271073611E-001                  1.9999999999999685E-002                  0.0000000000000000E+000                  3.6770987069650942E+008                  2.3655583120637383E+007                  1.4590338329579727E-007                  1.2008672138313966E-021                  0.0000000000000000E+000                  3.9431058134218806E+000                  2.1861640507896629E+010                  4.2188323282467111E-007                  1.3554485443962404E-014                 -3.1874038673593379E+000                  1.6735844086115674E+000                  1.9121450359713985E+000                  2.0626600338033891E+000 
                                     624                  2.9663260463068348E+000                  2.0866239144047255E-001                  6.4027768507900991E+000                 -1.5775086504144298E+000                  1.2955932363919175E+001                  6.9999999713570360E-001                  2.8000000286429649E-001                  1.9999999999999907E-002                  0.0000000000000000E+000                  3.6768602641078407E+008                  2.3723371062133823E+007                  1.5512061018731116E-007                  1.4750848729918414E-021                  0.0000000000000000E+000                  3.9360213755279516E+000                  2.1890870027838085E+010                  4.2391596767838533E-007                  1.4500665702419867E-014                 -3.1863601122584635E+000                  1.6757966761346064E+000                  1.9143573034944374E+000                  2.0648723013264281E+000 
                                     625                  2.9657808156178689E+000                  2.0766374161626017E-001                  6.4065309155006993E+000                 -1.5659381319504426E+000                  1.2971254643896165E+001                  6.9999999688774528E-001                  2.8000000311225498E-001                  1.9999999999999796E-002                  0.0000000000000000E+000                  3.6765382311626494E+008                  2.3826274376462840E+007                  1.7013251328708404E-007                  2.0117521921995487E-021                  0.0000000000000000E+000                  3.9240060714815952E+000                  2.1920748638283760E+010                  4.2610988243118190E-007                  1.5678508492400357E-014                 -3.1852391967162945E+000                  1.6780468349835354E+000                  1.9166074623433664E+000                  2.0671224601753568E+000 
                                     626                  2.9646733945332646E+000                  2.0566818553084698E-001                  6.4114888896336302E+000                 -1.5505145545368377E+000                  1.2991631365894577E+001                  6.9999999652469647E-001                  2.8000000347530374E-001                  1.9999999999999796E-002                  0.0000000000000000E+000                  3.6760204768096459E+008                  2.3962840258718517E+007                  1.9221063900359771E-007                  3.0279017889647230E-021                  0.0000000000000000E+000                  3.9073227344808812E+000                  2.1978820069999352E+010                  4.3071378232030655E-007                  1.7277557369345390E-014                 -3.1829056155583442E+000                  1.6825249401065319E+000                  1.9210855674663629E+000                  2.0716005652983536E+000 
                                     627                  2.9635315587050926E+000                  2.0365471761842346E-001                  6.4164419918716975E+000                 -1.5350492257406723E+000                  1.3012044252087215E+001                  6.9999999611989039E-001                  2.8000000388010987E-001                  1.9999999999999796E-002                  0.0000000000000000E+000                  3.6754747372105557E+008                  2.4100033397471547E+007                  2.1707923783153277E-007                  4.5495386538945856E-021                  0.0000000000000000E+000                  3.8891319893392491E+000                  2.2034096855758324E+010                  4.3554709851213704E-007                  1.9217700038060595E-014                 -3.1804824375291441E+000                  1.6870192132057882E+000                  1.9255798405656190E+000                  2.0760948383976099E+000 
                                     628                  2.9623543049172150E+000                  2.0162323468632914E-001                  6.4213890791236290E+000                 -1.5195406127899502E+000                  1.3032493635261311E+001                  6.9999999567198434E-001                  2.8000000432801592E-001                  1.9999999999999796E-002                  0.0000000000000000E+000                  3.6749001908510596E+008                  2.4237820454323780E+007                  2.4507778119715054E-007                  6.8237025705739003E-021                  0.0000000000000000E+000                  3.8695715697557769E+000                  2.2087632868053410E+010                  4.4066776683122878E-007                  2.1423322312760305E-014                 -3.1779443576577866E+000                  1.6915283888739114E+000                  1.9300890162337425E+000                  2.0806040140657331E+000 
                                     629                  2.9611406046420803E+000                  1.9957364244797204E-001                  6.4263292014637576E+000                 -1.5039874203747792E+000                  1.3052979815132298E+001                  6.9999999517572575E-001                  2.8000000482427445E-001                  1.9999999999999796E-002                  0.0000000000000000E+000                  3.6742958037811500E+008                  2.4376173854190733E+007                  2.7658571120291598E-007                  1.0215870362066310E-020                  0.0000000000000000E+000                  3.8487724679072284E+000                  2.2139357190791939E+010                  4.4605162758071115E-007                  2.3915482116231372E-014                 -3.1753074358055979E+000                  1.6960519892893473E+000                  1.9346126166491784E+000                  2.0851276144811690E+000 
                                     630                  2.9598894036476211E+000                  1.9750585492335984E-001                  6.4312615851092243E+000                 -1.4883885749531967E+000                  1.3073503057067711E+001                  6.9999999462089402E-001                  2.8000000537910624E-001                  1.9999999999999796E-002                  0.0000000000000000E+000                  3.6736595770939213E+008                  2.4515072510494810E+007                  3.1202705092335958E-007                  1.5265620976070926E-020                  0.0000000000000000E+000                  3.8268586464018872E+000                  2.2189209879074604E+010                  4.5167674270537740E-007                  2.6699669286304600E-014                 -3.1725861355636207E+000                  1.7005896501301088E+000                  1.9391502774899398E+000                  2.0896652753219302E+000 
                                     631                  2.9585996216154711E+000                  1.9541979387271088E-001                  6.4361856159948383E+000                 -1.4727432071106346E+000                  1.3094063591007343E+001                  6.9999999400518553E-001                  2.8000000599481462E-001                  1.9999999999999796E-002                  0.0000000000000000E+000                  3.6729901527833652E+008                  2.4654499233717658E+007                  3.5187554045775558E-007                  2.2767948407445911E-020                  0.0000000000000000E+000                  3.8039468661894529E+000                  2.2237141164604965E+010                  4.5752325400150415E-007                  2.9633706007292720E-014                 -3.1697934138284012E+000                  1.7051411017819227E+000                  1.9437017291417538E+000                  2.0942167269737442E+000 
                                     632                  2.9572701517618718E+000                  1.9331538825961522E-001                  6.4398402405970172E+000                 -1.4610053164456214E+000                  1.3109447987173672E+001                  6.9999999350353714E-001                  2.8000000649646317E-001                  1.9999999999999685E-002                  0.0000000000000000E+000                  3.6724165002555060E+008                  2.4758471649563108E+007                  3.8473286222053518E-007                  3.0613587910499930E-020                  0.0000000000000000E+000                  3.7868046947654976E+000                  2.2281942008881786E+010                  4.6350045196162214E-007                  3.2605233111045784E-014                 -3.1669749190182719E+000                  1.7097070960592931E+000                  1.9482677234191241E+000                  2.0987827212511148E+000 
                                     633                  2.9565953548657533E+000                  1.9226434112553892E-001                  6.4435370016103155E+000                 -1.4492463514771474E+000                  1.3124896918168545E+001                  6.9999999295983717E-001                  2.8000000704016303E-001                  1.9999999999999796E-002                  0.0000000000000000E+000                  3.6719267276922536E+008                  2.4864084837336600E+007                  4.2089940332656637E-007                  4.1260168448726738E-020                  0.0000000000000000E+000                  3.7680230596111235E+000                  2.2304031322181824E+010                  4.6657321645190144E-007                  3.5648035977399399E-014                 -3.1655400977100565E+000                  1.7119773504953113E+000                  1.9505379778551426E+000                  2.1010529756871330E+000 
                                     634                  2.9552043660196414E+000                  1.9013235003708145E-001                  6.4484384072740575E+000                 -1.4334820837531410E+000                  1.3145551473182064E+001                  6.9999999216302466E-001                  2.8000000783697554E-001                  1.9999999999999796E-002                  0.0000000000000000E+000                  3.6711708904688901E+008                  2.5004778974330220E+007                  4.7419524952288807E-007                  6.1240630439869874E-020                  0.0000000000000000E+000                  3.7430830565038073E+000                  2.2348190684999119E+010                  4.7297545302238244E-007                  3.9343466632720436E-014                 -3.1625806990746033E+000                  1.7165617871847807E+000                  1.9551224145446118E+000                  2.1056374123766024E+000 
                                     635                  2.9537708074795055E+000                  1.8798186438756864E-001                  6.4533303488090654E+000                 -1.4176696270608928E+000                  1.3166243844627324E+001                  6.9999999128181722E-001                  2.8000000871818298E-001                  1.9999999999999796E-002                  0.0000000000000000E+000                  3.6703775185409641E+008                  2.5145972227298658E+007                  5.3403377478667698E-007                  9.0720307593366652E-020                  0.0000000000000000E+000                  3.7174867658802975E+000                  2.2389139217677013E+010                  4.7946683844809103E-007                  4.3766920698582986E-014                 -3.1596207123666118E+000                  1.7211603220638494E+000                  1.9597209494236805E+000                  2.1102359472556711E+000 
                                     636                  2.9522934767553970E+000                  1.8581283421011846E-001                  6.4582126665919022E+000                 -1.4018087563406016E+000                  1.3186974099227548E+001                  6.9999999029654481E-001                  2.8000000970345540E-001                  1.9999999999999796E-002                  0.0000000000000000E+000                  3.6695452875600421E+008                  2.5287661431133278E+007                  6.0119222864269624E-007                  1.3413017308158122E-019                  0.0000000000000000E+000                  3.6912084777544512E+000                  2.2428045419413712E+010                  4.8612571807791528E-007                  4.8854290613635491E-014                 -3.1566257011641592E+000                  1.7257722503664825E+000                  1.9643328777263136E+000                  2.1148478755583042E+000 
                                     637                  2.9507711431102517E+000                  1.8362521492250033E-001                  6.4630851115425187E+000                 -1.3858991891373584E+000                  1.3207742267989076E+001                  6.9999998920896211E-001                  2.8000001079103809E-001                  1.9999999999999796E-002                  0.0000000000000000E+000                  3.6686730097911847E+008                  2.5429840250730149E+007                  6.7653612068879115E-007                  1.9792641898079968E-019                  0.0000000000000000E+000                  3.6641639522004810E+000                  2.2464893037004570E+010                  4.9296929428715135E-007                  5.4427036496814884E-014                 -3.1535900654495741E+000                  1.7303975452659153E+000                  1.9689581726257464E+000                  2.1194731704577370E+000 
                                     638                  2.9492025471273773E+000                  1.8141896779065633E-001                  6.4679473134546228E+000                 -1.3699405503147297E+000                  1.3228548346845843E+001                  6.9999998800371899E-001                  2.8000001199628127E-001                  1.9999999999999796E-002                  0.0000000000000000E+000                  3.6677575495753056E+008                  2.5572500604061935E+007                  7.6102819432141024E-007                  2.9149489926824716E-019                  0.0000000000000000E+000                  3.6362777804968109E+000                  2.2499661483501423E+010                  5.0002049079211798E-007                  6.0255145602671553E-014                 -3.1505060989763871E+000                  1.7350361339865497E+000                  1.9735967613463807E+000                  2.1241117591783714E+000 
                                     639                  2.9475864002894983E+000                  1.7919406060954365E-001                  6.4715733142327414E+000                 -1.3579046356753475E+000                  1.3244197661792732E+001                  6.9999998701707256E-001                  2.8000001298292770E-001                  1.9999999999999796E-002                  0.0000000000000000E+000                  3.6669877715363216E+008                  2.5679397262049675E+007                  8.3091880132339916E-007                  3.8884368774136539E-019                  0.0000000000000000E+000                  3.6153034971024769E+000                  2.2531154638544994E+010                  5.0722512005190094E-007                  6.6009292855874856E-014                 -3.1473996231962671E+000                  1.7396888109767485E+000                  1.9782494383365796E+000                  2.1287644361685700E+000 
                                     640                  2.9467538924275378E+000                  1.7806630321636871E-001                  6.4739962549580570E+000                 -1.3498879839978277E+000                  1.3254629170353446E+001                  6.9999998631252713E-001                  2.8000001368747302E-001                  1.9999999999999796E-002                  0.0000000000000000E+000                  3.6664936894502503E+008                  2.5751076702902161E+007                  8.8102086827596811E-007                  4.7118668324884398E-019                  0.0000000000000000E+000                  3.6006704471000464E+000                  2.2546215657326160E+010                  5.1094578466851134E-007                  7.1331734685420428E-014                 -3.1458125897256299E+000                  1.7420373538788543E+000                  1.9805979812386854E+000                  2.1311129790706760E+000 
                                     641                  2.9459213845655783E+000                  1.7695055987021080E-001                  6.4776396824585500E+000                 -1.3378748854345637E+000                  1.3270274076818128E+001                  6.9999998518972562E-001                  2.8000001481027453E-001                  1.9999999999999796E-002                  0.0000000000000000E+000                  3.6657821865241498E+008                  2.5859241844177928E+007                  9.6186527896293193E-007                  6.2852018607348510E-019                  0.0000000000000000E+000                  3.5777060511724916E+000                  2.2561699533813557E+010                  5.1475535991219136E-007                  7.7111515501037807E-014                 -3.1441995612882638E+000                  1.7443536366629500E+000                  1.9829142640227810E+000                  2.1334292618547717E+000 
                                     642                  2.9442061519849618E+000                  1.7468826298815851E-001                  6.4824678682099721E+000                 -1.3217660346962179E+000                  1.3291193498294945E+001                  6.9999998355258963E-001                  2.8000001644741068E-001                  1.9999999999999685E-002                  0.0000000000000000E+000                  3.6647128827357954E+008                  2.6003268341191258E+007                  1.0807087055129591E-006                  9.2009574452112776E-019                  0.0000000000000000E+000                  3.5469407145457166E+000                  2.2591265116528847E+010                  5.2263830854923335E-007                  8.4604099042932033E-014                 -3.1408993801767275E+000                  1.7490305293327200E+000                  1.9875911566925510E+000                  2.1381061545245417E+000 
                                     643                  2.9424393241967790E+000                  1.7240725485403313E-001                  6.4872833965456582E+000                 -1.3056059827944266E+000                  1.3312150471660578E+001                  6.9999998174058420E-001                  2.8000001825941589E-001                  1.9999999999999907E-002                  0.0000000000000000E+000                  3.6635849648720795E+008                  2.6147714500459950E+007                  1.2137412052780591E-006                  1.3441529869568293E-018                  0.0000000000000000E+000                  3.5151278251637632E+000                  2.2617424753966278E+010                  5.3072290733453327E-007                  9.3802654877740403E-014                 -3.1375660833623580E+000                  1.7537205961981908E+000                  1.9922812235580218E+000                  2.1427962213900122E+000 
                                     644                  2.9406194920358950E+000                  1.7010753510592491E-001                  6.4920854914064501E+000                 -1.2893941009024401E+000                  1.3333144822869853E+001                  6.9999997973719130E-001                  2.8000002026280896E-001                  1.9999999999999796E-002                  0.0000000000000000E+000                  3.6623938604035401E+008                  2.6292558820425294E+007                  1.3625841841697112E-006                  1.9595199985334869E-018                  0.0000000000000000E+000                  3.4822392838123575E+000                  2.2641347228705936E+010                  5.3911001067927622E-007                  1.0446805204363895E-013                 -3.1341613018630841E+000                  1.7584228621769786E+000                  1.9969834895368097E+000                  2.1474984873688001E+000 
                                     645                  2.9387452150925646E+000                  1.6778911252275489E-001                  6.4968733316148173E+000                 -1.2731297484600996E+000                  1.3354176344586225E+001                  6.9999997751773457E-001                  2.8000002248226563E-001                  1.9999999999999796E-002                  0.0000000000000000E+000                  3.6611350127965581E+008                  2.6437778030813690E+007                  1.5290332142746609E-006                  2.8504825281716659E-018                  0.0000000000000000E+000                  3.4482559525098404E+000                  2.2662995084135349E+010                  5.4781476997148355E-007                  1.1642935445145083E-013                 -3.1306831313215695E+000                  1.7631369841786444E+000                  2.0016976115384755E+000                  2.1522126093704661E+000 
                                     646                  2.9368150212869608E+000                  1.6545200539260593E-001                  6.5016460622050980E+000                 -1.2568122851570591E+000                  1.3375244796220885E+001                  6.9999997506499023E-001                  2.8000002493500997E-001                  1.9999999999999796E-002                  0.0000000000000000E+000                  3.6598041063000631E+008                  2.6583347152791873E+007                  1.7150752978345743E-006                  4.1374848768827306E-018                  0.0000000000000000E+000                  3.4131687352458222E+000                  2.2682330681351234E+010                  5.5685101441178601E-007                  1.2972945969648784E-013                 -3.1271304924255277E+000                  1.7678625889320592E+000                  2.0064232162918905E+000                  2.1569382141238811E+000 
                                     647                  2.9348274064353252E+000                  1.6309624181345492E-001                  6.5064028540922223E+000                 -1.2404411315975958E+000                  1.3396349903990190E+001                  6.9999997235322775E-001                  2.8000002764677245E-001                  1.9999999999999796E-002                  0.0000000000000000E+000                  3.6583984990849096E+008                  2.6729239313137636E+007                  1.9229089901914989E-006                  5.9922030506027274E-018                  0.0000000000000000E+000                  3.3770494212392936E+000                  2.2699318175153065E+010                  5.6622293486104494E-007                  1.4452149541999097E-013                 -3.1235062717579165E+000                  1.7725992723042461E+000                  2.0111598996640772E+000                  2.1616748974960678E+000 
                                     648                  2.9327808338120813E+000                  1.6072185966006691E-001                  6.5111430298545496E+000                 -1.2240158999816937E+000                  1.3417491360930820E+001                  6.9999996935585407E-001                  2.8000003064414603E-001                  1.9999999999999907E-002                  0.0000000000000000E+000                  3.6569175698181242E+008                  2.6875429479330853E+007                  2.1549690677395108E-006                  8.6587676467295245E-018                  0.0000000000000000E+000                  3.3400756076105398E+000                  2.2713928571158894E+010                  5.7591332255561688E-007                  1.6099716122696926E-013                 -3.1198214374276443E+000                  1.7773466282517529E+000                  2.0159072556115842E+000                  2.1664222534435749E+000 
                                     649                  2.9306737337259259E+000                  1.5832890582780371E-001                  6.5158661300210534E+000                 -1.2075364658478329E+000                  1.3438668827003921E+001                  6.9999996604360271E-001                  2.8000003395639739E-001                  1.9999999999999907E-002                  0.0000000000000000E+000                  3.6553607135306066E+008                  2.7021899917424586E+007                  2.4139536889383721E-006                  1.2483576144767353E-017                  0.0000000000000000E+000                  3.3024188840451294E+000                  2.2726144998034653E+010                  5.8589287743660003E-007                  1.7934725410904223E-013                 -3.1160908907886835E+000                  1.7821043232858431E+000                  2.0206649506456742E+000                  2.1711799484776648E+000 
                                     650                  2.9285045030952310E+000                  1.5591743501844654E-001                  6.5205718938926926E+000                 -1.1910029476206729E+000                  1.3459881929549470E+001                  6.9999996238427242E-001                  2.8000003761572784E-001                  1.9999999999999796E-002                  0.0000000000000000E+000                  3.6537271985815740E+008                  2.7168639938574452E+007                  2.7028527087697767E-006                  1.7957052004826938E-017                  0.0000000000000000E+000                  3.2642355265369898E+000                  2.2735963986182026E+010                  5.9613449478475684E-007                  1.9977907343950477E-013                 -3.1123278736925100E+000                  1.7868721378970609E+000                  2.0254327652568920E+000                  2.1759477630888826E+000 
                                     651                  2.9262715050018158E+000                  1.5348750853858628E-001                  6.5252602351998155E+000                 -1.1744156799893151E+000                  1.3481130264050517E+001                  6.9999995834244066E-001                  2.8000004165755932E-001                  2.0000000000000018E-002                  0.0000000000000000E+000                  3.6520175306493396E+008                  2.7315643358751118E+007                  3.0249788264994652E-006                  2.5772046668325542E-017                  0.0000000000000000E+000                  3.2256671290522156E+000                  2.2743394184000858E+010                  6.0661407419107969E-007                  2.2252894276681482E-013                 -3.1085437588717149E+000                  1.7916499425013923E+000                  2.0302105698612234E+000                  2.1807255676932140E+000 
                                     652                  2.9239730682449654E+000                  1.5103919317717618E-001                  6.5299312196946735E+000                 -1.1577751885469760E+000                  1.3502413395037825E+001                  6.9999995387915082E-001                  2.8000004612084922E-001                  2.0000000000000018E-002                  0.0000000000000000E+000                  3.6502357532156932E+008                  2.7462904602119979E+007                  3.3840020291815291E-006                  3.6905378010761748E-017                  0.0000000000000000E+000                  3.1868413664323216E+000                  2.2748454943961922E+010                  6.1730984147060740E-007                  2.4785943714482467E-013                 -3.1047483996159846E+000                  1.7964376451013184E+000                  2.0349982724611495E+000                  2.1855132702931401E+000 
                                     653                  2.9216074869018751E+000                  1.4857256016916934E-001                  6.5345850447293579E+000                 -1.1410821669236111E+000                  1.3523730857264916E+001                  6.9999994895156792E-001                  2.8000005104843206E-001                  2.0000000000000018E-002                  0.0000000000000000E+000                  3.6483861328695834E+008                  2.7610422426310349E+007                  3.7839876698882349E-006                  5.2731477222824471E-017                  0.0000000000000000E+000                  3.1478728305228527E+000                  2.2751175006803371E+010                  6.2820219251185268E-007                  2.7606287754925845E-013                 -3.1009502760937666E+000                  1.8012351889435618E+000                  2.0397958163033931E+000                  2.1903108141353838E+000 
                                     654                  2.9191730198545378E+000                  1.4608768419643289E-001                  6.5392220209360898E+000                 -1.1243374560008665E+000                  1.3545082157238415E+001                  6.9999994351260653E-001                  2.8000005648739362E-001                  1.9999999999999796E-002                  0.0000000000000000E+000                  3.6464723435832202E+008                  2.7758200464271281E+007                  4.2294385740528905E-006                  7.5180538896316205E-017                  0.0000000000000000E+000                  3.1088641003060320E+000                  2.2751591312055187E+010                  6.3927391420183640E-007                  3.0746447301757037E-013                 -3.0971565083722554E+000                  1.8060425862990390E+000                  2.0446032136588701E+000                  2.1951182114908607E+000 
                                     655                  2.9166678902938501E+000                  1.4358464243530514E-001                  6.5438425560269540E+000                 -1.1075420254350887E+000                  1.3566466774913865E+001                  6.9999993751051925E-001                  2.8000006248948089E-001                  1.9999999999999796E-002                  0.0000000000000000E+000                  3.6444976450839144E+008                  2.7906246588642705E+007                  4.7253416056115446E-006                  1.0695826627914043E-016                  0.0000000000000000E+000                  3.0699068059932819E+000                  2.2749747930059528E+010                  6.5050998820157952E-007                  3.4242582048028165E-013                 -3.0933730153563261E+000                  1.8108599168919959E+000                  2.0494205442518267E+000                  2.1999355420838174E+000 
                                     656                  2.9140902852212909E+000                  1.4106351366587033E-001                  6.5484471406074745E+000                 -1.0906969581415396E+000                  1.3587884165598920E+001                  6.9999993088845158E-001                  2.8000006911154851E-001                  1.9999999999999907E-002                  0.0000000000000000E+000                  3.6424666443150747E+008                  2.8054570417492893E+007                  5.2772191618237679E-006                  1.5185076122563828E-016                  0.0000000000000000E+000                  3.0310826722214803E+000                  2.2745695137346382E+010                  6.6189711879172772E-007                  3.8134909683995061E-013                 -3.0896047546859760E+000                  1.8156873028329921E+000                  2.0542479301928234E+000                  2.2047629280248140E+000 
                                     657                  2.9114383549092584E+000                  1.3852437739345969E-001                  6.5530363352133127E+000                 -1.0738034327376413E+000                  1.3609333762223406E+001                  6.9999992358395180E-001                  2.8000007641604813E-001                  2.0000000000000018E-002                  0.0000000000000000E+000                  3.6403846764209455E+008                  2.8203183402316622E+007                  5.8911861270426335E-006                  2.1514697060405393E-016                  0.0000000000000000E+000                  2.9924635748043356E+000                  2.2739488525751221E+010                  6.7342345433123661E-007                  4.2468095239223678E-013                 -3.0858558809287855E+000                  1.8205248894555373E+000                  2.0590855168153683E+000                  2.2096005146473590E+000 
                                     658                  2.9087102123088258E+000                  1.3596731299247641E-001                  6.5576107506489514E+000                 -1.0568626994261636E+000                  1.3630814977884667E+001                  6.9999991552843921E-001                  2.8000008447156088E-001                  1.9999999999999907E-002                  0.0000000000000000E+000                  3.6382569641332042E+008                  2.8352099082543716E+007                  6.5740121515477320E-006                  3.0422309388807396E-016                  0.0000000000000000E+000                  2.9541020858212157E+000                  2.2731187900906250E+010                  6.8508003219809411E-007                  4.7291772645888504E-013                 -3.0821293452671368E+000                  1.8253728481382374E+000                  2.0639334754980685E+000                  2.2144484733300591E+000 
                                     659                  2.9059039324207188E+000                  1.3339239893668664E-001                  6.5621710257650028E+000                 -1.0398760539599121E+000                  1.3652327208590931E+001                  6.9999990664661804E-001                  2.8000009335338194E-001                  2.0000000000000018E-002                  0.0000000000000000E+000                  3.6360884158972573E+008                  2.8501332610548254E+007                  7.3331897492774849E-006                  4.2934983199057995E-016                  0.0000000000000000E+000                  2.9160376294228358E+000                  2.2720855978158527E+010                  6.9686152537541065E-007                  5.2661146499582681E-013                 -3.0784267563886485E+000                  1.8302313747634180E+000                  2.0687920021232493E+000                  2.2193069999552399E+000 
                                     660                  2.9030175516145240E+000                  1.3079971212471930E-001                  6.5667178165100193E+000                 -1.0228448246148132E+000                  1.3673869836277991E+001                  6.9999989685584452E-001                  2.8000010314415552E-001                  2.0000000000000018E-002                  0.0000000000000000E+000                  3.6338832946662980E+008                  2.8650901215408929E+007                  8.1770099119770176E-006                  6.0480618947704434E-016                  0.0000000000000000E+000                  2.8783050377011326E+000                  2.2708557393871468E+010                  7.0876444338227918E-007                  5.8637529950187035E-013                 -3.0747490389226679E+000                  1.8351006895573612E+000                  2.0736613169171925E+000                  2.2241763147491831E+000 
                                     661                  2.9000490668712837E+000                  1.2818932721257278E-001                  6.5712517920884519E+000                 -1.0057703648093810E+000                  1.3695442232162806E+001                  6.9999988606542574E-001                  2.8000011393457441E-001                  1.9999999999999796E-002                  0.0000000000000000E+000                  3.6316455646886897E+008                  2.8800823600185420E+007                  9.1146460916269640E-006                  8.5041446622281115E-016                  0.0000000000000000E+000                  2.8409350255026400E+000                  2.2694358222989273E+010                  7.2078593347580387E-007                  6.5248042991411715E-013                 -3.0710968487180534E+000                  1.8399810361954831E+000                  2.0785416635553142E+000                  2.2290566613873048E+000 
                                     662                  2.8969964349351920E+000                  1.2556131591661426E-001                  6.5757736317561291E+000                 -9.8865404434767623E-001                  1.3717043760411483E+001                  6.9999987417585818E-001                  2.8000012582414180E-001                  2.0000000000000018E-002                  0.0000000000000000E+000                  3.6293793885040200E+008                  2.8951118784895908E+007                  1.0156247019812839E-005                  1.1936531717618723E-015                  0.0000000000000000E+000                  2.8039545008563764E+000                  2.2678325623863808E+010                  7.3292356566719582E-007                  7.2394311667021058E-013                 -3.0674706571131378E+000                  1.8448726687377659E+000                  2.0834332960975970E+000                  2.2339482939295876E+000 
                                     663                  2.8938575713704036E+000                  1.2291574630120551E-001                  6.5797091841242654E+000                 -9.7363704598391210E-001                  1.3735963360964929E+001                  6.9999986281468674E-001                  2.8000013718531314E-001                  2.0000000000000129E-002                  0.0000000000000000E+000                  3.6273520819676763E+008                  2.9082554408516362E+007                  1.1159945627134859E-005                  1.6024487302851786E-015                  0.0000000000000000E+000                  2.7722357275289857E+000                  2.2659936517209797E+010                  7.4514277005882655E-007                  7.9869911776016714E-013                 -3.0638802540229584E+000                  1.8497762199926613E+000                  2.0883368473524926E+000                  2.2388518451844832E+000 
                                     664                  2.8914455565096477E+000                  1.2092014352549728E-001                  6.5830860013913224E+000                 -9.6074730713218626E-001                  1.3752201767889790E+001                  6.9999985225686634E-001                  2.8000014774313348E-001                  2.0000000000000240E-002                  0.0000000000000000E+000                  3.6256232231955743E+008                  2.9195802897039447E+007                  1.2098092855810006E-005                  2.0618638025027054E-015                  0.0000000000000000E+000                  2.7450462851497832E+000                  2.2645038635955997E+010                  7.5437935911528882E-007                  8.7267793783021268E-013                 -3.0612051015092816E+000                  1.8534615259943128E+000                  2.0920221533541437E+000                  2.2425371511861343E+000 
                                     665                  2.8889829279228993E+000                  1.1891472605393702E-001                  6.5864570038184977E+000                 -9.4783606342622040E-001                  1.3768455609856888E+001                  6.9999984088638745E-001                  2.8000015911361237E-001                  2.0000000000000240E-002                  0.0000000000000000E+000                  3.6238842006019747E+008                  2.9309290733245004E+007                  1.3112719391990000E-005                  2.6505662470039768E-015                  0.0000000000000000E+000                  2.7181067826651910E+000                  2.2629656882918530E+010                  7.6370490245109765E-007                  9.4817721397277056E-013                 -3.0585372107608806E+000                  1.8571533585132700E+000                  2.0957139858731009E+000                  2.2462289837050915E+000 
                                     666                  2.8864687585065507E+000                  1.1689951712513502E-001                  6.5898224850272822E+000                 -9.3490389605160606E-001                  1.3784724621468934E+001                  6.9999982870303623E-001                  2.8000017129696353E-001                  2.0000000000000240E-002                  0.0000000000000000E+000                  3.6221361978528917E+008                  2.9423027528479431E+007                  1.4209914228712627E-005                  3.4043163216236879E-015                  0.0000000000000000E+000                  2.6914237825369001E+000                  2.2613378263140404E+010                  7.7309238080728545E-007                  1.0285223569777310E-012                 -3.0558843034433982E+000                  1.8608520694032626E+000                  2.0994126967630935E+000                  2.2499276945950841E+000 
                                     667                  2.8839021068278621E+000                  1.1487453798089385E-001                  6.5931827387518753E+000                 -9.2195138229942852E-001                  1.3801008540866652E+001                  6.9999981560609514E-001                  2.8000018439390456E-001                  2.0000000000000240E-002                  0.0000000000000000E+000                  3.6203804473324275E+008                  2.9537022914674856E+007                  1.5396243690191947E-005                  4.3686103753471451E-015                  0.0000000000000000E+000                  2.6650029712261509E+000                  2.2596231818211086E+010                  7.8254145560490154E-007                  1.1211558530986429E-012                 -3.0532463230801756E+000                  1.8645577876815718E+000                  2.1031184150414028E+000                  2.2536334128733935E+000 
                                     668                  2.8812820168110309E+000                  1.1283980769749180E-001                  6.5976813106326917E+000                 -9.0466814215700031E-001                  1.3822752594878695E+001                  6.9999979651492905E-001                  2.8000020348507043E-001                  2.0000000000000462E-002                  0.0000000000000000E+000                  3.6180832513771355E+008                  2.9690327916474335E+007                  1.7134887228692816E-005                  6.0939556232306033E-015                  0.0000000000000000E+000                  2.6295482270374393E+000                  2.2579134606860676E+010                  7.9209962535479608E-007                  1.2338248487655097E-012                 -3.0506100960607951E+000                  1.8682700976171698E+000                  2.1068307249770006E+000                  2.2573457228089913E+000 
                                     669                  2.8767938039239676E+000                  1.0942673081086654E-001                  6.6026887584213192E+000                 -8.8515465650573377E-001                  1.3847229013566672E+001                  6.9999977282687575E-001                  2.8000022717312345E-001                  2.0000000000000795E-002                  0.0000000000000000E+000                  3.6153982643345737E+008                  2.9861884383798338E+007                  1.9308607880936812E-005                  8.8219793709740988E-015                  0.0000000000000000E+000                  2.5913328751053526E+000                  2.2548073493233349E+010                  8.0813284007486602E-007                  1.3769244019802731E-012                 -3.0462586222305426E+000                  1.8744743020296331E+000                  2.1130349293894644E+000                  2.2635499272214545E+000 
                                     670                  2.8730913292454106E+000                  1.0667694377395211E-001                  6.6071449566742739E+000                 -8.6778365338435248E-001                  1.3869016893073962E+001                  6.9999974953536559E-001                  2.8000025046463334E-001                  2.0000000000001128E-002                  0.0000000000000000E+000                  3.6130329332335013E+008                  3.0015382964395367E+007                  2.1468523854129690E-005                  1.2248657054789120E-014                  0.0000000000000000E+000                  2.5575371190049503E+000                  2.2520533962904408E+010                  8.2101266149271497E-007                  1.5360216153034386E-012                 -3.0428250726132284E+000                  1.8794530200669894E+000                  2.1180136474268205E+000                  2.2685286452588111E+000 
                                     671                  2.8692867796077857E+000                  1.0390991061911539E-001                  6.6115944489842704E+000                 -8.5038146996370967E-001                  1.3890829053572830E+001                  6.9999972389447274E-001                  2.8000027610552591E-001                  2.0000000000001350E-002                  0.0000000000000000E+000                  3.6106645368146592E+008                  3.0169429316644605E+007                  2.3863539255941304E-005                  1.6983295709149910E-014                  0.0000000000000000E+000                  2.5241726257055501E+000                  2.2492289133273998E+010                  8.3405241638136161E-007                  1.7120336572300043E-012                 -3.0394033275409265E+000                  1.8844450655630018E+000                  2.1230056929228329E+000                  2.2735206907548235E+000 
                                     672                  2.8653776956516408E+000                  1.0112564419920150E-001                  6.6160377759030560E+000                 -8.3294920214435952E-001                  1.3912664978335272E+001                  6.9999969569289688E-001                  2.8000030430710116E-001                  2.0000000000002016E-002                  0.0000000000000000E+000                  3.6082950231238848E+008                  3.0324043289535161E+007                  2.6518696542780149E-005                  2.3517105147468816E-014                  0.0000000000000000E+000                  2.4912093562089055E+000                  2.2462814014864647E+010                  8.4723077660445209E-007                  1.9059341710877464E-012                 -3.0359991381908942E+000                  1.8894510087057619E+000                  2.1280116360655930E+000                  2.2785266338975836E+000 
                                     673                  2.8613615643331518E+000                  9.8324148313785609E-002                  6.6204754190902646E+000                 -8.1548785262158974E-001                  1.3934524181227671E+001                  6.9999966468035746E-001                  2.8000033531963980E-001                  2.0000000000002682E-002                  0.0000000000000000E+000                  3.6059262946507603E+008                  3.0479242786828335E+007                  2.9461645478790458E-005                  3.2522933831776610E-014                  0.0000000000000000E+000                  2.4586210258874956E+000                  2.2432165380657356E+010                  8.6056068314788164E-007                  2.1208534282890439E-012                 -3.0326092498111223E+000                  1.8944711085929646E+000                  2.1330317359527955E+000                  2.2835467337847861E+000 
                                     674                  2.8572358172019032E+000                  9.5505417537672443E-002                  6.6249078089782660E+000                 -7.9799833688879507E-001                  1.3956406208743401E+001                  6.9999963058242098E-001                  2.8000036941757550E-001                  2.0000000000003570E-002                  0.0000000000000000E+000                  3.6035600909379983E+008                  3.0635044116990112E+007                  3.2722909092631106E-005                  4.4921430918164681E-014                  0.0000000000000000E+000                  2.4263846863770242E+000                  2.2400396595779999E+010                  8.7405406253775087E-007                  2.3597896316246571E-012                 -3.0292308521406430E+000                  1.8995056031683721E+000                  2.1380662305282034E+000                  2.2885812283601941E+000 
                                     675                  2.8529978287445492E+000                  9.2669437122758588E-002                  6.6293353314616121E+000                 -7.8048148937836248E-001                  1.3978310640958583E+001                  6.9999959309817150E-001                  2.8000040690182371E-001                  2.0000000000004792E-002                  0.0000000000000000E+000                  3.6011977555170184E+008                  3.0791462614003502E+007                  3.6336176255709639E-005                  6.1970954320609258E-014                  0.0000000000000000E+000                  2.3944803549788847E+000                  2.2367558019982212E+010                  8.8772197454766977E-007                  2.6255058149580175E-012                 -3.0258615147603836E+000                  1.9045547168879833E+000                  2.1431153442478146E+000                  2.2936303420798052E+000 
                                     676                  2.8486449148655981E+000                  8.9816183009129483E-002                  6.6337583337416888E+000                 -7.6293806961845156E-001                  1.4000237091606424E+001                  6.9999955189767460E-001                  2.8000044810231894E-001                  2.0000000000006457E-002                  0.0000000000000000E+000                  3.5988404977398354E+008                  3.0948512542112123E+007                  4.0338623504007050E-005                  8.5389624163064031E-014                  0.0000000000000000E+000                  2.3628906869452644E+000                  2.2333697372440765E+010                  9.0157471370855793E-007                  2.9209940849114885E-012                 -3.0224991386821949E+000                  1.9096186649943556E+000                  2.1481792923541865E+000                  2.2986942901861771E+000 
                                     677                  2.8441743314167773E+000                  8.6945621873193352E-002                  6.6381771294956451E+000                 -7.4536876803970531E-001                  1.4022185207717698E+001                  6.9999950661921262E-001                  2.8000049338077898E-001                  2.0000000000008455E-002                  0.0000000000000000E+000                  3.5964894042862469E+008                  3.1106207156774923E+007                  4.4771269043985219E-005                  1.1752085015090215E-013                  0.0000000000000000E+000                  2.3316006862905669E+000                  2.2298860059002300E+010                  9.1562184024310194E-007                  3.2495795582923763E-012                 -3.0191419283439096E+000                  1.9146976536360740E+000                  2.1532582809959053E+000                  2.3037732788278960E+000 
                                     678                  2.8395832727334729E+000                  8.4057711180956146E-002                  6.6425920034476693E+000                 -7.2777421153378641E-001                  1.4044154668869705E+001                  6.9999945686626763E-001                  2.8000054313372102E-001                  2.0000000000011342E-002                  0.0000000000000000E+000                  3.5941454692212486E+008                  3.1264558815140273E+007                  4.9679362112844338E-005                  1.6155759733294350E-013                  0.0000000000000000E+000                  2.3005974513138936E+000                  2.2263089465000584E+010                  9.2987222292734863E-007                  3.6149553141730373E-012                 -3.0157883626532094E+000                  1.9197918814362753E+000                  2.1583525087961064E+000                  2.3088675066280970E+000 
                                     679                  2.8348688702310345E+000                  8.1152399276283732E-002                  6.6470032154055021E+000                 -7.1015496876307282E-001                  1.4066145186035355E+001                  6.9999940220422741E-001                  2.8000059779575742E-001                  2.0000000000015117E-002                  0.0000000000000000E+000                  3.5918096344604033E+008                  3.1423579142017357E+007                  5.5112811175042430E-005                  2.2184593948543346E-013                  0.0000000000000000E+000                  2.2698699518447971E+000                  2.2226427217491779E+010                  9.4433409316150770E-007                  4.0212217654583669E-012                 -3.0124371653789712E+000                  1.9249015416994097E+000                  2.1634621690592408E+000                  2.3139771668912315E+000 
                                     680                  2.8300281910388634E+000                  7.8229625484639215E-002                  6.6514110040128722E+000                 -6.9251155578894363E-001                  1.4088156499967910E+001                  6.9999934215678772E-001                  2.8000065784319200E-001                  2.0000000000020224E-002                  0.0000000000000000E+000                  3.5894827190209746E+008                  3.1583279209996268E+007                  6.1126654864146414E-005                  3.0429554253035342E-013                  0.0000000000000000E+000                  2.2394090537718672E+000                  2.2188913430036114E+010                  9.5901504991027508E-007                  4.4729327248346341E-012                 -3.0090872886765556E+000                  1.9300268250335593E+000                  2.1685874523933903E+000                  2.3191024502253810E+000 
                                     681                  2.8250582367560999E+000                  7.5289320274283103E-002                  6.6558156036671665E+000                 -6.7484445606600740E-001                  1.4110188378933969E+001                  6.9999927620203206E-001                  2.8000072379794128E-001                  2.0000000000026663E-002                  0.0000000000000000E+000                  3.5871654454707676E+008                  3.1743670126433436E+007                  6.7781590585604828E-005                  4.1693455963585949E-013                  0.0000000000000000E+000                  2.2092213642495069E+000                  2.2150587300434750E+010                  9.7391889207003780E-007                  4.9751452876816505E-012                 -3.0057386048220560E+000                  1.9351679246827760E+000                  2.1737285520426068E+000                  2.3242435498745975E+000 
                                     682                  2.8199559423713034E+000                  7.2331405390211143E-002                  6.6602172820539556E+000                 -6.5715416179966113E-001                  1.4132240616351149E+001                  6.9999920376815228E-001                  2.8000079623181218E-001                  2.0000000000035545E-002                  0.0000000000000000E+000                  3.5848585797246593E+008                  3.1904764405344266E+007                  7.5144579837930584E-005                  5.7065991905139623E-013                  0.0000000000000000E+000                  2.1793359084956418E+000                  2.2111488589606117E+010                  9.8904043771509191E-007                  5.5334708774583181E-012                 -3.0023929757800225E+000                  1.9403250497920077E+000                  2.1788856771518388E+000                  2.3294006749838294E+000 
                                     683                  2.8147181751041690E+000                  6.9355793655844128E-002                  6.6646163630121400E+000                 -6.3944119963492774E-001                  1.4154313028746351E+001                  6.9999912422878463E-001                  2.8000087577116828E-001                  2.0000000000047091E-002                  0.0000000000000000E+000                  3.5825630055338997E+008                  3.2066576827815332E+007                  8.3289516853234590E-005                  7.8025101213669849E-013                  0.0000000000000000E+000                  2.1497813207826133E+000                  2.2071659201155815E+010                  1.0043684043950179E-006                  6.1541340036112965E-012                 -2.9990534789297394E+000                  1.9454984406101465E+000                  2.1840590679699776E+000                  2.3345740658019682E+000 
                                     684                  2.8093417332560171E+000                  6.6362388588015700E-002                  6.6690132247741696E+000                 -6.2170613069259928E-001                  1.4176405453716239E+001                  6.9999903689792020E-001                  2.8000096310201766E-001                  2.0000000000062190E-002                  0.0000000000000000E+000                  3.5802796470030284E+008                  3.2229124421050701E+007                  9.2297952407383062E-005                  1.0657378989766474E-012                  0.0000000000000000E+000                  2.1205838726957462E+000                  2.2031143683479546E+010                  1.0198909573734618E-006                  6.8440403229087373E-012                 -2.9957231293849707E+000                  1.9506883740432992E+000                  2.1892490014031303E+000                  2.3397639992351209E+000 
                                     685                  2.8038233451442620E+000                  6.3351084034386884E-002                  6.6734082963797716E+000                 -6.0394954928141054E-001                  1.4198517747575124E+001                  6.9999894102435933E-001                  2.8000105897555855E-001                  2.0000000000082174E-002                  0.0000000000000000E+000                  3.5780094586607939E+008                  3.2392426414029658E+007                  1.0225989275077925E-004                  1.4542475664969468E-012                  0.0000000000000000E+000                  2.0917676995899441E+000                  2.1989989041906208E+010                  1.0355961270811713E-006                  7.6108492085566317E-012                 -2.9924047912035676E+000                  1.9558951628656289E+000                  2.1944557902254598E+000                  2.3449707880574509E+000 
                                     686                  2.7981596682227590E+000                  6.0321763891402709E-002                  6.6778020544977066E+000                 -5.8617208208936578E-001                  1.4220649782864511E+001                  6.9999883578565936E-001                  2.8000116421423227E-001                  2.0000000000108376E-002                  0.0000000000000000E+000                  3.5757534840040088E+008                  3.2556504166340295E+007                  1.1327468358593611E-004                  1.9824944213556826E-012                  0.0000000000000000E+000                  2.0633550020672602E+000                  2.1948244525175606E+010                  1.0514717228654465E-006                  8.4630531123090038E-012                 -2.9891012011315450E+000                  1.9611191545132063E+000                  2.1996797818730371E+000                  2.3501947797050282E+000 
                                     687                  2.7923472882351006E+000                  5.7274301807601617E-002                  6.6821950207202940E+000                 -5.6837438737045221E-001                  1.4242801446305496E+001                  6.9999872028151744E-001                  2.8000127971833949E-001                  2.0000000000143014E-002                  0.0000000000000000E+000                  3.5735127775186747E+008                  3.2721381123247884E+007                  1.2545198871162459E-004                  2.7001387894241065E-012                  0.0000000000000000E+000                  2.0353662228242291E+000                  2.1905961433679531E+010                  1.0675052470014667E-006                  9.4100682392805199E-012                 -2.9858149908267930E+000                  1.9663607299231955E+000                  2.2049213572830264E+000                  2.3554363551150170E+000 
                                     688                  2.7863827182728333E+000                  5.4208560803524111E-002                  6.6865877592619132E+000                 -5.5055715410415840E-001                  1.4264972637107521E+001                  6.9999859352649541E-001                  2.8000140647331589E-001                  2.0000000000188756E-002                  0.0000000000000000E+000                  3.5712883957657683E+008                  3.2887082746231485E+007                  1.3891287385749582E-004                  3.6743148565686266E-012                  0.0000000000000000E+000                  2.0078202005843990E+000                  2.1863192945475445E+010                  1.0836838092451581E-006                  1.0462337255705246E-011                 -2.9825487075756132E+000                  1.9716203025330865E+000                  2.2101809298929176E+000                  2.3606959277249082E+000 
                                     689                  2.7802623978967409E+000                  5.1124392892972756E-002                  6.6909808749306166E+000                 -5.3272110162948361E-001                  1.4287163265207832E+001                  6.9999845444203501E-001                  2.8000154555771639E-001                  2.0000000000248597E-002                  0.0000000000000000E+000                  3.5690814633988380E+008                  3.3053636470174842E+007                  1.5379100711795612E-004                  4.9957341115985207E-012                  0.0000000000000000E+000                  1.9807343027067119E+000                  2.1819993962809292E+010                  1.0999940519443941E-006                  1.1631444109851866E-011                 -2.9793048316093929E+000                  1.9768983173092030E+000                  2.2154589446690340E+000                  2.3659739425010247E+000 
                                     690                  2.7739826923875786E+000                  4.8021638731340917E-002                  6.6953750112922181E+000                 -5.1486697982231577E-001                  1.4309373249262379E+001                  6.9999830184762457E-001                  2.8000169815204812E-001                  2.0000000000327312E-002                  0.0000000000000000E+000                  3.5668931231018800E+008                  3.3221071713195886E+007                  1.7023398875404123E-004                  6.7869114432123084E-012                  0.0000000000000000E+000                  1.9541245385116257E+000                  2.1776420981343105E+010                  1.1164220872428177E-006                  1.2930241074826315E-011                 -2.9760857900182582E+000                  1.9821952502947882E+000                  2.2207558776546192E+000                  2.3712708754866099E+000 
                                     691                  2.7675398921893226E+000                  4.4900127310614033E-002                  6.6997708490646275E+000                 -4.9699556926854804E-001                  1.4331602514780608E+001                  6.9999813445117287E-001                  2.8000186554839657E-001                  2.0000000000430562E-002                  0.0000000000000000E+000                  3.5647244821174592E+008                  3.3389419867133979E+007                  1.8840482503854292E-004                  9.2132513507970977E-012                  0.0000000000000000E+000                  1.9280056550790585E+000                  2.1732531974397354E+010                  1.1329534376827644E-006                  1.4372988642097038E-011                 -2.9728939692399572E+000                  1.9875116083211777E+000                  2.2260722356810088E+000                  2.3765872335129994E+000 
                                     692                  2.7609302122901305E+000                  4.1759675568815366E-002                  6.7041690965110519E+000                 -4.7910767268294058E-001                  1.4353850992719481E+001                  6.9999795083840666E-001                  2.8000204916102722E-001                  2.0000000000566120E-002                  0.0000000000000000E+000                  3.5625766509885794E+008                  3.3558713946873024E+007                  2.0848354325727901E-004                  1.2497982684778850E-011                  0.0000000000000000E+000                  1.9023837906560472E+000                  2.1688386070705246E+010                  1.1495752047026736E-006                  1.5975511475363117E-011                 -2.9697313060559734E+000                  1.9928479265294086E+000                  2.2314085538892394E+000                  2.3819235517212300E+000 
                                     693                  2.7541497916170430E+000                  3.8600088016110881E-002                  6.7085704411505205E+000                 -4.6120406610125991E-001                  1.4376118618234763E+001                  6.9999774946122495E-001                  2.8000225053803063E-001                  2.0000000000744422E-002                  0.0000000000000000E+000                  3.5604506963151741E+008                  3.3728986697732523E+007                  2.3066887339536391E-004                  1.6942239151605942E-011                  0.0000000000000000E+000                  1.8772299213925003E+000                  2.1644042028727371E+010                  1.1662867851394796E-006                  1.7755373983213527E-011                 -2.9665973226061508E+000                  1.9982047538936647E+000                  2.2367653812534956E+000                  2.3872803790854862E+000 
                                     694                  2.7471946925245301E+000                  3.5421156714422281E-002                  6.7129754992992998E+000                 -4.4328544829534067E-001                  1.4398405329247199E+001                  6.9999752862490328E-001                  2.8000247137411899E-001                  2.0000000000977680E-002                  0.0000000000000000E+000                  3.5583474682560766E+008                  3.3900268647915334E+007                  2.5518004487819679E-004                  2.2952036117249700E-011                  0.0000000000000000E+000                  1.8525065775362535E+000                  2.1599555729206650E+010                  1.1831014289504324E-006                  1.9732077366615184E-011                 -2.9634890105494378E+000                  2.0035826284527305E+000                  2.2421432558125614E+000                  2.3926582536445524E+000 
                                     695                  2.7400609004743970E+000                  3.2222661684591029E-002                  6.7173848078210039E+000                 -4.2535243417776319E-001                  1.4420711064696269E+001                  6.9999728647402160E-001                  2.8000271352469464E-001                  2.0000000001283769E-002                  0.0000000000000000E+000                  3.5562676108879972E+008                  3.4072587729435347E+007                  2.8225882824751101E-004                  3.1074533426095198E-011                  0.0000000000000000E+000                  1.8281783550755477E+000                  2.1554978786406467E+010                  1.2000354675460995E-006                  2.1927278432781334E-011                 -2.9604029590045502E+000                  2.0089820623897325E+000                  2.2475426897495638E+000                  2.3980576875815545E+000 
                                     696                  2.7327443238754032E+000                  2.9004371412281627E-002                  6.7217988279667189E+000                 -4.0740556064609229E-001                  1.4443035762822799E+001                  6.9999702097700756E-001                  2.8000297902130805E-001                  2.0000000001684448E-002                  0.0000000000000000E+000                  3.5542116414265716E+008                  3.4245969346017346E+007                  3.1217180171767513E-004                  4.2046749681156930E-011                  0.0000000000000000E+000                  1.8042117594357330E+000                  2.1510358572816227E+010                  1.2171050955929691E-006                  2.4365031516608901E-011                 -2.9573359596666200E+000                  2.0144035403555476E+000                  2.2529641677153789E+000                  2.4034791655473695E+000 
                                     697                  2.7252407939176826E+000                  2.5766043285285870E-002                  6.7262179488857852E+000                 -3.8944529185939730E-001                  1.4465379359565333E+001                  6.9999672990914519E-001                  2.8000327008864523E-001                  2.0000000002209584E-002                  0.0000000000000000E+000                  3.5521799131372553E+008                  3.4420436425384767E+007                  3.4521283714193299E-004                  5.6860956998606867E-011                  0.0000000000000000E+000                  1.7805750891824454E+000                  2.1465738537544601E+010                  1.2343264204652596E-006                  2.7072058178445805E-011                 -2.9542849874688657E+000                  2.0198475206983435E+000                  2.2584081480581748E+000                  2.4089231458901654E+000 
                                     698                  2.7175460645215570E+000                  2.2507424017662505E-002                  6.7306424908883393E+000                 -3.7147202427888054E-001                  1.4487741786989332E+001                  6.9999641083390562E-001                  2.8000358916319745E-001                  2.0000000002896923E-002                  0.0000000000000000E+000                  3.5501726232966787E+008                  3.4596009479313314E+007                  3.8170582535141642E-004                  7.6852415320462038E-011                  0.0000000000000000E+000                  1.7572383549102670E+000                  2.1421158504891476E+010                  1.2517154853987920E-006                  3.0078046797343947E-011                 -2.9512471874650283E+000                  2.0253144366056781E+000                  2.2638750639655094E+000                  2.4143900617975000E+000 
                                     699                  2.7096558123348884E+000                  1.9228250030270962E-002                  6.7350727084899082E+000                 -3.5348609184610003E-001                  1.4510122971479268E+001                  6.9999606108246426E-001                  2.8000393891373931E-001                  2.0000000003796425E-002                  0.0000000000000000E+000                  3.5481898742788172E+008                  3.4772706689430520E+007                  4.2200766214700174E-004                  1.0381700354339176E-010                  0.0000000000000000E+000                  1.7341732284325233E+000                  2.1376654963182804E+010                  1.2692882808137078E-006                  3.3415980995190991E-011                 -2.9482198648596687E+000                  2.0308046974903724E+000                  2.2693653248502033E+000                  2.4198803226821939E+000 
                                     700                  2.7015656370528913E+000                  1.5928247897809385E-002                  6.7395087932826758E+000                 -3.3548777127380564E-001                  1.4532522831520717E+001                  6.9999567773133264E-001                  2.8000432226369398E-001                  2.0000000004973373E-002                  0.0000000000000000E+000                  3.5462316429477549E+008                  3.4950543972405553E+007                  4.6651151823859919E-004                  1.4016883129632148E-010                  0.0000000000000000E+000                  1.7113530184623797E+000                  2.1332261345055058E+010                  1.2870607332499765E-006                  3.7122497409477801E-011                 -2.9452004796585247E+000                  2.0363186902790193E+000                  2.2748793176388507E+000                  2.4253943154708413E+000 
                                     701                  2.6932710619511848E+000                  1.2607134805481602E-002                  6.7439508768028800E+000                 -3.1747728720088059E-001                  1.4554941275580838E+001                  6.9999525757801118E-001                  2.8000474241547613E-001                  2.0000000006512697E-002                  0.0000000000000000E+000                  3.5442977639064896E+008                  3.5129535032400839E+007                  5.1565041947020476E-004                  1.8915127586918203E-010                  0.0000000000000000E+000                  1.6887526681108675E+000                  2.1288008298488983E+010                  1.3050486636202778E-006                  4.1238276654302674E-011                 -2.9421866468648750E+000                  2.0418567804402863E+000                  2.2804174078001171E+000                  2.4309324056321078E+000 
                                     702                  2.6847675344210642E+000                  9.2646189253402008E-003                  6.7483990334710162E+000                 -2.9945481718099282E-001                  1.4577378200176058E+001                  6.9999479711450940E-001                  2.8000520287696495E-001                  2.0000000008525642E-002                  0.0000000000000000E+000                  3.5423880230431575E+008                  3.5309691363974757E+007                  5.6990116569803227E-004                  2.5511935271690263E-010                  0.0000000000000000E+000                  1.6663487707353422E+000                  2.1243923952248299E+010                  1.3232677205810872E-006                  4.5808475457401372E-011                 -2.9391761407148040E+000                  2.0474193127068308E+000                  2.2859799400666621E+000                  2.4364949378986522E+000 
                                     703                  2.6760504266603000E+000                  5.9003997739681749E-003                  6.7528532867108657E+000                 -2.8142050015806447E-001                  1.4599833487853978E+001                  6.9999429249843692E-001                  2.8000570749040560E-001                  2.0000000011157537E-002                  0.0000000000000000E+000                  3.5405021514203560E+008                  3.5491022484468013E+007                  6.2978863902543960E-004                  3.4391730976036376E-010                  0.0000000000000000E+000                  1.6441219855037592E+000                  2.1200034261993813E+010                  1.3417323321766866E-006                  5.0883204848063399E-011                 -2.9361670573790213E+000                  2.0530066128719340E+000                  2.2915672402317653E+000                  2.4420822380637559E+000 
                                     704                  2.6671150365764889E+000                  2.5141685410917537E-003                  6.7573136553609014E+000                 -2.6337448666097280E-001                  1.4622307004940064E+001                  6.9999373952148325E-001                  2.8000626046391897E-001                  2.0000000014597785E-002                  0.0000000000000000E+000                  3.5386398351449740E+008                  3.5673537833411880E+007                  6.9589082275358749E-004                  4.6338421063859677E-010                  0.0000000000000000E+000                  1.6220849726889095E+000                  2.1156364452549297E+010                  1.3604428281726123E-006                  5.6487306094499833E-011                 -2.9331598522382776E+000                  2.0586190010318246E+000                  2.2971796283916555E+000                  2.4476946262236461E+000 
                                     705                  2.6579565890026053E+000                 -8.9439191278944279E-004                  6.7617802250896126E+000                 -2.4531701474220693E-001                  1.4644798599225140E+001                  6.9999313357511694E-001                  2.8000686640578915E-001                  2.0000000019093855E-002                  0.0000000000000000E+000                  3.5368008590745282E+008                  3.5857249727973349E+007                  7.6884465431474938E-004                  6.2403165062121665E-010                  0.0000000000000000E+000                  1.6002712461150379E+000                  2.1112942039765133E+010                  1.3793762820046847E-006                  6.2577092953354446E-011                 -2.9301586229284480E+000                  2.0642568213220844E+000                  2.3028174486819157E+000                  2.4533324465139064E+000 
                                     706                  2.6485702370882214E+000                 -4.3256076784331625E-003                  6.7656846481048785E+000                 -2.2949376653430698E-001                  1.4664497915236209E+001                  6.9999255674013250E-001                  2.8000744323573667E-001                  2.0000000024130826E-002                  0.0000000000000000E+000                  3.5351953729888660E+008                  3.6018613837275542E+007                  8.3877893676900512E-004                  8.0895828025753095E-010                  0.0000000000000000E+000                  1.5815255768274070E+000                  2.1069227709325607E+010                  1.3984610875973437E-006                  6.9118718214923081E-011                 -2.9271748067187557E+000                  2.0699208303445427E+000                  2.3084814577043740E+000                  2.4589964555363646E+000 
                                     707                  2.6413779556420205E+000                 -6.9139898460610100E-003                  6.7696123249008657E+000                 -2.1369023900088455E-001                  1.4684201711342197E+001                  6.9999193026752193E-001                  2.8000806970194991E-001                  2.0000000030528153E-002                  0.0000000000000000E+000                  3.5336390161903089E+008                  3.6181679970321268E+007                  9.1515373905788448E-004                  1.0493052124925671E-009                  0.0000000000000000E+000                  1.5627304007250680E+000                  2.1037091940056332E+010                  1.4129049963912036E-006                  7.5984339800007286E-011                 -2.9249435195464120E+000                  2.0741856746490459E+000                  2.3127463020088772E+000                  2.4632612998408678E+000 
                                     708                  2.6315808983853550E+000                 -1.0385666834866619E-002                  6.7740971528883671E+000                 -1.9560345655090952E-001                  1.4706742046705900E+001                  6.9999115117436250E-001                  2.8000884878573140E-001                  2.0000000039906096E-002                  0.0000000000000000E+000                  3.5318644908449459E+008                  3.6368779129736260E+007                  1.0107914850505421E-003                  1.4111820344198767E-009                  0.0000000000000000E+000                  1.5416947263568697E+000                  2.0995102047335072E+010                  1.4323113104789994E-006                  8.3972714784010468E-011                 -2.9219812892929466E+000                  2.0798953210653921E+000                  2.3184559484252234E+000                  2.4689709462572140E+000 
                                     709                  2.6215422515688291E+000                 -1.3880949919962155E-002                  6.7785893408529061E+000                 -1.7750716556970089E-001                  1.4729299693286405E+001                  6.9999029758846143E-001                  2.8000970235938388E-001                  2.0000000052154743E-002                  0.0000000000000000E+000                  3.5301138705349916E+008                  3.6557157980802223E+007                  1.1163092620143863E-003                  1.8970007137583878E-009                  0.0000000000000000E+000                  1.5209972400207825E+000                  2.0952937269261093E+010                  1.4517629036397843E-006                  9.3063918201317705E-011                 -2.9190521525785571E+000                  2.0856324818902743E+000                  2.3241931092501056E+000                  2.4747081070820962E+000 
                                     710                  2.6112569149412734E+000                 -1.7400207587240007E-002                  6.7830894112766185E+000                 -1.5940216382487232E-001                  1.4751874388166359E+001                  6.9998936243058196E-001                  2.8001063750126826E-001                  2.0000000068149726E-002                  0.0000000000000000E+000                  3.5283875887478256E+008                  3.6746848654996410E+007                  1.2327212784128258E-003                  2.5489805114074755E-009                  0.0000000000000000E+000                  1.5006651122586934E+000                  2.0911219265677792E+010                  1.4712595279063983E-006                  1.0330729979168208E-010                 -2.9161553558197855E+000                  2.0913974576993284E+000                  2.3299580850591592E+000                  2.4804730828911499E+000 
                                     711                  2.6007197259100265E+000                 -2.0943822204729710E-002                  6.7875979723263136E+000                 -1.4128936328795946E-001                  1.4774465841893695E+001                  6.9998833795626547E-001                  2.8001166195470018E-001                  2.0000000089034353E-002                  0.0000000000000000E+000                  3.5266861622174215E+008                  3.6937887471711665E+007                  1.3611467874359334E-003                  3.4236802688543574E-009                  0.0000000000000000E+000                  1.4807240057591486E+000                  2.0870003960113605E+010                  1.4907582578234673E-006                  1.1471373829304151E-010                 -2.9132963881344178E+000                  2.0971909154358994E+000                  2.3357515427957303E+000                  2.4862665406277209E+000 
                                     712                  2.5899254621341634E+000                 -2.4512191246408386E-002                  6.7921157156524057E+000                 -1.2316978805044969E-001                  1.4797073738223215E+001                  6.9998721569497324E-001                  2.8001278418872771E-001                  2.0000000116298988E-002                  0.0000000000000000E+000                  3.5250102151870692E+008                  3.7130314947960652E+007                  1.5028212798452083E-003                  4.5968712588784638E-009                  0.0000000000000000E+000                  1.4611980642639681E+000                  2.0829351681434669E+010                  1.5102143741422111E-006                  1.2737143161011193E-010                 -2.9104807002279656E+000                  2.1030135794033966E+000                  2.3415742067632279E+000                  2.4920892045952185E+000 
                                     713                  2.5788688441880474E+000                 -2.8105728638250633E-002                  6.7966434142897896E+000                 -1.0504457198497474E-001                  1.4819697734225613E+001                  6.9998598638366483E-001                  2.8001401346444799E-001                  2.0000000151887187E-002                  0.0000000000000000E+000                  3.5233604728647023E+008                  3.7324175830104850E+007                  1.6591089278146592E-003                  6.1700735291758351E-009                  0.0000000000000000E+000                  1.4421099676387072E+000                  2.0789326969968494E+010                  1.5295813077224890E-006                  1.4141565518397329E-010                 -2.9077137161697677E+000                  2.1088662316539306E+000                  2.3474268590137619E+000                  2.4979418568457525E+000 
                                     714                  2.5675445385228093E+000                 -3.1724866154151800E-002                  6.8011819204609552E+000                 -8.6914956115712150E-002                  1.4842337460521854E+001                  6.9998463989423809E-001                  2.8001535990742987E-001                  2.0000000198332035E-002                  0.0000000000000000E+000                  3.5217376974461776E+008                  3.7519519116007380E+007                  1.8315164258245269E-003                  8.2793286544168324E-009                  0.0000000000000000E+000                  1.4234808310952978E+000                  2.0749998384986282E+010                  1.5488106369183058E-006                  1.5699591622237282E-010                 -2.9050008386893729E+000                  2.1147497124912409E+000                  2.3533103398510722E+000                  2.5038253376830628E+000 
                                     715                  2.5559471607402622E+000                 -3.5370054863920766E-002                  6.8057321323623272E+000                 -6.8782253797612047E-002                  1.4864992521835534E+001                  6.9998316515438452E-001                  2.8001683458667870E-001                  2.0000000258936779E-002                  0.0000000000000000E+000                  3.5201426659702957E+008                  3.7716396684316203E+007                  2.0217077665013613E-003                  1.1106963684832985E-008                  0.0000000000000000E+000                  1.4053103952941552E+000                  2.0711437544787842E+010                  1.5678631949615338E-006                  1.7409575376074172E-010                 -2.9023459173389656E+000                  2.1206649130139112E+000                  2.3592255403737425E+000                  2.5097405382057332E+000 
                                     716                  2.5440712789962481E+000                 -3.9041766424575845E-002                  6.8102949026519886E+000                 -5.0647755356482499E-002                  1.4887662498217406E+001                  6.9998155006109630E-001                  2.8001844960089756E-001                  2.0000000338006085E-002                  0.0000000000000000E+000                  3.5185761020896298E+008                  3.7914859311338574E+007                  2.2315190985399747E-003                  1.4897326207910096E-008                  0.0000000000000000E+000                  1.3875611456752153E+000                  2.0673716011559650E+010                  1.5867311808322692E-006                  1.9225835147893608E-010                 -2.8997483219313502E+000                  2.1266127448288166E+000                  2.3651733721886479E+000                  2.5156883700206385E+000 
                                     717                  2.5319114172808530E+000                 -4.2740493756608447E-002                  6.8137113698946417E+000                 -3.7019285823840807E-002                  1.4904686861893168E+001                  6.9998024124710112E-001                  2.8001975834047116E-001                  2.0000000412427665E-002                  0.0000000000000000E+000                  3.5173965635684621E+008                  3.8064143512245968E+007                  2.4026887394523067E-003                  1.8551691352441605E-008                  0.0000000000000000E+000                  1.3746741925419450E+000                  2.0635753655231602E+010                  1.6053626084766293E-006                  2.1083383792929412E-010                 -2.8972134283354669E+000                  2.1325948497486191E+000                  2.3711554771084504E+000                  2.5216704749404411E+000 
                                     718                  2.5257232714709854E+000                 -4.4600018468932516E-002                  6.8171643169395413E+000                 -2.3445577029604790E-002                  1.4921694237196940E+001                  6.9997883497077140E-001                  2.8002116452527187E-001                  2.0000000503956672E-002                  0.0000000000000000E+000                  3.5162809303914964E+008                  3.8215631793183744E+007                  2.5875101135932467E-003                  2.3133832374014958E-008                  0.0000000000000000E+000                  1.3616406944516264E+000                  2.0617724649853313E+010                  1.6146585537799427E-006                  2.2814481603554882E-010                 -2.8959596511825776E+000                  2.1355982266630833E+000                  2.3741588540229146E+000                  2.5246738518549052E+000 
                                     719                  2.5131270845031888E+000                 -4.8340240047486320E-002                  6.8205966967744498E+000                 -9.8172874088176751E-003                  1.4938734997778154E+001                  6.9997733522953987E-001                  2.8002266415564631E-001                  2.0000000614813773E-002                  0.0000000000000000E+000                  3.5151347105169976E+008                  3.8366807722977936E+007                  2.7858490262015019E-003                  2.8804588550816675E-008                  0.0000000000000000E+000                  1.3491314877261129E+000                  2.0582384096604027E+010                  1.6331420852960945E-006                  2.4775179722666467E-010                 -2.8934880147425992E+000                  2.1416315508907435E+000                  2.3801921782505748E+000                  2.5307071760825655E+000 
                                     720                  2.5067176507337310E+000                 -5.0220811428810068E-002                  6.8240656836363796E+000                  3.7542663294474377E-003                  1.4955756915112987E+001                  6.9997572125432184E-001                  2.8002427799361423E-001                  2.0000000752063984E-002                  0.0000000000000000E+000                  3.5140518471269631E+008                  3.8520216357330449E+007                  2.9999796640291479E-003                  3.5913688858835458E-008                  0.0000000000000000E+000                  1.3364597839019177E+000                  2.0565125741354469E+010                  1.6423399817085401E-006                  2.6693660792406711E-010                 -2.8922684671843752E+000                  2.1446613353232835E+000                  2.3832219626831148E+000                  2.5337369605151054E+000 
                                     721                  2.4936726064152679E+000                 -5.4003757381878327E-002                  6.8275147988845850E+000                  1.7380731345395996E-002                  1.4972813260118846E+001                  6.9997400589405501E-001                  2.8002599318975135E-001                  2.0000000916193583E-002                  0.0000000000000000E+000                  3.5129391305231541E+008                  3.8673347002381817E+007                  3.2297936710849557E-003                  4.4712280007014783E-008                  0.0000000000000000E+000                  1.3242730661856057E+000                  2.0531386295615570E+010                  1.6606450895358627E-006                  2.8950828146161734E-010                 -2.8898615871836304E+000                  2.1507483775741734E+000                  2.3893090049340047E+000                  2.5398240027659948E+000 
                                     722                  2.4870355919828957E+000                 -5.5906008740357546E-002                  6.8310005607691808E+000                  3.0948516951991911E-002                  1.4989848847859145E+001                  6.9997215637024235E-001                  2.8002784250904145E-001                  2.0000001120716204E-002                  0.0000000000000000E+000                  3.5118891194226372E+008                  3.8828735696434572E+007                  3.4778729103943783E-003                  5.5740527536887268E-008                  0.0000000000000000E+000                  1.3119096266019070E+000                  2.0514957662596085E+010                  1.6697645044068086E-006                  3.1186195855239597E-010                 -2.8886723876742457E+000                  2.1538054627420622E+000                  2.3923660901018935E+000                  2.5428810879338837E+000 
                                     723                  2.4735290569008277E+000                 -5.9732983731924601E-002                  6.8344670071560323E+000                  4.4571705220181959E-002                  1.5006919921023764E+001                  6.9997019228554991E-001                  2.8002980634960084E-001                  2.0000001364849251E-002                  0.0000000000000000E+000                  3.5108097212132806E+008                  3.8983875238585740E+007                  3.7441448688500267E-003                  6.9390318230898445E-008                  0.0000000000000000E+000                  1.2999957485447562E+000                  2.0482931078888985E+010                  1.6879270296977248E-006                  3.3822303380967094E-010                 -2.8863231660840367E+000                  2.1599479702369644E+000                  2.3985085975967952E+000                  2.5490235954287859E+000 
                                     724                  2.4666581233588922E+000                 -6.1657586237474783E-002                  6.8379700583963059E+000                  5.8134297307852932E-002                  1.5023968266284516E+001                  6.9996807335462674E-001                  2.8003192497592744E-001                  2.0000001669445822E-002                  0.0000000000000000E+000                  3.5097922874065006E+008                  3.9141295080827340E+007                  4.0315410314740487E-003                  8.6495877198143532E-008                  0.0000000000000000E+000                  1.2878925693284027E+000                  2.0467385078882668E+010                  1.6969852134663859E-006                  3.6431948080241012E-010                 -2.8851609709265871E+000                  2.1630332113154469E+000                  2.4015938386752782E+000                  2.5521088365072688E+000 
                                     725                  2.4526773831185560E+000                 -6.5529971924289276E-002                  6.8414542283335242E+000                  7.1752929104199795E-002                  1.5041053174253557E+001                  6.9996582482273062E-001                  2.8003417314471490E-001                  2.0000002032554476E-002                  0.0000000000000000E+000                  3.5087457573990190E+008                  3.9298489722620614E+007                  4.3400378098615048E-003                  1.0766825778727407E-007                  0.0000000000000000E+000                  1.2762070463486721E+000                  2.0437171973170158E+010                  1.7150374417889122E-006                  3.9504868226616082E-010                 -2.8828631971153231E+000                  2.1692328652755122E+000                  2.4077934926353435E+000                  2.5583084904673341E+000 
                                     726                  2.4455661569176024E+000                 -6.7477635974487041E-002                  6.8449748860479431E+000                  8.5309071917702858E-002                  1.5058113329818816E+001                  6.9996339748662095E-001                  2.8003660002730468E-001                  2.0000002486074364E-002                  0.0000000000000000E+000                  3.5077603864506727E+008                  3.9457983908629946E+007                  4.6729641931329297E-003                  1.3419557667981662E-007                  0.0000000000000000E+000                  1.2643212086984070E+000                  2.0422556503317497E+010                  1.7240499367371275E-006                  4.2547021608631051E-010                 -2.8817250795412410E+000                  2.1723470891537326E+000                  2.4109077165135635E+000                  2.5614227143455541E+000 
                                     727                  2.4310984375264018E+000                 -7.1396894254125279E-002                  6.8484769913829213E+000                  9.8922024401833356E-002                  1.5075211149494040E+001                  6.9996082410425986E-001                  2.8003917286975222E-001                  2.0000003025987922E-002                  0.0000000000000000E+000                  3.5067460315678644E+008                  3.9617272533593431E+007                  5.0303628109331514E-003                  1.6702990357031186E-007                  0.0000000000000000E+000                  1.2528243300279962E+000                  2.0394248495612255E+010                  1.7420206663021161E-006                  4.6125469525307876E-010                 -2.8794733485425552E+000                  2.1786055233429926E+000                  2.4171661507028239E+000                  2.5676811485348146E+000 
                                     728                  2.4237405205672027E+000                 -7.3368371403518887E-002                  6.8520153987154675E+000                  1.1247061610235268E-001                  1.5092282142107852E+001                  6.9995804429950337E-001                  2.8004195199960130E-001                  2.0000003700895386E-002                  0.0000000000000000E+000                  3.5057919619780767E+008                  3.9778877086639106E+007                  5.4160154460964529E-003                  2.0815960502686085E-007                  0.0000000000000000E+000                  1.2411180464290006E+000                  2.0380607480033886E+010                  1.7510010203210818E-006                  4.9669341358013257E-010                 -2.8783568004249567E+000                  2.1817495380655156E+000                  2.4203101654253469E+000                  2.5708251632573376E+000 
                                     729                  2.4087730098499924E+000                 -7.7336048736640781E-002                  6.8555355094739072E+000                  1.2607689191784413E-001                  1.5109391928749286E+001                  6.9995509957251756E-001                  2.8004489592379611E-001                  2.0000004503686331E-002                  0.0000000000000000E+000                  3.5048089161340743E+008                  3.9940292705966108E+007                  5.8300550760887020E-003                  2.5906711339870721E-007                  0.0000000000000000E+000                  1.2297829396348066E+000                  2.0354289772606731E+010                  1.7689060102840357E-006                  5.3834471263720825E-010                 -2.8761476212216310E+000                  2.1880683635455971E+000                  2.4266289909054284E+000                  2.5771439887374190E+000 
                                     730                  2.4011619906632427E+000                 -7.9332134082332584E-002                  6.8590917086978127E+000                  1.3961691710898222E-001                  1.5126472766695713E+001                  6.9995191738619666E-001                  2.8004807710621910E-001                  2.0000005507584184E-002                  0.0000000000000000E+000                  3.5038852987490642E+008                  4.0104039566034853E+007                  6.2767825417178067E-003                  3.2282090601215787E-007                  0.0000000000000000E+000                  1.2182512595098947E+000                  2.0341665238971149E+010                  1.7778462104763151E-006                  5.7961848335409409E-010                 -2.8750529048185047E+000                  2.1912429792650232E+000                  2.4298036066248541E+000                  2.5803186044568447E+000 
                                     731                  2.3856818614663791E+000                 -8.3349867108864606E-002                  6.8626299336907612E+000                  1.5321546675838654E-001                  1.5143593561500856E+001                  6.9994854803531847E-001                  2.8005144526345266E-001                  2.0000006701228923E-002                  0.0000000000000000E+000                  3.5029327573881006E+008                  4.0267617505007155E+007                  6.7564607226489968E-003                  4.0172986874387199E-007                  0.0000000000000000E+000                  1.2070922807954303E+000                  2.0317425255283966E+010                  1.7956252160801304E-006                  6.2889575835007991E-010                 -2.8728921522011417E+000                  2.1976238749668089E+000                  2.4361845023266402E+000                  2.5866995001586308E+000 
                                     732                  2.3778113269818411E+000                 -8.5371403126806841E-002                  6.8662040693959687E+000                  1.6674579691603081E-001                  1.5160683242783611E+001                  6.9994490595390058E-001                  2.8005508585189842E-001                  2.0000008194201002E-002                  0.0000000000000000E+000                  3.5020388340226418E+008                  4.0433543878611848E+007                  7.2739871411970063E-003                  5.0052783009169541E-007                  0.0000000000000000E+000                  1.1957545394774283E+000                  2.0305863625553101E+010                  1.8044834973187057E-006                  6.7981937623943021E-010                 -2.8718235426864691E+000                  2.2008299720985534E+000                  2.4393905994583847E+000                  2.5899055972903753E+000 
                                     733                  2.3618057609378460E+000                 -8.9440928741254103E-002                  6.8709658425371050E+000                  1.8482110957528999E-001                  1.5183500478386204E+001                  6.9993967990984862E-001                  2.8006030941261878E-001                  2.0000010677532654E-002                  0.0000000000000000E+000                  3.5008405243141168E+008                  4.0655664056343094E+007                  8.0252451856680212E-003                  6.7042395981810747E-007                  0.0000000000000000E+000                  1.1809801516609975E+000                  2.0284970038654095E+010                  1.8221253644937647E-006                  7.4014782765365590E-010                 -2.8697108731669987E+000                  2.2072739821170986E+000                  2.4458346094769294E+000                  2.5963496073089201E+000 
                                     734                  2.3454427981794872E+000                 -9.3546003087037005E-002                  6.8745349356578815E+000                  1.9840400757958754E-001                  1.5200637488233843E+001                  6.9993546491525405E-001                  2.8006452209586286E-001                  2.0000012988883098E-002                  0.0000000000000000E+000                  3.4999375212948316E+008                  4.0822946494657040E+007                  8.6385598023305515E-003                  8.3416481181115330E-007                  0.0000000000000000E+000                  1.1701518791232921E+000                  2.0263253478582451E+010                  1.8393817446768922E-006                  8.0214627509545738E-010                 -2.8676640640374265E+000                  2.2137633237650518E+000                  2.4523239511248831E+000                  2.6028389489568737E+000 
                                     735                  2.3371255217466911E+000                 -9.5611976651012273E-002                  6.8769283647232609E+000                  2.0743415756771111E-001                  1.5212051535267170E+001                  6.9993247830124239E-001                  2.8006750687272153E-001                  2.0000014826036083E-002                  0.0000000000000000E+000                  3.4993580309658706E+008                  4.0935514819921233E+007                  9.0738241499490543E-003                  9.6534965688433566E-007                  0.0000000000000000E+000                  1.1629045315612574E+000                  2.0252997778762428E+010                  1.8479371550250971E-006                  8.5628519303662927E-010                 -2.8666564012143159E+000                  2.2170245464618139E+000                  2.4555851738216448E+000                  2.6061001716536354E+000 
                                     736                  2.3287167731805218E+000                 -9.7687160332828635E-002                  6.8793260161810439E+000                  2.1646161333691605E-001                  1.5223467237667725E+001                  6.9992935531705669E-001                  2.8007062776025882E-001                  2.0000016922684494E-002                  0.0000000000000000E+000                  3.4987849642024785E+008                  4.1048593319817916E+007                  9.5311239157635803E-003                  1.1171408327591378E-006                  0.0000000000000000E+000                  1.1557062970704612E+000                  2.0243724597773521E+010                  1.8564636099693260E-006                  9.0609024838873054E-010                 -2.8656567796542491E+000                  2.2202967020665723E+000                  2.4588573294264031E+000                  2.6093723272583937E+000 
                                     737                  2.3202158478398780E+000                 -9.9771667661305394E-002                  6.8817279343024564E+000                  2.2548626070454544E-001                  1.5234884524421883E+001                  6.9992608991127214E-001                  2.8007389077327538E-001                  2.0000019315452477E-002                  0.0000000000000000E+000                  3.4982182968504548E+008                  4.1162186537303247E+007                  1.0011622800447180E-002                  1.2927727814266558E-006                  0.0000000000000000E+000                  1.1485579145588729E+000                  2.0234858214874146E+010                  1.8649126176304331E-006                  9.5429050086068636E-010                 -2.8646707563431937E+000                  2.2235803057082326E+000                  2.4621409330680635E+000                  2.6126559309000541E+000 
                                     738                  2.3116220428533349E+000                 -1.0186561482470879E-001                  6.8841341665593294E+000                  2.3450798290023428E-001                  1.5246303325122001E+001                  6.9992267579117473E-001                  2.8007730216269222E-001                  2.0000022046133048E-002                  0.0000000000000000E+000                  3.4976580114944613E+008                  4.1276299198693365E+007                  1.0516558285184632E-002                  1.4959876934916144E-006                  0.0000000000000000E+000                  1.1414600585152401E+000                  2.0226406291430279E+010                  1.8732814406193341E-006                  1.0039841806527112E-009                 -2.8636984847972280E+000                  2.2268754957775263E+000                  2.4654361231373576E+000                  2.6159511209693482E+000 
                                     739                  2.3029346573121212E+000                 -1.0396912076652885E-001                  6.8865447635544808E+000                  2.4352666072496182E-001                  1.5257723570052224E+001                  6.9991910641922195E-001                  2.8008086841836083E-001                  2.0000025162417279E-002                  0.0000000000000000E+000                  3.4971040969479132E+008                  4.1390936213299379E+007                  1.1047248987154742E-002                  1.7311153141508785E-006                  0.0000000000000000E+000                  1.1344133419890450E+000                  2.0218376715118370E+010                  1.8815651960402164E-006                  1.0561698074040389E-009                 -2.8627403644121703E+000                  2.2301824149465337E+000                  2.4687430423063650E+000                  2.6192580401383556E+000 
                                     740                  2.2941529924689372E+000                 -1.0608230728360046E-001                  6.8889597789576920E+000                  2.5254217271083740E-001                  1.5269145190274758E+001                  6.9991537501026213E-001                  2.8008459627101051E-001                  2.0000028718727414E-002                  0.0000000000000000E+000                  3.4965565432325852E+008                  4.1506102674948283E+007                  1.1605103220377409E-002                  2.0031653245382366E-006                  0.0000000000000000E+000                  1.1274183195311647E+000                  2.0210777597175575E+010                  1.8897580651629979E-006                  1.1109577475595467E-009                 -2.8617968962441234E+000                  2.2335012102478919E+000                  2.4720618376077228E+000                  2.6225768354397134E+000 
                                     741                  2.2852763519422608E+000                 -1.0820529912676045E-001                  6.8913792694478069E+000                  2.6155439527172647E-001                  1.5280568117718587E+001                  6.9991147452988711E-001                  2.8008849269294328E-001                  2.0000032777169663E-002                  0.0000000000000000E+000                  3.4960153412443447E+008                  4.1621803861600660E+007                  1.2191629008385456E-002                  2.3179342891660668E-006                  0.0000000000000000E+000                  1.1204754900796878E+000                  2.0203617270073166E+010                  1.8978541815312150E-006                  1.1684603946595849E-009                 -2.8608685794604609E+000                  2.2368320331564577E+000                  2.4753926605162886E+000                  2.6259076583482792E+000 
                                     742                  2.2763040419234994E+000                 -1.1033822410493004E-001                  6.8938032946610059E+000                  2.7056320284881880E-001                  1.5291992285270998E+001                  6.9990739769620058E-001                  2.8009256489518197E-001                  2.0000037408617444E-002                  0.0000000000000000E+000                  3.4954804826533639E+008                  4.1738045235234298E+007                  1.2808445845635692E-002                  2.6821294693719878E-006                  0.0000000000000000E+000                  1.1135852997976641E+000                  2.0196904285777695E+010                  1.9058476279408115E-006                  1.2287914768949613E-009                 -2.8599559120245392E+000                  2.2401750396659574E+000                  2.4787356670257883E+000                  2.6292506648577789E+000 
                                     743                  2.2672353713894804E+000                 -1.1248121319214016E-001                  6.8962319171448838E+000                  2.7956846805015684E-001                  1.5303417626869640E+001                  6.9990313698336870E-001                  2.8009682032267730E-001                  2.0000042693953946E-002                  0.0000000000000000E+000                  3.4949519598215258E+008                  4.1854832442027420E+007                  1.3457298566976311E-002                  3.1035121771845397E-006                  0.0000000000000000E+000                  1.1067481448685292E+000                  2.0190647414499981E+010                  1.9137336365943271E-006                  1.2932686591574734E-009                 -2.8590592548593614E+000                  2.2435303903715820E+000                  2.4820910177314128E+000                  2.6326060155634035E+000 
                                     744                  2.2580696523214652E+000                 -1.1463440063748104E-001                  6.8986652023182007E+000                  2.8857006178299771E-001                  1.5314844077594493E+001                  6.9989868462857463E-001                  2.8010126664593804E-001                  2.0000048725487329E-002                  0.0000000000000000E+000                  3.4944297657770783E+008                  4.1972171312858105E+007                  1.4140073754970148E-002                  3.5910637677220195E-006                  0.0000000000000000E+000                  1.0999643742439615E+000                  2.0184855643922867E+010                  1.9215109021643101E-006                  1.3667291711821998E-009                 -2.8581785735580860E+000                  2.2468982505587372E+000                  2.4854588779185680E+000                  2.6359738757505586E+000 
                                     745                  2.2488061999310753E+000                 -1.1679792407806683E-001                  6.9023363729402467E+000                  3.0202996256070752E-001                  1.5331963148122904E+001                  6.9989162051642906E-001                  2.8010832004148911E-001                  2.0000059442081830E-002                  0.0000000000000000E+000                  3.4936788564908850E+008                  4.2149830565271467E+007                  1.5233329767599826E-002                  4.4720674414492128E-006                  0.0000000000000000E+000                  1.0897757143474773E+000                  2.0180132914049561E+010                  1.9292195910543720E-006                  1.4551181397770331E-009                 -2.8573091682528484E+000                  2.2502783666972426E+000                  2.4888389940570734E+000                  2.6393539918890645E+000 
                                     746                  2.2299833735863337E+000                 -1.2115690591224550E-001                  6.9066115181433778E+000                  3.1778409056392587E-001                  1.5351978000802138E+001                  6.9988278951939875E-001                  2.8011713560435664E-001                  2.0000074876244556E-002                  0.0000000000000000E+000                  3.4927846407791674E+008                  4.2357656557096377E+007                  1.6619867289836131E-002                  5.7710524747370947E-006                  0.0000000000000000E+000                  1.0782399907984765E+000                  2.0171518274479397E+010                  1.9441449208609375E-006                  1.5664948344008863E-009                 -2.8556356824660916E+000                  2.2570781613200026E+000                  2.4956387886798339E+000                  2.6461537865118245E+000 
                                     747                  2.2156046640932474E+000                 -1.2445419810781339E-001                  6.9096745966473394E+000                  3.2902922833919207E-001                  1.5366276131134201E+001                  6.9987605840207334E-001                  2.8012385329645284E-001                  2.0000088301473817E-002                  0.0000000000000000E+000                  3.4921579618039256E+008                  4.2507189380917370E+007                  1.7691964382159368E-002                  6.9240869398514287E-006                  0.0000000000000000E+000                  1.0700951559663083E+000                  2.0165053550972435E+010                  1.9549047496050406E-006                  1.6772281736881911E-009                 -2.8544371991158179E+000                  2.2622133806873563E+000                  2.5007740080471876E+000                  2.6512890058791783E+000 
                                     748                  2.2058930360300608E+000                 -1.2666603596708964E-001                  6.9121347974480090E+000                  3.3800830565351292E-001                  1.5377707605793660E+001                  6.9987040416089130E-001                  2.8012949506636331E-001                  2.0000100772745388E-002                  0.0000000000000000E+000                  3.4916705794516897E+008                  4.2627673751262441E+007                  1.8603567803009556E-002                  8.0117296760205655E-006                  0.0000000000000000E+000                  1.0635992856163743E+000                  2.0161692414045319E+010                  1.9619441760710664E-006                  1.7769676763131469E-009                 -2.8536566769615219E+000                  2.2656534156048358E+000                  2.5042140429646671E+000                  2.6547290407966577E+000 
                                     749                  2.1960799767649570E+000                 -1.2888903257213649E-001                  6.9146001261622185E+000                  3.4698286728806976E-001                  1.5389139801511071E+001                  6.9986450336612782E-001                  2.8013538162846746E-001                  2.0000115005404773E-002                  0.0000000000000000E+000                  3.4911895222883469E+008                  4.2748750857345201E+007                  1.9566564834575608E-002                  9.2702580662956917E-006                  0.0000000000000000E+000                  1.0571534553753739E+000                  2.0159155933409130E+010                  1.9688498211324796E-006                  1.8705328453977927E-009                 -2.8528937047396958E+000                  2.2691069393595735E+000                  2.5076675667194044E+000                  2.6581825645513950E+000 
                                     750                  2.1861648284706048E+000                 -1.3112335043828452E-001                  6.9170706576043095E+000                  3.5595278656269003E-001                  1.5400572664918165E+001                  6.9985834728544449E-001                  2.8014152146602495E-001                  2.0000131248530506E-002                  0.0000000000000000E+000                  3.4907147869813132E+008                  4.2870427385850787E+007                  2.0584853362243263E-002                  1.0726547949861405E-005                  0.0000000000000000E+000                  1.0507569975317645E+000                  2.0157157375729618E+010                  1.9756006480628799E-006                  1.9635614558641140E-009                 -2.8521504200236980E+000                  2.2725743549028539E+000                  2.5111349822626852E+000                  2.6616499800946758E+000 
                                     751                  2.1761469384680847E+000                 -1.3336915637206914E-001                  6.9195464676488019E+000                  3.6491793762295632E-001                  1.5412006144574839E+001                  6.9985192729281798E-001                  2.8014792292064389E-001                  2.0000149786538080E-002                  0.0000000000000000E+000                  3.4902463730591321E+008                  4.2992710136995070E+007                  2.1662814868136572E-002                  1.2411709176552274E-005                  0.0000000000000000E+000                  1.0444092746034561E+000                  2.0155707056964985E+010                  1.9821953653802550E-006                  2.0595911808807511E-009                 -2.8514267718160773E+000                  2.2760558655594045E+000                  2.5146164929192354E+000                  2.6651314907512260E+000 
                                     752                  2.1660256595214857E+000                 -1.3562662160714054E-001                  6.9220276333530295E+000                  3.7387819536809430E-001                  1.5423440191056304E+001                  6.9984523496927609E-001                  2.8015459408649851E-001                  2.0000170944225459E-002                  0.0000000000000000E+000                  3.4897842839755023E+008                  4.3115606033369146E+007                  2.2805395516101182E-002                  1.4361754096496795E-005                  0.0000000000000000E+000                  1.0381096777873973E+000                  2.0154815459423813E+010                  1.9886296690970673E-006                  2.1592959189285209E-009                 -2.8507230427369668E+000                  2.2795516796575184E+000                  2.5181123070173497E+000                  2.6686273048493403E+000 
                                     753                  2.1558003501414893E+000                 -1.3789592194572053E-001                  6.9245142330790452E+000                  3.8283343538409115E-001                  1.5434874757041564E+001                  6.9983826222343049E-001                  2.8016154268402665E-001                  2.0000195092542805E-002                  0.0000000000000000E+000                  3.4893285252159011E+008                  4.3239122129383184E+007                  2.4018199977924710E-002                  1.6618371831820046E-005                  0.0000000000000000E+000                  1.0318576254746894E+000                  2.0154493242871155E+010                  1.9948983663301264E-006                  2.2626101664227971E-009                 -2.8500396126618872E+000                  2.2830620107477446E+000                  2.5216226381075759E+000                  2.6721376359395665E+000 
                                     754                  2.1454703748969957E+000                 -1.4017723790611367E-001                  6.9270063466147347E+000                  3.9178353386142400E-001                  1.5446309797402334E+001                  6.9983100143385280E-001                  2.8016877591094635E-001                  2.0000222655200850E-002                  0.0000000000000000E+000                  3.4888791039333493E+008                  4.3363265622154206E+007                  2.5307598798067637E-002                  1.9229825087919542E-005                  0.0000000000000000E+000                  1.0256525618105741E+000                  2.0154751256008762E+010                  2.0009960645721124E-006                  2.3694189182886188E-009                 -2.8493768827524328E+000                  2.2865870778364346E+000                  2.5251477051962659E+000                  2.6756627030282565E+000 
                                     755                  2.1350351047380309E+000                 -1.4247075487600933E-001                  6.9295040552939176E+000                  4.0072836750453922E-001                  1.5457745269291003E+001                  6.9982344561575482E-001                  2.8017630026801837E-001                  2.0000254116226746E-002                  0.0000000000000000E+000                  3.4884360290228522E+008                  4.3488043862708651E+007                  2.6680849488759043E-002                  2.2251988909947211E-005                  0.0000000000000000E+000                  1.0194939553058722E+000                  2.0155600548595005E+010                  2.0069171625689237E-006                  2.4795489641883692E-009                 -2.8487352765319596E+000                  2.2901271056321133E+000                  2.5286877329919442E+000                  2.6792027308239348E+000 
                                     756                  2.1244939173308475E+000                 -1.4477666327179137E-001                  6.9320074421155846E+000                  4.0966781343535613E-001                  1.5469181132227796E+001                  6.9981558860839943E-001                  2.8018412136297866E-001                  2.0000290028621914E-002                  0.0000000000000000E+000                  3.4879993117755872E+008                  4.3613464367076635E+007                  2.8146230605015636E-002                  2.5749553851731215E-005                  0.0000000000000000E+000                  1.0133812974967709E+000                  2.0157052383968601E+010                  2.0126558408876585E-006                  2.5927599417594729E-009                 -2.8481152410161417E+000                  2.2936823247969951E+000                  2.5322429521568264E+000                  2.6827579499888166E+000 
                                     757                  2.1138461974049365E+000                 -1.4709515870435480E-001                  6.9345165918618461E+000                  4.1860174908623626E-001                  1.5480617348184525E+001                  6.9980742528772133E-001                  2.8019224368800955E-001                  2.0000331024269125E-002                  0.0000000000000000E+000                  3.4875689666010499E+008                  4.3739534827933580E+007                  2.9713186524842724E-002                  2.9797419559223707E-005                  0.0000000000000000E+000                  1.0073141016505955E+000                  2.0159118251988705E+010                  2.0182060526369098E-006                  2.7087355822966439E-009                 -2.8475172478516262E+000                  2.2972529722054960E+000                  2.5358135995653268E+000                  2.6863285973973174E+000 
                                     758                  2.1030913371186264E+000                 -1.4942644215045509E-001                  6.9370315912113982E+000                  4.2753005207191397E-001                  1.5492053881650483E+001                  6.9979895179683782E-001                  2.8020067037787805E-001                  2.0000377825284188E-002                  0.0000000000000000E+000                  3.4871450125371140E+008                  4.3866263126277186E+007                  3.1392478613073323E-002                  3.4482308846012993E-005                  0.0000000000000000E+000                  1.0012919015198856E+000                  2.0161809882433414E+010                  2.0235615153315090E-006                  2.8270760699466557E-009                 -2.8469417943604598E+000                  2.3008392912097237E+000                  2.5393999185695546E+000                  2.6899149164015452E+000 
                                     759                  2.0922287364663372E+000                 -1.5177072012515505E-001                  6.9395525288519648E+000                  4.3645260004904873E-001                  1.5503490699695366E+001                  6.9979016578851605E-001                  2.8020940295469882E-001                  2.0000431256785189E-002                  0.0000000000000000E+000                  3.4867274774420291E+008                  4.3993657342649087E+007                  3.3196335595578330E-002                  3.9904637060307626E-005                  0.0000000000000000E+000                  9.9531425012751640E-001                  2.0165139258904663E+010                  2.0287157051766096E-006                  2.9472928415281627E-009                 -2.8463894043600448E+000                  2.3044415318999434E+000                  2.5430021592597742E+000                  2.6935171570917653E+000 
                                     760                  2.0812578036787395E+000                 -1.5412820486652593E-001                  6.9420794955963627E+000                  4.4536927060509285E-001                  1.5514927772050285E+001                  6.9978106666869844E-001                  2.8021844107381788E-001                  2.0000492257483682E-002                  0.0000000000000000E+000                  3.4863163962501067E+008                  4.4121725770483680E+007                  3.5138592340880209E-002                  4.6180677131382617E-005                  0.0000000000000000E+000                  9.8938071858640586E-001                  2.0169118632730927E+010                  2.0336618555426579E-006                  3.0688073909654774E-009                 -2.8458606285778840E+000                  2.3080599513853182E+000                  2.5466205787451490E+000                  2.6971355765771396E+000 
                                     761                  2.0701779556265296E+000                 -1.5649911453059054E-001                  6.9446125844998559E+000                  4.5427994115733322E-001                  1.5526365071195723E+001                  6.9977165582331768E-001                  2.8022778226141770E-001                  2.0000561915264559E-002                  0.0000000000000000E+000                  3.4859118112595892E+008                  4.4250476928116858E+007                  3.7234801880593443E-002                  5.3445065678790986E-005                  0.0000000000000000E+000                  9.8349089493954012E-001                  2.0173760536543472E+010                  2.0383929613641929E-006                  3.1909558788122619E-009                 -2.8453560444874149E+000                  2.3116948140867524E+000                  2.5502554414465837E+000                  2.7007704392785743E+000 
                                     762                  2.0589886182383039E+000                 -1.5888367339470136E-001                  6.9471518909777732E+000                  4.6318448885905150E-001                  1.5537802572451133E+001                  6.9976193680459575E-001                  2.8023742174211097E-001                  2.0000641453293277E-002                  0.0000000000000000E+000                  3.4855137721247977E+008                  4.4379919571680419E+007                  3.9502300643598436E-002                  6.1853706743410084E-005                  0.0000000000000000E+000                  9.7764438301037448E-001                  2.0179077797750156E+010                  2.0429017924285175E-006                  3.3130023969307873E-009                 -2.8448762552622222E+000                  2.3153463920334580E+000                  2.5539070193932893E+000                  2.7044220172252800E+000 
                                     763                  2.0476892269329232E+000                 -1.6128211206979523E-001                  6.9496975129237759E+000                  4.7208279053446023E-001                  1.5549240254067824E+001                  6.9975191544730919E-001                  2.8024735229247749E-001                  2.0000732260213372E-002                  0.0000000000000000E+000                  3.4851223358327430E+008                  4.4510062706765652E+007                  4.1960202091828734E-002                  7.1587131827620425E-005                  0.0000000000000000E+000                  9.7184080126467631E-001                  2.0185083551414124E+010                  2.0471809190319327E-006                  3.4341641414181626E-009                 -2.8444218874950189E+000                  2.3190149651646039E+000                  2.5575755925244348E+000                  2.7080905903564259E+000 
                                     764                  2.0362792270646994E+000                 -1.6369466772228999E-001                  6.9522495514233462E+000                  4.8097472203112368E-001                  1.5560678097306157E+001                  6.9974159987080464E-001                  2.8025756415417308E-001                  2.0000835975022335E-002                  0.0000000000000000E+000                  3.4847375674743778E+008                  4.4640915628395885E+007                  4.4629290723222886E-002                  8.2854387021483305E-005                  0.0000000000000000E+000                  9.6608024396399250E-001                  2.0191791266029129E+010                  2.0512221212985029E-006                  3.5536506714795861E-009                 -2.8439936542548607E+000                  2.3227008217709622E+000                  2.5612614491307935E+000                  2.7117764469627836E+000 
                                     765                  2.0247580744231573E+000                 -1.6612158430062912E-001                  6.9548081149137344E+000                  4.8986015407506756E-001                  1.5572116086495145E+001                  6.9973100032348423E-001                  2.8026804525669075E-001                  2.0000954419824968E-002                  0.0000000000000000E+000                  3.4843595443118703E+008                  4.4772488137866013E+007                  4.7531788833358034E-002                  9.5897557400528749E-005                  0.0000000000000000E+000                  9.6036544568474758E-001                  2.0199214863827370E+010                  2.0550127743708134E-006                  3.6707195014192523E-009                 -2.8435927370590384E+000                  2.3264042599278070E+000                  2.5649648872876383E+000                  2.7154798851196289E+000 
                                     766                  2.0131252357535474E+000                 -1.6856311279435390E-001                  6.9573733239736102E+000                  4.9873894758632181E-001                  1.5583554209115277E+001                  6.9972012881898704E-001                  2.8027878143182527E-001                  2.0001089749187684E-002                  0.0000000000000000E+000                  3.4839883609109753E+008                  4.4904790791476801E+007                  5.0690969863160192E-002                  1.1099700274492586E-004                  0.0000000000000000E+000                  9.5470000806118915E-001                  2.0207368933050369E+010                  2.0585351326494272E-006                  3.7847502929460745E-009                 -2.8432208582886571E+000                  2.3301255899528117E+000                  2.5686862173126430E+000                  2.7192012151446336E+000 
                                     767                  2.0013801892578216E+000                 -1.7101951153915981E-001                  6.9599453125671227E+000                  5.0761095271749979E-001                  1.5594992455911472E+001                  6.9970899851318547E-001                  2.8028975717037546E-001                  2.0001244316439015E-002                  0.0000000000000000E+000                  3.4836241312654811E+008                  4.5037834964952700E+007                  5.4130600781894009E-002                  1.2847743761764061E-004                  0.0000000000000000E+000                  9.4908744558917280E-001                  2.0216268864836460E+010                  2.0617700787215124E-006                  3.8953377951348682E-009                 -2.8428798836654288E+000                  2.3338651361411271E+000                  2.5724257635009580E+000                  2.7229407613329486E+000 
                                     768                  1.9895224251079933E+000                 -1.7349104654206146E-001                  6.9625242280340203E+000                  5.1647600932723559E-001                  1.5606430821019792E+001                  6.9969762278308656E-001                  2.8030095627638235E-001                  2.0001420940531034E-002                  0.0000000000000000E+000                  3.4832669835159183E+008                  4.5171632848465070E+007                  5.7874217680327925E-002                  1.4871492863914682E-004                  0.0000000000000000E+000                  9.4353119064698121E-001                  2.0225930871148422E+010                  2.0646985537541681E-006                  4.0023992144756788E-009                 -2.8425716732138619E+000                  2.3376232372686947E+000                  2.5761838646285260E+000                  2.7266988624605166E+000 
                                     769                  1.9775514459743611E+000                 -1.7597799181908150E-001                  6.9651102311016944E+000                  5.2533394752003193E-001                  1.5617869302107650E+001                  6.9968601399000141E-001                  2.8031236324903114E-001                  2.0001622760967397E-002                  0.0000000000000000E+000                  3.4829170567442530E+008                  4.5306197437224343E+007                  6.1944266589995661E-002                  1.7214503523270712E-004                  0.0000000000000000E+000                  9.3803459979534076E-001                  2.0236371968933102E+010                  2.0673016645274891E-006                  4.1062881114261962E-009                 -2.8422980728424982E+000                  2.3414002467470749E+000                  2.5799608741069058E+000                  2.7304758719388964E+000 
                                     770                  1.9654667675682251E+000                 -1.7848062974597254E-001                  6.9677034959212971E+000                  5.3418458829003124E-001                  1.5629307900525044E+001                  6.9967418193752151E-001                  2.8032396466423459E-001                  2.0001853398243896E-002                  0.0000000000000000E+000                  3.4825744959824574E+008                  4.5441542518149532E+007                  6.6361176409176145E-002                  1.9927219459211560E-004                  0.0000000000000000E+000                  9.3260096026169714E-001                  2.0247609961231544E+010                  2.0695607852060238E-006                  4.2079051351015349E-009                 -2.8420609066920415E+000                  2.3451965327527762E+000                  2.5837571601126070E+000                  2.7342721579445977E+000 
                                     771                  1.9532679192054705E+000                 -1.8099925142091275E-001                  6.9703042101276074E+000                  5.4302774421603761E-001                  1.5640746621460385E+001                  6.9966213208931904E-001                  2.8033575095598756E-001                  2.0002116954693339E-002                  0.0000000000000000E+000                  3.4822394472029376E+008                  4.5577682653385967E+007                  7.1142467532794892E-002                  2.3068059374290652E-004                  0.0000000000000000E+000                  9.2723349660776888E-001                  2.0259663415468758E+010                  2.0714576398126122E-006                  4.3087899646246086E-009                 -2.8418619716809697E+000                  2.3490124783368329E+000                  2.5875731056966642E+000                  2.7380881035286548E+000 
                                     772                  1.9409544444007238E+000                 -1.8353415703773396E-001                  6.9729125749261902E+000                  5.5186322020107426E-001                  1.5652185474110553E+001                  6.9964986365343085E-001                  2.8034771810192260E-001                  2.0002418244646547E-002                  0.0000000000000000E+000                  3.4819120522147208E+008                  4.5714633161625996E+007                  7.6302030463744286E-002                  2.6704668785411877E-004                  0.0000000000000000E+000                  9.2193537761308142E-001                  2.0272551640358658E+010                  2.0729743447772569E-006                  4.4111743145463043E-009                 -2.8417030363603573E+000                  2.3528484815209834E+000                  2.5914091088808142E+000                  2.7419241067128048E+000 
                                     773                  1.9285259014637564E+000                 -1.8608565627622786E-001                  6.9755288052113231E+000                  5.6069081417368671E-001                  1.5663624471874293E+001                  6.9963736769226292E-001                  2.8035986965209597E-001                  2.0002762655641160E-002                  0.0000000000000000E+000                  3.4815924438052011E+008                  4.5852410102326751E+007                  8.1849720737927525E-002                  3.0915372533135693E-004                  0.0000000000000000E+000                  9.1670972337627310E-001                  2.0286294663887333E+010                  2.0740933965857956E-006                  4.5179812743774570E-009                 -2.8415858455962999E+000                  2.3567049554181110E+000                  2.5952655827779423E+000                  2.7457805806099329E+000 
                                     774                  1.9159818641075315E+000                 -1.8865406870875720E-001                  6.9781531297147925E+000                  5.6951031772045624E-001                  1.5675063632563305E+001                  6.9962462545125725E-001                  2.8037221819049163E-001                  2.0003156358251117E-002                  0.0000000000000000E+000                  3.4812807419416642E+008                  4.5991030263918802E+007                  8.7791400156464069E-002                  3.5790843212985516E-004                  0.0000000000000000E+000                  9.1155961270964680E-001                  2.0300913215033501E+010                  2.0747975943154660E-006                  4.6327611293800648E-009                 -2.8415121321167769E+000                  2.3605823284042766E+000                  2.5991429557641075E+000                  2.7496579535960981E+000 
                                     775                  1.9033219220722035E+000                 -1.9123972422378663E-001                  6.9807857911868796E+000                  5.7832151655475084E-001                  1.5686502978629170E+001                  6.9961160710701586E-001                  2.8038478637698494E-001                  2.0003606515999195E-002                  0.0000000000000000E+000                  3.4809770530253881E+008                  4.6130511160433993E+007                  9.4129503804879125E-002                  4.1436020842066323E-004                  0.0000000000000000E+000                  9.0648809085171211E-001                  2.0316428711986179E+010                  2.0750698900997882E-006                  4.7595571807501113E-009                 -2.8414836356510000E+000                  2.3644810443682251E+000                  2.6030416717280564E+000                  2.7535566695600471E+000 
                                     776                  1.8905456817655986E+000                 -1.9384296346834906E-001                  6.9834270466112818E+000                  5.8712419076639955E-001                  1.5697942537406716E+001                  6.9959827110528594E-001                  2.8039760770732125E-001                  2.0004121187392809E-002                  0.0000000000000000E+000                  3.4806814669343644E+008                  4.6270871042269006E+007                  1.0086413163481184E-001                  4.7972330440094335E-004                  0.0000000000000000E+000                  9.0149817754177730E-001                  2.0332863260270687E+010                  2.0748931759632570E-006                  4.9027102403922422E-009                 -2.8415021288214684E+000                  2.3684015630868784E+000                  2.6069621904467097E+000                  2.7574771882787004E+000 
                                     777                  1.8776527669205270E+000                 -1.9646413831198084E-001                  6.9860771674582249E+000                  5.9591811485163892E-001                  1.5709382341384472E+001                  6.9958456419421811E-001                  2.8041072609137668E-001                  2.0004709714405156E-002                  0.0000000000000000E+000                  3.4803940566421366E+008                  4.6412128919886090E+007                  1.0799456742808126E-001                  5.5540210462482050E-004                  0.0000000000000000E+000                  8.9659287550695632E-001                  2.0350239662202732E+010                  2.0742500299914589E-006                  5.0666249435224367E-009                 -2.8415694474785940E+000                  2.3723443607478059E+000                  2.6109049881076372E+000                  2.7614199859396278E+000 
                                     778                  1.8646428192468645E+000                 -1.9910361233950277E-001                  6.9887364399772220E+000                  6.0470305746378550E-001                  1.5720822428500508E+001                  6.9957042216267029E-001                  2.8042419515359579E-001                  2.0005382683733863E-002                  0.0000000000000000E+000                  3.4801148797335380E+008                  4.6554304604806766E+007                  1.1552103975557074E-001                  6.4302024360532754E-004                  0.0000000000000000E+000                  8.9177517934568284E-001                  2.0368581439192249E+010                  2.0731224516192547E-006                  5.2555278188408707E-009                 -2.8416875224957763E+000                  2.3763099306398154E+000                  2.6148705579996467E+000                  2.7653855558316374E+000 
                                     779                  1.8515154991065630E+000                 -2.0176176137025492E-001                  6.9914051655278726E+000                  6.1347878094870445E-001                  1.5732262842448209E+001                  6.9955577118853096E-001                  2.8043807661079928E-001                  2.0006152200669813E-002                  0.0000000000000000E+000                  3.4798439822345501E+008                  4.6697418762838915E+007                  1.2344648364227580E-001                  7.4445373156086729E-004                  0.0000000000000000E+000                  8.8704808485953968E-001                  2.0387912866328121E+010                  2.0714916215209676E-006                  5.4732525824592338E-009                 -2.8418584094677986E+000                  2.3802987840013299E+000                  2.6188594113611612E+000                  2.7693744091931518E+000 
                                     780                  1.8382704862212038E+000                 -2.0443897400508590E-001                  6.9940836609514667E+000                  6.2224504071133002E-001                  1.5743703632995977E+001                  6.9954052960875213E-001                  2.8045243822124882E-001                  2.0007032169998995E-002                  0.0000000000000000E+000                  3.4795814037114275E+008                  4.6841492978056416E+007                  1.3177805521402958E-001                  8.6186861179385929E-004                  0.0000000000000000E+000                  8.8241459881941298E-001                  2.0408259016371758E+010                  2.0693377171346598E-006                  5.7230835469879545E-009                 -2.8420843132173577E+000                  2.3843114509943435E+000                  2.6228720783541744E+000                  2.7733870761861650E+000 
                                     781                  1.8249074803997731E+000                 -2.0713565220672883E-001                  6.9967722589872876E+000                  6.3100158448767452E-001                  1.5755144856327995E+001                  6.9952460986465148E-001                  2.8046735175186893E-001                  2.0008038383479532E-002                  0.0000000000000000E+000                  3.4793271829685777E+008                  4.6986549824212357E+007                  1.4052819840629460E-001                  9.9776377577852240E-004                  0.0000000000000000E+000                  8.7787774915173911E-001                  2.0429645810488018E+010                  2.0666398062430379E-006                  6.0076791731980315E-009                 -2.8423676048872131E+000                  2.3883484817859353E+000                  2.6269091091457666E+000                  2.7774241069777572E+000 
                                     782                  1.8114262022868701E+000                 -2.0985221191650391E-001                  6.9994713087360427E+000                  6.3974815163783261E-001                  1.5766586575407858E+001                  6.9950792035595155E-001                  2.8048289076049571E-001                  2.0009188883552742E-002                  0.0000000000000000E+000                  3.4790813634838068E+008                  4.7132612937556118E+007                  1.4971514916450521E-001                  1.1550190623146716E-003                  0.0000000000000000E+000                  8.7344059556557230E-001                  2.0452100071363071E+010                  2.0633758292771533E-006                  6.3290860390345184E-009                 -2.8427108305806641E+000                  2.3924104476950294E+000                  2.6309710750548603E+000                  2.7814860728868509E+000 
                                     783                  1.7978263941338339E+000                 -2.1258908370921240E-001                  7.0021811749220522E+000                  6.4848447379393137E-001                  1.5778028860373571E+001                  6.9949036697671718E-001                  2.8049912878966488E-001                  2.0010504233617943E-002                  0.0000000000000000E+000                  3.4788439980434269E+008                  4.7279707019537143E+007                  1.5936286218019108E-001                  1.3367393696233356E-003                  7.7539094092386513E-055                  8.6910542124123313E-001                  2.0475649544571377E+010                  2.0595240985331521E-006                  6.6888343849856343E-009                 -2.8431165609946558E+000                  2.3964979420493151E+000                  2.6350585694091464E+000                  2.7855735672411370E+000 
                                     784                  1.7841078205746657E+000                 -2.1534671348401344E-001                  7.0049022279622397E+000                  6.5721028510401602E-001                  1.5789471788973149E+001                  6.9947185416630220E-001                  2.8051613796003377E-001                  2.0012007873664084E-002                  0.0000000000000000E+000                  3.4786151432729459E+008                  4.7427857326222435E+007                  1.6950041790012402E-001                  1.5471132373534007E-003                  1.1525622985128434E-054                  8.6486859344126055E-001                  2.0500322662130127E+010                  2.0550740988400050E-006                  7.0880945472709226E-009                 -2.8435862571768853E+000                  2.4006115784049658E+000                  2.6391722057647971E+000                  2.7896872035967877E+000 
                                     785                  1.7702702694070092E+000                 -2.1812556313165321E-001                  7.0076348310210914E+000                  6.6592533576720103E-001                  1.5800915447016880E+001                  6.9945228539169124E-001                  2.8053398819788000E-001                  2.0013726410428756E-002                  0.0000000000000000E+000                  3.4783948452696794E+008                  4.7577088974091388E+007                  1.8016106869386284E-001                  1.7903293664101164E-003                  1.7143853197080035E-054                  8.6072393968584193E-001                  2.0526148007684429E+010                  2.0500304585133490E-006                  7.5278695356097476E-009                 -2.8441198431633405E+000                  2.4047519855940083E+000                  2.6433126129538391E+000                  2.7938276107858298E+000 
                                     786                  1.7563135524228504E+000                 -2.2092611114611313E-001                  7.0103793363062978E+000                  6.7462939632110974E-001                  1.5812359928829745E+001                  6.9943156306405219E-001                  2.8055274685051929E-001                  2.0015690085428472E-002                  0.0000000000000000E+000                  3.4781831350701493E+008                  4.7727426730976708E+007                  1.9138114817480947E-001                  2.0713804690475055E-003                  2.5519281170553671E-054                  8.5666539124770791E-001                  2.0553153928531021E+010                  2.0444027937169026E-006                  8.0091953498791317E-009                 -2.8447167671221925E+000                  2.4089198041785824E+000                  2.6474804315384137E+000                  2.7979954293704044E+000 
                                     787                  1.7422375062688462E+000                 -2.2374885324215835E-001                  7.0131360855129943E+000                  6.8332225786263889E-001                  1.5823805337712683E+001                  6.9940958795890462E-001                  2.8057247885358794E-001                  2.0017933187507442E-002                  0.0000000000000000E+000                  3.4779800277523357E+008                  4.7878895023254059E+007                  2.0319901474386970E-001                  2.3959601315891267E-003                  3.8015381620634387E-054                  8.5268697907172697E-001                  2.0581368461801186E+010                  2.0382011730494224E-006                  8.5333226910372165E-009                 -2.8453764763980032E+000                  2.4131156861810226E+000                  2.6516763135408534E+000                  2.8021913113728441E+000 
                                     788                  1.7280419933338445E+000                 -2.2659430300687478E-001                  7.0159054102513165E+000                  6.9200373242858926E-001                  1.5835251786415855E+001                  6.9938625825488709E-001                  2.8059324722668078E-001                  2.0020494518432130E-002                  0.0000000000000000E+000                  3.4777855204718399E+008                  4.8031517935020640E+007                  2.1565416035116197E-001                  2.7705385544706169E-003                  5.6675516562035702E-054                  8.4878281893496188E-001                  2.0610819352134537E+010                  2.0314362845472600E-006                  9.1018627345218124E-009                 -2.8460983973267919E+000                  2.4173402958128150E+000                  2.6559009231726458E+000                  2.8064159210046364E+000 
                                     789                  1.7137269026651132E+000                 -2.2946299258627478E-001                  7.0186876324424521E+000                  7.0067365350732647E-001                  1.5846699397625539E+001                  6.9936146832413493E-001                  2.8061511378805659E-001                  2.0023417887808481E-002                  0.0000000000000000E+000                  3.4775995897759074E+008                  4.8185319200791575E+007                  2.2878657409527359E-001                  3.2024376150766717E-003                  8.4564971299893193E-054                  8.4494709767271781E-001                  2.0641534062661407E+010                  2.0241195770051550E-006                  9.7168885882675360E-009                 -2.8468819173342235E+000                  2.4215943101725506E+000                  2.6601549375323819E+000                  2.8106699353643725E+000 
                                     790                  1.6992921509119212E+000                 -2.3235547340907056E-001                  7.0214830646881428E+000                  7.0933187663987485E-001                  1.5858148304471985E+001                  6.9933510740353888E-001                  2.8063813996849257E-001                  2.0026752627968492E-002                  0.0000000000000000E+000                  3.4774221885806584E+008                  4.8340322194255047E+007                  2.4263639277557036E-001                  3.6999009439636229E-003                  1.2628667093864440E-053                  8.4117406041469200E-001                  2.0673539781099983E+010                  2.0162633521269644E-006                  1.0380990567515984E-008                 -2.8477263718012771E+000                  2.4258784199346168E+000                  2.6644390472944477E+000                  2.8149540451264388E+000 
                                     791                  1.6847376832850471E+000                 -2.3527231695208459E-001                  7.0242920106159819E+000                  7.1797828006600317E-001                  1.5869598651055254E+001                  6.9930705825828565E-001                  2.8066238762966161E-001                  2.0030554112052679E-002                  0.0000000000000000E+000                  3.4772532437297535E+008                  4.8496549914990976E+007                  2.5724382058211726E-001                  4.2721527832322364E-003                  1.8875956012188973E-053                  8.3745799878789828E-001                  2.0706863423078671E+010                  2.0078808111003406E-006                  1.1097289046656129E-008                 -2.8486310353595594E+000                  2.4301933300552587E+000                  2.6687539574150900E+000                  2.8192689552470807E+000 
                                     792                  1.6700634745567147E+000                 -2.3821411554505106E-001                  7.0271147652017172E+000                  7.2661276537762587E-001                  1.5881050592981866E+001                  6.9927719592451454E-001                  2.8068791981414376E-001                  2.0034884261341701E-002                  0.0000000000000000E+000                  3.4770926532029241E+008                  4.8654024975376479E+007                  2.7264926602019790E-001                  4.9294368911230145E-003                  2.8239488241831108E-053                  8.3379324005283695E-001                  2.0741531634352627E+010                  1.9989860623712828E-006                  1.1869411790338700E-008                 -2.8495951169620382E+000                  2.4345397605114001E+000                  2.6731003878712309E+000                  2.8236153857032216E+000 
                                     793                  1.6552695300997766E+000                 -2.4118148321813043E-001                  7.0299516150724326E+000                  7.3523525815460777E-001                  1.5892504297917467E+001                  6.9924538658952340E-001                  2.8071480140103450E-001                  2.0039812009442048E-002                  0.0000000000000000E+000                  3.4769402842236590E+008                  4.8812769588855170E+007                  2.8889362576323618E-001                  5.6830233627310784E-003                  4.2287544088544740E-053                  8.3017413713784005E-001                  2.0777570793312862E+010                  1.9895940970127856E-006                  1.2701442326766939E-008                 -2.8506177581288550E+000                  2.4389184470915217E+000                  2.6774790744513526E+000                  2.8279940722833432E+000 
                                     794                  1.6403558869626715E+000                 -2.4417505659638228E-001                  7.0328028387941561E+000                  7.4384570857783583E-001                  1.5903959946158604E+001                  6.9921148666191812E-001                  2.8074309965245725E-001                  2.0045413685624625E-002                  0.0000000000000000E+000                  3.4767959701403493E+008                  4.8972805561267108E+007                  3.0601864859832750E-001                  6.5451672533956692E-003                  6.3385034821116981E-053                  8.2659505955832047E-001                  2.0815007014590378E+010                  1.9797207359650592E-006                  1.3597843576424036E-008                 -2.8516980340064024E+000                  2.4433301422556903E+000                  2.6818907696155216E+000                  2.8324057674475123E+000 
                                     795                  1.6253226149817281E+000                 -2.4719549584470601E-001                  7.0356687071470336E+000                  7.5244409199232443E-001                  1.5915417731225988E+001                  6.9917534206726717E-001                  2.8077288466754108E-001                  2.0051773265191697E-002                  0.0000000000000000E+000                  3.4766595081674337E+008                  4.9134154285899319E+007                  3.2406732394006371E-001                  7.5289975780567144E-003                  9.5102081513620612E-053                  8.2305038519618934E-001                  2.0853866154566105E+010                  1.9693825497554245E-006                  1.4563357411032234E-008                 -2.8528349572913689E+000                  2.4477756160781601E+000                  2.6863362434379909E+000                  2.8368512412699816E+000 
                                     796                  1.6101698179320885E+000                 -2.5024348566732535E-001                  7.0385494833903994E+000                  7.6103040939397459E-001                  1.5926877860478363E+001                  6.9913678781938571E-001                  2.8080422976565195E-001                  2.0058982414962401E-002                  0.0000000000000000E+000                  3.4765306586358052E+008                  4.9296836743531838E+007                  3.4308425921754881E-001                  8.6483091358251270E-003                  1.4283419426342174E-052                  8.1953449292746938E-001                  2.0894173820021404E+010                  1.9585967465040740E-006                  1.5602876323340565E-008                 -2.8540274856258065E+000                  2.4522556572847041E+000                  2.6908162846445354E+000                  2.8413312824765260E+000 
                                     797                  1.5948976347265058E+000                 -2.5331973636490118E-001                  7.0414454235210799E+000                  7.6960468781568148E-001                  1.5938340555749500E+001                  6.9909564793157331E-001                  2.8083721182382387E-001                  2.0067140244602877E-002                  0.0000000000000000E+000                  3.4764091452516454E+008                  4.9460873509508930E+007                  3.6311603002587711E-001                  9.9172225026994965E-003                  2.1474477743989273E-052                  8.1604175610640584E-001                  2.0935955381066128E+010                  1.9473810198627340E-006                  1.6721279052199022E-008                 -2.8552745335788070E+000                  2.4567710744008906E+000                  2.6953317017607219E+000                  2.8458466995927125E+000 
                                     798                  1.5795062406559219E+000                 -2.5642498495591959E-001                  7.0443567765295514E+000                  7.7816698057836031E-001                  1.5949806054016198E+001                  6.9905173575921364E-001                  2.8087191159066993E-001                  2.0076352650116425E-002                  0.0000000000000000E+000                  3.4762946572358972E+008                  4.9626284770319298E+007                  3.8421150027815998E-001                  1.1349669643009805E-002                  3.2319917718500282E-052                  8.1256653692476577E-001                  2.0979235989882568E+010                  1.9357533451328734E-006                  1.7923218644368871E-008                 -2.8565749907845097E+000                  2.4613226970369277E+000                  2.6998833243967590E+000                  2.8503983222287497E+000 
                                     799                  1.5639958486675354E+000                 -2.5955999636945287E-001                  7.0472837846575844E+000                  7.8671736735745090E-001                  1.5961274608100036E+001                  6.9900485489595654E-001                  2.8090841400043115E-001                  2.0086731103612365E-002                  0.0000000000000000E+000                  3.4761868524644750E+008                  4.9793090353075944E+007                  4.0642211691942626E-001                  1.2958654787163749E-002                  4.8694916646049284E-052                  8.0910318164942863E-001                  2.1024040607419266E+010                  1.9237317093134035E-006                  1.9212849115855654E-008                 -2.8579277481889451E+000                  2.4659113773404133E+000                  2.7044720047002446E+000                  2.8549870025322353E+000 
                                     800                  1.5483667106885088E+000                 -2.6272556471481168E-001                  7.0502266836616743E+000                  7.9525595399915794E-001                  1.5972746487403622E+001                  6.9895480077934613E-001                  2.8094680849971576E-001                  2.0098390720938109E-002                  0.0000000000000000E+000                  3.4760853620766062E+008                  4.9961309772049285E+007                  4.2980218520491892E-001                  1.4755233638859493E-002                  7.3446458299014084E-052                  8.0564601738821040E-001                  2.1070394040761101E+010                  1.9113337585275936E-006                  2.0593475994064927E-008                 -2.8593317347481366E+000                  2.4705379916526211E+000                  2.7090986190124520E+000                  2.8596136168444426E+000 
                                     801                  1.5326191189978511E+000                 -2.6592251463580346E-001                  7.0531857061585450E+000                  8.0378286887473005E-001                  1.5984221978685300E+001                  6.9890136319513740E-001                  2.8098718939766837E-001                  2.0111447407194172E-002                  0.0000000000000000E+000                  3.4759898015683949E+008                  5.0130962474918634E+007                  4.5440915568052787E-001                  1.6747152880212470E-002                  1.1090211068449217E-051                  8.0219104748626191E-001                  2.1118321071283253E+010                  1.8985726421682639E-006                  2.2067117084841903E-008                 -2.8607863907318616E+000                  2.4752034431807681E+000                  2.7137640705405994E+000                  2.8642790683725901E+000 
                                     802                  1.5167534076473141E+000                 -2.6915170278258682E-001                  7.0561610949815936E+000                  8.1229824862100619E-001                  1.5995701386875361E+001                  6.9884432989114753E-001                  2.8102965625234816E-001                  2.0126013856504255E-002                  0.0000000000000000E+000                  3.4758997956123316E+008                  5.0302068700809002E+007                  4.8030401022959140E-001                  1.8937100582634380E-002                  1.6764817193328433E-051                  7.9873967481334374E-001                  2.1167846925719578E+010                  1.8854443255964562E-006                  2.3633963335445551E-008                 -2.8622931435738170E+000                  2.4799086682656424E+000                  2.7184692956254732E+000                  2.8689842934574639E+000 
                                     803                  1.5007699539461226E+000                 -2.7241401948868327E-001                  7.0591531157686775E+000                  8.2080222418899151E-001                  1.6007185035942097E+001                  6.9878349152475805E-001                  2.8107431430041246E-001                  2.0142194174829431E-002                  0.0000000000000000E+000                  3.4758150064861953E+008                  5.0474650341524176E+007                  5.0755169290572555E-001                  2.1320522777707990E-002                  2.5372153827181947E-051                  7.9529436305442136E-001                  2.1218997993309879E+010                  1.8719277014929984E-006                  2.5291737111614525E-008                 -2.8638554644039202E+000                  2.4846546454176410E+000                  2.7232152727774723E+000                  2.8737302706094630E+000 
                                     804                  1.4846691800200544E+000                 -2.7571039066646075E-001                  7.0621620597130006E+000                  8.2929491639969977E-001                  1.6018673269837436E+001                  6.9871864815561391E-001                  2.8112127493767120E-001                  2.0160076906714952E-002                  0.0000000000000000E+000                  3.4757351577099144E+008                  5.0648731280770071E+007                  5.3622149705265798E-001                  2.3882988261125265E-002                  3.8443775702193429E-051                  7.9185755978211347E-001                  2.1271802301307259E+010                  1.8579956626242137E-006                  2.7034958182445295E-008                 -2.8654776520873799E+000                  2.4894424021977000E+000                  2.7280030295575308E+000                  2.8785180273895214E+000 
                                     805                  1.4684515544042447E+000                 -2.7904177987517020E-001                  7.0651882443818934E+000                  8.3777643290446446E-001                  1.6030166453541302E+001                  6.9864961744335541E-001                  2.8117065625709275E-001                  2.0179726299551781E-002                  0.0000000000000000E+000                  3.4756600599919498E+008                  5.0824337667235285E+007                  5.6638746159224751E-001                  2.6597152098430010E-002                  5.8319911901971917E-051                  7.8843169873432306E-001                  2.1326289728287926E+010                  1.8436166928323251E-006                  2.8854147575856552E-008                 -2.8671646841281340E+000                  2.4942730196399618E+000                  2.7328336469997927E+000                  2.8833486448317833E+000 
                                     806                  1.4521175936900557E+000                 -2.8240919056163966E-001                  7.0682320146104907E+000                  8.4624686447274844E-001                  1.6041664974206590E+001                  6.9857624459911161E-001                  2.8122258365067099E-001                  2.0201171750217406E-002                  0.0000000000000000E+000                  3.4755896420926344E+008                  5.1001498238137983E+007                  5.9812879524088880E-001                  2.9419459229841433E-002                  8.8581500522868705E-051                  7.8501920244689316E-001                  2.1382492201503475E+010                  1.8287540497149088E-006                  3.0735028738005347E-008                 -2.8689223495674541E+000                  2.4991476367224235E+000                  2.7377082640822548E+000                  2.8882232619142454E+000 
                                     807                  1.4356678642333762E+000                 -2.8581366849321899E-001                  7.0712937434788952E+000                  8.5470628066819820E-001                  1.6053169242414832E+001                  6.9849841393996992E-001                  2.8127719048421607E-001                  2.0224395575814014E-002                  0.0000000000000000E+000                  3.4755239868776053E+008                  5.1180244692046575E+007                  6.3153033212894882E-001                  3.2286864711697290E-002                  1.3471597201643331E-050                  7.8162248518888389E-001                  2.1440443926695724E+010                  1.8133650388600187E-006                  3.2657824886365138E-008                 -2.8707573807970714E+000                  2.5040674553990456E+000                  2.7426280827588769E+000                  2.8931430805908676E+000 
                                     808                  1.4191029839267562E+000                 -2.8925630440529615E-001                  7.0743738333823005E+000                  8.6315472509233293E-001                  1.6064679693555384E+001                  6.9841606160048852E-001                  2.8133461885174871E-001                  2.0249319547762767E-002                  0.0000000000000000E+000                  3.4754633715121651E+008                  5.1360612102736428E+007                  6.6668302256625722E-001                  3.5114031937918018E-002                  2.0514498394324086E-050                  7.7824395610696773E-001                  2.1500181644427834E+010                  1.7974005279129633E-006                  3.4596799430339411E-008                 -2.8726775675445499E+000                  2.5090337461651711E+000                  2.7475943735250024E+000                  2.8981093713569930E+000 
                                     809                  1.4024236240409127E+000                 -2.9273823688600592E-001                  7.0774727172015659E+000                  8.7159221053339675E-001                  1.6076196789333977E+001                  6.9832918853655890E-001                  2.8139502041406844E-001                  2.0275791049372716E-002                  0.0000000000000000E+000                  3.4754083087666506E+008                  5.1542639355297349E+007                  7.0368446277079200E-001                  3.7791697825820703E-002                  3.1281366568445193E-050                  7.7488602242980997E-001                  2.1561744899940598E+010                  1.7808049026374634E-006                  3.6520239553684089E-008                 -2.8746918286875598E+000                  2.5140478540554070E+000                  2.7526084814152383E+000                  2.9031234792472289E+000 
                                     810                  1.3856305111630365E+000                 -2.9626065551597736E-001                  7.0805908595855573E+000                  8.8001871458337977E-001                  1.6087721019433300E+001                  6.9823787241777002E-001                  2.8145855732271757E-001                  2.0303570259512460E-002                  0.0000000000000000E+000                  3.4753595852132875E+008                  5.1726369572937913E+007                  7.4263946719456764E-001                  4.0187139791780423E-002                  4.7765263856536950E-050                  7.7155109250730225E-001                  2.1625176303948193E+010                  1.7635167172392892E-006                  3.8391132042607681E-008                 -2.8768102095433647E+000                  2.5191112048709847E+000                  2.7576718322308160E+000                  2.9081868300628066E+000 
                                     811                  1.3687244291951697E+000                 -2.9982480429222608E-001                  7.0837287583581139E+000                  8.8843417654258250E-001                  1.6099252903357382E+001                  6.9814227637223281E-001                  2.8152540323170772E-001                  2.0332320396059478E-002                  0.0000000000000000E+000                  3.4753182905454594E+008                  5.1911850487594411E+007                  7.8366068656201249E-001                  4.2147887969744391E-002                  7.3039942483233952E-050                  7.6824157837452978E-001                  2.1690521750255333E+010                  1.7454703190071475E-006                  4.0168806716348580E-008                 -2.8790437658915322E+000                  2.5242253113373603E+000                  2.7627859386971911E+000                  2.9133009365291818E+000 
                                     812                  1.3517062214166209E+000                 -3.0343198535265969E-001                  7.0868869460561896E+000                  8.9683849666042237E-001                  1.6110792992474430E+001                  6.9804265193901172E-001                  2.8159574438605822E-001                  2.0361603674930118E-002                  0.0000000000000000E+000                  3.4752858298010153E+008                  5.2099134690759450E+007                  8.2686927283076384E-001                  4.3509900657798854E-002                  1.1185415421767077E-049                  7.6495989745954984E-001                  2.1757830543299664E+010                  1.7265987060687216E-006                  4.1811800146205100E-008                 -2.8814042944448017E+000                  2.5293917787526090E+000                  2.7679524061124399E+000                  2.9184674039444305E+000 
                                     813                  1.3345767926258874E+000                 -3.0708356300832018E-001                  7.0900659916033728E+000                  9.0523153894364983E-001                  1.6122341872273289E+001                  6.9793933312760958E-001                  2.8166978077820060E-001                  2.0390886094189820E-002                  0.0000000000000000E+000                  3.4752639078266293E+008                  5.2288279687058173E+007                  8.7239559031377956E-001                  4.4111218664045819E-002                  1.7155781341196213E-049                  7.6170847300182121E-001                  2.1827155377562008E+010                  1.7068377730344688E-006                  4.3282087619119835E-008                 -2.8839038772938386E+000                  2.5346123095639208E+000                  2.7731729369237517E+000                  2.9236879347557423E+000 
                                     814                  1.3173371113661034E+000                 -3.1078096808341416E-001                  7.0932665021211214E+000                  9.1361313877578754E-001                  1.6133900164851831E+001                  6.9783271846854678E-001                  2.8174772736012249E-001                  2.0419554171330789E-002                  0.0000000000000000E+000                  3.4752544783375359E+008                  5.2479347673333228E+007                  9.2037997171326902E-001                  4.3811464530114100E-002                  2.6354846291373915E-049                  7.5848973275837650E-001                  2.1898552105362209E+010                  1.6861318793206860E-006                  4.4550610522201550E-008                 -2.8865542302111074E+000                  2.5398887062634543E+000                  2.7784493336232856E+000                  2.9289643314552762E+000 
                                     815                  1.2999882122378028E+000                 -3.1452570255253376E-001                  7.0964891248758395E+000                  9.2198311630481466E-001                  1.6145468531651495E+001                  6.9772323866830654E-001                  2.8182981529726292E-001                  2.0446946034430535E-002                  0.0000000000000000E+000                  3.4752596498545229E+008                  5.2672404978585809E+007                  9.7097351702005097E-001                  4.2516303625572842E-002                  4.0553547250424573E-049                  7.5530610569188583E-001                  2.1972079235699322E+010                  1.6644403201452056E-006                  4.5603672639297876E-008                 -2.8893658861041462E+000                  2.5452228720558687E+000                  2.7837834994156996E+000                  2.9342984972476902E+000 
                                     816                  1.2825311983105345E+000                 -3.1831934445316928E-001                  7.0997345493575930E+000                  9.3034129585623815E-001                  1.6157047676450691E+001                  6.9761130926240267E-001                  2.8191629326368189E-001                  2.0472397473915382E-002                  0.0000000000000000E+000                  3.4752815465377420E+008                  5.2867521141004615E+007                  1.0243389370233107E+000                  4.0204110558575167E-002                  6.2509232845577039E-049                  7.5216001659434073E-001                  2.2047797130810196E+010                  1.6417438141308429E-006                  4.6449316947232765E-008                 -2.8923473057001448E+000                  2.5506168089753620E+000                  2.7891774363351933E+000                  2.9396924341671840E+000 
                                     817                  1.2649672436332089E+000                 -3.2216355304921518E-001                  7.1030035076142806E+000                  9.3868753236454294E-001                  1.6168638348631259E+001                  6.9749727064393408E-001                  2.8200742879791812E-001                  2.0495300558147855E-002                  0.0000000000000000E+000                  3.4753221294391936E+008                  5.3064767555013441E+007                  1.0806514482215526E+000                  3.6949830037447902E-002                  9.6524398264941849E-049                  7.4905300358903948E-001                  2.2125766865068932E+010                  1.6180519214461515E-006                  4.7122317933676293E-008                 -2.8955037732420452E+000                  2.5560726131311533E+000                  2.7946332404909842E+000                  2.9451482383229752E+000 
                                     818                  1.2472975958399364E+000                 -3.2606007420981881E-001                  7.1062967649461495E+000                  9.4702175040163228E-001                  1.6180241346723950E+001                  6.9738132178961743E-001                  2.8210350977436760E-001                  2.0515168436014974E-002                  0.0000000000000000E+000                  3.4753829884421378E+008                  5.3264215345057234E+007                  1.1400995893063257E+000                  3.2939038352404450E-002                  1.4932747373804332E-048                  7.4598210140819921E-001                  2.2206048573642197E+010                  1.5934170315048409E-006                  4.7686112763474123E-008                 -2.8988352725581636E+000                  2.5615924654591291E+000                  2.8001530928189604E+000                  2.9506680906509510E+000 
                                     819                  1.2295235788624477E+000                 -3.3001074590823987E-001                  7.1096151091586339E+000                  9.5534398332946602E-001                  1.6191857522225398E+001                  6.9726345808323842E-001                  2.8220484609156488E-001                  2.0531695825196650E-002                  0.0000000000000000E+000                  3.4754651431362009E+008                  5.3465933200773187E+007                  1.2028860276197759E+000                  2.8464649857689987E-002                  2.3146493817545004E-048                  7.4294289848339845E-001                  2.2288699467178314E+010                  1.5679338762480671E-006                  4.8230280659567575E-008                 -2.9023361282830975E+000                  2.5671786195945501E+000                  2.8057392469543814E+000                  2.9562542447863720E+000 
                                     820                  1.2116465957552802E+000                 -3.3401750385071577E-001                  7.1129593495740746E+000                  9.6365439595925662E-001                  1.6203487783681279E+001                  6.9714342638026106E-001                  2.8231177170962218E-001                  2.0544801910116761E-002                  0.0000000000000000E+000                  3.4755689066441512E+008                  5.3669986187856734E+007                  1.2692285664055289E+000                  2.3900766208111532E-002                  3.5950730931414448E-048                  7.3993096841209050E-001                  2.2373772251682739E+010                  1.5417194813627679E-006                  4.8862150957550808E-008                 -2.9059973198801874E+000                  2.5728333940555279E+000                  2.8113940214153592E+000                  2.9619090192473498E+000 
                                     821                  1.1936681316403064E+000                 -3.3808238740336827E-001                  7.1163303193289744E+000                  9.7195329489898818E-001                  1.6215133101048529E+001                  6.9702070255092274E-001                  2.8242465351497514E-001                  2.0554643934102113E-002                  0.0000000000000000E+000                  3.4756938234944850E+008                  5.3876435309076913E+007                  1.3393613391893526E+000                  1.9652663784921583E-002                  5.5955472775377883E-048                  7.3694186960545627E-001                  2.2461314264462872E+010                  1.5148955545529912E-006                  4.9693007023290209E-008                 -2.9098086544207553E+000                  2.5785591720105367E+000                  2.8171197993703680E+000                  2.9676347972023587E+000 
                                     822                  1.1755897567743656E+000                 -3.4220754596725789E-001                  7.1197288778766588E+000                  9.8024111141683257E-001                  1.6226794510365337E+001                  6.9689454362305114E-001                  2.8254386978797030E-001                  2.0561586588978553E-002                  0.0000000000000000E+000                  3.4758388221272725E+008                  5.4085338785124369E+007                  1.4135363234453411E+000                  1.6097285277576368E-002                  8.7282311424403508E-048                  7.3397115743545815E-001                  2.2551367620426857E+010                  1.4875733691985217E-006                  5.0823091888345276E-008                 -2.9137608025300383E+000                  2.5843584115774298E+000                  2.8229190389372607E+000                  2.9734340367692513E+000 
                                     823                  1.1574131297436763E+000                 -3.4639524611999284E-001                  7.1231559137525871E+000                  9.8851839710962597E-001                  1.6238473118785173E+001                  6.9676399794264354E-001                  2.8266985413683876E-001                  2.0566147920517697E-002                  0.0000000000000000E+000                  3.4760022647790092E+008                  5.4296752587146811E+007                  1.4920249274379112E+000                  1.3514778254126048E-002                  1.3645725990687365E-047                  7.3101438965638132E-001                  2.2643969703775063E+010                  1.4598400267427904E-006                  5.2328056332887557E-008                 -2.9178473663918143E+000                  2.5902336607399672E+000                  2.8287942880997985E+000                  2.9793092859317891E+000 
                                     824                  1.1391400008062813E+000                 -3.5064787948173698E-001                  7.1266123476810899E+000                  9.9678577921236988E-001                  1.6250170110024847E+001                  6.9662802931693157E-001                  2.8280306337079852E-001                  2.0568907312269902E-002                  0.0000000000000000E+000                  3.4761823154987973E+008                  5.4510733541008621E+007                  1.5751201137230462E+000                  1.2053874013797299E-002                  2.1384201789767797E-047                  7.2806715186972792E-001                  2.2739154379342922E+010                  1.4317487179174589E-006                  5.4249512150697136E-008                 -2.9220665985552374E+000                  2.5961875800674226E+000                  2.8347482074272534E+000                  2.9852632052592440E+000 
                                     825                  1.1207722153858812E+000                 -3.5496797179870293E-001                  7.1300991361038486E+000                  1.0050439397812212E+000                  1.6261886750332671E+001                  6.9648557139896228E-001                  2.8294400823890953E-001                  2.0570420362128194E-002                  0.0000000000000000E+000                  3.4763771195818418E+008                  5.4727341030400448E+007                  1.6631386259471652E+000                  1.1726853608890008E-002                  3.3593579072795299E-047                  7.2512507218734823E-001                  2.2836953590190189E+010                  1.4032862418087108E-006                  5.6562901586652141E-008                 -2.9264268663537933E+000                  2.6022229710124383E+000                  2.8407835983722691E+000                  2.9912985962042598E+000 
                                     826                  1.1023117177243686E+000                 -3.5935819314864309E-001                  7.1336172751638296E+000                  1.0132935911162626E+000                  1.6273624395068019E+001                  6.9633559667987244E-001                  2.8309325246908273E-001                  2.0571150851044884E-002                  0.0000000000000000E+000                  3.4765850168074858E+008                  5.4946639017228819E+007                  1.7564235758228168E+000                  1.2446171001663972E-002                  5.2908919306547481E-047                  7.2218384023472637E-001                  2.2937398424855217E+010                  1.3743365685135235E-006                  5.9141356723863876E-008                 -2.9309534487952233E+000                  2.6083428005664864E+000                  2.8469034279263177E+000                  2.9974184257583083E+000 
                                     827                  1.0837605547031512E+000                 -3.6382136944693511E-001                  7.1362797465858794E+000                  1.0194946291318789E+000                  1.6282463809345167E+001                  6.9621747346442031E-001                  2.8321113244800566E-001                  2.0571394087574024E-002                  0.0000000000000000E+000                  3.4767451812066889E+008                  5.5113086690122008E+007                  1.8301962423161611E+000                  1.3597462630001694E-002                  7.4544178583572552E-047                  7.1998022082109048E-001                  2.3040083115158245E+010                  1.3451256855327337E-006                  6.2218863034237616E-008                 -2.9356185671307440E+000                  2.6145507572533471E+000                  2.8531113846131779E+000                  3.0036263824451686E+000 
                                     828                  1.0744516423795301E+000                 -3.6608115923598483E-001                  7.1389555050075693E+000                  1.0256535163292566E+000                  1.6291273152213694E+001                  6.9609434324131358E-001                  2.8333417055007132E-001                  2.0571486208615042E-002                  0.0000000000000000E+000                  3.4769182134327841E+008                  5.5280779039486945E+007                  1.9070462021483177E+000                  1.5213104793306179E-002                  1.0510254893213446E-046                  7.1776429566637312E-001                  2.3092659335928703E+010                  1.3384899231059672E-006                  7.1994273220447445E-008                 -2.9366924470371596E+000                  2.6176882465142000E+000                  2.8562488738740313E+000                  3.0067638717060219E+000 
                                     829                  1.0557685536293611E+000                 -3.7065943877726942E-001                  7.1425566732509429E+000                  1.0338902527222220E+000                  1.6303069889412619E+001                  6.9590633805508939E-001                  2.8352233319454817E-001                  2.0571328750362383E-002                  0.0000000000000000E+000                  3.4771130758393764E+008                  5.5506795962859899E+007                  2.0151393846203498E+000                  1.8052770909060555E-002                  1.6670121877882589E-046                  7.1480422385755094E-001                  2.3200155098954426E+010                  1.3412826313617912E-006                  1.0811985588082475E-007                 -2.9362398495873765E+000                  2.6240316129548091E+000                  2.8625922403146404E+000                  3.0131072381466311E+000 
                                     830                  1.0370003924498987E+000                 -3.7531845167085665E-001                  7.1461929501795254E+000                  1.0421953561350157E+000                  1.6314893183718983E+001                  6.9548659061846341E-001                  2.8394459380072196E-001                  2.0568815580814581E-002                  0.0000000000000000E+000                  3.4767288427516222E+008                  5.5731011688767217E+007                  2.1290564444702764E+000                  2.1733874015292809E-002                  2.6589411622332809E-046                  7.1179230870432242E-001                  2.3307827445732079E+010                  1.3810393219481009E-006                  1.8172161514899929E-007                 -2.9298969778497295E+000                  2.6304520801711693E+000                  2.8690127075310006E+000                  3.0195277053629912E+000 
                                     831                  1.0181495976750508E+000                 -3.8006085178502752E-001                  7.1489472167031431E+000                  1.0485367395686487E+000                  1.6323802775123561E+001                  6.9487957438042480E-001                  2.8455647146821034E-001                  2.0563954151364916E-002                  0.0000000000000000E+000                  3.4756852313189435E+008                  5.5895208784962840E+007                  2.2181325638615199E+000                  2.5170740966423966E-002                  3.7963592103388686E-046                  7.0947646183810076E-001                  2.3412468851290489E+010                  1.4191094468939375E-006                  2.5380963883648567E-007                 -2.9239920544385907E+000                  2.6369221847727800E+000                  2.8754828121326108E+000                  3.0259978099646014E+000 
                                     832                  1.0086940081036009E+000                 -3.8246382120809080E-001                  7.1517152319882085E+000                  1.0548316779495570E+000                  1.6332681427527628E+001                  6.9427656263937521E-001                  2.8516426495958191E-001                  2.0559172401042880E-002                  0.0000000000000000E+000                  3.4746802313324267E+008                  5.6060859454298012E+007                  2.3110222082376355E+000                  2.9182255279219839E-002                  5.4235221988335245E-046                  7.0714484476937767E-001                  2.3464474283558605E+010                  1.4124717373623142E-006                  2.6428214969481270E-007                 -2.9250101166853733E+000                  2.6401794568919112E+000                  2.8787400842517425E+000                  3.0292550820837332E+000 
                                     833                  9.8972410440219338E-001                 -3.8733604351292844E-001                  7.1554438806980807E+000                  1.0631515638980906E+000                  1.6344578845061051E+001                  6.9375314482209527E-001                  2.8569106122001753E-001                  2.0555793957887203E-002                  0.0000000000000000E+000                  3.4741190307374901E+008                  5.6291044215439066E+007                  2.4432904051079207E+000                  3.5467716951120054E-002                  8.7255501789625639E-046                  7.0407193453804318E-001                  2.3573924631781120E+010                  1.3245344238312678E-006                  2.1142084996728643E-007                 -2.9389683750874172E+000                  2.6467978307836817E+000                  2.8853584581435130E+000                  3.0358734559755036E+000 
                                     834                  9.7067820972823926E-001                 -3.9230080223313379E-001                  7.1592120632746123E+000                  1.0713988425428431E+000                  1.6356509347989338E+001                  6.9342473296867790E-001                  2.8602071152842345E-001                  2.0554555502898642E-002                  0.0000000000000000E+000                  3.4741202612613672E+008                  5.6529002431525975E+007                  2.5850701384389509E+000                  4.3051245506171357E-002                  1.4049310579192769E-045                  7.0100954004917493E-001                  2.3690391591248451E+010                  1.2256690788224675E-006                  1.4888328883581927E-007                 -2.9558133850722901E+000                  2.6535684530896106E+000                  2.8921290804494419E+000                  3.0426440782814326E+000 
                                     835                  9.5155921289913625E-001                 -3.9736317882471484E-001                  7.1625457849256282E+000                  1.0786034045665642E+000                  1.6366993417025625E+001                  6.9319541292340103E-001                  2.8625040306754923E-001                  2.0554184009049736E-002                  0.0000000000000000E+000                  3.4743117724384034E+008                  5.6741702234439097E+007                  2.7172356888552174E+000                  5.1029164782531000E-002                  2.1365248465202927E-045                  6.9831889093252564E-001                  2.3812135283364037E+010                  1.1530995654430605E-006                  1.1365159973790860E-007                 -2.9690665957647813E+000                  2.6604790561965759E+000                  2.8990396835564067E+000                  3.0495546813883974E+000 
                                     836                  9.3717169285396773E-001                 -4.0122747109009094E-001                  7.1659067909754395E+000                  1.0857784940952147E+000                  1.6377475454890497E+001                  6.9296453339129205E-001                  2.8648156526623586E-001                  2.0553901342472036E-002                  0.0000000000000000E+000                  3.4745384645052230E+008                  5.6956957602607749E+007                  2.8567914852791159E+000                  6.0530789303143651E-002                  3.2553952400188357E-045                  6.9560190794146881E-001                  2.3906150894619099E+010                  1.1148768462740533E-006                  1.0395964607703378E-007                 -2.9763865519301422E+000                  2.6657472969866984E+000                  2.9043079243465293E+000                  3.0548229221785199E+000 
                                     837                  9.1793224787216499E-001                 -4.0647258251321378E-001                  7.1697922086221189E+000                  1.0939920009885684E+000                  1.6389509659090109E+001                  6.9268949773712307E-001                  2.8675689691297251E-001                  2.0553605349904469E-002                  0.0000000000000000E+000                  3.4748124868249542E+008                  5.7206633896977060E+007                  3.0265431864954220E+000                  7.3692774739910150E-002                  5.2884497044439667E-045                  6.9246370961675374E-001                  2.4034381945173809E+010                  1.0781505289182752E-006                  1.0588488213875855E-007                 -2.9836602998553978E+000                  2.6728817486484040E+000                  2.9114423760082349E+000                  3.0619573738402259E+000 
                                     838                  8.9862839352362989E-001                 -4.1182924576395608E-001                  7.1737235493297460E+000                  1.1022078207465464E+000                  1.6401586909081406E+001                  6.9239626394071230E-001                  2.8705045255590589E-001                  2.0553283503381814E-002                  0.0000000000000000E+000                  3.4750899059743524E+008                  5.7460039623762809E+007                  3.2078902923218844E+000                  8.9865877912674683E-002                  8.6255502971115658E-045                  6.8928261516424272E-001                  2.4165268381995354E+010                  2.1217024557638425E-006                  1.1887967828980143E-006                 -2.8366577604719088E+000                  2.6801480769636616E+000                  2.9187087043234929E+000                  3.0692237021554836E+000 
                                     839                  8.7926357815641754E-001                 -4.1730309108289682E-001                  7.1777027394476747E+000                  1.1104284842203780E+000                  1.6413710425707301E+001                  6.9208103857376069E-001                  2.8736605100802631E-001                  2.0552910418212944E-002                  0.0000000000000000E+000                  3.4753631631229621E+008                  5.7717257666573755E+007                  3.4018031259857211E+000                  1.0978083910889394E-001                  1.4127823781604876E-044                  6.8605230023640440E-001                  2.4298954325054073E+010                  5.5849241583848150E-006                  4.6920581823863204E-006                 -2.6264913600493527E+000                  2.6875516708425864E+000                  2.9261122982024173E+000                  3.0766272960344079E+000 
                                     840                  8.5984141493143196E-001                 -4.2290016834981764E-001                  7.1807095731571886E+000                  1.1282607072340727E+000                  1.6422868067074710E+001                  6.5765330505896202E-001                  3.2205162654910641E-001                  2.0295068391931625E-002                  0.0000000000000000E+000                  3.3843252890114272E+008                  5.7142558879323907E+007                  3.3427520113335736E+000                  1.6795015329345050E-001                  3.0370052438552427E-044                  6.7767610955265412E-001                  2.3998728901589119E+010                  9.3099018577058333E-006                  8.4162006755206229E-006                 -2.5155274486007064E+000                  2.6912291498829002E+000                  2.9297897772427310E+000                  3.0803047750747217E+000 
                                     841                  8.5010355204996801E-001                 -4.2567265776815016E-001                  7.1827172224988507E+000                  1.1343582412847373E+000                  1.6428963586276488E+001                  6.5178750951005937E-001                  3.2795187757054861E-001                  2.0260612919392074E-002                  0.0000000000000000E+000                  3.3692252373775095E+008                  5.7141638818757020E+007                  3.4078780743872672E+000                  1.9121310001396349E-001                  4.1394578717899846E-044                  6.7507799967437154E-001                  2.3809570833951073E+010                  1.0394672591271895E-005                  9.4964743264592442E-006                 -2.4915945927065772E+000                  2.6925419720104879E+000                  2.9311025993703188E+000                  3.0816175972023094E+000 
                                     842                  8.4036568916850407E-001                 -4.2845949292856206E-001                  7.1857371947679480E+000                  1.1471556094250215E+000                  1.6438091392056052E+001                  6.3254224283165261E-001                  3.4729718629100742E-001                  2.0160570877340023E-002                  0.0000000000000000E+000                  3.3186809779440302E+008                  5.6899546270010605E+007                  3.4392016708097577E+000                  2.4037437774480933E-001                  7.3344641684292572E-044                  6.6942697754005498E-001                  2.3710387253957561E+010                  1.0783066367222629E-005                  9.8906055260529935E-006                 -2.4836288609012409E+000                  2.6947125917158217E+000                  2.9332732190756530E+000                  3.0837882169076436E+000 
                                     843                  8.2084036613490363E-001                 -4.3404400565843637E-001                  7.1897855570036562E+000                  1.1659728279698245E+000                  1.6450326803399285E+001                  6.0263062846963000E-001                  3.7732716800554239E-001                  2.0042203524827551E-002                  0.0000000000000000E+000                  3.2398861248231488E+008                  5.6468405732109360E+007                  3.4499199128472542E+000                  3.1714702333629297E-001                  1.6185251271187695E-043                  6.6130851596441709E-001                  2.3345626617394753E+010                  1.2074034746951318E-005                  1.1178284808678535E-005                 -2.4590737893287540E+000                  2.6974193570543008E+000                  2.9359799844141317E+000                  3.0864949822461223E+000 
                                     844                  8.0126959929116548E-001                 -4.3961471694623194E-001                  7.1938483276756129E+000                  1.1841102069303924E+000                  1.6462576880646225E+001                  5.7529489093377517E-001                  4.0474885285996842E-001                  1.9956256206256406E-002                  0.0000000000000000E+000                  3.1679358288537127E+008                  5.6085324605284698E+007                  3.4732034012478969E+000                  4.0512483576973468E-001                  3.4267869456743224E-043                  6.5319602931803900E-001                  2.2978209967576279E+010                  1.2843439363014955E-005                  1.1944503610245211E-005                 -2.4456593301755896E+000                  2.6998592908938650E+000                  2.9384199182536963E+000                  3.0889349160856869E+000 
                                     845                  7.8165773907475433E-001                 -4.4517870686662664E-001                  7.1979229409885619E+000                  1.2021514887130884E+000                  1.6474829835086673E+001                  5.4876022003590252E-001                  4.3135355972761807E-001                  1.9886220236479346E-002                  0.0000000000000000E+000                  3.0981000927253538E+008                  5.5711167661496557E+007                  3.4968921466674665E+000                  5.0908117633139349E-001                  7.1106377811000538E-043                  6.4499504221373438E-001                  2.2652339387925434E+010                  1.3091760939422362E-005                  1.2193496153475187E-005                 -2.4415009668377459E+000                  2.7024913672800701E+000                  2.9410519946399014E+000                  3.0915669924718920E+000 
                                     846                  7.6200934227127237E-001                 -4.5073563563339586E-001                  7.2020070844789181E+000                  1.2207844235251279E+000                  1.6487073704284185E+001                  5.2125408086737124E-001                  4.5892018395132794E-001                  1.9825735181300819E-002                  0.0000000000000000E+000                  3.0256322413562906E+008                  5.5301209695110038E+007                  3.5064445551628767E+000                  6.3219085488220050E-001                  1.4712519773972141E-042                  6.3688413125236210E-001                  2.2333686741272400E+010                  1.3378502469025551E-005                  1.2484005958221320E-005                 -2.4367962484349599E+000                  2.7049914646615880E+000                  2.9435520920214189E+000                  3.0940670898534095E+000 
                                     847                  7.4232918201266507E-001                 -4.5627614534336947E-001                  7.2055890679717045E+000                  1.2371221471108491E+000                  1.6497784400028728E+001                  4.9766405823833720E-001                  4.8255498850140205E-001                  1.9780953260260747E-002                  0.0000000000000000E+000                  2.9634679203688699E+008                  5.4942617941231430E+007                  3.5119388824712865E+000                  7.5821465345162131E-001                  2.7461458975355712E-042                  6.2998903318154931E-001                  2.2021462509377838E+010                  1.3605231139353255E-005                  1.2719096458643468E-005                 -2.4331470377949977E+000                  2.7073125101345710E+000                  2.9458731374944018E+000                  3.0963881353263925E+000 
                                     848                  7.2755193124483608E-001                 -4.6041913591380368E-001                  7.2090452114838186E+000                  1.2516304168699710E+000                  1.6508063245813091E+001                  4.7833348834871509E-001                  5.0191801643610046E-001                  1.9748495215184514E-002                  0.0000000000000000E+000                  2.9126581332078236E+008                  5.4674278153704926E+007                  3.5397523111976978E+000                  9.0145442437332723E-001                  4.8455024047400177E-042                  6.2349712944330682E-001                  2.1828003192761093E+010                  1.3547644352931603E-005                  1.2672884535068151E-005                 -2.4340681063970311E+000                  2.7092985033002739E+000                  2.9478591306601052E+000                  3.0983741284920958E+000 
                                     849                  7.0905834048607375E-001                 -4.6559767470706626E-001                  7.2122492626889532E+000                  1.2678756859865954E+000                  1.6517579613374782E+001                  4.5383079264954335E-001                  5.2645810775666468E-001                  1.9711099593791914E-002                  0.0000000000000000E+000                  2.8479079086413842E+008                  5.4251011899189934E+007                  3.4908671891384615E+000                  1.1011830758788730E+000                  8.5874930866145227E-042                  6.1641890101645636E-001                  2.1549320001305340E+010                  1.2048981041035530E-005                  1.1185148691447647E-005                 -2.4595248394892413E+000                  2.7112722744114097E+000                  2.9498329017712406E+000                  3.1003478996032312E+000 
                                     850                  6.9672326880350632E-001                 -4.6902539039220803E-001                  7.2144298011319652E+000                  1.2741401059241069E+000                  1.6524026273594121E+001                  4.4893397170216665E-001                  5.3136300246156321E-001                  1.9703025836270149E-002                  0.0000000000000000E+000                  2.8353864592268926E+008                  5.4261456550305016E+007                  3.5187410946986288E+000                  1.3017318927886707E+000                  1.1556743334862913E-041                  6.1374462131662522E-001                  2.1461645489178875E+010                  8.4056427459658632E-006                  7.5618234232741567E-006                 -2.5377145360941959E+000                  2.7133955275383412E+000                  2.9519561548981725E+000                  3.1024711527301627E+000 
                                     851                  6.8808315294282951E-001                 -4.7144022390373269E-001                  7.2162291197918345E+000                  1.2787979241746195E+000                  1.6529317432827135E+001                  4.4607557561065037E-001                  5.3422659734465205E-001                  1.9697827044697580E-002                  0.0000000000000000E+000                  2.8282284234541100E+008                  5.4300246894131243E+007                  3.3735942591066541E+000                  1.5041105341811856E+000                  1.4625554109211458E-041                  6.1173753507846196E-001                  2.1510259393580715E+010                  4.8589502503309207E-006                  4.0426152440603535E-006                 -2.6567287737775485E+000                  2.7160000035868284E+000                  2.9545606309466597E+000                  3.1050756287786503E+000 
                                     852                  6.7944303708215292E-001                 -4.7386960493854802E-001                  7.2182900509062247E+000                  1.2835192057747395E+000                  1.6535344883334599E+001                  4.4420959429273160E-001                  5.3609634512941762E-001                  1.9694060577850836E-002                  0.0000000000000000E+000                  2.8238119524288648E+008                  5.4381042580688216E+007                  2.8985983157944548E+000                  1.7481399958500961E+000                  1.8940518205313456E-041                  6.0967787234836690E-001                  2.1585644308308044E+010                  2.9117367456321871E-006                  2.1260065064497996E-006                 -2.7679239463909506E+000                  2.7188671443847299E+000                  2.9574277717445612E+000                  3.1079427695765518E+000 
                                     853                  6.6833334679044587E-001                 -4.7701969137110145E-001                  7.2199727806683676E+000                  1.2869779656147162E+000                  1.6540242597811268E+001                  4.4358504403334231E-001                  5.3672231718624053E-001                  1.9692638780417160E-002                  0.0000000000000000E+000                  2.8226232157090235E+008                  5.4470442777422756E+007                  2.4577094875077430E+000                  1.9367241227660874E+000                  2.3224355992790896E-041                  6.0815003660627609E-001                  2.1714737399007664E+010                  1.8944476417313750E-006                  1.1517470236283235E-006                 -2.8612586965725275E+000                  2.7228743010987544E+000                  2.9614349284585857E+000                  3.1119499262905763E+000 
                                     854                  6.6339419792838472E-001                 -4.7843113329937376E-001                  7.2210096417086751E+000                  1.2890388519926004E+000                  1.6543246645409376E+001                  4.4333626714783597E-001                  5.3697168609745671E-001                  1.9692046754707260E-002                  0.0000000000000000E+000                  2.8222602157237005E+008                  5.4529143704713032E+007                  2.2385193433559607E+000                  2.0534514169638087E+000                  2.6301251981360528E-041                  6.0722870450618782E-001                  2.1780408490425983E+010                  1.3304571499131001E-006                  6.0779579326381870E-007                 -2.9379995541135924E+000                  2.7247391140879551E+000                  2.9632997414477860E+000                  3.1138147392797770E+000 
                                     855                  6.5845504906632391E-001                 -4.7984969134284861E-001                  7.2225023098673127E+000                  1.2919332044775804E+000                  1.6547553161456296E+001                  4.4310889046508994E-001                  5.3719962597024706E-001                  1.9691483564662993E-002                  0.0000000000000000E+000                  2.8220946823660535E+008                  5.4617172416934572E+007                  2.0071640454688224E+000                  2.2228380494799094E+000                  3.1421049341431278E-041                  6.0592025538898708E-001                  2.1849346357242607E+010                  1.0428428402927437E-006                  3.4052543102746625E-007                 -2.9908905680956495E+000                  2.7266352658857649E+000                  2.9651958932455962E+000                  3.1157108910775868E+000 
                                     856                  6.4919287275422843E-001                 -4.8252983002287503E-001                  7.2244576304437853E+000                  1.2956225905721817E+000                  1.6553165549722724E+001                  4.4298671566619247E-001                  5.3732212386110900E-001                  1.9691160472698588E-002                  0.0000000000000000E+000                  2.8223597932596099E+008                  5.4737296140480809E+007                  1.8719181002349570E+000                  2.4472236200985140E+000                  3.9594654817457010E-041                  6.0422937266613763E-001                  2.1984448301302433E+010                  8.4297590209270930E-007                  1.7930648261312645E-007                 -3.0370924201240159E+000                  2.7302494948096916E+000                  2.9688101221695224E+000                  3.1193251200015131E+000 
                                     857                  6.3993069644213330E-001                 -4.8523720886131344E-001                  7.2264856814072411E+000                  1.2993801290858129E+000                  1.6558949708406171E+001                  4.4293665920072195E-001                  5.3737232018964420E-001                  1.9691020609633902E-002                  0.0000000000000000E+000                  2.8228544344548428E+008                  5.4864177033884600E+007                  1.8337221184797394E+000                  2.6930132388116204E+000                  5.0268810251501022E-041                  6.0247807411790799E-001                  2.2125048764232719E+010                  7.0367142482906529E-007                  7.9019605199690888E-008                 -3.0763150423710757E+000                  2.7339205552424999E+000                  2.9724811826023312E+000                  3.1229961804343214E+000 
                                     858                  6.3005272541169921E-001                 -4.8815587375954161E-001                  7.2285882186557338E+000                  1.3032221745351400E+000                  1.6564906884183493E+001                  4.4291799806901011E-001                  5.3739103618058393E-001                  1.9690965750405964E-002                  0.0000000000000000E+000                  2.8234717175856787E+008                  5.4996901425116636E+007                  1.8516389366375738E+000                  2.9676998745143006E+000                  6.4328677549441860E-041                  6.0065647160670099E-001                  2.2279571627242733E+010                  6.1334768686556846E-007                  3.0488684277265986E-008                 -3.1061466341266075E+000                  2.7378828622003692E+000                  2.9764434895602006E+000                  3.1269584873921912E+000 
                                     859                  6.2017475438126513E-001                 -4.9110809121008991E-001                  7.2306997102457515E+000                  1.3070346194708444E+000                  1.6570848809643365E+001                  4.4291143324624843E-001                  5.3739762119895962E-001                  1.9690945554792005E-002                  0.0000000000000000E+000                  2.8241403324286848E+008                  5.5130834109255806E+007                  1.8969517534119320E+000                  3.2685348759198987E+000                  8.2350475053804735E-041                  5.9881718488670033E-001                  2.2438188912190815E+010                  5.5210618017961064E-007                  1.1129580523519370E-008                 -3.1289886957082498E+000                  2.7418880644183306E+000                  2.9804486917781619E+000                  3.1309636896101525E+000 
                                     860                  6.1030177480635983E-001                 -4.9409363092960773E-001                  7.2328205557719691E+000                  1.3108208961260448E+000                  1.6576776091130082E+001                  4.4290917171093808E-001                  5.3739988998913513E-001                  1.9690938299926852E-002                  0.0000000000000000E+000                  2.8248399631966239E+008                  5.5265801861280829E+007                  1.9557464083948024E+000                  3.5995308025790100E+000                  1.0546924038973564E-040                  5.9695865969504924E-001                  2.2600661561071812E+010                  5.0295901947145842E-007                  3.8911989082481335E-009                 -3.1492336996613561E+000                  2.7459326010640512E+000                  2.9844932284238821E+000                  3.1350082262558732E+000 
                                     861                  6.0042879523145443E-001                 -4.9711530213264626E-001                  7.2349508003114362E+000                  1.3145817228175183E+000                  1.6582688334316387E+001                  4.4290840697750755E-001                  5.3740065727498654E-001                  1.9690935747505911E-002                  0.0000000000000000E+000                  2.8255635609515172E+008                  5.5401739194390818E+007                  2.0219912436967684E+000                  3.9644011136073343E+000                  1.3514252592435979E-040                  5.9508061830728975E-001                  2.2767094422575893E+010                  4.5845955021618266E-007                  1.3314378466441167E-009                 -3.1693494880044550E+000                  2.7500189228112184E+000                  2.9885795501710497E+000                  3.1390945480030403E+000 
                                     862                  5.9056431981021151E-001                 -5.0017183634048756E-001                  7.2370908642013196E+000                  1.3183176978558930E+000                  1.6588586160087161E+001                  4.4290815232212216E-001                  5.3740091281341895E-001                  1.9690934864458942E-002                  0.0000000000000000E+000                  2.8263091062470460E+008                  5.5538652334538162E+007                  2.0932832746960721E+000                  4.3670237490927892E+000                  1.7325503781135965E-040                  5.9318281784306526E-001                  2.2937444053960804E+010                  4.1564843596799363E-007                  4.4726167654292333E-010                 -3.1906369246768547E+000                  2.7541446610428979E+000                  2.9927052884027288E+000                  3.1432202862347198E+000 
                                     863                  5.8069984438896860E-001                 -5.0326726661408738E-001                  7.2392408036369318E+000                  1.3220284948101366E+000                  1.6594469166136207E+001                  4.4290806878342254E-001                  5.3740099665282404E-001                  1.9690934563753482E-002                  0.0000000000000000E+000                  2.8270762119985634E+008                  5.5676541423886910E+007                  2.1687875856005050E+000                  4.8115033158657390E+000                  2.2223263636390651E-040                  5.9126548640607812E-001                  2.3111991118381214E+010                  3.7340326957407859E-007                  1.4783333453873172E-010                 -3.2139109418118901E+000                  2.7583148528398884E+000                  2.9968754801997193E+000                  3.1473904780317103E+000 
                                     864                  5.7084756118173963E-001                 -5.0639921059901349E-001                  7.2414010665153477E+000                  1.3257143363436126E+000                  1.6600337988654172E+001                  4.4290804171559828E-001                  5.3740102382173960E-001                  1.9690934462662124E-002                  0.0000000000000000E+000                  2.8278652589407867E+008                  5.5815437803491928E+007                  2.2483459009486513E+000                  5.3024277673393270E+000                  2.8521822033611316E-040                  5.8932856586148308E-001                  2.3290668940814243E+010                  3.3139477761919164E-007                  4.8157837047480817E-011                 -3.2398271699092134E+000                  2.7625259662597901E+000                  3.0010865936196214E+000                  3.1516015914516120E+000 
                                     865                  5.6099527797451065E-001                 -5.0957306214856046E-001                  7.2435717232169852E+000                  1.3293747477876985E+000                  1.6606192217262585E+001                  4.4290803306031068E-001                  5.3740103251056037E-001                  1.9690934429128948E-002                  0.0000000000000000E+000                  2.8286767204230326E+008                  5.5955350806834817E+007                  2.3320658046130265E+000                  5.8447896975912164E+000                  3.6626389752553272E-040                  5.8737237831250344E-001                  2.3473859567982395E+010                  2.8944239805711040E-007                  1.5478538788979445E-011                 -3.2692189261496485E+000                  2.7667849513792646E+000                  3.0053455787390959E+000                  3.1558605765710865E+000 
                                     866                  5.5115906109676538E-001                 -5.1278521499293417E-001                  7.2457532516592433E+000                  1.3330098949607962E+000                  1.6612032505104725E+001                  4.4290803032196191E-001                  5.3740103525991423E-001                  1.9690934418123862E-002                  0.0000000000000000E+000                  2.8295113201784503E+008                  5.6096316909092411E+007                  2.4201937999740188E+000                  6.4442375911075214E+000                  4.7062878859031657E-040                  5.8539690609051453E-001                  2.3661432853861061E+010                  2.4757418193589217E-007                  4.9131887974546317E-012                 -3.3031473236615927E+000                  2.7710866701666350E+000                  3.0096472975264659E+000                  3.1601622953584565E+000 
                                     867                  5.4132284421902055E-001                 -5.1604256978006313E-001                  7.2479463565582050E+000                  1.3366202760821990E+000                  1.6617860071140896E+001                  4.4290802946602897E-001                  5.3740103611941636E-001                  1.9690934414554606E-002                  0.0000000000000000E+000                  2.8303699272554511E+008                  5.6238387887864605E+007                  2.5130522981753689E+000                  7.1071432915457349E+000                  6.0514792527031059E-040                  5.8340195401457684E-001                  2.3853874022916168E+010                  2.0571212273973097E-007                  1.5409632190422447E-012                 -3.3433700571574079E+000                  2.7754400559339150E+000                  3.0140006832937458E+000                  3.1645156811257364E+000 
                                     868                  5.3150120583341520E-001                 -5.1934205009221313E-001                  7.2501503214916028E+000                  1.3402040211509516E+000                  1.6623672331029290E+001                  4.4290802920136774E-001                  5.3740103638522285E-001                  1.9690934413409411E-002                  0.0000000000000000E+000                  2.8312528898753560E+008                  5.6381523704654135E+007                  2.6109461049696820E+000                  7.8401451218262679E+000                  7.7858047304575212E-040                  5.8138864854732042E-001                  2.4051087829083561E+010                  1.6391945481712835E-007                  4.7778673102987520E-013                 -3.3926847495164201E+000                  2.7798406752507487E+000                  3.0184013026105800E+000                  3.1689163004425707E+000 
                                     869                  5.2169068669275254E-001                 -5.2268658403924417E-001                  7.2523659659175399E+000                  1.3437617672383944E+000                  1.6629470761131298E+001                  4.4290802912038252E-001                  5.3740103646657189E-001                  1.9690934413045591E-002                  0.0000000000000000E+000                  2.8321611880609983E+008                  5.6525784063521624E+007                  2.7142822749547109E+000                  8.6511323376115445E+000                  1.0023997382674781E-039                  5.7935648112893678E-001                  2.4253336903395061E+010                  1.2218805582595786E-007                  1.4647853227663369E-013                 -3.4564856226703164E+000                  2.7842921117566006E+000                  3.0228527391164319E+000                  3.1733677369484226E+000 
                                     870                  5.1189237067560389E-001                 -5.2607768323663362E-001                  7.2545936144870833E+000                  1.3472933068488049E+000                  1.6635255493737723E+001                  4.4290802909586091E-001                  5.3740103649120785E-001                  1.9690934412931238E-002                  0.0000000000000000E+000                  2.8330956426704478E+008                  5.6671196944553830E+007                  2.8234853843839738E+000                  9.5487445029118714E+000                  1.2914737742668249E-039                  5.7730451684350703E-001                  2.4460804870467064E+010                  8.0536333150529114E-008                  4.4425911885538066E-014                 -3.5470040739345938E+000                  2.7887960372741221E+000                  3.0273566646339534E+000                  3.1778716624659440E+000 
                                     871                  5.0210736966984593E-001                 -5.2951693228025187E-001                  7.2568336002910323E+000                  1.3507984274709248E+000                  1.6641026665267336E+001                  4.4290802908851340E-001                  5.3740103649859106E-001                  1.9690934412895489E-002                  0.0000000000000000E+000                  2.8340571092381895E+008                  5.6817791170700699E+007                  2.9390209853330909E+000                  1.0542625853351948E+001                  1.6651348759934585E-039                  5.7523160659716144E-001                  2.4673684550466393E+010                  3.8989116282937807E-008                  1.3389307131458841E-014                 -3.7045283041525203E+000                  2.7933542012149424E+000                  3.0319148285747737E+000                  3.1824298264067643E+000 
                                     872                  4.9233682450259081E-001                 -5.3300599353520872E-001                  7.2590851869512525E+000                  1.3542780185007144E+000                  1.6646784416712698E+001                  4.4290802908633548E-001                  5.3740103650077997E-001                  1.9690934412884609E-002                  0.0000000000000000E+000                  2.8350451318190014E+008                  5.6965525629261211E+007                  3.0613589263814944E+000                  1.1643072865291067E+001                  2.1483127714897516E-039                  5.7313850715755998E-001                  2.4892146460868813E+010                 -1.9403115633295506E-015                  4.2656934272158806E-015                 -9.8999999999999986E+001                  2.7979681646339558E+000                  3.0365287919937867E+000                  3.1870437898257773E+000 
                                     873                  4.8258190591566036E-001                 -5.3654660318774228E-001                  7.2613312793819071E+000                  1.3577497690021065E+000                  1.6652528893645503E+001                  4.4290802908468263E-001                  5.3740103650244164E-001                  1.9690934412875727E-002                  0.0000000000000000E+000                  2.8360386256549519E+008                  5.7113281658804551E+007                  3.1903534964558267E+000                  1.2853488632720856E+001                  2.7687310451909606E-039                  5.7105530776963576E-001                  2.5115851048355412E+010                 -4.0374696381752981E-014                  1.8738680174941188E-015                 -9.8999999999999986E+001                  2.8026351911608605E+000                  3.0411958185206918E+000                  3.1917108163526824E+000 
                                     874                  4.7284381558973382E-001                 -5.4014043528062572E-001                  7.2635719333949114E+000                  1.3612137651061933E+000                  1.6658260238852488E+001                  4.4290802908321453E-001                  5.3740103650391746E-001                  1.9690934412867955E-002                  0.0000000000000000E+000                  2.8370376080734932E+008                  5.7261061157095924E+007                  3.3264593287542894E+000                  1.4184387206970449E+001                  3.5645408322981200E-039                  5.6898082773083969E-001                  2.5344494692789265E+010                 -6.4271805867961689E-014                  1.3598564992886080E-015                 -9.8999999999999986E+001                  2.8073526982748187E+000                  3.0459133256346500E+000                  3.1964283234666406E+000 
                                     875                  4.6312378722058251E-001                 -5.4378924434718778E-001                  7.2658072037100752E+000                  1.3646700912821552E+000                  1.6663978592355793E+001                  4.4290802908184312E-001                  5.3740103650529680E-001                  1.9690934412860073E-002                  0.0000000000000000E+000                  2.8380420968176013E+008                  5.7408865981677979E+007                  3.4701641322843608E+000                  1.5647243567542514E+001                  4.5842706545485138E-039                  5.6691389858718200E-001                  2.5578282397926350E+010                 -8.3971179604570316E-014                  1.2217371328290058E-015                 -9.8999999999999986E+001                  2.8121224684945401E+000                  3.0506830958543709E+000                  3.2011980936863615E+000 
                                     876                  4.5342308765030376E-001                 -5.4749487070470748E-001                  7.2680371439587441E+000                  1.3681188303487184E+000                  1.6669684091429719E+001                  4.4290802908052929E-001                  5.3740103650661830E-001                  1.9690934412852412E-002                  0.0000000000000000E+000                  2.8390521095591187E+008                  5.7556697950227134E+007                  3.6219909877410807E+000                  1.7254577543519130E+001                  5.8895889354460572E-039                  5.6485336424568722E-001                  2.5817431009457787E+010                 -1.0137953730396582E-013                  1.1435016211003878E-015                 -9.8999999999999986E+001                  2.8169463695743118E+000                  3.0555069969341431E+000                  3.2060219947661337E+000 
                                     877                  4.4374301805820926E-001                 -5.5125924618884614E-001                  7.2702618066886799E+000                  1.3715600634818230E+000                  1.6675376870613203E+001                  4.4290802907925253E-001                  5.3740103650790294E-001                  1.9690934412844530E-002                  0.0000000000000000E+000                  2.8400676638746023E+008                  5.7704558840024628E+007                  3.7825007823806707E+000                  1.9020044553520925E+001                  7.5587834794743622E-039                  5.6279808114547691E-001                  2.6062170114650257E+010                 -1.1719521500070241E-013                  1.0960549539440397E-015                 -9.8999999999999986E+001                  2.8218263602447724E+000                  3.0603869876046033E+000                  3.2109019854365939E+000 
                                     878                  4.3408491521591769E-001                 -5.5508440037390749E-001                  7.2724812433674551E+000                  1.3749938702193907E+000                  1.6681057061717894E+001                  4.4290802907799998E-001                  5.3740103650916371E-001                  1.9690934412836314E-002                  0.0000000000000000E+000                  2.8410887772336513E+008                  5.7852450387312271E+007                  3.9522948003049736E+000                  2.0958534043253991E+001                  9.6911454183202237E-039                  5.6074691848842773E-001                  2.6312743026943954E+010                 -1.3178955216546424E-013                  1.0668983815440492E-015                 -9.8999999999999986E+001                  2.8267644964356666E+000                  3.0653251237954975E+000                  3.2158401216274881E+000 
                                     879                  4.2445015281100068E-001                 -5.5897246732934103E-001                  7.2741438869530120E+000                  1.3775709731653747E+000                  1.6685317053915348E+001                  4.4290802907707172E-001                  5.3740103651009818E-001                  1.9690934412830097E-002                  0.0000000000000000E+000                  2.8418575241695511E+008                  5.7963488182365723E+007                  4.0862807009113657E+000                  2.2537330434756338E+001                  1.1671018100430268E-038                  5.5921061723887744E-001                  2.6569270791446518E+010                 -1.4539325336774609E-013                  1.0439126748604351E-015                 -9.8999999999999986E+001                  2.8317631147527291E+000                  3.0703237421125604E+000                  3.2208387399445511E+000 
                                     880                  4.1964358973142551E-001                 -5.6094009773575748E-001                  7.2752497487081733E+000                  1.3792823647411807E+000                  1.6688147830496252E+001                  4.4290802907645593E-001                  5.3740103651071813E-001                  1.9690934412825989E-002                  0.0000000000000000E+000                  2.8423722842505091E+008                  5.8037459743930638E+007                  4.1787466141944476E+000                  2.3651590980723004E+001                  1.3205105374111707E-038                  5.5818706324164202E-001                  2.6699860827088898E+010                 -1.5187300571840757E-013                  1.0298431141168781E-015                 -9.8999999999999986E+001                  2.8342848561610947E+000                  3.0728454835209260E+000                  3.2233604813529166E+000 
                                     881                  4.1484014284431520E-001                 -5.6292564479850205E-001                  7.2767671040413013E+000                  1.3816279042933817E+000                  1.6692029350803150E+001                  4.4290802907561244E-001                  5.3740103651156745E-001                  1.9690934412820105E-002                  0.0000000000000000E+000                  2.8430828220561808E+008                  5.8139109730096899E+007                  4.3101850584692523E+000                  2.5269122133201911E+001                  1.5640469537730972E-038                  5.5678040559837028E-001                  2.6832287473370239E+010                 -1.5815795126355260E-013                  1.0189707382130807E-015                 -9.8999999999999986E+001                  2.8368240920135737E+000                  3.0753847193734045E+000                  3.2258997172053951E+000 
                                     882                  4.0645390053739416E-001                 -5.6643955769391441E-001                  7.2788331742721502E+000                  1.3848248720473575E+000                  1.6697317831643055E+001                  4.4290802907446664E-001                  5.3740103651272142E-001                  1.9690934412812000E-002                  0.0000000000000000E+000                  2.8440554879976940E+008                  5.8277804998978212E+007                  4.4981714779553306E+000                  2.7648303412977281E+001                  1.9688117978054859E-038                  5.5486296363394516E-001                  2.7067981666709724E+010                 -1.6870782328744891E-013                  1.0057156746092382E-015                 -9.8999999999999986E+001                  2.8413049428905426E+000                  3.0798655702503739E+000                  3.2303805680823645E+000 
                                     883                  3.9689430658808755E-001                 -5.7052139760364973E-001                  7.2810328115921452E+000                  1.3882305998269304E+000                  1.6702950401103308E+001                  4.4290802907324661E-001                  5.3740103651395077E-001                  1.9690934412802674E-002                  0.0000000000000000E+000                  2.8450982974697095E+008                  5.8425829926116258E+007                  4.7104554181616018E+000                  3.0424208736335974E+001                  2.5144575673501030E-038                  5.5281734758671919E-001                  2.7343781260101772E+010                 -1.8013406127080083E-013                  9.9215855190971254E-016                 -9.8999999999999986E+001                  2.8464897491028287E+000                  3.0850503764626596E+000                  3.2355653742946502E+000 
                                     884                  3.8736375346479307E-001                 -5.7467554951585176E-001                  7.2832274577975493E+000                  1.3916292646970194E+000                  1.6708570984692276E+001                  4.4290802907202637E-001                  5.3740103651518090E-001                  1.9690934412792682E-002                  0.0000000000000000E+000                  2.8461467494413871E+008                  5.8573893318762295E+007                  4.9356283233118514E+000                  3.3467169508873184E+001                  3.2081851902367952E-038                  5.5077053388129105E-001                  2.7626801343025688E+010                 -1.9094001846178221E-013                  9.7854476779590197E-016                 -9.8999999999999986E+001                  2.8517443986129667E+000                  3.0903050259727980E+000                  3.2408200238047886E+000 
                                     885                  3.7786381645296097E-001                 -5.7890477510592031E-001                  7.2854171579445799E+000                  1.3950209364597352E+000                  1.6714179698013158E+001                  4.4290802907080357E-001                  5.3740103651641358E-001                  1.9690934412782912E-002                  0.0000000000000000E+000                  2.8472008616559827E+008                  5.8721996647502087E+007                  5.1745897787897706E+000                  3.6801782848893957E+001                  4.0893400804859945E-038                  5.4872147424271245E-001                  2.7917426376142750E+010                 -2.0116709393155706E-013                  9.6513199462476490E-016                 -9.8999999999999986E+001                  2.8570716323185343E+000                  3.0956322596783656E+000                  3.2461472575103563E+000 
                                     886                  3.6839611722473892E-001                 -5.8321199455480410E-001                  7.2876019559724758E+000                  1.3984056832174632E+000                  1.6719776653841770E+001                  4.4290802906957683E-001                  5.3740103651765092E-001                  1.9690934412772254E-002                  0.0000000000000000E+000                  2.8482606516650385E+008                  5.8870141333278105E+007                  5.4283021801526647E+000                  4.0454811910386177E+001                  5.2074999082733643E-038                  5.4666913614230783E-001                  2.8216029721563499E+010                 -2.1084351325143280E-013                  9.5533152430872179E-016                 -9.8999999999999986E+001                  2.8624743930057601E+000                  3.1010350203655910E+000                  3.2515500181975816E+000 
                                     887                  3.5896232580252785E-001                 -5.8760029896852384E-001                  7.2897818946871604E+000                  1.4017835713465001E+000                  1.6725361962083422E+001                  4.4290802906834459E-001                  5.3740103651889437E-001                  1.9690934412761041E-002                  0.0000000000000000E+000                  2.8493261367738748E+008                  5.9018328745423265E+007                  5.6977947621532277E+000                  4.4455367892773175E+001                  6.6250790002002670E-038                  5.4461250340549827E-001                  2.8523010604490547E+010                 -2.1999444614753744E-013                  9.4810901292249962E-016                 -9.8999999999999986E+001                  2.8679557938287088E+000                  3.1065164211885401E+000                  3.2570314190205307E+000 
                                     888                  3.4956416264845946E-001                 -5.9207296403646725E-001                  7.2919570157410973E+000                  1.4051546654649369E+000                  1.6730935729720308E+001                  4.4290802906710552E-001                  5.3740103652014504E-001                  1.9690934412749383E-002                  0.0000000000000000E+000                  2.8503973340155673E+008                  5.9166560199370809E+007                  5.9841678460090346E+000                  4.8835106530299754E+001                  8.4205810658431598E-038                  5.4255057685764629E-001                  2.8838796470909317E+010                 -2.2864190729833209E-013                  9.3980659647490957E-016                 -9.8999999999999986E+001                  2.8735191319594273E+000                  3.1120797593192586E+000                  3.2625947571512492E+000 
                                     889                  3.4020340089025425E-001                 -5.9663346508009663E-001                  7.2941273596093223E+000                  1.4085190283945515E+000                  1.6736498060748790E+001                  4.4290802906585891E-001                  5.3740103652140403E-001                  1.9690934412737060E-002                  0.0000000000000000E+000                  2.8514742601223105E+008                  5.9314836954069324E+007                  6.2885973091147944E+000                  5.3628439991762157E+001                  1.0692656828605707E-037                  5.4048237500566687E-001                  2.9163845613486652E+010                 -2.3680037242014714E-013                  9.2975815848581155E-016                 -9.8999999999999986E+001                  2.8791679036263775E+000                  3.1177285309862088E+000                  3.2682435288181995E+000 
                                     890                  3.3088186869228031E-001                 -6.0128549366701944E-001                  7.2962929655609479E+000                  1.4118767211155661E+000                  1.6742049056105227E+001                  4.4290802906460369E-001                  5.3740103652267213E-001                  1.9690934412724181E-002                  0.0000000000000000E+000                  2.8525569315014797E+008                  5.9463160209075198E+007                  6.6123392987681662E+000                  5.8872765779268505E+001                  1.3565165108322955E-037                  5.3840693475394674E-001                  2.9498650102666954E+010                 -2.4447889140762131E-013                  9.1905723959383573E-016                 -9.8999999999999986E+001                  2.8849058207164999E+000                  3.1234664480763312E+000                  3.2739814459083219E+000 
                                     891                  3.2160145179038507E-001                 -6.0603297598725225E-001                  7.2984538716249210E+000                  1.4152278027121339E+000                  1.6747588813576833E+001                  4.4290802906333898E-001                  5.3740103652395022E-001                  1.9690934412710748E-002                  0.0000000000000000E+000                  2.8536453642649275E+008                  5.9611531101201676E+007                  6.9567351865677844E+000                  6.4608713448609819E+001                  1.7193476113388584E-037                  5.3632331215355455E-001                  2.9843739065633278E+010                 -2.5168120642885300E-013                  9.1109628566548506E-016                 -9.8999999999999986E+001                  2.8907368291368627E+000                  3.1292974564966936E+000                  3.2798124543286842E+000 
                                     892                  3.1236409620588701E-001                 -6.1088009322070114E-001                  7.3006101145501985E+000                  1.4185723245511466E+000                  1.6753117427696392E+001                  4.4290802906206439E-001                  5.3740103652523918E-001                  1.9690934412696426E-002                  0.0000000000000000E+000                  2.8547396054795027E+008                  5.9759951099230543E+007                  7.3232166759737849E+000                  7.0880409543424236E+001                  2.1772314789499451E-037                  5.3423058887886499E-001                  3.0199682564442585E+010                 -2.5841245185386004E-013                  9.0537078165246245E-016                 -9.8999999999999986E+001                  2.8966651306180089E+000                  3.1352257579778402E+000                  3.2857407558098304E+000 
                                     893                  3.0317181115421538E-001                 -6.1583130422802812E-001                  7.3027617298280463E+000                  1.4219098422774377E+000                  1.6758634989622106E+001                  4.4290802906077936E-001                  5.3740103652653959E-001                  1.9690934412680994E-002                  0.0000000000000000E+000                  2.8558423907560122E+008                  5.9908455862552620E+007                  7.7133024814871636E+000                  7.7735673601085196E+001                  2.7545453596746989E-037                  5.3212837948903247E-001                  3.0567113214480396E+010                 -2.6467925621753560E-013                  8.9783054297999419E-016                 -9.8999999999999986E+001                  2.9026953300189926E+000                  3.1412559573788235E+000                  3.2917709552108141E+000 
                                     894                  2.9402667216689321E-001                 -6.2089137660045968E-001                  7.3049087519247786E+000                  1.4252391353870959E+000                  1.6764141587292617E+001                  4.4290802905948295E-001                  5.3740103652785165E-001                  1.9690934412665451E-002                  0.0000000000000000E+000                  2.8569606882282573E+008                  6.0057135184175879E+007                  8.1285964039364451E+000                  8.5226226840045626E+001                  3.4817703328143276E-037                  5.3001725416908263E-001                  3.0946758450580898E+010                 -2.7048257233308382E-013                  8.8854524006136656E-016                 -9.8999999999999986E+001                  2.9088326595396023E+000                  3.1473932868994332E+000                  3.2979082847314238E+000 
                                     895                  2.8493082444815038E-001                 -6.2606542491526862E-001                  7.3070512146159654E+000                  1.4285590878312531E+000                  1.6769637306062055E+001                  4.4290802905817511E-001                  5.3740103652917637E-001                  1.9690934412648575E-002                  0.0000000000000000E+000                  2.8581009167256463E+008                  6.0206072292096004E+007                  8.5708067421262708E+000                  9.3408139256207264E+001                  4.3969934147120263E-037                  5.2789794480504071E-001                  3.1339425323925713E+010                 -2.7582027688340805E-013                  8.7914564012093937E-016                 -9.8999999999999986E+001                  2.9150828650890142E+000                  3.1536434924488450E+000                  3.3041584902808356E+000 
                                     896                  2.7588648649015174E-001                 -6.3135894296707262E-001                  7.3091891511858380E+000                  1.4318687724668839E+000                  1.6775122229329909E+001                  4.4290802905685528E-001                  5.3740103653051396E-001                  1.9690934412630812E-002                  0.0000000000000000E+000                  2.8592684836669958E+008                  6.0355337898641646E+007                  9.0417542088397571E+000                  1.0234219859936944E+002                  5.5477646866191378E-037                  5.2577124616023874E-001                  3.1745972992212891E+010                 -2.8068981788146120E-013                  8.7022473537939191E-016                 -9.8999999999999986E+001                  2.9214519968018346E+000                  3.1600126241616660E+000                  3.3105276219936566E+000 
                                     897                  2.6689595397393695E-001                 -6.3677783887847628E-001                  7.3113225945953531E+000                  1.4351674390869904E+000                  1.6780596439113520E+001                  4.4290802905552307E-001                  5.3740103653186488E-001                  1.9690934412612049E-002                  0.0000000000000000E+000                  2.8604678470869583E+008                  6.0504990919587024E+007                  9.5433786220217272E+000                  1.1209429246026436E+002                  6.9933969662056607E-037                  5.2363800894145240E-001                  3.2167316449121193E+010                 -2.8508890023932785E-013                  8.6080769738189362E-016                 -9.8999999999999986E+001                  2.9279464263119377E+000                  3.1665070536717685E+000                  3.3170220515037592E+000 
                                     898                  2.5796160398676699E-001                 -6.4232847474081967E-001                  7.3134515776331979E+000                  1.4384545027822058E+000                  1.6786060016565862E+001                  4.4290802905417814E-001                  5.3740103653322968E-001                  1.9690934412592176E-002                  0.0000000000000000E+000                  2.8617025765830165E+008                  6.0655079170758650E+007                  1.0077745954909574E+001                  1.2273582030691894E+002                  8.8078116292671975E-037                  5.2149913350590771E-001                  3.2604434508050385E+010                 -2.8901547219357306E-013                  8.4851169235943312E-016                 -9.8999999999999986E+001                  2.9345728925888648E+000                  3.1731335199486961E+000                  3.3236485177806867E+000 
                                     899                  2.4908589959073993E-001                 -6.4801771147984655E-001                  7.3155761330503912E+000                  1.4417295326262469E+000                  1.6791513042441021E+001                  4.4290802905282001E-001                  5.3740103653460847E-001                  1.9690934412571526E-002                  0.0000000000000000E+000                  2.8629754123432642E+008                  6.0805640057783201E+007                  1.0647055776963176E+001                  1.3434413819598043E+002                  1.1083058692995003E-036                  5.1935556737245403E-001                  3.3058378850802769E+010                 -2.9246303427030877E-013                  8.3436025660559066E-016                 -9.8999999999999986E+001                  2.9413385528067626E+000                  3.1798991801665939E+000                  3.3304141779985845E+000 
                                     900                  2.4027139478246476E-001                 -6.5385295976935165E-001                  7.3176962936786403E+000                  1.4449922406664799E+000                  1.6796955597509392E+001                  4.4290802905144866E-001                  5.3740103653600180E-001                  1.9690934412549543E-002                  0.0000000000000000E+000                  2.8642883220610416E+008                  6.0956701260278724E+007                  1.1253649108950551E+001                  1.4700303869615399E+002                  1.3933668050325218E-036                  5.1720829826249382E-001                  3.3530284326329334E+010                 -2.9541966860285043E-013                  8.2385610926567310E-016                 -9.8999999999999986E+001                  2.9482510391343837E+000                  3.1868116664942150E+000                  3.3373266643262056E+000 
                                     901                  2.3152073988947211E-001                 -6.5984223797213215E-001                  7.3198120925343098E+000                  1.4482424712191686E+000                  1.6802387762925100E+001                  4.4290802905006382E-001                  5.3740103653741012E-001                  1.9690934412526007E-002                  0.0000000000000000E+000                  2.8656425576703042E+008                  6.1108281376210555E+007                  1.1900016713278303E+001                  1.6080326855361869E+002                  1.7502023567798175E-036                  5.1505834566885733E-001                  3.4021380722498425E+010                 -2.9787448011638389E-013                  8.2062329766815518E-016                 -9.8999999999999986E+001                  2.9553185223109493E+000                  3.1938791496707801E+000                  3.3443941475027708E+000 
                                     902                  2.2283668745476468E-001                 -6.6599423827928295E-001                  7.3219235629086983E+000                  1.4514801904657784E+000                  1.6807809620547740E+001                  4.4290802904866505E-001                  5.3740103653883331E-001                  1.9690934412501582E-002                  0.0000000000000000E+000                  2.8670387110030627E+008                  6.1260390561719239E+007                  1.2588807845075328E+001                  1.7584308690540612E+002                  2.1964995412342975E-036                  5.1290675562728338E-001                  3.4533006280435745E+010                 -2.9982459872958928E-013                  8.1947792515454242E-016                 -9.8999999999999986E+001                  2.9625497831881535E+000                  3.2011104105479848E+000                  3.3516254083799755E+000 
                                     903                  2.1422209866930045E-001                 -6.7231840245355234E-001                  7.3240307384424206E+000                  1.4547054763205662E+000                  1.6813221253220149E+001                  4.4290802904725218E-001                  5.3740103654027183E-001                  1.9690934412476047E-002                  0.0000000000000000E+000                  2.8684767628370327E+008                  6.1413031232097797E+007                  1.3322839500491531E+001                  1.9222886742828237E+002                  2.7542121220661406E-036                  5.1075459583824390E-001                  3.5066623280689934E+010                 -3.0127051039634922E-013                  8.1116312004953404E-016                 -9.8999999999999986E+001                  2.9699542940063317E+000                  3.2085149213661626E+000                  3.3590299191981532E+000 
                                     904                  2.0567995042364057E-001                 -6.7882500887168240E-001                  7.3261336531871875E+000                  1.4579185085850310E+000                  1.6818622745003228E+001                  4.4290802904582544E-001                  5.3740103654172611E-001                  1.9690934412448513E-002                  0.0000000000000000E+000                  2.8699561417247748E+008                  6.1566198578364067E+007                  1.4105106194915551E+001                  2.1007574773276579E+002                  3.4505691442134965E-036                  5.0860295105624331E-001                  3.5623836102873917E+010                 -3.0219920342704094E-013                  7.9926179030095336E-016                 -9.8999999999999986E+001                  2.9775423104573369E+000                  3.2161029378171682E+000                  3.3666179356491588E+000 
                                     905                  1.9721334305911564E-001                 -6.8552527292280452E-001                  7.3282323416576398E+000                  1.4611195593848634E+000                  1.6824014181369598E+001                  4.4290802904438409E-001                  5.3740103654319593E-001                  1.9690934412419980E-002                  0.0000000000000000E+000                  2.8714757721509051E+008                  6.1719881190736152E+007                  1.4938790308867695E+001                  2.2950832963963134E+002                  4.3193174948664570E-036                  5.0645291873223075E-001                  3.6206412251864906E+010                 -3.0259211524577584E-013                  7.9230490038845619E-016                 -9.8999999999999986E+001                  2.9853249767683412E+000                  3.2238856041281725E+000                  3.3744006019601631E+000 
                                     906                  1.8882550891224881E-001                 -6.9243146327160421E-001                  7.3303268388651555E+000                  1.4643089838435115E+000                  1.6829395649357732E+001                  4.4290802904292831E-001                  5.3740103654468185E-001                  1.9690934412389893E-002                  0.0000000000000000E+000                  2.8730341113557827E+008                  6.1874061848670237E+007                  1.5827273029884159E+001                  2.5066143379297287E+002                  5.4022516618954610E-036                  5.0430560490020737E-001                  3.6816306963245903E+010                 -3.0244702772043910E-013                  7.8193126842890683E-016                 -9.8999999999999986E+001                  2.9933144475513522E+000                  3.2318750749111835E+000                  3.3823900727431742E+000 
                                     907                  1.8051982176267792E-001                 -6.9955703706402272E-001                  7.3324171803409843E+000                  1.4674872110328887E+000                  1.6834767237687114E+001                  4.4290802904145837E-001                  5.3740103654618399E-001                  1.9690934412357697E-002                  0.0000000000000000E+000                  2.8746292162039053E+008                  6.2028717827932134E+007                  1.6774145944197159E+001                  2.7368091308683876E+002                  6.7510963147907278E-036                  5.0216212030164586E-001                  3.7455692148220810E+010                 -3.0176031011251835E-013                  7.6070211113347640E-016                 -9.8999999999999986E+001                  3.0015240273999133E+000                  3.2400846547597446E+000                  3.3905996525917352E+000 
                                     908                  1.7229980731435332E-001                 -7.0691679787346673E-001                  7.3345034021557192E+000                  1.4706547351893553E+000                  1.6840129036835961E+001                  4.4290802903997367E-001                  5.3740103654770210E-001                  1.9690934412324168E-002                  0.0000000000000000E+000                  2.8762587864812374E+008                  6.2183821496717729E+007                  1.7783223327039089E+001                  2.9872452933536749E+002                  8.4298218833431495E-036                  5.0002357672817621E-001                  3.8126990629178741E+010                 -3.0051376753523994E-013                  7.3529073685123027E-016                 -9.8999999999999986E+001                  3.0099683325022339E+000                  3.2485289598620648E+000                  3.3990439576940554E+000 
                                     909                  1.6416915486359879E-001                 -7.1452708110612440E-001                  7.3365855409121092E+000                  1.4738121071383137E+000                  1.6845481139081304E+001                  4.4290802903847454E-001                  5.3740103654923665E-001                  1.9690934412288863E-002                  0.0000000000000000E+000                  2.8779201887736225E+008                  6.2339341267239735E+007                  1.8858555170559612E+001                  3.2596289757973182E+002                  1.0517491357442792E-035                  4.9789108359491147E-001                  3.8832916870459755E+010                 -2.9869044201486463E-013                  7.1077754231980892E-016                 -9.8999999999999986E+001                  3.0186634819164735E+000                  3.2572241092763048E+000                  3.4077391071082954E+000 
                                     910                  1.5613173033673752E-001                 -7.2240597276941854E-001                  7.3386636337287454E+000                  1.4769599259726003E+000                  1.6850823638501847E+001                  4.4290802903696103E-001                  5.3740103655078764E-001                  1.9690934412251337E-002                  0.0000000000000000E+000                  2.8796105264258146E+008                  6.2495241689200029E+007                  2.0004441013113752E+001                  3.5558050325180608E+002                  1.3111758789383698E-035                  4.9576574472667906E-001                  3.9576525732343658E+010                 -2.9627096387173113E-013                  6.9433512254945236E-016                 -9.8999999999999986E+001                  3.0276273203564235E+000                  3.2661879477162543E+000                  3.4167029455482449E+000 
                                     911                  1.4819159091591361E-001                 -7.3057356904421444E-001                  7.3407377182303941E+000                  1.4800988309795637E+000                  1.6856156630942824E+001                  4.4290802903543303E-001                  5.3740103655235472E-001                  1.9690934412212258E-002                  0.0000000000000000E+000                  2.8813266860946119E+008                  6.2651483937191650E+007                  2.1225444633030250E+001                  3.8777679752632156E+002                  1.6333166606576183E-035                  4.9364865532897584E-001                  4.0361271203936813E+010                 -2.9323883043426138E-013                  6.9004070323991558E-016                 -9.8999999999999986E+001                  3.0368796801392675E+000                  3.2754403074990988E+000                  3.4259553053310894E+000 
                                     912                  1.4035300151637189E-001                 -7.3905228611357088E-001                  7.3428078325003971E+000                  1.4832294937594925E+000                  1.6861480213941817E+001                  4.4290802903389109E-001                  5.3740103655393812E-001                  1.9690934412170735E-002                  0.0000000000000000E+000                  2.8830653392745191E+008                  6.2808027045149565E+007                  2.2526409649808070E+001                  4.2276737601840620E+002                  2.0330422386215624E-035                  4.9154089918803595E-001                  4.1191077647453491E+010                 -2.8959590481406021E-013                  6.8346377155423227E-016                 -9.8999999999999986E+001                  3.0464426973223295E+000                  3.2850033246821608E+000                  3.4355183225141515E+000 
                                     913                  1.3262045343432113E-001                 -7.4786723236123942E-001                  7.3448740150177363E+000                  1.4863526105509159E+000                  1.6866794486613014E+001                  4.4290802903233517E-001                  5.3740103655553728E-001                  1.9690934412127548E-002                  0.0000000000000000E+000                  2.8848230247570026E+008                  6.2964827738570146E+007                  2.3912476109863018E+001                  4.6078524704452423E+002                  2.5286876406822764E-035                  4.8944354606809348E-001                  4.2070426855153603E+010                 -2.8533798009992897E-013                  6.6620970248044955E-016                 -9.8999999999999986E+001                  3.0563411878142475E+000                  3.2949018151740788E+000                  3.4454168130060694E+000 
                                     914                  1.2499868555496869E-001                 -7.5704665860328924E-001                  7.3469363046073388E+000                  1.4894688947969488E+000                  1.6872099549487260E+001                  4.4290802903076548E-001                  5.3740103655715232E-001                  1.9690934412082139E-002                  0.0000000000000000E+000                  2.8865962014022577E+008                  6.3121840741822183E+007                  2.5389098146663233E+001                  5.0208219623487116E+002                  3.1428471054287265E-035                  4.8735764927090053E-001                  4.3004465262302597E+010                 -2.8044007713547677E-013                  6.5073991421295280E-016                 -9.8999999999999986E+001                  3.0666030983156971E+000                  3.3051637256755280E+000                  3.4556787235075186E+000 
                                     915                  1.1749270860055196E-001                 -7.6662250680646926E-001                  7.3489947403456828E+000                  1.4925790698884578E+000                  1.6877395504300523E+001                  4.4290802902918280E-001                  5.3740103655878280E-001                  1.9690934412034400E-002                  0.0000000000000000E+000                  2.8883812188467163E+008                  6.3279020341443203E+007                  2.6962062755210898E+001                  5.4693025317108197E+002                  3.9033494208485212E-035                  4.8528424341893939E-001                  4.3999137102151825E+010                 -2.7488861068765229E-013                  6.3836072627608522E-016                 -9.8999999999999986E+001                  3.0772600617222587E+000                  3.3158206890820900E+000                  3.4663356869140807E+000 
                                     916                  1.1010783301296112E-001                 -7.7663108429273298E-001                  7.3510493614381627E+000                  1.4956838620305120E+000                  1.6882682453725700E+001                  4.4290802902758752E-001                  5.3740103656042848E-001                  1.9690934411983996E-002                  0.0000000000000000E+000                  2.8901744071954441E+008                  6.3436320081691019E+007                  2.8637509759239322E+001                  5.9562326698521429E+002                  4.8444543901720004E-035                  4.8322432177916574E-001                  4.5061351297552208E+010                 -2.6868770038750183E-013                  6.1307803327898412E-016                 -9.8999999999999986E+001                  3.0883480757548458E+000                  3.3269087031146771E+000                  3.4774237009466678E+000 
                                     917                  1.0284970121527556E-001                 -7.8711389948240251E-001                  7.3531002071032452E+000                  1.4987839933463751E+000                  1.6887960501033845E+001                  4.4290802902597992E-001                  5.3740103656208837E-001                  1.9690934411931704E-002                  0.0000000000000000E+000                  2.8919721353643197E+008                  6.3593692909964971E+007                  3.0421953082557650E+001                  6.4847859903752124E+002                  6.0083204170250184E-035                  4.8117840489200936E-001                  4.6199192704226875E+010                 -2.6182839552242130E-013                  5.7251372740693968E-016                 -9.8999999999999986E+001                  3.0999083382925621E+000                  3.3384689656523934E+000                  3.4889839634843840E+000 
                                     918                  9.5724325194060600E-002                 -7.9811870792000883E-001                  7.3551473163982042E+000                  1.5018801751486990E+000                  1.6893229749669654E+001                  4.4290802902436116E-001                  5.3740103656376204E-001                  1.9690934411876748E-002                  0.0000000000000000E+000                  2.8937707857507062E+008                  6.3751092667072944E+007                  3.2322303355666890E+001                  7.0583893869002691E+002                  7.4468044706333859E-035                  4.7914655645273091E-001                  4.7422192375008263E+010                 -2.5428393423814993E-013                  5.3286578614067757E-016                 -9.8999999999999986E+001                  3.1119882991808354E+000                  3.3505489265406663E+000                  3.5010639243726569E+000 
                                     919                  8.8738130605977919E-002                 -8.0970083540350424E-001                  7.3571907279900470E+000                  1.5049731011976084E+000                  1.6898490302713380E+001                  4.4290802902273219E-001                  5.3740103656544869E-001                  1.9690934411819128E-002                  0.0000000000000000E+000                  2.8955668304824668E+008                  6.3908473887786768E+007                  3.4345891915191039E+001                  7.6807424918410345E+002                  9.2236696740520011E-035                  4.7712880527858831E-001                  4.8741677431487091E+010                 -2.4603309869827079E-013                  5.0597384662126251E-016                 -9.8999999999999986E+001                  3.1246429878380431E+000                  3.3632036151978744E+000                  3.5137186130298650E+000 
                                     920                  8.1898008964929728E-002                 -8.2192487120857771E-001                  7.3592304798919566E+000                  1.5080634411839307E+000                  1.6903742262195397E+001                  4.4290802902109372E-001                  5.3740103656714711E-001                  1.9690934411759176E-002                  0.0000000000000000E+000                  2.8973568599636489E+008                  6.4065792279850595E+007                  3.6500496299061098E+001                  8.3558385201510828E+002                  1.1417293032569350E-034                  4.7512516352469786E-001                  5.0171229858140205E+010                 -2.3708173438268654E-013                  4.7824307390235310E-016                 -9.8999999999999986E+001                  3.1379367075912703E+000                  3.3764973349511012E+000                  3.5270123327830918E+000 
                                     921                  7.5211379948382978E-002                 -8.3486686296770085E-001                  7.3612666091156607E+000                  1.5111518342891743E+000                  1.6908985728202612E+001                  4.4290802901944737E-001                  5.3740103656885618E-001                  1.9690934411696448E-002                  0.0000000000000000E+000                  2.8991376240775639E+008                  6.4223005110379644E+007                  3.8794367245474135E+001                  9.0879865556154232E+002                  1.4123986930435106E-034                  4.7313562688969807E-001                  5.1727296744895004E+010                 -2.2743575911906940E-013                  4.3809888640232950E-016                 -9.8999999999999986E+001                  3.1519452337031075E+000                  3.3905058610629388E+000                  3.5410208588949295E+000 
                                     922                  6.8686266531914217E-002                 -8.4861720278574049E-001                  7.3632991511755188E+000                  1.5142388825650088E+000                  1.6914220797689651E+001                  4.4290802901779458E-001                  5.3740103657057436E-001                  1.9690934411631056E-002                  0.0000000000000000E+000                  2.9009060156392884E+008                  6.4380072463887148E+007                  4.1236257140148915E+001                  9.8818353163878317E+002                  1.7462074099321428E-034                  4.7116017496038104E-001                  5.3430014924364136E+010                 -2.1706598229821591E-013                  4.1169876874155178E-016                 -9.8999999999999986E+001                  3.1667587053954835E+000                  3.4053193327553148E+000                  3.5558343305873055E+000 
                                     923                  6.2331386609784260E-002                 -8.6328448342064057E-001                  7.3653281394292209E+000                  1.5173251443768672E+000                  1.6919447562856721E+001                  4.4290802901613718E-001                  5.3740103657229965E-001                  1.9690934411563221E-002                  0.0000000000000000E+000                  2.9026591819231790E+008                  6.4536956367954299E+007                  4.3835449902111520E+001                  1.0742398444435391E+003                  2.1576888028148229E-034                  4.6919877176841929E-001                  5.5304345161619003E+010                 -2.0596580483070489E-013                  4.0592020313568015E-016                 -9.8999999999999986E+001                  3.1824854836804137E+000                  3.4210461110402450E+000                  3.5715611088722357E+000 
                                     924                  5.6156266128972405E-002                 -8.7900074407946394E-001                  7.3673536041835606E+000                  1.5204111276176082E+000                  1.6924666108865271E+001                  4.4290802901447757E-001                  5.3740103657402982E-001                  1.9690934411492611E-002                  0.0000000000000000E+000                  2.9043945412125015E+008                  6.4693621356719501E+007                  4.6601792144583449E+001                  1.1675081312025106E+003                  2.6646910405134011E-034                  4.6725136657572219E-001                  5.7381663383078873E+010                 -1.9417589625505806E-013                  3.8452843634472829E-016                 -9.8999999999999986E+001                  3.1992573968936222E+000                  3.4378180242534535E+000                  3.5883330220854441E+000 
                                     925                  5.0171380785820653E-002                 -8.9592875364674474E-001                  7.3693755713349587E+000                  1.5234972823451158E+000                  1.6929876510541277E+001                  4.4290802901281828E-001                  5.3740103657576255E-001                  1.9690934411419114E-002                  0.0000000000000000E+000                  2.9061097080816042E+008                  6.4850036523412310E+007                  4.9545725134306707E+001                  1.2685709218841710E+003                  3.2891305538668973E-034                  4.6531789510148980E-001                  5.9702043992856308E+010                 -1.8170590014546966E-013                  3.4753539303071107E-016                 -9.8999999999999986E+001                  3.2172370339893450E+000                  3.4557976613491763E+000                  3.6063126591811669E+000 
                                     926                  4.4388336344121371E-002                 -9.1427236159043879E-001                  7.3713940603163897E+000                  1.5265839926131437E+000                  1.6935078827341652E+001                  4.4290802901116222E-001                  5.3740103657749416E-001                  1.9690934411343619E-002                  0.0000000000000000E+000                  2.9078026514954954E+008                  6.5006173773911484E+007                  5.2678316853732767E+001                  1.3780556748908371E+003                  4.0579170954689937E-034                  4.6339828142047051E-001                  6.2317621818773888E+010                 -1.6854384490690166E-013                  3.2314613540737245E-016                 -9.8999999999999986E+001                  3.2366280981484410E+000                  3.4751887255082723E+000                  3.6257037233402629E+000 
                                     927                  3.8820102683166893E-002                 -9.3429160987059157E-001                  7.3734090809256090E+000                  1.5296715667725225E+000                  1.6940273095412188E+001                  4.4290802900951354E-001                  5.3740103657922078E-001                  1.9690934411265681E-002                  0.0000000000000000E+000                  2.9094717173786807E+008                  6.5162008033621818E+007                  5.6011292819968844E+001                  1.4966377786270143E+003                  5.0040894428588927E-034                  4.6149244089455549E-001                  6.5297691707946213E+010                 -1.5472402598161764E-013                  3.0163479868501665E-016                 -9.8999999999999986E+001                  3.2576905167403285E+000                  3.4962511441001598E+000                  3.6467661419321504E+000 
                                     928                  3.3481323931578245E-002                 -9.5632550342597022E-001                  7.3754206280380048E+000                  1.5327602248502892E+000                  1.6945459314569487E+001                  4.4290802900783877E-001                  5.3740103658097782E-001                  1.9690934411183414E-002                  0.0000000000000000E+000                  2.9111155366601402E+008                  6.5317519355840534E+007                  5.9557062677258841E+001                  1.6250435043741766E+003                  6.1682089437861876E-034                  4.5960028507112327E-001                  6.7458956170768776E+010                 -1.4029435308446418E-013                  2.7031106549407971E-016                 -9.8999999999999986E+001                  3.2807632250580157E+000                  3.5193238524178470E+000                  3.6698388502498371E+000 
                                     929                  2.8388740332892178E-002                 -9.8082762674427693E-001                  7.3771883022993343E+000                  1.5354819148979604E+000                  1.6950019573251581E+001                  4.4290802900629322E-001                  5.3740103658260152E-001                  1.9690934411105254E-002                  0.0000000000000000E+000                  2.9125397972693795E+008                  6.5454120239855297E+007                  6.2864845582172393E+001                  1.7468222768242160E+003                  7.4125898603144320E-034                  4.5794652652106616E-001                  6.7381366224278885E+010                 -1.2528670497704240E-013                  2.4585033574069373E-016                 -9.8999999999999986E+001                  3.3062999540921458E+000                  3.5448605814519767E+000                  3.6953755792839673E+000 
                                     930                  2.4751604096862657E-002                 -1.0011363133695970E+000                  7.3789273896027741E+000                  1.5381603782399578E+000                  1.6954502568097404E+001                  4.4290802900471238E-001                  5.3740103658426464E-001                  1.9690934411022987E-002                  0.0000000000000000E+000                  2.9139250041692322E+008                  6.5588452746062636E+007                  6.6303875555065304E+001                  1.8753864957419887E+003                  8.8813240245577716E-034                  4.5632628130079850E-001                  6.7322953257363388E+010                 -1.1370197367821467E-013                  2.4626021716950726E-016                 -9.8999999999999986E+001                  3.3273792397884576E+000                  3.5659398671482885E+000                  3.7164548649802791E+000 
                                     931                  2.0139600747150387E-002                 -1.0316050406883881E+000                  7.3809283310472935E+000                  1.5412509698143066E+000                  1.6959664031879125E+001                  4.4290802900279314E-001                  5.3740103658628724E-001                  1.9690934410919625E-002                  0.0000000000000000E+000                  2.9154952082686144E+008                  6.5742935391765766E+007                  7.0502183715344515E+001                  2.0348997135721804E+003                  1.0935043681382409E-033                  4.5447208272356038E-001                  6.7244280643990685E+010                 -9.7853480572743536E-014                  2.4711964313415490E-016                 -9.8999999999999986E+001                  3.3588744215844071E+000                  3.5974350489442379E+000                  3.7479500467762286E+000 
                                     932                  1.5836760298258409E-002                 -1.0670187984235480E+000                  7.3829250498579322E+000                  1.5443416954097620E+000                  1.6964815607768287E+001                  4.4290802900076315E-001                  5.3740103658843008E-001                  1.9690934410806715E-002                  0.0000000000000000E+000                  2.9170384357245302E+008                  6.5897012905773051E+007                  7.4964843202425584E+001                  2.2074030002784589E+003                  1.3458546512913598E-033                  4.5263174439434867E-001                  6.7164706154836082E+010                 -8.1696965637113519E-014                  2.3537525535042484E-016                 -9.8999999999999986E+001                  3.3953106766735064E+000                  3.6338713040333377E+000                  3.7843863018653283E+000 
                                     933                  1.1876045248093691E-002                 -1.1093039121465738E+000                  7.3849168039681290E+000                  1.5474312856325494E+000                  1.6969955438641978E+001                  4.4290802899860499E-001                  5.3740103659071203E-001                  1.9690934410683036E-002                  0.0000000000000000E+000                  2.9185549864712322E+008                  6.6050636807917029E+007                  7.9706071965130036E+001                  2.3938323323145160E+003                  1.6557512862619883E-033                  4.5080576446822140E-001                  6.7084345717236664E+010                 -6.5400880474216359E-014                  2.0411633486312489E-016                 -9.8999999999999986E+001                  3.4386145194930915E+000                  3.6771751468529223E+000                  3.8276901446849130E+000 
                                     934                  8.3001612395165042E-003                 -1.1617881171363937E+000                  7.3869018727257076E+000                  1.5505168927932709E+000                  1.6975079185158013E+001                  4.4290802899629400E-001                  5.3740103659316019E-001                  1.9690934410545813E-002                  0.0000000000000000E+000                  2.9200450003866243E+008                  6.6203689972704917E+007                  8.4738007416063439E+001                  2.5950703644284395E+003                  2.0358833010823862E-033                  4.4899550949259748E-001                  6.7003179273968536E+010                 -4.9180988631783310E-014                  1.6714876687791015E-016                 -9.8999999999999986E+001                  3.4921143827797430E+000                  3.7306750101395743E+000                  3.8811900079715649E+000 
                                     935                  5.1680231222649723E-003                 -1.2310023411621167E+000                  7.3888753369900542E+000                  1.5535906851758072E+000                  1.6980174361916859E+001                  4.4290802899379250E-001                  5.3740103659581495E-001                  1.9690934410392602E-002                  0.0000000000000000E+000                  2.9215067208879089E+008                  6.6355817894881964E+007                  9.0063697651513849E+001                  2.8116512489866468E+003                  2.5007453428888305E-033                  4.4720521642656008E-001                  6.6921123554371986E+010                 -3.3374800698249610E-014                  1.3090230179830519E-016                 -9.8999999999999986E+001                  3.5623427917022790E+000                  3.8009034190621103E+000                  3.9514184168941009E+000 
                                     936                  2.5698168458673128E-003                 -1.3327835655621214E+000                  7.3904960561860626E+000                  1.5561224932735895E+000                  1.6984362905651938E+001                  4.4290802899149823E-001                  5.3740103659825456E-001                  1.9690934410247163E-002                  0.0000000000000000E+000                  2.9226926874370968E+008                  6.6480752717786439E+007                  9.4693750219203508E+001                  3.0027952537083115E+003                  2.9614581601262064E-033                  4.4574246025390130E-001                  6.6837631538505905E+010                 -1.8556223885906536E-014                  8.8532336398811144E-017                 -9.8999999999999986E+001                  3.6651418806836724E+000                  3.9037025080435037E+000                  4.0542175058754939E+000 
                                     937                  1.4180948997979288E-003                 -1.4191970945557080E+000                  7.3914648662521492E+000                  1.5576356832258322E+000                  1.6986865152058545E+001                  4.4290802899000553E-001                  5.3740103659984351E-001                  1.9690934410151018E-002                  0.0000000000000000E+000                  2.9233977541884595E+008                  6.6555443007596135E+007                  9.7576533326605173E+001                  3.1231001286817796E+003                  3.2767142344893752E-033                  4.4487055123784686E-001                  6.6791745913522980E+010                 -1.1137870411532771E-014                  6.2670301750930161E-017                 -9.8999999999999986E+001                  3.7521104970476036E+000                  3.9906711244074349E+000                  4.1411861222394251E+000 
                                     938                  7.2404911970246294E-004                 -1.5167695027246988E+000                  7.3921467977481035E+000                  1.5587014170643720E+000                  1.6988626532867833E+001                  4.4290802898885784E-001                  5.3740103660106620E-001                  1.9690934410075966E-002                  0.0000000000000000E+000                  2.9238921892188805E+008                  6.6608023728518918E+007                  9.9659309380332033E+001                  3.2106174045007010E+003                  3.5186965480249107E-033                  4.4425808983243131E-001                  6.6757608539556770E+010                 -6.2060274536475809E-015                  4.3854927420226546E-017                 -9.8999999999999986E+001                  3.8500948839504749E+000                  4.0886555113103062E+000                  4.2391705091422969E+000 
                                     939                  3.7702622965473011E-004                 -1.6113966860708113E+000                  7.3925698995612965E+000                  1.5593627327077442E+000                  1.6989719252299402E+001                  4.4290802898808546E-001                  5.3740103660188920E-001                  1.9690934410025340E-002                  0.0000000000000000E+000                  2.9241983451671445E+008                  6.6640651299864441E+007                  1.0097428821305537E+002                  3.2661263173508928E+003                  3.6778053397292750E-033                  4.4387857625225297E-001                  6.6736340253821297E+010                 -3.4970347512119707E-015                  3.2969733253659006E-017                 -9.8999999999999986E+001                  3.9449781617880686E+000                  4.1835387891478995E+000                  4.3340537869798901E+000 
                                     940                  2.0351478463086366E-004                 -1.7007548124938838E+000                  7.3928294497598923E+000                  1.5597684416318192E+000                  1.6990389529040375E+001                  4.4290802898757536E-001                  5.3740103660243288E-001                  1.9690934409991812E-002                  0.0000000000000000E+000                  2.9243859428322387E+008                  6.6660668374899320E+007                  1.0178969448222458E+002                  3.3006444795344000E+003                  3.7789785486157899E-033                  4.4364594779277794E-001                  6.6723219818075699E+010                 -2.0282042317831638E-015                  2.3420790956389292E-017                 -9.8999999999999986E+001                  4.0344941298080990E+000                  4.2730547571679303E+000                  4.4235697549999209E+000 
                                     941                  1.1675906211893044E-004                 -1.7812502120899685E+000                  7.3929855310511741E+000                  1.5600124241610638E+000                  1.6990792583514772E+001                  4.4290802898724818E-001                  5.3740103660278193E-001                  1.9690934409969829E-002                  0.0000000000000000E+000                  2.9244986824275315E+008                  6.6672706433379188E+007                  1.0228326872791358E+002                  3.3215747250542058E+003                  3.8411655474908812E-033                  4.4350612241076254E-001                  6.6715256292724915E+010                 -1.2430533205209901E-015                  1.3039832174252895E-017                 -9.8999999999999986E+001                  4.1150852841982308E+000                  4.3536459115580621E+000                  4.5041609093900528E+000 
                                     942                  7.3381200862963816E-005                 -1.8485209725835492E+000                  7.3930766044950120E+000                  1.5601547901648662E+000                  1.6991027758922254E+001                  4.4290802898704662E-001                  5.3740103660299687E-001                  1.9690934409956506E-002                  0.0000000000000000E+000                  2.9245644419487929E+008                  6.6679730908198982E+007                  1.0257239495748833E+002                  3.3338478203542431E+003                  3.8779271920128520E-033                  4.4342455718350016E-001                  6.6710544349444771E+010                 -8.2688928386072939E-016                  5.9490788938209843E-018                 -9.8999999999999986E+001                  4.1824126864939704E+000                  4.4209733138538017E+000                  4.5714883116857923E+000 
                                     943                  5.1692270234813990E-005                 -1.8992608858648488E+000                  7.3931448252904657E+000                  1.5602614284773895E+000                  1.6991203914106119E+001                  4.4290802898688952E-001                  5.3740103660316429E-001                  1.9690934409946181E-002                  0.0000000000000000E+000                  2.9246136921120089E+008                  6.6684992896490820E+007                  1.0278951597961365E+002                  3.3430704697207216E+003                  3.9056964723646482E-033                  4.4336346862577397E-001                  6.6707850066926888E+010                 -6.0496624833253395E-016                  5.6664850603280802E-018                 -9.8999999999999986E+001                  4.2331849862052584E+000                  4.4717456135650888E+000                  4.6222606113970794E+000 
                                     944                  3.0003339606825474E-005                 -1.9780365378240792E+000                  7.3932139860546355E+000                  1.5603695452218100E+000                  1.6991382501722075E+001                  4.4290802898672010E-001                  5.3740103660334493E-001                  1.9690934409934968E-002                  0.0000000000000000E+000                  2.9246636069485861E+008                  6.6690327506492242E+007                  1.0301010841212253E+002                  3.3524458903136547E+003                  3.9340531956344961E-033                  4.4330154978177921E-001                  6.6704715587666100E+010                 -3.6824151711773193E-016                  8.7486132070493909E-018                 -9.8999999999999986E+001                  4.3119983099459587E+000                  4.5505589373057900E+000                  4.7010739351377806E+000 
                                     945                  1.5001669798768613E-005                 -2.0784001916176447E+000                  7.3932674173308648E+000                  1.5604530772830363E+000                  1.6991520474599451E+001                  4.4290802898657866E-001                  5.3740103660349592E-001                  1.9690934409925420E-002                  0.0000000000000000E+000                  2.9247021607520849E+008                  6.6694448931150571E+007                  1.0318086177699035E+002                  3.3597067727799654E+003                  3.9561027971129532E-033                  4.4325372089433307E-001                  6.6702044079182854E+010                 -1.9349334463874404E-016                  1.0317284792405089E-017                 -9.8999999999999986E+001                  4.4123940603156768E+000                  4.6509546876755081E+000                  4.8014696855074988E+000 
                                     946                  7.5008348989035220E-006                 -2.1787563214949706E+000                  7.3933010724612416E+000                  1.5605056926203138E+000                  1.6991607379809448E+001                  4.4290802898648235E-001                  5.3740103660359861E-001                  1.9690934409918981E-002                  0.0000000000000000E+000                  2.9247264419702303E+008                  6.6697044958709158E+007                  1.0328856336183053E+002                  3.3642881797384930E+003                  3.9700552646271399E-033                  4.4322359758479501E-001                  6.6700361181521606E+010                 -9.9916950035484158E-017                  1.0223362884631994E-017                 -9.8999999999999986E+001                  4.5127704056787845E+000                  4.7513310330386149E+000                  4.9018460308706056E+000 
                                     947                  3.7504174489709758E-006                 -2.2791077102329362E+000                  7.3933222720925897E+000                  1.5605388355980128E+000                  1.6991662121795930E+001                  4.4290802898641674E-001                  5.3740103660366867E-001                  1.9690934409914540E-002                  0.0000000000000000E+000                  2.9247417357296616E+008                  6.6698680232044294E+007                  1.0335646420815324E+002                  3.3671772005592979E+003                  3.9788694979786023E-033                  4.4320462386693299E-001                  6.6699301098517265E+010                 -5.2120220917793324E-017                  7.3848529818323867E-018                 -9.8999999999999986E+001                  4.6131345276971256E+000                  4.8516951550569569E+000                  5.0022101528889475E+000 
                                     948                  1.8752087240047033E-006                 -2.3794561078905243E+000                  7.3933356263190850E+000                  1.5605597133287978E+000                  1.6991696605153003E+001                  4.4290802898637216E-001                  5.3740103660371619E-001                  1.9690934409911653E-002                  0.0000000000000000E+000                  2.9247513692754424E+008                  6.6699710340731375E+007                  1.0339926013680186E+002                  3.3689983272807367E+003                  3.9844319529982386E-033                  4.4319267227690257E-001                  6.6698633318438782E+010                 -3.4367072668934798E-017                 -2.2237237969799478E-018                 -9.8999999999999986E+001                  4.7134909461506931E+000                  4.9520515735105244E+000                  5.1025665713425150E+000 
                                     949                  9.3760436152156707E-007                 -2.4798026119663588E+000                  7.3933440386736251E+000                  1.5605728650612483E+000                  1.6991718327535668E+001                  4.4290802898634180E-001                  5.3740103660374861E-001                  1.9690934409909655E-002                  0.0000000000000000E+000                  2.9247574374892884E+008                  6.6700359251525208E+007                  1.0342622824125738E+002                  3.3701460246606243E+003                  3.9879399884899664E-033                  4.4318514368604628E-001                  6.6698212655475563E+010                 -2.9626911291395582E-017                 -1.2265562034652746E-017                 -9.8999999999999986E+001                  4.8138425027551976E+000                  5.0524031301150281E+000                  5.2029181279470196E+000 
                                     950                  4.6880218027999890E-007                 -2.5801479042762581E+000                  7.3933493380115474E+000                  1.5605811499661522E+000                  1.6991732011468400E+001                  4.4290802898631998E-001                  5.3740103660377192E-001                  1.9690934409908101E-002                  0.0000000000000000E+000                  2.9247612601726395E+008                  6.6700768030130208E+007                  1.0344322038742436E+002                  3.3708692108424480E+003                  3.9901514640493018E-033                  4.4318040114682816E-001                  6.6697947659323677E+010                 -2.2254813018329961E-017                 -1.2878178884632016E-017                 -9.8999999999999986E+001                  4.9141909778500201E+000                  5.1527516052098514E+000                  5.3032666030418421E+000 
                                     951                  2.3440108924901878E-007                 -2.6804923956091669E+000                  7.3933537891076986E+000                  1.5605881087265179E+000                  1.6991743505041462E+001                  4.4290802898630122E-001                  5.3740103660379202E-001                  1.9690934409906768E-002                  0.0000000000000000E+000                  2.9247644709435499E+008                  6.6701111378641546E+007                  1.0345749486628193E+002                  3.3714767576525924E+003                  3.9920099136386559E-033                  4.4317641776477479E-001                  6.6697780725525810E+010                 -8.3421120859266495E-018                 -3.2781387802777325E-018                 -9.8999999999999986E+001                  5.0145374741659960E+000                  5.2530981015258265E+000                  5.4036130993578180E+000 
