                                       1                                        2                                        3                                        4                                        5                                        6                                        7                                        8                                        9                                       10                                       11                                       12                                       13                                       14                                       15                                       16                                       17                                       18                                       19                                       20                                       21                                       22                                       23                                       24                                       25                                       26                                       27                                       28                                       29                                       30                                       31                                       32                                       33                                       34                                       35                                       36                                       37                                       38                                       39                                       40                                       41                                       42                                       43                                       44                                       45                                       46                                       47                                       48                                       49 
                            model_number                                num_zones                             initial_mass                                initial_z                                 star_age                                time_step                                     Teff                            photosphere_L                            photosphere_r                               center_eta                                center_h1                               center_he3                               center_he4                               center_c12                               center_n14                               center_o16                              center_ne20                                star_mass                                star_mdot                             star_mass_h1                            star_mass_he3                            star_mass_he4                            star_mass_c12                            star_mass_n14                            star_mass_o16                           star_mass_ne20                             he_core_mass                             co_core_mass                             fe_core_mass                   neutron_rich_core_mass                             dynamic_time                             kh_timescale                            nuc_timescale                           power_nuc_burn                             power_h_burn                            power_he_burn                                power_neu                                burn_min1                                burn_min2                             time_seconds                           version_number                                 compiler                                    build                         MESA_SDK_version                             math_backend                                     date                                     msun                                     rsun                                     lsun 
                                      20                                      977                  3.0000000000000000E+000                  2.0000000000000000E-002                  1.1976040759605586E+006                  2.0494651515258956E+005                  1.2193925730490490E+004                  7.9723548293422652E+001                  2.0005959242347324E+000                 -3.3387782332809368E+000                  6.9675499986970213E-001                  2.5824351530409320E-006                  2.8270078180302355E-001                  3.6774633719055995E-005                  5.1758130980255846E-003                  9.1668019072234253E-003                  2.0850244238827080E-003                  2.9999992623997480E+000                 -6.1738489479782058E-013                  2.0968324615854077E+000                  8.2765578481836893E-005                  8.4250382608433561E-001                  6.7089046983465810E-003                  7.4435267489526055E-003                  2.7941043490082921E-002                  6.2550717337183101E-003                  0.0000000000000000E+000                  0.0000000000000000E+000                  0.0000000000000000E+000                  0.0000000000000000E+000                  1.6350669945223439E+004                  1.3288538059717554E+006                  3.7630026844242376E+008                  7.9872965531513955E+001                  7.9872965531513955E+001                  2.1555871426417237E-036                  5.5837111163572173E+000                  5.0000000000000000E+001                  1.0000000000000000E+003                  3.7793510387532922E+013                               "r24.03.1"                               "gfortran"                                  "9.2.0"                    "x86_64-linux-20.3.1"                                 "CRMATH"                               "20260220"                  1.9884098706980504E+033                  6.9570000000000000E+010                  3.8280000000000003E+033 

                                       1                                        2                                        3                                        4                                        5                                        6                                        7                                        8                                        9                                       10                                       11                                       12                                       13                                       14                                       15                                       16                                       17                                       18                                       19                                       20                                       21                                       22                                       23 
                                    zone                                     mass                                     logR                                     logT                                   logRho                                     logP                        x_mass_fraction_H                       y_mass_fraction_He                   z_mass_fraction_metals                                 velocity                                       cp                                   csound                                       pp                                      cno                                tri_alpha                                  opacity                        mlt_mixing_length                                 brunt_N2                brunt_N2_composition_term                              log_brunt_N                             log_lamb_Sl1                             log_lamb_Sl2                             log_lamb_Sl3 
                                       1                  2.9999992623997480E+000                  3.0115937969255707E-001                  4.0889088319683298E+000                 -9.1721274484468598E+000                  3.0191923468800725E+000                  6.9999999999760409E-001                  2.8000000000239611E-001                  1.9999999999999796E-002                  0.0000000000000000E+000                  8.7393917552693069E+008                  1.4251225042274131E+006                  9.8655630507690279E-029                  0.0000000000000000E+000                  0.0000000000000000E+000                  1.4170309862451118E+001                  1.5117492963429165E+008                  3.1614731148539986E-005                  0.0000000000000000E+000                 -2.2500552535361988E+000                  3.6260594453888945E-001                  6.0116657189872058E-001                  7.5168156973071110E-001 
                                       2                  2.9999992623991480E+000                  3.0113664710361354E-001                  4.0930014118797580E+000                 -9.1455555588144168E+000                  3.0495070339836254E+000                  6.9999999999760409E-001                  2.8000000000239611E-001                  1.9999999999999796E-002                  0.0000000000000000E+000                  8.3902512967474008E+008                  1.4364098655261840E+006                  1.0488042604648700E-028                  0.0000000000000000E+000                  0.0000000000000000E+000                  1.4451253094525356E+001                  1.5204893161573824E+008                  3.0623625938576512E-005                  0.0000000000000000E+000                 -2.2569716943452423E+000                  3.6491579853170975E-001                  6.0347642589154094E-001                  7.5399142372353156E-001 
                                       3                  2.9999992623988483E+000                  3.0112595416306159E-001                  4.0956905550510987E+000                 -9.1289717297575272E+000                  3.0686034655590855E+000                  6.9999999999760409E-001                  2.8000000000239611E-001                  1.9999999999999796E-002                  0.0000000000000000E+000                  8.1761707619191504E+008                  1.4439338635985572E+006                  1.0896291295377114E-028                  0.0000000000000000E+000                  0.0000000000000000E+000                  1.4608163870392039E+001                  1.5291068104002619E+008                  2.9757031509372443E-005                  0.0000000000000000E+000                 -2.2632051975745160E+000                  3.6720149417152503E-001                  6.0576212153135622E-001                  7.5627711936334674E-001 
                                       4                  2.9999992623985481E+000                  3.0111566109600180E-001                  4.0983410976596950E+000                 -9.1131857690321372E+000                  3.0868971512993175E+000                  6.9999999999760409E-001                  2.8000000000239611E-001                  1.9999999999999796E-002                  0.0000000000000000E+000                  7.9773218009270215E+008                  1.4513874364375221E+006                  1.1299652441676821E-028                  0.0000000000000000E+000                  0.0000000000000000E+000                  1.4744381180702899E+001                  1.5378932661009330E+008                  2.9045853691486721E-005                  0.0000000000000000E+000                 -2.2684579272896337E+000                  3.6946423468738543E-001                  6.0802486204721651E-001                  7.5853985987920713E-001 
                                       5                  2.9999992623982483E+000                  3.0110573475545377E-001                  4.1009508338713374E+000                 -9.0981243789555677E+000                  3.1044528756285281E+000                  6.9999999999760409E-001                  2.8000000000239611E-001                  1.9999999999999796E-002                  0.0000000000000000E+000                  7.7932311218278396E+008                  1.4587361150789682E+006                  1.1698411216168654E-028                  0.0000000000000000E+000                  0.0000000000000000E+000                  1.4862198029975554E+001                  1.5467003768064377E+008                  2.8446157262325028E-005                  0.0000000000000000E+000                 -2.2729881966640764E+000                  3.7168882337781356E-001                  6.1024945073764458E-001                  7.6076444856963532E-001 
                                       6                  2.9999992623979477E+000                  3.0109614611458341E-001                  4.1035181674105150E+000                 -9.0837235846909792E+000                  3.1213278837139096E+000                  6.9999999999760409E-001                  2.8000000000239611E-001                  1.9999999999999796E-002                  0.0000000000000000E+000                  7.6234870194470620E+008                  1.4659490408924548E+006                  1.2092833524058475E-028                  0.0000000000000000E+000                  0.0000000000000000E+000                  1.4963422514213383E+001                  1.5555004616846570E+008                  2.7936075028434981E-005                  0.0000000000000000E+000                 -2.2769173057901053E+000                  3.7386610522293434E-001                  6.1242673258276537E-001                  7.6294173041475599E-001 
                                       7                  2.9999992623976479E+000                  3.0108686960587583E-001                  4.1060419620046744E+000                 -9.0699270171576529E+000                  3.1375730077267461E+000                  6.9999999999760409E-001                  2.8000000000239611E-001                  1.9999999999999796E-002                  0.0000000000000000E+000                  7.4678659204213858E+008                  1.4729941615095288E+006                  1.2483174108678092E-028                  0.0000000000000000E+000                  0.0000000000000000E+000                  1.5049351434848312E+001                  1.5642705752400377E+008                  2.7498052489035938E-005                  0.0000000000000000E+000                 -2.2803490316887864E+000                  3.7598745388674015E-001                  6.1454808124657123E-001                  7.6506307907856186E-001 
                                       8                  2.9999992623973477E+000                  3.0107788259257684E-001                  4.1088302753260733E+000                 -9.0550694495124606E+000                  3.1551520452101705E+000                  6.9999999999760409E-001                  2.8000000000239611E-001                  1.9999999999999796E-002                  0.0000000000000000E+000                  7.3090632051186287E+008                  1.4806916118508361E+006                  1.2917635275518592E-028                  0.0000000000000000E+000                  0.0000000000000000E+000                  1.5128832967866936E+001                  1.5730107693860513E+008                  2.7118563588631578E-005                  0.0000000000000000E+000                 -2.2833666589152468E+000                  3.7804376609139700E-001                  6.1660439345122808E-001                  7.6711939128321871E-001 
                                       9                  2.9999992623969725E+000                  3.0106702589862888E-001                  4.1126129191953460E+000                 -9.0354896914276122E+000                  3.1784462030726974E+000                  6.9999999999760409E-001                  2.8000000000239611E-001                  1.9999999999999796E-002                  0.0000000000000000E+000                  7.1157507483627164E+008                  1.4909182947834919E+006                  1.3513359934945114E-028                  0.0000000000000000E+000                  0.0000000000000000E+000                  1.5211764857224138E+001                  1.5838962815396157E+008                  2.6706049875552044E-005                  0.0000000000000000E+000                 -2.2866951721277720E+000                  3.8050887754452301E-001                  6.1906950490435408E-001                  7.6958450273634471E-001 
                                      10                  2.9999992623964102E+000                  3.0105145732826227E-001                  4.1162703041917457E+000                 -9.0169826789505372E+000                  3.2005573757619823E+000                  6.9999999999760409E-001                  2.8000000000239611E-001                  1.9999999999999796E-002                  0.0000000000000000E+000                  6.9529328608845246E+008                  1.5004576222420887E+006                  1.4101681647567290E-028                  0.0000000000000000E+000                  0.0000000000000000E+000                  1.5270279275957284E+001                  1.5998629456984076E+008                  2.6155149952929505E-005                  0.0000000000000000E+000                 -2.2912213928642839E+000                  3.8397956582081322E-001                  6.2254019318064424E-001                  7.7305519101263498E-001 
                                      11                  2.9999992623960350E+000                  3.0104151040572585E-001                  4.1184127298691928E+000                 -9.0063541995227272E+000                  3.2133042906765765E+000                  6.9999999999760409E-001                  2.8000000000239611E-001                  1.9999999999999796E-002                  0.0000000000000000E+000                  6.8682291698865891E+008                  1.5058588907029571E+006                  1.4451060062267704E-028                  0.0000000000000000E+000                  0.0000000000000000E+000                  1.5293659983377671E+001                  1.6102347616366458E+008                  2.5808717379636388E-005                  0.0000000000000000E+000                 -2.2941167890645162E+000                  3.8613633480206916E-001                  6.2469696216190018E-001                  7.7521195999389092E-001 
                                      12                  2.9999992623958476E+000                  3.0103665693447762E-001                  4.1205256953743286E+000                 -8.9960672250431966E+000                  3.2256882618615168E+000                  6.9999999999760409E-001                  2.8000000000239611E-001                  1.9999999999999796E-002                  0.0000000000000000E+000                  6.7921790218798912E+008                  1.5110387117287572E+006                  1.4797453864989477E-028                  0.0000000000000000E+000                  0.0000000000000000E+000                  1.5307273298105095E+001                  1.6154154752055845E+008                  2.5638124989655227E-005                  0.0000000000000000E+000                 -2.2955568697720494E+000                  3.8715842026354813E-001                  6.2571904762337927E-001                  7.7623404545536989E-001 
                                      13                  2.9999992623954728E+000                  3.0102717674575302E-001                  4.1232764874560743E+000                 -8.9828185350020444E+000                  3.2416707202458630E+000                  6.9999999999760409E-001                  2.8000000000239611E-001                  1.9999999999999796E-002                  0.0000000000000000E+000                  6.7042523818850827E+008                  1.5175215833324364E+006                  1.5255838924397384E-028                  0.0000000000000000E+000                  0.0000000000000000E+000                  1.5315630361678911E+001                  1.6257020114907822E+008                  2.5290465951095667E-005                  0.0000000000000000E+000                 -2.2985215845740306E+000                  3.8909217808246599E-001                  6.2765280544229707E-001                  7.7816780327428758E-001 
                                      14                  2.9999992623950975E+000                  3.0101798080198272E-001                  4.1259599911666376E+000                 -8.9700748403648145E+000                  3.2570871088023510E+000                  6.9999999999760409E-001                  2.8000000000239611E-001                  1.9999999999999796E-002                  0.0000000000000000E+000                  6.6306703073895502E+008                  1.5235633637427823E+006                  1.5710144859992895E-028                  0.0000000000000000E+000                  0.0000000000000000E+000                  1.5312625020947522E+001                  1.6357783083880824E+008                  2.4927997936990822E-005                  0.0000000000000000E+000                 -2.3016562999745913E+000                  3.9089370117576894E-001                  6.2945432853560002E-001                  7.7996932636759064E-001 
                                      15                  2.9999992623947223E+000                  3.0100905021916302E-001                  4.1285776564727028E+000                 -8.9577978739822797E+000                  3.2719761653984678E+000                  6.9999999999760409E-001                  2.8000000000239611E-001                  1.9999999999999796E-002                  0.0000000000000000E+000                  6.5706164490095103E+008                  1.5291788209754080E+006                  1.6160602466351733E-028                  0.0000000000000000E+000                  0.0000000000000000E+000                  1.5299991934177173E+001                  1.6456888906552806E+008                  2.4547801667562964E-005                  0.0000000000000000E+000                 -2.3049936971145950E+000                  3.9256420831747835E-001                  6.3112483567730948E-001                  7.8163983350930022E-001 
                                      16                  2.9999992623943479E+000                  3.0100036802977481E-001                  4.1311311870097693E+000                 -8.9459537809038103E+000                  3.2863727825690230E+000                  6.9999999999760409E-001                  2.8000000000239611E-001                  1.9999999999999796E-002                  0.0000000000000000E+000                  6.5232434990519071E+008                  1.5343794287156130E+006                  1.6607414414472811E-028                  0.0000000000000000E+000                  0.0000000000000000E+000                  1.5279815125096773E+001                  1.6554327198391452E+008                  2.4144513930272513E-005                  0.0000000000000000E+000                 -2.3085907666274754E+000                  3.9410890473003163E-001                  6.3266953208986265E-001                  7.8318452992185328E-001 
                                      17                  2.9999992623939726E+000                  3.0099191892182531E-001                  4.1336225138862597E+000                 -8.9345125336961608E+000                  3.3003085002026040E+000                  6.9999999999760409E-001                  2.8000000000239611E-001                  1.9999999999999796E-002                  0.0000000000000000E+000                  6.4876962263875592E+008                  1.5391742570552202E+006                  1.7050756207770702E-028                  0.0000000000000000E+000                  0.0000000000000000E+000                  1.5253925750731886E+001                  1.6650108788570401E+008                  2.3712019306583932E-005                  0.0000000000000000E+000                 -2.3125157300466661E+000                  3.9553201487647821E-001                  6.3409264223630923E-001                  7.8460764006829997E-001 
                                      18                  2.9999992623935974E+000                  3.0098368902045985E-001                  4.1360537245743174E+000                 -8.9234473798114688E+000                  3.3138119217648541E+000                  6.9999999999760409E-001                  2.8000000000239611E-001                  1.9999999999999796E-002                  0.0000000000000000E+000                  6.4631301999719799E+008                  1.5435705119125717E+006                  1.7490779541366954E-028                  0.0000000000000000E+000                  0.0000000000000000E+000                  1.5223885163388630E+001                  1.6744261851947796E+008                  2.3244773321896800E-005                  0.0000000000000000E+000                 -2.3168373423039959E+000                  3.9683701091424212E-001                  6.3539763827407325E-001                  7.8591263610606388E-001 
                                      19                  2.9999992623932221E+000                  3.0097566570522094E-001                  4.1384270027283305E+000                 -8.9127343774609447E+000                  3.3269090678707367E+000                  6.9999999999760409E-001                  2.8000000000239611E-001                  1.9999999999999796E-002                  0.0000000000000000E+000                  6.4487253560442019E+008                  1.5475739609591814E+006                  1.7927615455452487E-028                  0.0000000000000000E+000                  0.0000000000000000E+000                  1.5191017644068737E+001                  1.6836827525449651E+008                  2.2737875129861579E-005                  0.0000000000000000E+000                 -2.3216250614356984E+000                  3.9802676819425475E-001                  6.3658739555408583E-001                  7.8710239338607646E-001 
                                      20                  2.9999992623928473E+000                  3.0096783745622036E-001                  4.1418984856806080E+000                 -8.8972987355294624E+000                  3.3458440645182610E+000                  6.9999999999760409E-001                  2.8000000000239611E-001                  1.9999999999999796E-002                  0.0000000000000000E+000                  6.4446772997802246E+008                  1.5528861153654628E+006                  1.8576277768525377E-028                  0.0000000000000000E+000                  0.0000000000000000E+000                  1.5135664407872445E+001                  1.6928472198964524E+008                  2.2181520393077866E-005                  0.0000000000000000E+000                 -2.3270043446097946E+000                  3.9909333364757854E-001                  6.3765396100740956E-001                  7.8816895883940019E-001 
                                      21                  2.9999992623920977E+000                  3.0095272644967663E-001                  4.1452218305498789E+000                 -8.8825034909796372E+000                  3.3639903541885037E+000                  6.9999999999760409E-001                  2.8000000000239611E-001                  1.9999999999999796E-002                  0.0000000000000000E+000                  6.4590535817305672E+008                  1.5573599245325285E+006                  1.9220047397565241E-028                  0.0000000000000000E+000                  0.0000000000000000E+000                  1.5085725960573054E+001                  1.7106121965413561E+008                  2.0947227789423569E-005                  0.0000000000000000E+000                 -2.3394367222777168E+000                  4.0093333107417861E-001                  6.3949395843400969E-001                  7.9000895626600032E-001 
                                      22                  2.9999992623917224E+000                  3.0094542344170716E-001                  4.1473856838267071E+000                 -8.8730033055202124E+000                  3.3756806627229334E+000                  6.9999999999760409E-001                  2.8000000000239611E-001                  1.9999999999999796E-002                  0.0000000000000000E+000                  6.4783125953535354E+008                  1.5599955432627539E+006                  1.9645133030973833E-028                  0.0000000000000000E+000                  0.0000000000000000E+000                  1.5051085030648897E+001                  1.7192313867469582E+008                  2.0275252968946322E-005                  0.0000000000000000E+000                 -2.3465168592530485E+000                  4.0172403411891766E-001                  6.4028466147874874E-001                  7.9079965931073937E-001 
                                      23                  2.9999992623913472E+000                  3.0093827809573481E-001                  4.1500302198976184E+000                 -8.8615031381681941E+000                  3.3898653857375209E+000                  6.9999999999760409E-001                  2.8000000000239611E-001                  1.9999999999999796E-002                  0.0000000000000000E+000                  6.5124339973166096E+008                  1.5629453116770349E+006                  2.0172306163186126E-028                  0.0000000000000000E+000                  0.0000000000000000E+000                  1.5008479781346640E+001                  1.7278047941382092E+008                  1.9564752315005117E-005                  0.0000000000000000E+000                 -2.3542628228953846E+000                  4.0242656143394390E-001                  6.4098718879377492E-001                  7.9150218662576555E-001 
                                      24                  2.9999992623907850E+000                  3.0092783953243440E-001                  4.1531057839512853E+000                 -8.8481998465739942E+000                  3.4062988142070165E+000                  6.9999999999760409E-001                  2.8000000000239611E-001                  1.9999999999999796E-002                  0.0000000000000000E+000                  6.5665635430522108E+008                  1.5660310030836025E+006                  2.0799807862141672E-028                  0.0000000000000000E+000                  0.0000000000000000E+000                  1.4962036783705244E+001                  1.7404328817530838E+008                  1.8448220284468831E-005                  3.9123368597536222E-019                 -2.3670227621214441E+000                  4.0335756662346928E-001                  6.4191819398330030E-001                  7.9243319181529104E-001 
                                      25                  2.9999992623902223E+000                  3.0091771515605165E-001                  4.1560880249655341E+000                 -8.8354105247793377E+000                  3.4221344675472634E+000                  6.9999999999760409E-001                  2.8000000000239611E-001                  1.9999999999999796E-002                  0.0000000000000000E+000                  6.6340383726746964E+008                  1.5687058871972936E+006                  2.1421462305733756E-028                  0.0000000000000000E+000                  0.0000000000000000E+000                  1.4918387575392655E+001                  1.7527645199353603E+008                  1.7285525669199936E-005                  1.1522648482323830E-018                 -2.3811587043072011E+000                  4.0416651009787818E-001                  6.4272713745770926E-001                  7.9324213528969989E-001 
                                      26                  2.9999992623896592E+000                  3.0090788390257373E-001                  4.1589825968661360E+000                 -8.8230990121866739E+000                  3.4374143219609774E+000                  6.9999999999760421E-001                  2.8000000000239611E-001                  1.9999999999999685E-002                  0.0000000000000000E+000                  6.7136869183010316E+008                  1.5710315344799496E+006                  2.2037437045317468E-028                  0.0000000000000000E+000                  0.0000000000000000E+000                  1.4876528786903149E+001                  1.7648578148411512E+008                  1.6088028208985477E-005                  7.1978417479977828E-019                 -2.3967485904561547E+000                  4.0486857580601499E-001                  6.4342920316584606E-001                  7.9394420099783680E-001 
                                      27                  2.9999992623890970E+000                  3.0089832679523615E-001                  4.1617945125409737E+000                 -8.8112326822702105E+000                  3.4521760816458742E+000                  6.9999999999760409E-001                  2.8000000000239611E-001                  1.9999999999999796E-002                  0.0000000000000000E+000                  6.8043981099601817E+008                  1.5730572020681065E+006                  2.2647896009276430E-028                  0.0000000000000000E+000                  0.0000000000000000E+000                  1.4835644255177321E+001                  1.7767286783109546E+008                  1.4866835253129786E-005                 -8.4548957390166141E-019                 -2.4138907355904577E+000                  4.0547959841920289E-001                  6.4404022577903397E-001                  7.9455522361102460E-001 
                                      28                  2.9999992623885343E+000                  3.0088902667807954E-001                  4.1645282475645660E+000                 -8.7997818463785951E+000                  3.4664537395292481E+000                  6.9999999999760409E-001                  2.8000000000239611E-001                  1.9999999999999796E-002                  0.0000000000000000E+000                  6.9045550734435880E+008                  1.5748373072979490E+006                  2.3253007728977901E-028                  0.0000000000000000E+000                  0.0000000000000000E+000                  1.4795077124879111E+001                  1.7883906081677872E+008                  1.3632981867622991E-005                 -1.1972077248297280E-018                 -2.4327045714583408E+000                  4.0601427385005678E-001                  6.4457490120988792E-001                  7.9508989904187843E-001 
                                      29                  2.9999992623879721E+000                  3.0087996799383571E-001                  4.1671878242442588E+000                 -8.7887194872269880E+000                  3.4802780489152960E+000                  6.9999999999760409E-001                  2.8000000000239611E-001                  1.9999999999999796E-002                  0.0000000000000000E+000                  7.0124066930959797E+008                  1.5764304074485323E+006                  2.3852940431108516E-028                  0.0000000000000000E+000                  0.0000000000000000E+000                  1.4754299889300544E+001                  1.7998549210079047E+008                  1.2399780175989714E-005                 -3.9296330756051537E-019                 -2.4532930069834342E+000                  4.0648846252173576E-001                  6.4504908988156684E-001                  7.9556408771355758E-001 
                                      30                  2.9999992623874094E+000                  3.0087113659297848E-001                  4.1697768794544885E+000                 -8.7780210646764161E+000                  3.4936769225086004E+000                  6.9999999999760409E-001                  2.8000000000239611E-001                  1.9999999999999796E-002                  0.0000000000000000E+000                  7.1265107316331208E+008                  1.5778899346587434E+006                  2.4447855261550085E-028                  0.0000000000000000E+000                  0.0000000000000000E+000                  1.4712889041390536E+001                  1.8111314985526681E+008                  1.1180326576198389E-005                  0.0000000000000000E+000                 -2.4757727552834092E+000                  4.0691779057087274E-001                  6.4547841793070382E-001                  7.9599341576269445E-001 
                                      31                  2.9999992623868468E+000                  3.0086251956807736E-001                  4.1735538352977164E+000                 -8.7626317992031151E+000                  3.5130321486592546E+000                  6.9999999999760409E-001                  2.8000000000239611E-001                  1.9999999999999796E-002                  0.0000000000000000E+000                  7.3083517184363234E+008                  1.5799422749511211E+006                  2.5329734866772933E-028                  0.0000000000000000E+000                  0.0000000000000000E+000                  1.4645361110063908E+001                  1.8223077425554898E+008                  9.9890012322730087E-006                  0.0000000000000000E+000                 -2.5002389666476144E+000                  4.0731556523277745E-001                  6.4587619259260853E-001                  7.9639119042459916E-001 
                                      32                  2.9999992623857219E+000                  3.0084588406431889E-001                  4.1783451241787972E+000                 -8.7431588512086087E+000                  3.5375699250193691E+000                  6.9999999999760409E-001                  2.8000000000239611E-001                  1.9999999999999796E-002                  0.0000000000000000E+000                  7.5612264573546386E+008                  1.5826107213006332E+006                  2.6491367836524651E-028                  0.0000000000000000E+000                  0.0000000000000000E+000                  1.4555983650750782E+001                  1.8441383290151447E+008                  7.7221922900329057E-006                  0.0000000000000000E+000                 -2.5561296941130123E+000                  4.0807505829096308E-001                  6.4663568565079410E-001                  7.9715068348278484E-001 
                                      33                  2.9999992623845970E+000                  3.0082997620199081E-001                  4.1817712194631618E+000                 -8.7292694950796239E+000                  3.5551067535572876E+000                  6.9999999999760409E-001                  2.8000000000239611E-001                  1.9999999999999796E-002                  0.0000000000000000E+000                  7.7557296145666528E+008                  1.5847128615058991E+006                  2.7352329161098373E-028                  0.0000000000000000E+000                  0.0000000000000000E+000                  1.4490193183624683E+001                  1.8650511361468342E+008                  5.6211322303549115E-006                  0.0000000000000000E+000                 -2.6250880991665513E+000                  4.0884165787122251E-001                  6.4740228523105359E-001                  7.9791728306304432E-001 
                                      34                  2.9999992623840339E+000                  3.0082227199592737E-001                  4.1839986691064883E+000                 -8.7203465428613622E+000                  3.5664173146668308E+000                  6.9999999999760409E-001                  2.8000000000239611E-001                  1.9999999999999796E-002                  0.0000000000000000E+000                  7.8875687295254135E+008                  1.5862070033839862E+006                  2.7920143156087116E-028                  0.0000000000000000E+000                  0.0000000000000000E+000                  1.4444476639183291E+001                  1.8752955433177695E+008                  4.6443689161614176E-006                  0.0000000000000000E+000                 -2.6665366451246006E+000                  4.0924612518353687E-001                  6.4780675254336795E-001                  7.9832175037535869E-001 
                                      35                  2.9999992623834717E+000                  3.0081472406675341E-001                  4.1861747129382447E+000                 -8.7116649928101673E+000                  3.5774415269920419E+000                  6.9999999999760409E-001                  2.8000000000239611E-001                  1.9999999999999796E-002                  0.0000000000000000E+000                  8.0187562124449062E+008                  1.5877738304679974E+006                  2.8483906972275594E-028                  0.0000000000000000E+000                  0.0000000000000000E+000                  1.4399481291196148E+001                  1.8854679031809086E+008                  3.7215909925662775E-006                  0.0000000000000000E+000                 -2.7146356790405655E+000                  4.0967270631614960E-001                  6.4823333367598079E-001                  7.9874833150797142E-001 
                                      36                  2.9999992623829090E+000                  3.0080732514070591E-001                  4.1883016309240411E+000                 -8.7032123746869630E+000                  3.5881935360802273E+000                  6.9999999999760409E-001                  2.8000000000239611E-001                  1.9999999999999796E-002                  0.0000000000000000E+000                  8.1481426228225553E+008                  1.5894160488957923E+006                  2.9043739886431378E-028                  0.0000000000000000E+000                  0.0000000000000000E+000                  1.4355565810012353E+001                  1.8955043936541250E+008                  2.8453628021627937E-006                  0.0000000000000000E+000                 -2.7729311751912653E+000                  4.1011897578732476E-001                  6.4867960314715589E-001                  7.9919460097914641E-001 
                                      37                  2.9999992623823468E+000                  3.0080006845937818E-001                  4.1914177415828533E+000                 -8.6909556574579039E+000                  3.6038393656507552E+000                  6.9999999999760409E-001                  2.8000000000239611E-001                  1.9999999999999796E-002                  0.0000000000000000E+000                  8.3380755126337409E+008                  1.5920392343424663E+006                  2.9875128824783758E-028                  0.0000000000000000E+000                  0.0000000000000000E+000                  1.4289935856845180E+001                  1.9054663984695885E+008                  2.0196974538600623E-006                  0.0000000000000000E+000                 -2.8473568410093306E+000                  4.1058950696253410E-001                  6.4915013432236524E-001                  7.9966513215435575E-001 
                                      38                  2.9999992623812211E+000                  3.0078595792760532E-001                  4.1954018229346346E+000                 -8.6752906956169262E+000                  3.6238630520333728E+000                  6.9999999999760409E-001                  2.8000000000239611E-001                  1.9999999999999796E-002                  0.0000000000000000E+000                  8.5756298906866360E+008                  1.5958211733237265E+006                  3.0972441261433429E-028                  0.0000000000000000E+000                  0.0000000000000000E+000                  1.4211937270750171E+001                  1.9250068895022491E+008                  5.0129433837158560E-007                  0.0000000000000000E+000                 -3.1499536001449631E+000                  4.1159646846464981E-001                  6.5015709582448089E-001                  8.0067209365647152E-001 
                                      39                  2.9999992623800962E+000                  3.0077234598833608E-001                  4.1992257343230586E+000                 -8.6603631277845228E+000                  3.6430064163688747E+000                  6.9999999999760409E-001                  2.8000000000239611E-001                  1.9999999999999796E-002                  0.0000000000000000E+000                  8.7935350514607024E+008                  1.5999755669273417E+006                  3.2055582602040076E-028                  0.0000000000000000E+000                  0.0000000000000000E+000                  1.4141999232057310E+001                  1.9439670289731684E+008                 -8.5390926622407159E-007                  0.0000000000000000E+000                 -9.8999999999999986E+001                  4.1268993389355801E-001                  6.5125056125338909E-001                  8.0176555908537983E-001 
                                      40                  2.9999992623789709E+000                  3.0075919275323398E-001                  4.2029031602620286E+000                 -8.6461107502013039E+000                  3.6613436359125240E+000                  6.9999999999760409E-001                  2.8000000000239611E-001                  1.9999999999999796E-002                  0.0000000000000000E+000                  8.9891058479677486E+008                  1.6045314411521519E+006                  3.3125062112173153E-028                  0.0000000000000000E+000                  0.0000000000000000E+000                  1.4080695949153387E+001                  1.9625009808645439E+008                 -2.0369995222815541E-006                  0.0000000000000000E+000                 -9.8999999999999986E+001                  4.1388516339813342E-001                  6.5244579075796449E-001                  8.0296078858995512E-001 
                                      41                  2.9999992623778460E+000                  3.0074646302800312E-001                  4.2064462202586821E+000                 -8.6324762788055676E+000                  3.6789398898659185E+000                  6.9999999999760409E-001                  2.8000000000239611E-001                  1.9999999999999796E-002                  0.0000000000000000E+000                  9.1606988316208422E+008                  1.6094642918691714E+006                  3.4181554044863854E-028                  0.0000000000000000E+000                  0.0000000000000000E+000                  1.4026801430121964E+001                  1.9806376583557627E+008                 -3.0526504488535397E-006                  0.0000000000000000E+000                 -9.8999999999999986E+001                  4.1518196327206380E-001                  6.5374259063189488E-001                  8.0425758846388562E-001 
                                      42                  2.9999992623767211E+000                  3.0073412567023600E-001                  4.2098654188572402E+000                 -8.6194080547209708E+000                  3.6958527583559557E+000                  6.9999999999760409E-001                  2.8000000000239611E-001                  1.9999999999999796E-002                  0.0000000000000000E+000                  9.3069530649322116E+008                  1.6147314990284974E+006                  3.5225781922725818E-028                  0.0000000000000000E+000                  0.0000000000000000E+000                  1.3978634646392136E+001                  1.9983940855616614E+008                 -3.9097705608312292E-006                  0.0000000000000000E+000                 -9.8999999999999986E+001                  4.1657041146488799E-001                  6.5513103882471901E-001                  8.0564603665670964E-001 
                                      43                  2.9999992623755958E+000                  3.0072215301712196E-001                  4.2131698541529641E+000                 -8.6068604687513712E+000                  3.7121333596649531E+000                  6.9999999999760409E-001                  2.8000000000239611E-001                  1.9999999999999796E-002                  0.0000000000000000E+000                  9.4266458637629247E+008                  1.6202977105916401E+006                  3.6258415934118819E-028                  0.0000000000000000E+000                  0.0000000000000000E+000                  1.3934840093520592E+001                  2.0157831876331285E+008                 -4.6175356661740905E-006                  0.0000000000000000E+000                 -9.8999999999999986E+001                  4.1803918377510424E-001                  6.5659981113493537E-001                  8.0711480896692600E-001 
                                      44                  2.9999992623744709E+000                  3.0071052037889706E-001                  4.2163674720404618E+000                 -8.5947930778209294E+000                  3.7278272823715750E+000                  6.9999999999760409E-001                  2.8000000000239611E-001                  1.9999999999999796E-002                  0.0000000000000000E+000                  9.5187345061853254E+008                  1.6261335318984212E+006                  3.7280077058220951E-028                  0.0000000000000000E+000                  0.0000000000000000E+000                  1.3894321575224623E+001                  2.0328172165442908E+008                 -5.1839499863308548E-006                  0.0000000000000000E+000                 -9.8999999999999986E+001                  4.1957881927707907E-001                  6.5813944663691015E-001                  8.0865444446890078E-001 
                                      45                  2.9999992623733456E+000                  3.0069920562135771E-001                  4.2192080007047599E+000                 -8.5841184342956485E+000                  3.7417330018630119E+000                  6.9999999999760409E-001                  2.8000000000239611E-001                  1.9999999999999796E-002                  0.0000000000000000E+000                  9.5780600351463521E+008                  1.6316924935139364E+006                  3.8207794399868590E-028                  0.0000000000000000E+000                  0.0000000000000000E+000                  1.3859751508632504E+001                  2.0494863793596801E+008                 -5.6192599766996740E-006                  0.0000000000000000E+000                 -9.8999999999999986E+001                  4.2117917656548137E-001                  6.5973980392531240E-001                  8.1025480175730313E-001 
                                      46                  2.9999992623724081E+000                  3.0069000493692272E-001                  4.2217242109646884E+000                 -8.5747207217638586E+000                  3.7540004745489184E+000                  6.9999999999760409E-001                  2.8000000000239611E-001                  1.9999999999999796E-002                  0.0000000000000000E+000                  9.6111081428013897E+008                  1.6369165558327148E+006                  3.9043626238859776E-028                  0.0000000000000000E+000                  0.0000000000000000E+000                  1.3829148805662140E+001                  2.0631245201859298E+008                 -5.8843473455382639E-006                  0.0000000000000000E+000                 -9.8999999999999986E+001                  4.2255610425873902E-001                  6.6111673161857010E-001                  8.1163172945056072E-001 
                                      47                  2.9999992623714702E+000                  3.0068100064159958E-001                  4.2241783261144645E+000                 -8.5655933170087515E+000                  3.7659319031409200E+000                  6.9999999999760409E-001                  2.8000000000239611E-001                  1.9999999999999796E-002                  0.0000000000000000E+000                  9.6255202805418551E+008                  1.6422830992058357E+006                  3.9872917014192945E-028                  0.0000000000000000E+000                  0.0000000000000000E+000                  1.3799398647389459E+001                  2.0765549354354492E+008                 -6.0631775817482246E-006                  0.0000000000000000E+000                 -9.8999999999999986E+001                  4.2396998943268460E-001                  6.6253061679251568E-001                  8.1304561462450631E-001 
                                      48                  2.9999992623705327E+000                  3.0067218306870758E-001                  4.2265733254415494E+000                 -8.5567199650399672E+000                  3.7775452143795478E+000                  6.9999999999760409E-001                  2.8000000000239611E-001                  1.9999999999999796E-002                  0.0000000000000000E+000                  9.6233692992541814E+008                  1.6477773160696744E+006                  4.0696008013415461E-028                  0.0000000000000000E+000                  0.0000000000000000E+000                  1.3770247738308624E+001                  2.0897625490333942E+008                 -6.1645092206963712E-006                  0.0000000000000000E+000                 -9.8999999999999986E+001                  4.2541482034259076E-001                  6.6397544770242189E-001                  8.1449044553441252E-001 
                                      49                  2.9999992623695952E+000                  3.0066354330444955E-001                  4.2300764065583252E+000                 -8.5438756605533204E+000                  3.7944041986925225E+000                  6.9999999999760409E-001                  2.8000000000239611E-001                  1.9999999999999796E-002                  0.0000000000000000E+000                  9.5928492722717178E+008                  1.6562735663830305E+006                  4.1917635145236447E-028                  0.0000000000000000E+000                  0.0000000000000000E+000                  1.3725388861112579E+001                  2.1028214334468642E+008                 -6.1851080804694832E-006                  0.0000000000000000E+000                 -9.8999999999999986E+001                  4.2689389671160244E-001                  6.6545452407143346E-001                  8.1596952190342420E-001 
                                      50                  2.9999992623677207E+000                  3.0064676586386779E-001                  4.2334309525383080E+000                 -8.5314821698717580E+000                  3.8106355743363909E+000                  6.9999999999760409E-001                  2.8000000000239611E-001                  1.9999999999999796E-002                  0.0000000000000000E+000                  9.5336609843710685E+008                  1.6648984331871001E+006                  4.3131137168535072E-028                  0.0000000000000000E+000                  0.0000000000000000E+000                  1.3687729186649047E+001                  2.1281446860752273E+008                 -6.0646308220539007E-006                  0.0000000000000000E+000                 -9.8999999999999986E+001                  4.2990351454637149E-001                  6.6846414190620262E-001                  8.1897913973819325E-001 
                                      51                  2.9999992623667833E+000                  3.0063861244752599E-001                  4.2356156055299534E+000                 -8.5234881784473764E+000                  3.8211297568869003E+000                  6.9999999999760409E-001                  2.8000000000239611E-001                  1.9999999999999796E-002                  0.0000000000000000E+000                  9.4801371620145309E+008                  1.6707803553521938E+006                  4.3932439621142863E-028                  0.0000000000000000E+000                  0.0000000000000000E+000                  1.3662619672692703E+001                  2.1404229006961170E+008                 -5.9354597963379581E-006                  0.0000000000000000E+000                 -9.8999999999999986E+001                  4.3142874130095493E-001                  6.6998936866078607E-001                  8.2050436649277669E-001 
                                      52                  2.9999992623658454E+000                  3.0063060729030167E-001                  4.2388184630453862E+000                 -8.5118703415522212E+000                  3.8364114722461937E+000                  6.9999999999760409E-001                  2.8000000000239611E-001                  1.9999999999999796E-002                  0.0000000000000000E+000                  9.3805083805068457E+008                  1.6797790030026597E+006                  4.5123603680887237E-028                  0.0000000000000000E+000                  0.0000000000000000E+000                  1.3625701298480360E+001                  2.1526181995503736E+008                 -5.7450466472125786E-006                  0.0000000000000000E+000                 -9.8999999999999986E+001                  4.3298086823256871E-001                  6.7154149559239973E-001                  8.2205649342439047E-001 
                                      53                  2.9999992623639704E+000                  3.0061501832049936E-001                  4.2429194573414337E+000                 -8.4969694260324058E+000                  3.8559877377399459E+000                  6.9999999999760409E-001                  2.8000000000239611E-001                  1.9999999999999796E-002                  0.0000000000000000E+000                  9.2165122781575847E+008                  1.6919250554100049E+006                  4.6698775943735571E-028                  0.0000000000000000E+000                  0.0000000000000000E+000                  1.3584984061966155E+001                  2.1763920693455657E+008                 -5.2530783423733104E-006                  0.0000000000000000E+000                 -9.8999999999999986E+001                  4.3611756081319525E-001                  6.7467818817302627E-001                  8.2519318600501701E-001 
                                      54                  2.9999992623620959E+000                  3.0059995355135460E-001                  4.2468610789526000E+000                 -8.4827130059620899E+000                  3.8747220566009792E+000                  6.9999999999760409E-001                  2.8000000000239611E-001                  1.9999999999999796E-002                  0.0000000000000000E+000                  9.0249020726453340E+008                  1.7042539488651718E+006                  4.8257264589622463E-028                  0.0000000000000000E+000                  0.0000000000000000E+000                  1.3551213271275016E+001                  2.1992761034853265E+008                 -4.6566212629141695E-006                  0.0000000000000000E+000                 -9.8999999999999986E+001                  4.3927374967426347E-001                  6.7783437703409455E-001                  8.2834937486608529E-001 
                                      55                  2.9999992623602205E+000                  3.0058537378623157E-001                  4.2506567957415120E+000                 -8.4690464149071740E+000                  3.8926838983606959E+000                  6.9999999999760409E-001                  2.8000000000239611E-001                  1.9999999999999796E-002                  0.0000000000000000E+000                  8.8150397789941072E+008                  1.7167179592927233E+006                  4.9800081687790186E-028                  0.0000000000000000E+000                  0.0000000000000000E+000                  1.3524701214496680E+001                  2.2214357300648841E+008                 -3.9732956831058142E-006                  0.0000000000000000E+000                 -9.8999999999999986E+001                  4.4244726458913342E-001                  6.8100789194896449E-001                  8.3152288978095512E-001 
                                      56                  2.9999992623583460E+000                  3.0057124427950604E-001                  4.2543186247495814E+000                 -8.4559215621941384E+000                  3.9099344734711132E+000                  6.9999999999760409E-001                  2.8000000000239611E-001                  1.9999999999999796E-002                  0.0000000000000000E+000                  8.5944276336647367E+008                  1.7292798085393629E+006                  5.1328154828198459E-028                  0.0000000000000000E+000                  0.0000000000000000E+000                  1.3505234283422627E+001                  2.2429156945368806E+008                 -3.2296227863086624E-006                  0.0000000000000000E+000                 -9.8999999999999986E+001                  4.4562687796770772E-001                  6.8418750532753880E-001                  8.3470250315952943E-001 
                                      57                  2.9999992623564711E+000                  3.0055753407580788E-001                  4.2578571509049201E+000                 -8.4432956837087421E+000                  3.9265279927962773E+000                  6.9999999999760409E-001                  2.8000000000239611E-001                  1.9999999999999796E-002                  0.0000000000000000E+000                  8.3690580234276354E+008                  1.7419095911746740E+006                  5.2842366342912539E-028                  0.0000000000000000E+000                  0.0000000000000000E+000                  1.3491695465453708E+001                  2.2637554526226506E+008                 -2.4433535458657758E-006                  0.0000000000000000E+000                 -9.8999999999999986E+001                  4.4880390725516034E-001                  6.8736453461499136E-001                  8.3787953244698199E-001 
                                      58                  2.9999992623545966E+000                  3.0054421547592475E-001                  4.2612816181814690E+000                 -8.4311304633479320E+000                  3.9425126958029040E+000                  6.9999999999760409E-001                  2.8000000000239611E-001                  1.9999999999999796E-002                  0.0000000000000000E+000                  8.1437003980085897E+008                  1.7545822785402469E+006                  5.4343572891643907E-028                  0.0000000000000000E+000                  0.0000000000000000E+000                  1.3483024039749452E+001                  2.2839890247144735E+008                 -1.6261461069702205E-006                  0.0000000000000000E+000                 -9.8999999999999986E+001                  4.5197143770214127E-001                  6.9053206506197240E-001                  8.4104706289396303E-001 
                                      59                  2.9999992623527212E+000                  3.0053126359755106E-001                  4.2646001333024168E+000                 -8.4193925939193495E+000                  3.9579316966225830E+000                  6.9999999999760409E-001                  2.8000000000239611E-001                  1.9999999999999796E-002                  0.0000000000000000E+000                  7.9214778479701161E+008                  1.7672669352989793E+006                  5.5832458604041174E-028                  0.0000000000000000E+000                  0.0000000000000000E+000                  1.3478298353244300E+001                  2.3036486580067369E+008                 -7.8795781476988654E-007                  0.0000000000000000E+000                 -9.8999999999999986E+001                  4.5512262478935384E-001                  6.9368325214918491E-001                  8.4419824998117554E-001 
                                      60                  2.9999992623508467E+000                  3.0051865597416033E-001                  4.2694204817888366E+000                 -8.4025593134635592E+000                  3.9800824638494454E+000                  6.9999999999760409E-001                  2.8000000000239611E-001                  1.9999999999999796E-002                  0.0000000000000000E+000                  7.5957516408668756E+008                  1.7863617422506264E+006                  5.8039150351371684E-028                  0.0000000000000000E+000                  0.0000000000000000E+000                  1.3473284716089541E+001                  2.3228905490747336E+008                  7.0365495439488885E-008                  6.7392476429207236E-019                 -3.5763201250717085E+000                  4.5825795429289973E-001                  6.9681858165273081E-001                  8.4733357948472143E-001 
                                      61                  2.9999992623470964E+000                  3.0049439628437657E-001                  4.2739886684358277E+000                 -8.3864714586352047E+000                  4.0011626658207344E+000                  6.9999999999760409E-001                  2.8000000000239617E-001                  1.9999999999999796E-002                  0.0000000000000000E+000                  7.2897938575240612E+008                  1.8050503337128018E+006                  6.0229587328825871E-028                  0.0000000000000000E+000                  0.0000000000000000E+000                  1.3480049398605003E+001                  2.3596476056149015E+008                  1.7630133519370295E-006                  2.6166773438075463E-018                 -2.8768721993096080E+000                  4.6440663133936033E-001                  7.0296725869919130E-001                  8.5348225653118193E-001 
                                      62                  2.9999992623452219E+000                  3.0048270610115996E-001                  4.2769472075257999E+000                 -8.3761814901403291E+000                  4.0146697545678816E+000                  6.9999999999760398E-001                  2.8000000000239605E-001                  2.0000000000000018E-002                  0.0000000000000000E+000                  7.0955654283983624E+008                  1.8174649510605640E+006                  6.1673769989038304E-028                  0.0000000000000000E+000                  0.0000000000000000E+000                  1.3484089250991783E+001                  2.3772308137923366E+008                  2.5855008627388588E-006                  3.8694155189586923E-018                 -2.7937276564875018E+000                  4.6741065095219203E-001                  7.0597127831202322E-001                  8.5648627614401385E-001 
                                      63                  2.9999992623433474E+000                  3.0047128873286288E-001                  4.2812617747702397E+000                 -8.3613433717016097E+000                  4.0341759705570412E+000                  6.9999999999760409E-001                  2.8000000000239611E-001                  1.9999999999999796E-002                  0.0000000000000000E+000                  6.8220869326629424E+008                  1.8359667160119028E+006                  6.3817465539262549E-028                  0.0000000000000000E+000                  0.0000000000000000E+000                  1.3489171572323519E+001                  2.3945965960278279E+008                  3.4050765818371149E-006                  2.5445357403346059E-018                 -2.7339365580730628E+000                  4.7037909078816936E-001                  7.0893971814800050E-001                  8.5945471597999112E-001 
                                      64                  2.9999992623395970E+000                  3.0044921843883304E-001                  4.2867385180855351E+000                 -8.3424970706035957E+000                  4.0588968752487187E+000                  6.9999999999760398E-001                  2.8000000000239605E-001                  2.0000000000000018E-002                  0.0000000000000000E+000                  6.4968269700882339E+008                  1.8599680693838026E+006                  6.6647991711706747E-028                  0.0000000000000000E+000                  0.0000000000000000E+000                  1.3501699054065316E+001                  2.4281189093863422E+008                  4.9802655023693775E-006                  6.1988703071091150E-019                 -2.6513737519996230E+000                  4.7615821152234189E-001                  7.1471883888217302E-001                  8.6523383671416365E-001 
                                      65                  2.9999992623358467E+000                  3.0042808225256123E-001                  4.2906594329419754E+000                 -8.3290082938862895E+000                  4.0765591756497521E+000                  6.9999999999760409E-001                  2.8000000000239617E-001                  1.9999999999999796E-002                  0.0000000000000000E+000                  6.2794097845050359E+008                  1.8774049125684027E+006                  6.8750637443033034E-028                  0.0000000000000000E+000                  0.0000000000000000E+000                  1.3513731682848524E+001                  2.4598393213871497E+008                  6.4406598554927705E-006                  0.0000000000000000E+000                 -2.5955348181120961E+000                  4.8169637056215403E-001                  7.2025699792198516E-001                  8.7077199575397579E-001 
                                      66                  2.9999992623339722E+000                  3.0041783623894075E-001                  4.2932097482202431E+000                 -8.3203235371080488E+000                  4.0879482593439693E+000                  6.9999999999760398E-001                  2.8000000000239605E-001                  2.0000000000000018E-002                  0.0000000000000000E+000                  6.1449472728121257E+008                  1.8888386434195638E+006                  7.0139402697498773E-028                  0.0000000000000000E+000                  0.0000000000000000E+000                  1.3520129901997930E+001                  2.4752105647528556E+008                  7.1307349001546294E-006                  0.0000000000000000E+000                 -2.5734328545246479E+000                  4.8437369582103357E-001                  7.2293432318086459E-001                  8.7344932101285522E-001 
                                      67                  2.9999992623320977E+000                  3.0040779237994703E-001                  4.2969439499232056E+000                 -8.3077252139406301E+000                  4.1044922347159449E+000                  6.9999999999760409E-001                  2.8000000000239611E-001                  1.9999999999999796E-002                  0.0000000000000000E+000                  5.9583602348153758E+008                  1.9056616305997549E+006                  7.2203996057791229E-028                  0.0000000000000000E+000                  0.0000000000000000E+000                  1.3527362493696803E+001                  2.4904246186120561E+008                  7.7964855628329999E-006                  0.0000000000000000E+000                 -2.5540505604896140E+000                  4.8698763433720677E-001                  7.2554826169703790E-001                  8.7606325952902853E-001 
                                      68                  2.9999992623283473E+000                  3.0038827701766091E-001                  4.3017155288303943E+000                 -8.2916110177759474E+000                  4.1256176578611647E+000                  6.9999999999760398E-001                  2.8000000000239605E-001                  2.0000000000000018E-002                  0.0000000000000000E+000                  5.7389374876551688E+008                  1.9271632572348828E+006                  7.4933588675958949E-028                  0.0000000000000000E+000                  0.0000000000000000E+000                  1.3538650723691367E+001                  2.5199651846398965E+008                  9.0356001790005898E-006                  0.0000000000000000E+000                 -2.5220214973251220E+000                  4.9201383131550058E-001                  7.3057445867533166E-001                  8.8108945650732229E-001 
                                      69                  2.9999992623245975E+000                  3.0036947000116637E-001                  4.3062905143674586E+000                 -8.2762406800520925E+000                  4.1457663769093234E+000                  6.9999999999760398E-001                  2.8000000000239605E-001                  2.0000000000000018E-002                  0.0000000000000000E+000                  5.5486708479206979E+008                  1.9477119862128233E+006                  7.7633280847079610E-028                  0.0000000000000000E+000                  0.0000000000000000E+000                  1.3548794298346452E+001                  2.5482783833004886E+008                  1.0148166903780507E-005                  0.0000000000000000E+000                 -2.4968061993418851E+000                  4.9677138485354982E-001                  7.3533201221338096E-001                  8.8584701004537159E-001 
                                      70                  2.9999992623208476E+000                  3.0035131463504428E-001                  4.3106844028545863E+000                 -8.2615492905481549E+000                  4.1650247624317966E+000                  6.9999999999760398E-001                  2.8000000000239605E-001                  2.0000000000000018E-002                  0.0000000000000000E+000                  5.3833542129701722E+008                  1.9673091278817726E+006                  8.0304590280869866E-028                  0.0000000000000000E+000                  0.0000000000000000E+000                  1.3558796204758123E+001                  2.5756036117627168E+008                  1.1141947028239854E-005                  0.0000000000000000E+000                 -2.4765194553111929E+000                  5.0126592441040818E-001                  7.3982655177023915E-001                  8.9034154960222989E-001 
                                      71                  2.9999992623170972E+000                  3.0033376099512493E-001                  4.3143851973509442E+000                 -8.2491991310037811E+000                  4.1812051610571155E+000                  6.9999999999760398E-001                  2.8000000000239605E-001                  2.0000000000000018E-002                  0.0000000000000000E+000                  5.2565502517522675E+008                  1.9836472013060360E+006                  8.2621184877741362E-028                  0.0000000000000000E+000                  0.0000000000000000E+000                  1.3568863485566215E+001                  2.6019697257101771E+008                  1.2022706625747881E-005                  0.0000000000000000E+000                 -2.4599988751390964E+000                  5.0550808066049713E-001                  7.4406870802032832E-001                  8.9458370585231894E-001 
                                      72                  2.9999992623142848E+000                  3.0032096353408877E-001                  4.3174677074601426E+000                 -8.2389743183862905E+000                  4.1946114369961940E+000                  6.9999999999760409E-001                  2.8000000000239611E-001                  1.9999999999999796E-002                  0.0000000000000000E+000                  5.1591229443634266E+008                  1.9971107746505414E+006                  8.4589601102522601E-028                  0.0000000000000000E+000                  0.0000000000000000E+000                  1.3577414760157856E+001                  2.6211978847711781E+008                  1.2612205399276120E-005                  0.0000000000000000E+000                 -2.4496044825266940E+000                  5.0852794085951647E-001                  7.4708856821934766E-001                  8.9760356605133829E-001 
                                      73                  2.9999992623114724E+000                  3.0030846275873524E-001                  4.3209652730858323E+000                 -8.2274386917785662E+000                  4.2097480519380879E+000                  6.9999999999760409E-001                  2.8000000000239617E-001                  1.9999999999999796E-002                  0.0000000000000000E+000                  5.0571705557159525E+008                  2.0121870155308770E+006                  8.6866726367401765E-028                  0.0000000000000000E+000                  0.0000000000000000E+000                  1.3587692310467101E+001                  2.6400631786272553E+008                  1.3142493196700621E-005                  0.0000000000000000E+000                 -2.4406611195624590E+000                  5.1140962163043169E-001                  7.4997024899026277E-001                  9.0048524682225339E-001 
                                      74                  2.9999992623077225E+000                  3.0029223034287339E-001                  4.3248268713420988E+000                 -8.2147234922515349E+000                  4.2264271693276445E+000                  6.9999999999760409E-001                  2.8000000000239617E-001                  1.9999999999999796E-002                  0.0000000000000000E+000                  4.9546652982825142E+008                  2.0285398735886978E+006                  8.9447788271149635E-028                  0.0000000000000000E+000                  0.0000000000000000E+000                  1.3601911332722128E+001                  2.6645748026159900E+008                  1.3762477925974120E-005                  0.0000000000000000E+000                 -2.4306516822983908E+000                  5.1505039777878425E-001                  7.5361102513861533E-001                  9.0412602297060596E-001 
                                      75                  2.9999992623039722E+000                  3.0027646454486046E-001                  4.3285604400801727E+000                 -8.2024816229646369E+000                  4.2424916343813610E+000                  6.9999999999760409E-001                  2.8000000000239611E-001                  1.9999999999999796E-002                  0.0000000000000000E+000                  4.8649133550600499E+008                  2.0440582853166875E+006                  9.2005206699251159E-028                  0.0000000000000000E+000                  0.0000000000000000E+000                  1.3617973057951898E+001                  2.6883589153186452E+008                  1.4292082495535417E-005                  0.0000000000000000E+000                 -2.4224522428324611E+000                  5.1847822650173481E-001                  7.5703885386156600E-001                  9.0755385169355662E-001 
                                      76                  2.9999992623002227E+000                  3.0026113530105603E-001                  4.3317246949090338E+000                 -8.1921269513680901E+000                  4.2560784304173325E+000                  6.9999999999760409E-001                  2.8000000000239611E-001                  1.9999999999999796E-002                  0.0000000000000000E+000                  4.7955269039334470E+008                  2.0569768225035858E+006                  9.4225374778986658E-028                  0.0000000000000000E+000                  0.0000000000000000E+000                  1.3633973901019891E+001                  2.7114740339986950E+008                  1.4742384041994754E-005                 -5.9346403992726210E-019                 -2.4157161397662552E+000                  5.2171087506910330E-001                  7.6027150242893449E-001                  9.1078650026092511E-001 
                                      77                  2.9999992622974099E+000                  3.0024990821225001E-001                  4.3343723991077638E+000                 -8.1835096427156415E+000                  4.2673963920353399E+000                  6.9999999999760409E-001                  2.8000000000239611E-001                  1.9999999999999796E-002                  0.0000000000000000E+000                  4.7418628722570491E+008                  2.0676228330751571E+006                  9.6113823081286765E-028                  0.0000000000000000E+000                  0.0000000000000000E+000                  1.3648077168418334E+001                  2.7284263827561998E+008                  1.5033520739789729E-005                 -2.3534593393739890E-018                 -2.4114696494668846E+000                  5.2401502341424133E-001                  7.6257565077407241E-001                  9.1309064860606304E-001 
                                      78                  2.9999992622945979E+000                  3.0023890085148092E-001                  4.3373897763863942E+000                 -8.1737402547387799E+000                  4.2802396408123125E+000                  6.9999999999760398E-001                  2.8000000000239605E-001                  2.0000000000000018E-002                  0.0000000000000000E+000                  4.6852606461236423E+008                  2.0795664792456077E+006                  9.8300563676985564E-028                  0.0000000000000000E+000                  0.0000000000000000E+000                  1.3664970206630260E+001                  2.7451245841431057E+008                  1.5288153969536729E-005                 -3.1340597138794082E-018                 -2.4078224760395952E+000                  5.2621937619216630E-001                  7.6478000355199738E-001                  9.1529500138398801E-001 
                                      79                  2.9999992622908476E+000                  3.0022454957314348E-001                  4.3407389552769340E+000                 -8.1629171897227835E+000                  4.2944689677881236E+000                  6.9999999999760398E-001                  2.8000000000239605E-001                  2.0000000000000018E-002                  0.0000000000000000E+000                  4.6276683123940307E+008                  2.0925708535133854E+006                  1.0078129486442653E-027                  0.0000000000000000E+000                  0.0000000000000000E+000                  1.3686019034005650E+001                  2.7669283028495026E+008                  1.5577017538494532E-005                 -8.5661425030523332E-019                 -2.4037578455578448E+000                  5.2901717638569956E-001                  7.6757780374553064E-001                  9.1809280157752138E-001 
                                      80                  2.9999992622870977E+000                  3.0021055015297110E-001                  4.3456111734835172E+000                 -8.1473589524681849E+000                  4.3149778311997276E+000                  6.9999999999760409E-001                  2.8000000000239611E-001                  1.9999999999999796E-002                  0.0000000000000000E+000                  4.5529458489572287E+008                  2.1110311512555736E+006                  1.0445745188540644E-027                  0.0000000000000000E+000                  0.0000000000000000E+000                  1.3716611666860642E+001                  2.7883332815234125E+008                  1.5812431989710192E-005                  1.5863501466072014E-018                 -2.4005006647023328E+000                  5.3165796409644905E-001                  7.7021859145628024E-001                  9.2073358928827087E-001 
                                      81                  2.9999992622795979E+000                  3.0018353276672155E-001                  4.3517723853962806E+000                 -8.1276761487631468E+000                  4.3409044870980216E+000                  6.9999999999760398E-001                  2.8000000000239605E-001                  2.0000000000000018E-002                  0.0000000000000000E+000                  4.4720627473832279E+008                  2.1336003171295300E+006                  1.0930092896644720E-027                  0.0000000000000000E+000                  0.0000000000000000E+000                  1.3764993086517061E+001                  2.8297556938967335E+008                  1.6153678210525842E-005                  1.4122327521917349E-018                 -2.3958642863675861E+000                  5.3653958715486560E-001                  7.7510021451469668E-001                  9.2561521234668742E-001 
                                      82                  2.9999992622720977E+000                  3.0015770779875278E-001                  4.3561693889433917E+000                 -8.1136412281961974E+000                  4.3593860492395855E+000                  6.9999999999760398E-001                  2.8000000000239605E-001                  2.0000000000000018E-002                  0.0000000000000000E+000                  4.4224813749817044E+008                  2.1492199090888803E+006                  1.1289116445847835E-027                  0.0000000000000000E+000                  0.0000000000000000E+000                  1.3805796029532727E+001                  2.8690522437941128E+008                  1.6358384628682136E-005                  3.4704720847218792E-019                 -2.3931297923093311E+000                  5.4098290930215165E-001                  7.7954353666198284E-001                  9.3005853449397347E-001 
                                      83                  2.9999992622683473E+000                  3.0014520427658431E-001                  4.3590247609132291E+000                 -8.1046288059239746E+000                  4.3712854782227151E+000                  6.9999999999760398E-001                  2.8000000000239605E-001                  2.0000000000000018E-002                  0.0000000000000000E+000                  4.3935591131333464E+008                  2.1591707518912051E+006                  1.1525854749980535E-027                  0.0000000000000000E+000                  0.0000000000000000E+000                  1.3832285972047382E+001                  2.8881502687790638E+008                  1.6418397342852595E-005                  0.0000000000000000E+000                 -2.3923346190749490E+000                  5.4305300200302320E-001                  7.8161362936285428E-001                  9.3212862719484491E-001 
                                      84                  2.9999992622645979E+000                  3.0013295650514737E-001                  4.3631996647540214E+000                 -8.0915882786951574E+000                  4.3885466810334108E+000                  6.9999999999760398E-001                  2.8000000000239605E-001                  2.0000000000000018E-002                  0.0000000000000000E+000                  4.3553880452175677E+008                  2.1734591893019914E+006                  1.1877219804792874E-027                  0.0000000000000000E+000                  0.0000000000000000E+000                  1.3871271791257040E+001                  2.9071083554282981E+008                  1.6454613091530271E-005                  0.0000000000000000E+000                 -2.3918561625550230E+000                  5.4502409283206166E-001                  7.8358472019189285E-001                  9.3409971802388347E-001 
                                      85                  2.9999992622570977E+000                  3.0010918259736624E-001                  4.3685243099066593E+000                 -8.0749623873832750E+000                  4.4105483484818180E+000                  6.9999999999760398E-001                  2.8000000000239605E-001                  2.0000000000000018E-002                  0.0000000000000000E+000                  4.3128175935717922E+008                  2.1912480840913528E+006                  1.2340766728930161E-027                  0.0000000000000000E+000                  0.0000000000000000E+000                  1.3928474068705137E+001                  2.9440297258888483E+008                  1.6470594766872224E-005                  0.0000000000000000E+000                 -2.3916453589061129E+000                  5.4872907016612038E-001                  7.8728969752595146E-001                  9.3780469535794209E-001 
                                      86                  2.9999992622495979E+000                  3.0008629792651798E-001                  4.3723533170267110E+000                 -8.0630213596207003E+000                  4.4263509556415679E+000                  6.9999999999760398E-001                  2.8000000000239605E-001                  2.0000000000000018E-002                  0.0000000000000000E+000                  4.2859560286802828E+008                  2.2037766951706149E+006                  1.2684817854751104E-027                  0.0000000000000000E+000                  0.0000000000000000E+000                  1.3974575373100773E+001                  2.9793820678581947E+008                  1.6426006797516195E-005                  0.0000000000000000E+000                 -2.3922340008930600E+000                  5.5217063623808105E-001                  7.9073126359791213E-001                  9.4124626142990275E-001 
                                      87                  2.9999992622458476E+000                  3.0007516460697237E-001                  4.3748493888225957E+000                 -8.0553136832506187E+000                  4.4365763937048319E+000                  6.9999999999760398E-001                  2.8000000000239605E-001                  2.0000000000000018E-002                  0.0000000000000000E+000                  4.2700283581119663E+008                  2.2118459822232621E+006                  1.2911972925395761E-027                  0.0000000000000000E+000                  0.0000000000000000E+000                  1.4004759794132685E+001                  2.9966480632243520E+008                  1.6385664587988449E-005                 -3.5954721105667404E-019                 -2.3927679696631454E+000                  5.5379992093620911E-001                  7.9236054829604030E-001                  9.4287554612803093E-001 
                                      88                  2.9999992622420977E+000                  3.0006422630004992E-001                  4.3785123154205401E+000                 -8.0441072636793525E+000                  4.4514783054242208E+000                  6.9999999999760409E-001                  2.8000000000239617E-001                  1.9999999999999796E-002                  0.0000000000000000E+000                  4.2486702346720779E+008                  2.2235634889354925E+006                  1.3249517029922604E-027                  0.0000000000000000E+000                  0.0000000000000000E+000                  1.4049285613449319E+001                  3.0138136007706130E+008                  1.6336448912683784E-005                 -1.8023766133022145E-018                 -2.3934211705123136E+000                  5.5537001408615294E-001                  7.9393064144598413E-001                  9.4444563927797476E-001 
                                      89                  2.9999992622345979E+000                  3.0004290458813609E-001                  4.3832129641583748E+000                 -8.0297368291502256E+000                  4.4705876870696315E+000                  6.9999999999760398E-001                  2.8000000000239605E-001                  2.0000000000000018E-002                  0.0000000000000000E+000                  4.2240785244922650E+008                  2.2384012606568108E+006                  1.3695308241734487E-027                  0.0000000000000000E+000                  0.0000000000000000E+000                  1.4111155294133955E+001                  3.0473878541721833E+008                  1.6217751264023431E-005                 -3.9018967281602415E-018                 -2.3950046823784255E+000                  5.5836636081281954E-001                  7.9692698817265062E-001                  9.4744198600464125E-001 
                                      90                  2.9999992622270977E+000                  3.0002227385956476E-001                  4.3877385800028605E+000                 -8.0159911079008026E+000                  4.4888949621811713E+000                  6.9999999999760409E-001                  2.8000000000239611E-001                  1.9999999999999796E-002                  0.0000000000000000E+000                  4.2031110147890985E+008                  2.2525122999448050E+006                  1.4135748990063831E-027                  0.0000000000000000E+000                  0.0000000000000000E+000                  1.4171995839929425E+001                  3.0798753470083582E+008                  1.6080051421765610E-005                 -4.4837171066157613E-018                 -2.3968562833860303E+000                  5.6119555260061527E-001                  7.9975617996044635E-001                  9.5027117779243697E-001 
                                      91                  2.9999992622195979E+000                  3.0000228307788035E-001                  4.3931854797848739E+000                 -7.9996289907179507E+000                  4.5107483949881679E+000                  6.9999999999760398E-001                  2.8000000000239605E-001                  2.0000000000000018E-002                  0.0000000000000000E+000                  4.1810571938301116E+008                  2.2693135649108058E+006                  1.4678528040456379E-027                  0.0000000000000000E+000                  0.0000000000000000E+000                  1.4242819436056791E+001                  3.1116204425580657E+008                  1.5934844848000132E-005                 -1.9151863370842059E-018                 -2.3988260803714163E+000                  5.6387182877135700E-001                  8.0243245613118819E-001                  9.5294745396317870E-001 
                                      92                  2.9999992622083478E+000                  2.9997340074776752E-001                  4.3983662220100914E+000                 -7.9840354004787439E+000                  4.5315600639664142E+000                  6.9999999999760409E-001                  2.8000000000239617E-001                  1.9999999999999796E-002                  0.0000000000000000E+000                  4.1624867956526697E+008                  2.2851391171381106E+006                  1.5215198269833737E-027                  0.0000000000000000E+000                  0.0000000000000000E+000                  1.4312355093507604E+001                  3.1575374917932242E+008                  1.5712496210428600E-005                  1.9638134849335485E-018                 -2.4018774070249940E+000                  5.6764763159961718E-001                  8.0620825895944837E-001                  9.5672325679143899E-001 
                                      93                  2.9999992622008476E+000                  2.9995482190880424E-001                  4.4023688793261080E+000                 -7.9721056344092265E+000                  4.5475225757037343E+000                  6.9999999999760398E-001                  2.8000000000239605E-001                  2.0000000000000018E-002                  0.0000000000000000E+000                  4.1496233218577641E+008                  2.2973037500548474E+006                  1.5638984986098712E-027                  0.0000000000000000E+000                  0.0000000000000000E+000                  1.4361860458035896E+001                  3.1870954753206927E+008                  1.5567221579977438E-005                  3.8022535297247848E-018                 -2.4038944464506469E+000                  5.7002536753121091E-001                  8.0858599489104199E-001                  9.5910099272303262E-001 
                                      94                  2.9999992621933478E+000                  2.9993674418323996E-001                  4.4062424704925824E+000                 -7.9606089791470520E+000                  4.5629216440230573E+000                  6.9999999999760398E-001                  2.8000000000239605E-001                  2.0000000000000018E-002                  0.0000000000000000E+000                  4.1381843207175201E+008                  2.3090338100214996E+006                  1.6058551584345950E-027                  0.0000000000000000E+000                  0.0000000000000000E+000                  1.4407892199897589E+001                  3.2160614061718321E+008                  1.5430513518700767E-005                  3.6270372141734012E-018                 -2.4058098103116823E+000                  5.7230214688522685E-001                  8.1086277424505793E-001                  9.6137777207704855E-001 
                                      95                  2.9999992621858476E+000                  2.9991913656303398E-001                  4.4099946900295715E+000                 -7.9495147659545484E+000                  4.5777957143887491E+000                  6.9999999999760409E-001                  2.8000000000239617E-001                  1.9999999999999796E-002                  0.0000000000000000E+000                  4.1280040014751709E+008                  2.3203587078992757E+006                  1.6474100521564161E-027                  0.0000000000000000E+000                  0.0000000000000000E+000                  1.4451746500662807E+001                  3.2443544462109232E+008                  1.5298587810965357E-005                  2.9522971908043043E-018                 -2.4076743281928650E+000                  5.7448799928640504E-001                  8.1304862664623612E-001                  9.6356362447822685E-001 
                                      96                  2.9999992621783478E+000                  2.9990197097803800E-001                  4.4136328221969272E+000                 -7.9387957534345688E+000                  4.5921794264058970E+000                  6.9999999999760398E-001                  2.8000000000239605E-001                  2.0000000000000018E-002                  0.0000000000000000E+000                  4.1189340431220609E+008                  2.3313064474033252E+006                  1.6885807232047227E-027                  0.0000000000000000E+000                  0.0000000000000000E+000                  1.4494506504251774E+001                  3.2720088420081562E+008                  1.5168807907077917E-005                  2.1547339511489184E-018                 -2.4095242741986196E+000                  5.7658960447338670E-001                  8.1515023183321778E-001                  9.6566522966520840E-001 
                                      97                  2.9999992621708476E+000                  2.9988522191689304E-001                  4.4171637291768393E+000                 -7.9284276176854540E+000                  4.6061041001786238E+000                  6.9999999999760398E-001                  2.8000000000239605E-001                  2.0000000000000018E-002                  0.0000000000000000E+000                  4.1108400702860981E+008                  2.3419036975153782E+006                  1.7293824310799003E-027                  0.0000000000000000E+000                  0.0000000000000000E+000                  1.4537062145510250E+001                  3.2990582132055974E+008                  1.5039201987745734E-005                  2.2663542145167770E-018                 -2.4113876038639863E+000                  5.7861321935349419E-001                  8.1717384671332527E-001                  9.6768884454531601E-001 
                                      98                  2.9999992621633478E+000                  2.9986886610942715E-001                  4.4205938510226348E+000                 -7.9183885315934370E+000                  4.6195981473762080E+000                  6.9999999999760409E-001                  2.8000000000239617E-001                  1.9999999999999796E-002                  0.0000000000000000E+000                  4.1036005681383556E+008                  2.3521756845577694E+006                  1.7698285090318500E-027                  0.0000000000000000E+000                  0.0000000000000000E+000                  1.4580146255951375E+001                  3.3255352175682992E+008                  1.4908337015190694E-005                  2.7488082718051375E-018                 -2.4132853991120609E+000                  5.8056469406743239E-001                  8.1912532142726346E-001                  9.6964031925925420E-001 
                                      99                  2.9999992621558476E+000                  2.9985288225877521E-001                  4.4255870898910699E+000                 -7.9039320781649449E+000                  4.6390870319623563E+000                  6.9999999999760409E-001                  2.8000000000239611E-001                  1.9999999999999796E-002                  0.0000000000000000E+000                  4.0942701737340498E+008                  2.3670967743829461E+006                  1.8297391685568868E-027                  0.0000000000000000E+000                  0.0000000000000000E+000                  1.4644231050550223E+001                  3.3516227442879307E+008                  1.4776400193396956E-005                  1.8179911134996974E-018                 -2.4152156776445457E+000                  5.8244735008157267E-001                  8.2100797744140375E-001                  9.7152297527339448E-001 
                                     100                  2.9999992621408476E+000                  2.9982195614711660E-001                  4.4313221120586164E+000                 -7.8872629261300675E+000                  4.6615319815828968E+000                  6.9999999999760409E-001                  2.8000000000239611E-001                  1.9999999999999796E-002                  0.0000000000000000E+000                  4.0848551164161158E+008                  2.3841630712340255E+006                  1.9013416007717261E-027                  0.0000000000000000E+000                  0.0000000000000000E+000                  1.4731537591395938E+001                  3.4021625207744706E+008                  1.4501228434439276E-005                  4.4762362082153827E-019                 -2.4192976030307682E+000                  5.8603130257115021E-001                  8.2459192993098129E-001                  9.7510692776297203E-001 
                                     101                  2.9999992621286600E+000                  2.9979777024975357E-001                  4.4361609936013329E+000                 -7.8733128909712127E+000                  4.6803570636216261E+000                  6.9999999999760409E-001                  2.8000000000239611E-001                  1.9999999999999796E-002                  0.0000000000000000E+000                  4.0783041387975919E+008                  2.3985028609419703E+006                  1.9634133080079868E-027                  0.0000000000000000E+000                  0.0000000000000000E+000                  1.4811963013787219E+001                  3.4416201420863140E+008                  1.4264151116936506E-005                  3.8669152375455797E-019                 -2.4228770344079380E+000                  5.8878093815981702E-001                  8.2734156551964821E-001                  9.7785656335163873E-001 
                                     102                  2.9999992621169418E+000                  2.9977524607458095E-001                  4.4398210563227263E+000                 -7.8627829772929809E+000                  4.6945741406802313E+000                  6.9999999999760409E-001                  2.8000000000239611E-001                  1.9999999999999796E-002                  0.0000000000000000E+000                  4.0741282949557865E+008                  2.4093055656812266E+006                  2.0116055558191466E-027                  0.0000000000000000E+000                  0.0000000000000000E+000                  1.4878844783912760E+001                  3.4784893333808082E+008                  1.4027988516659167E-005                  1.1729333368578517E-018                 -2.4265022991523817E+000                  5.9129892516732496E-001                  8.2985955252715604E-001                  9.8037455035914678E-001 
                                     103                  2.9999992621099101E+000                  2.9976205367466574E-001                  4.4438406213172152E+000                 -7.8513775531776631E+000                  4.7100328832300553E+000                  6.9999999999760421E-001                  2.8000000000239611E-001                  1.9999999999999685E-002                  0.0000000000000000E+000                  4.0705665702824563E+008                  2.4211276277814806E+006                  2.0651402321657228E-027                  0.0000000000000000E+000                  0.0000000000000000E+000                  1.4954074463592999E+001                  3.5002700627364141E+008                  1.3883350934769192E-005                  8.6106096897270204E-019                 -2.4287528491870489E+000                  5.9275271299236043E-001                  8.3131334035219162E-001                  9.8182833818418225E-001 
                                     104                  2.9999992620958480E+000                  2.9973634931884857E-001                  4.4481372868889038E+000                 -7.8391498601964917E+000                  4.7265914386218038E+000                  6.9999999999760409E-001                  2.8000000000239611E-001                  1.9999999999999796E-002                  0.0000000000000000E+000                  4.0675967674231058E+008                  2.4336997392738271E+006                  2.1241180526356489E-027                  0.0000000000000000E+000                  0.0000000000000000E+000                  1.5044195785627560E+001                  3.5428861983430392E+008                  1.3587566865329266E-005                 -6.0177733351943460E-019                 -2.4334291528540359E+000                  5.9554544503627871E-001                  8.3410607239610990E-001                  9.8462107022810053E-001 
                                     105                  2.9999992620864728E+000                  2.9971968639062613E-001                  4.4523145288637638E+000                 -7.8274114556390275E+000                  4.7425441804884612E+000                  6.9999999999760409E-001                  2.8000000000239611E-001                  1.9999999999999796E-002                  0.0000000000000000E+000                  4.0659004040746009E+008                  2.4458586984303580E+006                  2.1823199676243347E-027                  0.0000000000000000E+000                  0.0000000000000000E+000                  1.5135607162090249E+001                  3.5705899105599952E+008                  1.3385061841564557E-005                 -1.0192020185133663E-018                 -2.4366898089741165E+000                  5.9732747726024216E-001                  8.3588810462007324E-001                  9.8640310245206397E-001 
                                     106                  2.9999992620724103E+000                  2.9969535507070005E-001                  4.4571463749160971E+000                 -7.8138824136281277E+000                  4.7609488125794552E+000                  6.9999999999760409E-001                  2.8000000000239611E-001                  1.9999999999999796E-002                  0.0000000000000000E+000                  4.0652133710687137E+008                  2.4598291355152242E+006                  2.2513813935950972E-027                  0.0000000000000000E+000                  0.0000000000000000E+000                  1.5250545675279902E+001                  3.6113548939760774E+008                  1.3076174143662699E-005                 -3.4409629245745810E-019                 -2.4417596521397402E+000                  5.9988768445610230E-001                  8.3844831181593338E-001                  9.8896330964792400E-001 
                                     107                  2.9999992620583478E+000                  2.9967176612625313E-001                  4.4625800247773624E+000                 -7.7988349131125618E+000                  4.7814836187909036E+000                  6.9999999999760409E-001                  2.8000000000239611E-001                  1.9999999999999796E-002                  0.0000000000000000E+000                  4.0663283907699376E+008                  2.4754090839589601E+006                  2.3307644578628106E-027                  0.0000000000000000E+000                  0.0000000000000000E+000                  1.5387627910282697E+001                  3.6510929309455842E+008                  1.2762095759006145E-005                  0.0000000000000000E+000                 -2.4470390005098483E+000                  6.0232358137461417E-001                  8.4088420873444525E-001                  9.9139920656643599E-001 
                                     108                  2.9999992620395983E+000                  2.9964137962437659E-001                  4.4670428716571902E+000                 -7.7864769139809100E+000                  4.7983483248999166E+000                  6.9999999999760409E-001                  2.8000000000239611E-001                  1.9999999999999796E-002                  0.0000000000000000E+000                  4.0685965213903350E+008                  2.4880810340273581E+006                  2.3980481511928057E-027                  0.0000000000000000E+000                  0.0000000000000000E+000                  1.5510576638092422E+001                  3.7023756790931857E+008                  1.2338296582532292E-005                  0.0000000000000000E+000                 -2.4543723972936640E+000                  6.0539834448145668E-001                  8.4395897184128776E-001                  9.9447396967327839E-001 
                                     109                  2.9999992620302232E+000                  2.9962661030622045E-001                  4.4699493906753878E+000                 -7.7785234485623338E+000                  4.8092397432411618E+000                  6.9999999999760409E-001                  2.8000000000239611E-001                  1.9999999999999796E-002                  0.0000000000000000E+000                  4.0709630165169138E+008                  2.4962675129092606E+006                  2.4423750225381861E-027                  0.0000000000000000E+000                  0.0000000000000000E+000                  1.5592295946153147E+001                  3.7273879014732814E+008                  1.2124878768093129E-005                  0.0000000000000000E+000                 -2.4581612975220821E+000                  6.0686492432653971E-001                  8.4542555168637079E-001                  9.9594054951836142E-001 
                                     110                  2.9999992620208484E+000                  2.9961210753858153E-001                  4.4727952391006625E+000                 -7.7707749648393696E+000                  4.8198660931840092E+000                  6.9999999999760409E-001                  2.8000000000239611E-001                  1.9999999999999796E-002                  0.0000000000000000E+000                  4.0739350249495828E+008                  2.5042254241740610E+006                  2.4863473584524164E-027                  0.0000000000000000E+000                  0.0000000000000000E+000                  1.5674651689758125E+001                  3.7521723610398799E+008                  1.1911534561339214E-005                  0.0000000000000000E+000                 -2.4620161424076250E+000                  6.0828384111030487E-001                  8.4684446847013595E-001                  9.9735946630212668E-001 
                                     111                  2.9999992620114737E+000                  2.9959785981336112E-001                  4.4755832235283757E+000                 -7.7632216805611973E+000                  4.8302399797563096E+000                  6.9999999999760409E-001                  2.8000000000239611E-001                  1.9999999999999796E-002                  0.0000000000000000E+000                  4.0775041394367832E+008                  2.5119615575718475E+006                  2.5299738892511286E-027                  0.0000000000000000E+000                  0.0000000000000000E+000                  1.5757522815531724E+001                  3.7766162078833997E+008                  1.1697894658564332E-005                  0.0000000000000000E+000                 -2.4659461469236117E+000                  6.0965898738238822E-001                  8.4821961474221941E-001                  9.9873461257421003E-001 
                                     112                  2.9999992620020990E+000                  2.9958385637696078E-001                  4.4796757831957583E+000                 -7.7522536483281632E+000                  4.8453524002132244E+000                  6.9999999999760409E-001                  2.8000000000239611E-001                  1.9999999999999796E-002                  0.0000000000000000E+000                  4.0840799841370934E+008                  2.5232019478830090E+006                  2.5946899472139635E-027                  0.0000000000000000E+000                  0.0000000000000000E+000                  1.5881306361866674E+001                  3.8008422743342531E+008                  1.1484228122936474E-005                  0.0000000000000000E+000                 -2.4699490946277991E+000                  6.1098956174246555E-001                  8.4955018910229674E-001                  1.0000651869342874E+000 
                                     113                  2.9999992619833487E+000                  2.9955654405898907E-001                  4.4855868603447391E+000                 -7.7365121288100918E+000                  4.8670838745995306E+000                  6.9999999999760409E-001                  2.8000000000239611E-001                  1.9999999999999796E-002                  0.0000000000000000E+000                  4.0963060561114699E+008                  2.5391582912934665E+006                  2.6904754038075640E-027                  0.0000000000000000E+000                  0.0000000000000000E+000                  1.6070684133159855E+001                  3.8484558740032309E+008                  1.1055469974727133E-005                  0.0000000000000000E+000                 -2.4782113952856366E+000                  6.1352750869076389E-001                  8.5208813605059508E-001                  1.0026031338825858E+000 
                                     114                  2.9999992619599114E+000                  2.9952361211110162E-001                  4.4912427889868276E+000                 -7.7215463068546457E+000                  4.8877856916409437E+000                  6.9999999999760409E-001                  2.8000000000239611E-001                  1.9999999999999796E-002                  0.0000000000000000E+000                  4.1114698661369503E+008                  2.5540546611921396E+006                  2.7848180133216468E-027                  0.0000000000000000E+000                  0.0000000000000000E+000                  1.6265299493845816E+001                  3.9059720275074285E+008                  1.0513219827921500E-005                  0.0000000000000000E+000                 -2.4891321272692291E+000                  6.1649246386829681E-001                  8.5505309122812800E-001                  1.0055680890601186E+000 
                                     115                  2.9999992619411611E+000                  2.9949815382456485E-001                  4.4960960755167383E+000                 -7.7088628294875843E+000                  4.9053978326786956E+000                  6.9999999999760409E-001                  2.8000000000239611E-001                  1.9999999999999796E-002                  0.0000000000000000E+000                  4.1277679373272073E+008                  2.5664934063252895E+006                  2.8673584936655877E-027                  0.0000000000000000E+000                  0.0000000000000000E+000                  1.6440678509986125E+001                  3.9507252753324622E+008                  1.0072108589586783E-005                  0.0000000000000000E+000                 -2.4984398003259849E+000                  6.1870142392381056E-001                  8.5726205128364164E-001                  1.0077770491156322E+000 
                                     116                  2.9999992619224112E+000                  2.9947342400343840E-001                  4.5013752756589032E+000                 -7.6952315743748008E+000                  4.9243977920141191E+000                  6.9999999999760409E-001                  2.8000000000239611E-001                  1.9999999999999796E-002                  0.0000000000000000E+000                  4.1493597935966587E+008                  2.5796052452105535E+006                  2.9587965358435209E-027                  0.0000000000000000E+000                  0.0000000000000000E+000                  1.6641138455464546E+001                  3.9947050716507292E+008                  9.6223627701828717E-006                  0.0000000000000000E+000                 -2.5083591369510483E+000                  6.2076484684032562E-001                  8.5932547420015670E-001                  1.0098404720321472E+000 
                                     117                  2.9999992618989739E+000                  2.9944346124647603E-001                  4.5064582652996874E+000                 -7.6821981632221439E+000                  4.9426061666841496E+000                  6.9999999999760409E-001                  2.8000000000239611E-001                  1.9999999999999796E-002                  0.0000000000000000E+000                  4.1743060537506062E+008                  2.5917569013088825E+006                  3.0489500597467256E-027                  0.0000000000000000E+000                  0.0000000000000000E+000                  1.6846306932245206E+001                  4.0483527826712668E+008                  9.0481786703185360E-006                  0.0000000000000000E+000                 -2.5217194160899687E+000                  6.2315799591619236E-001                  8.6171862327602344E-001                  1.0122336211080141E+000 
                                     118                  2.9999992618802236E+000                  2.9942019543575499E-001                  4.5108404632437935E+000                 -7.6710953092386829E+000                  4.9581776624621812E+000                  6.9999999999760409E-001                  2.8000000000239611E-001                  1.9999999999999796E-002                  0.0000000000000000E+000                  4.1997649816597623E+008                  2.6018077333199540E+006                  3.1279133819175160E-027                  0.0000000000000000E+000                  0.0000000000000000E+000                  1.7029287085967436E+001                  4.0902943979580826E+008                  8.5798887465710394E-006                  0.0000000000000000E+000                 -2.5332591717553408E+000                  6.2492847586174938E-001                  8.6348910322158057E-001                  1.0140041010535712E+000 
                                     119                  2.9999992618614737E+000                  2.9939751328364372E-001                  4.5161558418742738E+000                 -7.6578113483720855E+000                  4.9768921417613559E+000                  6.9999999999760421E-001                  2.8000000000239611E-001                  1.9999999999999685E-002                  0.0000000000000000E+000                  4.2363007227501816E+008                  2.6133992625221065E+006                  3.2250805304948982E-027                  0.0000000000000000E+000                  0.0000000000000000E+000                  1.7256355380734924E+001                  4.1317079296881694E+008                  8.1039556095537817E-006                  0.0000000000000000E+000                 -2.5456514732722244E+000                  6.2656406877235471E-001                  8.6512469613218590E-001                  1.0156396939641765E+000 
                                     120                  2.9999992618333486E+000                  2.9936450863707581E-001                  4.5212672285350743E+000                 -7.6450941662503871E+000                  4.9948387314208498E+000                  6.9999999999760409E-001                  2.8000000000239611E-001                  1.9999999999999796E-002                  0.0000000000000000E+000                  4.2776879174862087E+008                  2.6238521065896591E+006                  3.3209288941615730E-027                  0.0000000000000000E+000                  0.0000000000000000E+000                  1.7483044016699278E+001                  4.1923305477749294E+008                  7.3813179666550895E-006                  0.0000000000000000E+000                 -2.5659330430355243E+000                  6.2879536477697662E-001                  8.6735599213680770E-001                  1.0178709899687983E+000 
                                     121                  2.9999992618145987E+000                  2.9934313648720351E-001                  4.5252440455691891E+000                 -7.6353268455609689E+000                  5.0086831404163465E+000                  6.9999999999760409E-001                  2.8000000000239611E-001                  1.9999999999999796E-002                  0.0000000000000000E+000                  4.3148880144925457E+008                  2.6314668089009719E+006                  3.3964742176839779E-027                  0.0000000000000000E+000                  0.0000000000000000E+000                  1.7660385735909742E+001                  4.2318146864834160E+008                  6.8946404849995039E-006                  0.0000000000000000E+000                 -2.5807441874019030E+000                  6.3013906999727576E-001                  8.6869969735710684E-001                  1.0192146951890975E+000 
                                     122                  2.9999992617958484E+000                  2.9932223658285761E-001                  4.5291187840679354E+000                 -7.6258869446433994E+000                  5.0221023617911094E+000                  6.9999999999760409E-001                  2.8000000000239611E-001                  1.9999999999999796E-002                  0.0000000000000000E+000                  4.3558354518859184E+008                  2.6384234969434617E+006                  3.4711198999849874E-027                  0.0000000000000000E+000                  0.0000000000000000E+000                  1.7834818001327260E+001                  4.2708224778414088E+008                  6.4033630245502649E-006                  0.0000000000000000E+000                 -2.5967959380548211E+000                  6.3136246922192008E-001                  8.6992309658175115E-001                  1.0204380944137419E+000 
                                     123                  2.9999992617770990E+000                  2.9930178313972861E-001                  4.5328967727982574E+000                 -7.6167546679696008E+000                  5.0351217577884961E+000                  6.9999999999760409E-001                  2.8000000000239611E-001                  1.9999999999999796E-002                  0.0000000000000000E+000                  4.4007242459400028E+008                  2.6447437437949376E+006                  3.5448940000096909E-027                  0.0000000000000000E+000                  0.0000000000000000E+000                  1.8008719419794296E+001                  4.3092573878134716E+008                  5.9054064402319463E-006                  0.0000000000000000E+000                 -2.6143751033287472E+000                  6.3247570597981317E-001                  8.7103633333964436E-001                  1.0215513311716349E+000 
                                     124                  2.9999992617583486E+000                  2.9928175249736166E-001                  4.5384150237411536E+000                 -7.6036201505181671E+000                  5.0539504613666244E+000                  6.9999999999760409E-001                  2.8000000000239611E-001                  1.9999999999999796E-002                  0.0000000000000000E+000                  4.4763152031004941E+008                  2.6531006870124107E+006                  3.6537577865725884E-027                  0.0000000000000000E+000                  0.0000000000000000E+000                  1.8272270429136814E+001                  4.3473645813945258E+008                  5.3928556401549152E-006                  0.0000000000000000E+000                 -2.6340906025319106E+000                  6.3347216374313420E-001                  8.7203279110296528E-001                  1.0225477889349559E+000 
                                     125                  2.9999992617208489E+000                  2.9924287675334038E-001                  4.5454557467016521E+000                 -7.5870028596684520E+000                  5.0778575097791858E+000                  6.9999999999760409E-001                  2.8000000000239611E-001                  1.9999999999999796E-002                  0.0000000000000000E+000                  4.5916456968728822E+008                  2.6621755028393618E+006                  3.7962918875951532E-027                  0.0000000000000000E+000                  0.0000000000000000E+000                  1.8646406879836796E+001                  4.4220889624550098E+008                  4.3153777543964078E-006                  0.0000000000000000E+000                 -2.6824905907659073E+000                  6.3516608974772015E-001                  8.7372671710755123E-001                  1.0242417149395420E+000 
                                     126                  2.9999992616833486E+000                  2.9920545054110526E-001                  4.5505277789110146E+000                 -7.5751653647786208E+000                  5.0949677084354938E+000                  6.9999999999760409E-001                  2.8000000000239611E-001                  1.9999999999999796E-002                  0.0000000000000000E+000                  4.6898495035214359E+008                  2.6676334862275072E+006                  3.9012065051982413E-027                  0.0000000000000000E+000                  0.0000000000000000E+000                  1.8951452559660126E+001                  4.4943454959690613E+008                  3.1683484168486056E-006                  0.0000000000000000E+000                 -2.7495835329865819E+000                  6.3653754579139965E-001                  8.7509817315123073E-001                  1.0256131709832212E+000 
                                     127                  2.9999992616645987E+000                  2.9918723710670403E-001                  4.5554826249955696E+000                 -7.5638776450207121E+000                  5.1114319885678290E+000                  6.9999999999760409E-001                  2.8000000000239611E-001                  1.9999999999999796E-002                  0.0000000000000000E+000                  4.8002117587312692E+008                  2.6721309322935408E+006                  4.0039481527310826E-027                  0.0000000000000000E+000                  0.0000000000000000E+000                  1.9276810302469254E+001                  4.5301359790788972E+008                  2.5566970214972766E-006                  0.0000000000000000E+000                 -2.7961603672516038E+000                  6.3709604435603451E-001                  8.7565667171586570E-001                  1.0261716695478562E+000 
                                     128                  2.9999992616270985E+000                  2.9915173822357355E-001                  4.5610722116763567E+000                 -7.5512874785425543E+000                  5.1298891176992036E+000                  6.9999999999760409E-001                  2.8000000000239611E-001                  1.9999999999999796E-002                  0.0000000000000000E+000                  4.9430205453800178E+008                  2.6762834014954614E+006                  4.1217403594459754E-027                  0.0000000000000000E+000                  0.0000000000000000E+000                  1.9676752596756383E+001                  4.6010621607838207E+008                  1.2756783992230509E-006                  0.0000000000000000E+000                 -2.9471293991110259E+000                  6.3800460260716374E-001                  8.7656522996699482E-001                  1.0270802277989854E+000 
                                     129                  2.9999992615989739E+000                  2.9912586933092683E-001                  4.5657373528090002E+000                 -7.5409894537141797E+000                  5.1451118068313448E+000                  6.9999999999760409E-001                  2.8000000000239611E-001                  1.9999999999999796E-002                  0.0000000000000000E+000                  5.0786599149594736E+008                  2.6790734555680598E+006                  4.2206596168172660E-027                  0.0000000000000000E+000                  0.0000000000000000E+000                  2.0025512038457855E+001                  4.6533750695075935E+008                  2.9163419570160374E-007                  0.0000000000000000E+000                 -3.2675807769846501E+000                  6.3854567669811424E-001                  8.7710630405794543E-001                  1.0276213018899358E+000 
                                     130                  2.9999992615708493E+000                  2.9910060216584389E-001                  4.5702880429050303E+000                 -7.5311095669615069E+000                  5.1598223031415289E+000                  6.9999999999760409E-001                  2.8000000000239611E-001                  1.9999999999999796E-002                  0.0000000000000000E+000                  5.2259834802797192E+008                  2.6813546705542281E+006                  4.3177932192339238E-027                  0.0000000000000000E+000                  0.0000000000000000E+000                  2.0372252713791884E+001                  4.7053634788278329E+008                 -6.9832945266473457E-007                  0.0000000000000000E+000                 -9.8999999999999986E+001                  6.3898200555141682E-001                  8.7754263291124801E-001                  1.0280576307432385E+000 
                                     131                  2.9999992615427242E+000                  2.9907589905844600E-001                  4.5747291538912673E+000                 -7.5216200624711966E+000                  5.1740539898846816E+000                  6.9999999999760409E-001                  2.8000000000239611E-001                  1.9999999999999796E-002                  0.0000000000000000E+000                  5.3845705596601498E+008                  2.6833123880305276E+006                  4.4131930124579121E-027                  0.0000000000000000E+000                  0.0000000000000000E+000                  2.0710122793643045E+001                  4.7569474641093820E+008                 -1.6740249426585756E-006                  0.0000000000000000E+000                 -9.8999999999999986E+001                  6.3935000539264575E-001                  8.7791063275247683E-001                  1.0284256305844675E+000 
                                     132                  2.9999992615145996E+000                  2.9905172578879530E-001                  4.5812145704273002E+000                 -7.5080879636495705E+000                  5.1945679987271216E+000                  6.9999999999760409E-001                  2.8000000000239611E-001                  1.9999999999999796E-002                  0.0000000000000000E+000                  5.6438412556142890E+008                  2.6860068376540239E+006                  4.5528914923638513E-027                  0.0000000000000000E+000                  0.0000000000000000E+000                  2.1188197849681558E+001                  4.8084736531030601E+008                 -2.6181379842086235E-006                  0.0000000000000000E+000                 -9.8999999999999986E+001                  6.3967797734762988E-001                  8.7823860470746096E-001                  1.0287536025394515E+000 
                                     133                  2.9999992614583495E+000                  2.9900485094168400E-001                  4.5881080351513583E+000                 -7.4938600380702622E+000                  5.2162886727370950E+000                  6.9999999999760409E-001                  2.8000000000239611E-001                  1.9999999999999796E-002                  0.0000000000000000E+000                  5.9533902312105060E+008                  2.6891954352279971E+006                  4.7045453640837838E-027                  0.0000000000000000E+000                  0.0000000000000000E+000                  2.1683454669196742E+001                  4.9099451090218019E+008                 -4.3898373813401801E-006                  0.0000000000000000E+000                 -9.8999999999999986E+001                  6.4032461331874035E-001                  8.7888524067857132E-001                  1.0294002385105618E+000 
                                     134                  2.9999992614208493E+000                  2.9897460017617483E-001                  4.5934404460095033E+000                 -7.4830851211463889E+000                  5.2329200038835699E+000                  6.9999999999760409E-001                  2.8000000000239611E-001                  1.9999999999999796E-002                  0.0000000000000000E+000                  6.2136602466734684E+008                  2.6922830450188252E+006                  4.8227466522452583E-027                  0.0000000000000000E+000                  0.0000000000000000E+000                  2.2050100217585047E+001                  4.9763799440900129E+008                 -5.4738942302852653E-006                  0.0000000000000000E+000                 -9.8999999999999986E+001                  6.4081013821042121E-001                  8.7937076557025229E-001                  1.0298857634022429E+000 
                                     135                  2.9999992613833495E+000                  2.9894508461113339E-001                  4.5986049690856818E+000                 -7.4727872876399264E+000                  5.2489421338779136E+000                  6.9999999999760409E-001                  2.8000000000239611E-001                  1.9999999999999796E-002                  0.0000000000000000E+000                  6.4794152831875348E+008                  2.6961297343258578E+006                  4.9384890066817895E-027                  0.0000000000000000E+000                  0.0000000000000000E+000                  2.2392134161504778E+001                  5.0424549164488542E+008                 -6.4609719439864715E-006                  0.0000000000000000E+000                 -9.8999999999999986E+001                  6.4139890329388916E-001                  8.7995953065372023E-001                  1.0304745284857109E+000 
                                     136                  2.9999992613458497E+000                  2.9891625486711809E-001                  4.6036077484569473E+000                 -7.4629279685614058E+000                  5.2643981725341131E+000                  6.9999999999760409E-001                  2.8000000000239611E-001                  1.9999999999999796E-002                  0.0000000000000000E+000                  6.7464683357896924E+008                  2.7009458009350528E+006                  5.0519048601404807E-027                  0.0000000000000000E+000                  0.0000000000000000E+000                  2.2709827855097139E+001                  5.1078988468241167E+008                 -7.3457341649179581E-006                  0.0000000000000000E+000                 -9.8999999999999986E+001                  6.4212537190074648E-001                  8.8068599926057756E-001                  1.0312009970925680E+000 
                                     137                  2.9999992613083495E+000                  2.9888806668984530E-001                  4.6084545742390377E+000                 -7.4534703976051260E+000                  5.2793268091811543E+000                  6.9999999999760409E-001                  2.8000000000239611E-001                  1.9999999999999796E-002                  0.0000000000000000E+000                  7.0085833415843678E+008                  2.7068188081087782E+006                  5.1631463350290332E-027                  0.0000000000000000E+000                  0.0000000000000000E+000                  2.3001908131940976E+001                  5.1727016048285902E+008                 -8.1211195412516845E-006                  0.0000000000000000E+000                 -9.8999999999999986E+001                  6.4301284299437922E-001                  8.8157347035421030E-001                  1.0320884681862008E+000 
                                     138                  2.9999992612708497E+000                  2.9886048041335112E-001                  4.6131507141429147E+000                 -7.4443801818469613E+000                  5.2937628970944512E+000                  6.9999999999760409E-001                  2.8000000000239611E-001                  1.9999999999999796E-002                  0.0000000000000000E+000                  7.2591288929824352E+008                  2.7137690657262243E+006                  5.2723751121478191E-027                  0.0000000000000000E+000                  0.0000000000000000E+000                  2.3266813383961129E+001                  5.2368305446464610E+008                 -8.7818377493264592E-006                  0.0000000000000000E+000                 -9.8999999999999986E+001                  6.4406903925581005E-001                  8.8262966661564124E-001                  1.0331446644476319E+000 
                                     139                  2.9999992612333495E+000                  2.9883346044857939E-001                  4.6177010019467906E+000                 -7.4356261650629785E+000                  5.3077379444142352E+000                  6.9999999999760409E-001                  2.8000000000239611E-001                  1.9999999999999796E-002                  0.0000000000000000E+000                  7.4926049518102717E+008                  2.7218035411319602E+006                  5.3797479017103581E-027                  0.0000000000000000E+000                  0.0000000000000000E+000                  2.3503650686111907E+001                  5.3002443208699721E+008                 -9.3245229512825407E-006                  0.0000000000000000E+000                 -9.8999999999999986E+001                  6.4529497130543267E-001                  8.8385559866526375E-001                  1.0343705964972545E+000 
                                     140                  2.9999992611958493E+000                  2.9880697477513396E-001                  4.6221099931184941E+000                 -7.4271801033386362E+000                  5.3212805289603118E+000                  6.9999999999760409E-001                  2.8000000000239611E-001                  1.9999999999999796E-002                  0.0000000000000000E+000                  7.7045450218171489E+008                  2.7309156092033889E+006                  5.4854157878643101E-027                  0.0000000000000000E+000                  0.0000000000000000E+000                  2.3712142439587350E+001                  5.3629011779225916E+008                 -9.7478345658323623E-006                  0.0000000000000000E+000                 -9.8999999999999986E+001                  6.4668928501610490E-001                  8.8524991237593598E-001                  1.0357649102079265E+000 
                                     141                  2.9999992611583495E+000                  2.9878099450530177E-001                  4.6263820842967700E+000                 -7.4190147825819732E+000                  5.3344166506764186E+000                  6.9999999999760409E-001                  2.8000000000239611E-001                  1.9999999999999796E-002                  0.0000000000000000E+000                  7.8916425286037958E+008                  2.7410501055931044E+006                  5.5895442799936251E-027                  0.0000000000000000E+000                  0.0000000000000000E+000                  2.3892627621443424E+001                  5.4247498564618862E+008                 -1.0053609301926200E-005                  0.0000000000000000E+000                 -9.8999999999999986E+001                  6.4824550354764643E-001                  8.8680613090747751E-001                  1.0373211287394681E+000 
                                     142                  2.9999992611208497E+000                  2.9875549360235543E-001                  4.6300064767566873E+000                 -7.4120733402956223E+000                  5.3455961911807037E+000                  6.9999999999760409E-001                  2.8000000000239611E-001                  1.9999999999999796E-002                  0.0000000000000000E+000                  8.0329012809408748E+008                  2.7506666827048413E+006                  5.6796183486349611E-027                  0.0000000000000000E+000                  0.0000000000000000E+000                  2.4028720637911370E+001                  5.4856365628347516E+008                 -1.0251261022294515E-005                  0.0000000000000000E+000                 -9.8999999999999986E+001                  6.4994439775974411E-001                  8.8850502511957508E-001                  1.0390200229515658E+000 
                                     143                  2.9999992610927246E+000                  2.9873666830395257E-001                  4.6330388426183209E+000                 -7.4062726415628637E+000                  5.3549564136074119E+000                  6.9999999999760409E-001                  2.8000000000239611E-001                  1.9999999999999796E-002                  0.0000000000000000E+000                  8.1368733229620671E+008                  2.7594368006552830E+006                  5.7560022535701155E-027                  0.0000000000000000E+000                  0.0000000000000000E+000                  2.4128439812422240E+001                  5.5306908420608222E+008                 -1.0330295808068127E-005                  0.0000000000000000E+000                 -9.8999999999999986E+001                  6.5130621741209993E-001                  8.8986684477193101E-001                  1.0403818426039215E+000 
                                     144                  2.9999992610646000E+000                  2.9871809037596242E-001                  4.6374732076986396E+000                 -7.3978234611671745E+000                  5.3686313286097453E+000                  6.9999999999760409E-001                  2.8000000000239611E-001                  1.9999999999999796E-002                  0.0000000000000000E+000                  8.2623996458989286E+008                  2.7734604416422620E+006                  5.8691033278834168E-027                  0.0000000000000000E+000                  0.0000000000000000E+000                  2.4247671565196960E+001                  5.5754262311940658E+008                 -1.0342735859956550E-005                  0.0000000000000000E+000                 -9.8999999999999986E+001                  6.5275056962924038E-001                  8.9131119698907135E-001                  1.0418261948210621E+000 
                                     145                  2.9999992610083499E+000                  2.9868164347330772E-001                  4.6440552457643900E+000                 -7.3851479264707844E+000                  5.3890895175159415E+000                  6.9999999999760409E-001                  2.8000000000239611E-001                  1.9999999999999796E-002                  0.0000000000000000E+000                  8.3811797508015406E+008                  2.7968999625421301E+006                  6.0429604223429690E-027                  0.0000000000000000E+000                  0.0000000000000000E+000                  2.4370630914961680E+001                  5.6632745890967393E+008                 -1.0205600960237492E-005                  0.0000000000000000E+000                 -9.8999999999999986E+001                  6.5582363672478261E-001                  8.9438426408461369E-001                  1.0448992619166042E+000 
                                     146                  2.9999992609333499E+000                  2.9863443180842009E-001                  4.6511272707056683E+000                 -7.3712531650160527E+000                  5.4113573302122813E+000                  6.9999999999760409E-001                  2.8000000000239611E-001                  1.9999999999999796E-002                  0.0000000000000000E+000                  8.4160318857027781E+008                  2.8255031665926143E+006                  6.2394635079482863E-027                  0.0000000000000000E+000                  0.0000000000000000E+000                  2.4424680487955445E+001                  5.7759202861377537E+008                 -9.7731247879768669E-006                  0.0000000000000000E+000                 -9.8999999999999986E+001                  6.6017068016462699E-001                  8.9873130752445807E-001                  1.0492463053564487E+000 
                                     147                  2.9999992608583503E+000                  2.9858869203787652E-001                  4.6561223626006516E+000                 -7.3611670539001191E+000                  5.4273461537529748E+000                  6.9999999999760409E-001                  2.8000000000239611E-001                  1.9999999999999796E-002                  0.0000000000000000E+000                  8.3852282953545499E+008                  2.8477481897419365E+006                  6.3860950015502103E-027                  0.0000000000000000E+000                  0.0000000000000000E+000                  2.4414692581293380E+001                  5.8830618821683669E+008                 -9.1318648329664757E-006                  0.0000000000000000E+000                 -9.8999999999999986E+001                  6.6469372152958706E-001                  9.0325434888941813E-001                  1.0537693467214087E+000 
                                     148                  2.9999992608208497E+000                  2.9856634191006270E-001                  4.6601473150898123E+000                 -7.3530261806804358E+000                  5.4402373504933630E+000                  6.9999999999760409E-001                  2.8000000000239611E-001                  1.9999999999999796E-002                  0.0000000000000000E+000                  8.3290495529451287E+008                  2.8668829359255666E+006                  6.5069563209441573E-027                  0.0000000000000000E+000                  0.0000000000000000E+000                  2.4371887588674106E+001                  5.9349206140315878E+008                 -8.7390831726760190E-006                  0.0000000000000000E+000                 -9.8999999999999986E+001                  6.6701405699733640E-001                  9.0557468435716759E-001                  1.0560896821891581E+000 
                                     149                  2.9999992607646000E+000                  2.9853343301620544E-001                  4.6647654354159558E+000                 -7.3434688491537061E+000                  5.4552225428894587E+000                  6.9999999999760409E-001                  2.8000000000239611E-001                  1.9999999999999796E-002                  0.0000000000000000E+000                  8.2317740846653712E+008                  2.8900843216703758E+006                  6.6517692005667012E-027                  0.0000000000000000E+000                  0.0000000000000000E+000                  2.4298252700267884E+001                  6.0106838773689926E+008                 -8.0830421515875525E-006                  0.0000000000000000E+000                 -9.8999999999999986E+001                  6.7054345687452499E-001                  9.0910408423435607E-001                  1.0596190820663467E+000 
                                     150                  2.9999992607083499E+000                  2.9850123318341010E-001                  4.6699128373978533E+000                 -7.3326315382636134E+000                  5.4720807159365537E+000                  6.9999999999760409E-001                  2.8000000000239611E-001                  1.9999999999999796E-002                  0.0000000000000000E+000                  8.0886187651977932E+008                  2.9174396295275446E+006                  6.8198797748069103E-027                  0.0000000000000000E+000                  0.0000000000000000E+000                  2.4184946514544269E+001                  6.0836268590496695E+008                 -7.3897876100129322E-006                  0.0000000000000000E+000                 -9.8999999999999986E+001                  6.7408057035755420E-001                  9.1264119771738539E-001                  1.0631561955493760E+000 
                                     151                  2.9999992606333499E+000                  2.9845934744559000E-001                  4.6754688831914981E+000                 -7.3205779705479195E+000                  5.4905854545689872E+000                  6.9999999999760409E-001                  2.8000000000239611E-001                  1.9999999999999796E-002                  0.0000000000000000E+000                  7.9019211460009551E+008                  2.9485727897369484E+006                  7.0118530546518805E-027                  0.0000000000000000E+000                  0.0000000000000000E+000                  2.4038721813666285E+001                  6.1766712897983456E+008                 -6.4440555608199817E-006                  0.0000000000000000E+000                 -9.8999999999999986E+001                  6.7876676112141099E-001                  9.1732738848124218E-001                  1.0678423863132327E+000 
                                     152                  2.9999992605583503E+000                  2.9841859660634901E-001                  4.6807236700376196E+000                 -7.3088746834364544E+000                  5.5083403752883378E+000                  6.9999999999760409E-001                  2.8000000000239611E-001                  1.9999999999999796E-002                  0.0000000000000000E+000                  7.7036187050959861E+008                  2.9794252579394542E+006                  7.2034172792255595E-027                  0.0000000000000000E+000                  0.0000000000000000E+000                  2.3879100820982099E+001                  6.2649694994784272E+008                 -5.5096787607513063E-006                  0.0000000000000000E+000                 -9.8999999999999986E+001                  6.8337258578688642E-001                  9.2193321314671750E-001                  1.0724482109787081E+000 
                                     153                  2.9999992604833499E+000                  2.9837891822802487E-001                  4.6850845752205386E+000                 -7.2988872273935863E+000                  5.5233073257290535E+000                  6.9999999999760409E-001                  2.8000000000239611E-001                  1.9999999999999796E-002                  0.0000000000000000E+000                  7.5287869960018516E+008                  3.0059480761073818E+006                  7.3710298896028571E-027                  0.0000000000000000E+000                  0.0000000000000000E+000                  2.3730671445340807E+001                  6.3488417366343522E+008                 -4.6023250667691830E-006                  0.0000000000000000E+000                 -9.8999999999999986E+001                  6.8787029497688335E-001                  9.2643092233671442E-001                  1.0769459201687051E+000 
                                     154                  2.9999992604271002E+000                  2.9834982908859997E-001                  4.6886767200423334E+000                 -7.2905282426759843E+000                  5.5357412751502730E+000                  6.9999999999760409E-001                  2.8000000000239611E-001                  1.9999999999999796E-002                  0.0000000000000000E+000                  7.3805778815358925E+008                  3.0283544192223423E+006                  7.5143076075823994E-027                  0.0000000000000000E+000                  0.0000000000000000E+000                  2.3592364295456985E+001                  6.4091037289972651E+008                 -3.9424658258970434E-006                  0.0000000000000000E+000                 -9.8999999999999986E+001                  6.9116037862449886E-001                  9.2972100598432983E-001                  1.0802360038163206E+000 
                                     155                  2.9999992603708501E+000                  2.9832128880181824E-001                  4.6921341290713405E+000                 -7.2823346994849887E+000                  5.5478322578143535E+000                  6.9999999999760409E-001                  2.8000000000239611E-001                  1.9999999999999796E-002                  0.0000000000000000E+000                  7.2362451968644488E+008                  3.0503237918924214E+006                  7.6574524068722871E-027                  0.0000000000000000E+000                  0.0000000000000000E+000                  2.3445836767603129E+001                  6.4673265415284359E+008                 -3.3012481224650377E-006                  0.0000000000000000E+000                 -9.8999999999999986E+001                  6.9437099526086576E-001                  9.3293162262069695E-001                  1.0834466204526876E+000 
                                     156                  2.9999992603146000E+000                  2.9829327644701348E-001                  4.6954645666422961E+000                 -7.2742993164929883E+000                  5.5595987137137381E+000                  6.9999999999760409E-001                  2.8000000000239611E-001                  1.9999999999999796E-002                  0.0000000000000000E+000                  7.0972546497127712E+008                  3.0718059970469549E+006                  7.8004824593036839E-027                  0.0000000000000000E+000                  0.0000000000000000E+000                  2.3291293315449906E+001                  6.5235129881930768E+008                 -2.6828250421867741E-006                  0.0000000000000000E+000                 -9.8999999999999986E+001                  6.9749238639210931E-001                  9.3605301375194050E-001                  1.0865680115839311E+000 
                                     157                  2.9999992602583498E+000                  2.9826577234246116E-001                  4.7002707682256988E+000                 -7.2625721548377076E+000                  5.5766756730376681E+000                  6.9999999999760409E-001                  2.8000000000239611E-001                  1.9999999999999796E-002                  0.0000000000000000E+000                  6.8998426544091582E+008                  3.1032993894153964E+006                  8.0140352224157283E-027                  0.0000000000000000E+000                  0.0000000000000000E+000                  2.3036911834452564E+001                  6.5779974955049348E+008                 -2.0842478328440452E-006                  0.0000000000000000E+000                 -9.8999999999999986E+001                  7.0052279470199241E-001                  9.3908342206182360E-001                  1.0895984198938142E+000 
                                     158                  2.9999992601458501E+000                  2.9821221464038150E-001                  4.7062480177428343E+000                 -7.2473656617158797E+000                  5.5984585896511732E+000                  6.9999999999760409E-001                  2.8000000000239611E-001                  1.9999999999999796E-002                  0.0000000000000000E+000                  6.6643627700423455E+008                  3.1429407904131003E+006                  8.2996769963838587E-027                  0.0000000000000000E+000                  0.0000000000000000E+000                  2.2689723415075061E+001                  6.6814649425821066E+008                 -9.6389604328701514E-007                  0.0000000000000000E+000                 -9.8999999999999986E+001                  7.0628959547689119E-001                  9.4485022283672238E-001                  1.0953652206687130E+000 
                                     159                  2.9999992600333503E+000                  2.9816048095956832E-001                  4.7109063912312497E+000                 -7.2350744451449742E+000                  5.6158200453285909E+000                  6.9999999999760409E-001                  2.8000000000239611E-001                  1.9999999999999796E-002                  0.0000000000000000E+000                  6.4902023066711152E+008                  3.1740356276539527E+006                  8.5379821261778840E-027                  0.0000000000000000E+000                  0.0000000000000000E+000                  2.2401017575287302E+001                  6.7775069696048462E+008                  3.9803340831407398E-008                  0.0000000000000000E+000                 -3.7000402372828320E+000                  7.1165925112877815E-001                  9.5021987848860912E-001                  1.1007348763205997E+000 
                                     160                  2.9999992599583498E+000                  2.9812694437660353E-001                  4.7144703189584645E+000                 -7.2255171431664635E+000                  5.6292302712148334E+000                  6.9999999999760409E-001                  2.8000000000239611E-001                  1.9999999999999796E-002                  0.0000000000000000E+000                  6.3631883843283212E+008                  3.1978870263288924E+006                  8.7280007412872507E-027                  0.0000000000000000E+000                  0.0000000000000000E+000                  2.2168768213033992E+001                  6.8381957779080081E+008                  6.4876786573635882E-007                  0.0000000000000000E+000                 -3.0939553346997721E+000                  7.1502668152357995E-001                  9.5358730888341103E-001                  1.1041023067154017E+000 
                                     161                  2.9999992598833503E+000                  2.9809413023601100E-001                  4.7184183327643483E+000                 -7.2147477377094171E+000                  5.6442410841186472E+000                  6.9999999999760409E-001                  2.8000000000239611E-001                  1.9999999999999796E-002                  0.0000000000000000E+000                  6.2294024101174068E+008                  3.2242834687289330E+006                  8.9471913094899467E-027                  0.0000000000000000E+000                  0.0000000000000000E+000                  2.1905256298731889E+001                  6.8967101668325305E+008                  1.2117956371666230E-006                  0.0000000000000000E+000                 -2.9582853077145419E+000                  7.1822954260391103E-001                  9.5679016996374211E-001                  1.1073051677957326E+000 
                                     162                  2.9999992597849126E+000                  2.9805210567373375E-001                  4.7226706619654815E+000                 -7.2028416672279318E+000                  5.6606806511555821E+000                  6.9999999999760409E-001                  2.8000000000239611E-001                  1.9999999999999796E-002                  0.0000000000000000E+000                  6.0940768133799493E+008                  3.2525659112411886E+006                  9.1959297080477974E-027                  0.0000000000000000E+000                  0.0000000000000000E+000                  2.1622832776485453E+001                  6.9700835750640059E+008                  1.8797509887144969E-006                  0.0000000000000000E+000                 -2.8629498390356760E+000                  7.2219482237147548E-001                  9.6075544973130678E-001                  1.1112704475632973E+000 
                                     163                  2.9999992596864749E+000                  2.9801120584261276E-001                  4.7275747916785082E+000                 -7.1888669641368770E+000                  5.6798480016070219E+000                  6.9999999999760409E-001                  2.8000000000239611E-001                  1.9999999999999796E-002                  0.0000000000000000E+000                  5.9494530791802013E+008                  3.2849572275083605E+006                  9.4967223267728904E-027                  0.0000000000000000E+000                  0.0000000000000000E+000                  2.1297070499035787E+001                  7.0399933290558624E+008                  2.4724469761334500E-006                  0.0000000000000000E+000                 -2.8034365067348710E+000                  7.2590527005571304E-001                  9.6446589741554412E-001                  1.1149808952475346E+000 
                                     164                  2.9999992595458504E+000                  2.9795460863352008E-001                  4.7320761401141418E+000                 -7.1755764129232382E+000                  5.6978616595442384E+000                  6.9999999999760409E-001                  2.8000000000239611E-001                  1.9999999999999796E-002                  0.0000000000000000E+000                  5.8268096801110864E+008                  3.3143272735639033E+006                  9.7919135307862646E-027                  0.0000000000000000E+000                  0.0000000000000000E+000                  2.1012199454378020E+001                  7.1341127517290854E+008                  3.2041058525837933E-006                  0.0000000000000000E+000                 -2.7471465723810309E+000                  7.3081176607288523E-001                  9.6937239343271642E-001                  1.1198873912647069E+000 
                                     165                  2.9999992594521001E+000                  2.9791800257141898E-001                  4.7363804289300093E+000                 -7.1627691426428992E+000                  5.7151635271601693E+000                  6.9999999999760409E-001                  2.8000000000239611E-001                  1.9999999999999796E-002                  0.0000000000000000E+000                  5.7184268074907696E+008                  3.3421364230823456E+006                  1.0085049796627418E-026                  0.0000000000000000E+000                  0.0000000000000000E+000                  2.0738243463132420E+001                  7.1936724175582695E+008                  3.6265869373531463E-006                  0.0000000000000000E+000                 -2.7202509535364974E+000                  7.3384566779938254E-001                  9.7240629515921362E-001                  1.1229212929912042E+000 
                                     166                  2.9999992593114753E+000                  2.9786467253211257E-001                  4.7408423981760475E+000                 -7.1491174903843957E+000                  5.7334405813888374E+000                  6.9999999999760409E-001                  2.8000000000239611E-001                  1.9999999999999796E-002                  0.0000000000000000E+000                  5.6146421449519277E+008                  3.3705237788213464E+006                  1.0407182487128454E-026                  0.0000000000000000E+000                  0.0000000000000000E+000                  2.0466250127879960E+001                  7.2789420518196535E+008                  4.1796081855694621E-006                  0.0000000000000000E+000                 -2.6894322144738174E+000                  7.3808005301860169E-001                  9.7664068037843277E-001                  1.1271556782104235E+000 
                                     167                  2.9999992591942877E+000                  2.9782159174569062E-001                  4.7454764052136031E+000                 -7.1347924197539445E+000                  5.7525467023699024E+000                  6.9999999999760409E-001                  2.8000000000239611E-001                  1.9999999999999796E-002                  0.0000000000000000E+000                  5.5159332882611501E+008                  3.3995652526214104E+006                  1.0756276093498102E-026                  0.0000000000000000E+000                  0.0000000000000000E+000                  2.0185546348427895E+001                  7.3464824652819884E+008                  4.5755477202093094E-006                  0.0000000000000000E+000                 -2.6697784554297361E+000                  7.4134531071447918E-001                  9.7990593807431026E-001                  1.1304209359063009E+000 
                                     168                  2.9999992590302256E+000                  2.9776321514900289E-001                  4.7494730712968254E+000                 -7.1220732961809885E+000                  5.7693604845501723E+000                  6.9999999999760409E-001                  2.8000000000239611E-001                  1.9999999999999796E-002                  0.0000000000000000E+000                  5.4373862437713337E+008                  3.4241692662297348E+006                  1.1076037104739326E-026                  0.0000000000000000E+000                  0.0000000000000000E+000                  1.9956599866732333E+001                  7.4360881463546324E+008                  5.0485192930078194E-006                  0.0000000000000000E+000                 -2.6484179898684377E+000                  7.4556889517385283E-001                  9.8412952253368402E-001                  1.1346445203656745E+000 
                                     169                  2.9999992589364752E+000                  2.9773080972001015E-001                  4.7515789410836291E+000                 -7.1153176112824950E+000                  5.7782671043653595E+000                  6.9999999999760409E-001                  2.8000000000239611E-001                  1.9999999999999796E-002                  0.0000000000000000E+000                  5.3983877754990542E+008                  3.4369935212345049E+006                  1.1249724301420613E-026                  0.0000000000000000E+000                  0.0000000000000000E+000                  1.9837317074859659E+001                  7.4847822543949676E+008                  5.2817815290624469E-006                  0.0000000000000000E+000                 -2.6386097832651236E+000                  7.4782054107786355E-001                  9.8638116843769463E-001                  1.1368961662696853E+000 
                                     170                  2.9999992588896003E+000                  2.9771485443243068E-001                  4.7536467037322394E+000                 -7.1086988249352991E+000                  5.7869959995567877E+000                  6.9999999999760409E-001                  2.8000000000239611E-001                  1.9999999999999796E-002                  0.0000000000000000E+000                  5.3616952519236386E+008                  3.4495058002844076E+006                  1.1422533362477448E-026                  0.0000000000000000E+000                  0.0000000000000000E+000                  1.9718940288775677E+001                  7.5087444681562805E+008                  5.3901115930445093E-006                  0.0000000000000000E+000                 -2.6342011216977470E+000                  7.4890367798476720E-001                  9.8746430534459839E-001                  1.1379793031765890E+000 
                                     171                  2.9999992587958508E+000                  2.9768342135317394E-001                  4.7576468206062481E+000                 -7.0958171809142456E+000                  5.8039492764963443E+000                  6.9999999999760409E-001                  2.8000000000239611E-001                  1.9999999999999796E-002                  0.0000000000000000E+000                  5.2948334592745090E+008                  3.4734445903656851E+006                  1.1766507120807007E-026                  0.0000000000000000E+000                  0.0000000000000000E+000                  1.9491984469114076E+001                  7.5559896611850965E+008                  5.5918872592116882E-006                  0.0000000000000000E+000                 -2.6262207965993407E+000                  7.5099005926379425E-001                  9.8955068662362544E-001                  1.1400656844556161E+000 
                                     172                  2.9999992586083506E+000                  2.9762237299353073E-001                  4.7620439236331409E+000                 -7.0812786422685932E+000                  5.8229367529673137E+000                  6.9999999999760409E-001                  2.8000000000239611E-001                  1.9999999999999796E-002                  0.0000000000000000E+000                  5.2267596360351139E+008                  3.4992698679977944E+006                  1.2167184498997101E-026                  0.0000000000000000E+000                  0.0000000000000000E+000                  1.9257339338019872E+001                  7.6460407299276805E+008                  5.9400404238111769E-006                  0.0000000000000000E+000                 -2.6131052997502788E+000                  7.5489236642092961E-001                  9.9345299378076080E-001                  1.1439679916127514E+000 
                                     173                  2.9999992584677257E+000                  2.9757807799003133E-001                  4.7656491687517688E+000                 -7.0692700983053296E+000                  5.8385823523283822E+000                  6.9999999999760409E-001                  2.8000000000239611E-001                  1.9999999999999796E-002                  0.0000000000000000E+000                  5.1751620637455171E+008                  3.5201233975447561E+006                  1.2508406490200203E-026                  0.0000000000000000E+000                  0.0000000000000000E+000                  1.9067713898388149E+001                  7.7101041840673137E+008                  6.1591525914209202E-006                  0.0000000000000000E+000                 -2.6052395181212002E+000                  7.5760462715403509E-001                  9.9616525451386617E-001                  1.1466802523458568E+000 
                                     174                  2.9999992583271009E+000                  2.9753497798816408E-001                  4.7696804598276437E+000                 -7.0557512866111072E+000                  5.8561573369398863E+000                  6.9999999999760409E-001                  2.8000000000239611E-001                  1.9999999999999796E-002                  0.0000000000000000E+000                  5.1216407637574333E+008                  3.5431139007309070E+006                  1.2904007990032467E-026                  0.0000000000000000E+000                  0.0000000000000000E+000                  1.8858846858201936E+001                  7.7720866738868964E+008                  6.3496315965287180E-006                  0.0000000000000000E+000                 -2.5986257357977953E+000                  7.6014995866147383E-001                  9.9871058602130491E-001                  1.1492255838532954E+000 
                                     175                  2.9999992581396011E+000                  2.9747925358195099E-001                  4.7729642193471671E+000                 -7.0445150948481619E+000                  5.8706828079885724E+000                  6.9999999999760409E-001                  2.8000000000239611E-001                  1.9999999999999796E-002                  0.0000000000000000E+000                  5.0807786022969496E+008                  3.5615574697568608E+006                  1.3242318827798174E-026                  0.0000000000000000E+000                  0.0000000000000000E+000                  1.8697819679791941E+001                  7.8509601908083284E+008                  6.5650995180970947E-006                  0.0000000000000000E+000                 -2.5913793431015817E+000                  7.6332351489907990E-001                  1.0018841422589111E+000                  1.1523991400909017E+000 
                                     176                  2.9999992580458508E+000                  2.9745209521899052E-001                  4.7761578297331138E+000                 -7.0336545779233255E+000                  5.8847416000274135E+000                  6.9999999999760409E-001                  2.8000000000239611E-001                  1.9999999999999796E-002                  0.0000000000000000E+000                  5.0436816483081669E+008                  3.5793230521277171E+006                  1.3577747050355220E-026                  0.0000000000000000E+000                  0.0000000000000000E+000                  1.8538206372469929E+001                  7.8891441850748599E+008                  6.6588159289810343E-006                  0.0000000000000000E+000                 -2.5883014951166285E+000                  7.6482249645257483E-001                  1.0033831238124060E+000                  1.1538981216443966E+000 
                                     177                  2.9999992578583514E+000                  2.9739910529609453E-001                  4.7802181145569431E+000                 -7.0196339727917367E+000                  5.9028141999215160E+000                  6.9999999999760409E-001                  2.8000000000239611E-001                  1.9999999999999796E-002                  0.0000000000000000E+000                  4.9994203281438351E+008                  3.6015979038631222E+006                  1.4023371929200592E-026                  0.0000000000000000E+000                  0.0000000000000000E+000                  1.8344169720445691E+001                  7.9634091833962619E+008                  6.8235695189806108E-006                  0.0000000000000000E+000                 -2.5829941897353623E+000                  7.6766417141180610E-001                  1.0062247987716373E+000                  1.1567397966036279E+000 
                                     178                  2.9999992576708512E+000                  2.9734778027281550E-001                  4.7840947940598149E+000                 -7.0061347958565712E+000                  5.9201727241218123E+000                  6.9999999999760409E-001                  2.8000000000239611E-001                  1.9999999999999796E-002                  0.0000000000000000E+000                  4.9601145872736341E+008                  3.6225766651806566E+006                  1.4466240231185245E-026                  0.0000000000000000E+000                  0.0000000000000000E+000                  1.8163954593256005E+001                  8.0343158569458354E+008                  6.9604192351239962E-006                  0.0000000000000000E+000                 -2.5786823007394273E+000                  7.7032358214938645E-001                  1.0088842095092176E+000                  1.1593992073412083E+000 
                                     179                  2.9999992574833509E+000                  2.9729800867041273E-001                  4.7868801391517426E+000                 -6.9963160826116333E+000                  5.9327566353829386E+000                  6.9999999999760409E-001                  2.8000000000239611E-001                  1.9999999999999796E-002                  0.0000000000000000E+000                  4.9334186394012648E+008                  3.6374737596112965E+006                  1.4797125818612356E-026                  0.0000000000000000E+000                  0.0000000000000000E+000                  1.8039824887118431E+001                  8.1022194808753622E+008                  7.0740696192163328E-006                  0.0000000000000000E+000                 -2.5751653352029074E+000                  7.7282170422786800E-001                  1.0113823315876991E+000                  1.1618973294196897E+000 
                                     180                  2.9999992573896010E+000                  2.9727367295730395E-001                  4.7886961021627688E+000                 -6.9899253658251839E+000                  5.9409496180579628E+000                  6.9999999999760409E-001                  2.8000000000239611E-001                  1.9999999999999796E-002                  0.0000000000000000E+000                  4.9167997791863120E+008                  3.6471246525837230E+006                  1.5016545674175485E-026                  0.0000000000000000E+000                  0.0000000000000000E+000                  1.7958774012735944E+001                  8.1352327538886261E+008                  7.1234699928384280E-006                  0.0000000000000000E+000                 -2.5736542003980825E+000                  7.7401507232778444E-001                  1.0125756996876154E+000                  1.1630906975196060E+000 
                                     181                  2.9999992572958516E+000                  2.9724968872400587E-001                  4.7913612605086175E+000                 -6.9805602462521428E+000                  5.9529589998898320E+000                  6.9999999999760409E-001                  2.8000000000239611E-001                  1.9999999999999796E-002                  0.0000000000000000E+000                  4.8934819106469572E+008                  3.6612036375761107E+006                  1.5343981149398883E-026                  0.0000000000000000E+000                  0.0000000000000000E+000                  1.7839859491994918E+001                  8.1679208857081783E+008                  7.1690133010596457E-006                  0.0000000000000000E+000                 -2.5722703069215411E+000                  7.7517252043123352E-001                  1.0137331477910645E+000                  1.1642481456230551E+000 
                                     182                  2.9999992571083514E+000                  2.9720273207181375E-001                  4.7947782299083119E+000                 -6.9684231858889136E+000                  5.9684783517388933E+000                  6.9999999999760409E-001                  2.8000000000239611E-001                  1.9999999999999796E-002                  0.0000000000000000E+000                  4.8650253409525216E+008                  3.6790822995308130E+006                  1.5778979628274549E-026                  0.0000000000000000E+000                  0.0000000000000000E+000                  1.7693843347777161E+001                  8.2315950714839149E+008                  7.2483969290152704E-006                  0.0000000000000000E+000                 -2.5698790161534113E+000                  7.7739337634677041E-001                  1.0159540037066015E+000                  1.1664690015385921E+000 
                                     183                  2.9999992569208511E+000                  2.9715705491992828E-001                  4.7988843249542859E+000                 -6.9538259494128800E+000                  5.9871364461428671E+000                  6.9999999999760409E-001                  2.8000000000239617E-001                  1.9999999999999796E-002                  0.0000000000000000E+000                  4.8331618045898956E+008                  3.7003616493731458E+006                  1.6318520872684759E-026                  0.0000000000000000E+000                  0.0000000000000000E+000                  1.7521251269020979E+001                  8.2931336741708279E+008                  7.3137923866900704E-006                  0.0000000000000000E+000                 -2.5679286859718200E+000                  7.7949917551842640E-001                  1.0180598028782575E+000                  1.1685748007102481E+000 
                                     184                  2.9999992566396014E+000                  2.9709077820594726E-001                  4.8027789174152478E+000                 -6.9397656912178070E+000                  6.0050365662144971E+000                  6.9999999999760409E-001                  2.8000000000239611E-001                  1.9999999999999796E-002                  0.0000000000000000E+000                  4.8046317854197329E+008                  3.7203154079392659E+006                  1.6855653391858619E-026                  0.0000000000000000E+000                  0.0000000000000000E+000                  1.7368823666411483E+001                  8.3815216531601536E+008                  7.3897978730812840E-006                  0.0000000000000000E+000                 -2.5656837201669953E+000                  7.8246937967198404E-001                  1.0210300070318150E+000                  1.1715450048638056E+000 
                                     185                  2.9999992564521012E+000                  2.9704798517405284E-001                  4.8057858421852053E+000                 -6.9289165302782729E+000                  6.0188490955990224E+000                  6.9999999999760409E-001                  2.8000000000239611E-001                  1.9999999999999796E-002                  0.0000000000000000E+000                  4.7839500049126446E+008                  3.7356062229009527E+006                  1.7282171424152945E-026                  0.0000000000000000E+000                  0.0000000000000000E+000                  1.7253081529675683E+001                  8.4380513982229137E+008                  7.4276786612545347E-006                  0.0000000000000000E+000                 -2.5645734465602779E+000                  7.8433647978069976E-001                  1.0228971071405308E+000                  1.1734121049725215E+000 
                                     186                  2.9999992562646010E+000                  2.9700623572869311E-001                  4.8094180310612211E+000                 -6.9158184936650615E+000                  6.0355253102740312E+000                  6.9999999999760409E-001                  2.8000000000239611E-001                  1.9999999999999796E-002                  0.0000000000000000E+000                  4.7604343535239893E+008                  3.7539529803517163E+006                  1.7811508280028717E-026                  0.0000000000000000E+000                  0.0000000000000000E+000                  1.7115771415878346E+001                  8.4933716085609162E+008                  7.4580831839011443E-006                  0.0000000000000000E+000                 -2.5636863885171368E+000                  7.8612032729040404E-001                  1.0246809546502351E+000                  1.1751959524822257E+000 
                                     187                  2.9999992559833517E+000                  2.9694545054506899E-001                  4.8128864213981419E+000                 -6.9031590759992847E+000                  6.0515936225791958E+000                  6.9999999999760409E-001                  2.8000000000239611E-001                  1.9999999999999796E-002                  0.0000000000000000E+000                  4.7390167223894656E+008                  3.7713305578887025E+006                  1.8338524228995143E-026                  0.0000000000000000E+000                  0.0000000000000000E+000                  1.6993342822209613E+001                  8.5733041274910831E+008                  7.4904332110498028E-006                  2.3845820998113095E-019                 -2.5627465320229148E+000                  7.8866107834918320E-001                  1.0272217057090143E+000                  1.1777367035410049E+000 
                                     188                  2.9999992557958515E+000                  2.9690607765491511E-001                  4.8169141042830521E+000                 -6.8885860067579596E+000                  6.0701288969248326E+000                  6.9999999999760409E-001                  2.8000000000239611E-001                  1.9999999999999796E-002                  0.0000000000000000E+000                  4.7159958907485980E+008                  3.7914022736925045E+006                  1.8964545710768730E-026                  0.0000000000000000E+000                  0.0000000000000000E+000                  1.6850216256829309E+001                  8.6250293920763767E+008                  7.5048193305634329E-006                  9.4724814949873606E-019                 -2.5623298792042792E+000                  7.9027143098836472E-001                  1.0288320583481958E+000                  1.1793470561801864E+000 
                                     189                  2.9999992554208514E+000                  2.9682990000969428E-001                  4.8213585004606712E+000                 -6.8722623973264465E+000                  6.0908128163501383E+000                  6.9999999999760421E-001                  2.8000000000239611E-001                  1.9999999999999685E-002                  0.0000000000000000E+000                  4.6917920484553951E+008                  3.8133724502602676E+006                  1.9691180070960783E-026                  0.0000000000000000E+000                  0.0000000000000000E+000                  1.6706168631025022E+001                  8.7247477958359897E+008                  7.5199673243571485E-006                  1.4022866143899705E-018                 -2.5618920232468789E+000                  7.9331878634387742E-001                  1.0318794137037084E+000                  1.1823944115356990E+000 
                                     190                  2.9999992551396013E+000                  2.9677484941150051E-001                  4.8250123128550637E+000                 -6.8588609036305765E+000                  6.1077985683662988E+000                  6.9999999999760421E-001                  2.8000000000239611E-001                  1.9999999999999685E-002                  0.0000000000000000E+000                  4.6731845658628505E+008                  3.8313413594916440E+006                  2.0308506645812469E-026                  0.0000000000000000E+000                  0.0000000000000000E+000                  1.6590983009185805E+001                  8.7960888662873077E+008                  7.5203138840316881E-006                  9.2614785598523276E-019                 -2.5618820161896809E+000                  7.9546951268941146E-001                  1.0340301400492424E+000                  1.1845451378812331E+000 
                                     191                  2.9999992548583516E+000                  2.9672145162906444E-001                  4.8291083743644583E+000                 -6.8438576088027769E+000                  6.1268196286950802E+000                  6.9999999999760421E-001                  2.8000000000239611E-001                  1.9999999999999685E-002                  0.0000000000000000E+000                  4.6536092668764275E+008                  3.8513977134276163E+006                  2.1022612802042007E-026                  0.0000000000000000E+000                  0.0000000000000000E+000                  1.6465486930474299E+001                  8.8655185505971432E+008                  7.5146677483892241E-006                  2.2948213740515289E-019                 -2.5620451082192433E+000                  7.9751576683815251E-001                  1.0360763941979836E+000                  1.1865913920299742E+000 
                                     192                  2.9999992544833516E+000                  2.9665264314798678E-001                  4.8330111380694349E+000                 -6.8294459496635165E+000                  6.1450537639411742E+000                  6.9999999999760421E-001                  2.8000000000239611E-001                  1.9999999999999685E-002                  0.0000000000000000E+000                  4.6358054239636755E+008                  3.8704158666789746E+006                  2.1732196980616535E-026                  0.0000000000000000E+000                  0.0000000000000000E+000                  1.6354775708577353E+001                  8.9545363222861052E+008                  7.4983137933949920E-006                  0.0000000000000000E+000                 -2.5625181944746833E+000                  8.0010257731685908E-001                  1.0386632046766902E+000                  1.1891782025086808E+000 
                                     193                  2.9999992542021019E+000                  2.9660270071407063E-001                  4.8362379198477505E+000                 -6.8175578687533704E+000                  6.1601027337163483E+000                  6.9999999999760421E-001                  2.8000000000239611E-001                  1.9999999999999685E-002                  0.0000000000000000E+000                  4.6219036287779117E+008                  3.8860972453794610E+006                  2.2335523559741870E-026                  0.0000000000000000E+000                  0.0000000000000000E+000                  1.6266092115341444E+001                  9.0188525317833185E+008                  7.4803275142720219E-006                  0.0000000000000000E+000                 -2.5630396934122066E+000                  8.0194696072305915E-001                  1.0405075880828902E+000                  1.1910225859148809E+000 
                                     194                  2.9999992539208518E+000                  2.9655409028526514E-001                  4.8398743439084679E+000                 -6.8041908280000616E+000                  6.1770325726504431E+000                  6.9999999999760421E-001                  2.8000000000239611E-001                  1.9999999999999685E-002                  0.0000000000000000E+000                  4.6070499323652828E+008                  3.9037328513340605E+006                  2.3033939612379259E-026                  0.0000000000000000E+000                  0.0000000000000000E+000                  1.6169700700179945E+001                  9.0817057282986367E+008                  7.4590713945295943E-006                  0.0000000000000000E+000                 -2.5636576179884636E+000                  8.0371654415745220E-001                  1.0422771715172832E+000                  1.1927921693492740E+000 
                                     195                  2.9999992535458517E+000                  2.9649121667876932E-001                  4.8438564057778901E+000                 -6.7895060480804030E+000                  6.1956163429137536E+000                  6.9999999999760421E-001                  2.8000000000239611E-001                  1.9999999999999685E-002                  0.0000000000000000E+000                  4.5914869550134099E+008                  3.9230016010712916E+006                  2.3826411446266456E-026                  0.0000000000000000E+000                  0.0000000000000000E+000                  1.6071993352406029E+001                  9.1629197056738400E+008                  7.4257073614177438E-006                  0.0000000000000000E+000                 -2.5646310849092049E+000                  8.0597251298093731E-001                  1.0445331403407685E+000                  1.1950481381727591E+000 
                                     196                  2.9999992531708517E+000                  2.9643040750296179E-001                  4.8472022393261094E+000                 -6.7771389343516724E+000                  6.2112579753768244E+000                  6.9999999999760421E-001                  2.8000000000239611E-001                  1.9999999999999685E-002                  0.0000000000000000E+000                  4.5789543214098948E+008                  3.9391646391938077E+006                  2.4514925008221549E-026                  0.0000000000000000E+000                  0.0000000000000000E+000                  1.5996402834485334E+001                  9.2410512409247649E+008                  7.3868260910806164E-006                  0.0000000000000000E+000                 -2.5657710627524759E+000                  8.0812247273185267E-001                  1.0466831000916839E+000                  1.1971980979236745E+000 
                                     197                  2.9999992528896020E+000                  2.9638606491911157E-001                  4.8499851938222474E+000                 -6.7668855621719608E+000                  6.2242360455985981E+000                  6.9999999999760421E-001                  2.8000000000239611E-001                  1.9999999999999685E-002                  0.0000000000000000E+000                  4.5690068054516816E+008                  3.9525995777477599E+006                  2.5100824545123604E-026                  0.0000000000000000E+000                  0.0000000000000000E+000                  1.5936593287068950E+001                  9.2980275380722106E+008                  7.3548367556648378E-006                  0.0000000000000000E+000                 -2.5667134811079766E+000                  8.0967116684581497E-001                  1.0482317942056461E+000                  1.1987467920376367E+000 
                                     198                  2.9999992526083519E+000                  2.9634274385465381E-001                  4.8531391951248715E+000                 -6.7553023723693677E+000                  6.2389084225281035E+000                  6.9999999999760421E-001                  2.8000000000239611E-001                  1.9999999999999685E-002                  0.0000000000000000E+000                  4.5582295225268137E+008                  3.9678198778897393E+006                  2.5779578179537308E-026                  0.0000000000000000E+000                  0.0000000000000000E+000                  1.5872420515522837E+001                  9.3539527332878077E+008                  7.3210839249726892E-006                  0.0000000000000000E+000                 -2.5677123072997139E+000                  8.1116932878209203E-001                  1.0497299561419229E+000                  1.2002449539739137E+000 
                                     199                  2.9999992522333518E+000                  2.9628648329637147E-001                  4.8566165740585578E+000                 -6.7425161588844746E+000                  6.2550997008937248E+000                  6.9999999999760421E-001                  2.8000000000239611E-001                  1.9999999999999685E-002                  0.0000000000000000E+000                  4.5467761518555391E+008                  3.9845921812536097E+006                  2.6550163631649307E-026                  0.0000000000000000E+000                  0.0000000000000000E+000                  1.5807885030812834E+001                  9.4266180964781165E+008                  7.2735033751601883E-006                  0.0000000000000000E+000                 -2.5691281776504522E+000                  8.1309552236501959E-001                  1.0516561497248507E+000                  1.2021711475568413E+000 
                                     200                  2.9999992518583523E+000                  2.9623183404854914E-001                  4.8595565585708949E+000                 -6.7316992815342704E+000                  6.2687950042090366E+000                  6.9999999999760421E-001                  2.8000000000239611E-001                  1.9999999999999685E-002                  0.0000000000000000E+000                  4.5374242991725254E+008                  3.9987713448686521E+006                  2.7220025176430031E-026                  0.0000000000000000E+000                  0.0000000000000000E+000                  1.5757814604244830E+001                  9.4969776614847624E+008                  7.2234726493140541E-006                  0.0000000000000000E+000                 -2.5706269836349795E+000                  8.1494738017847979E-001                  1.0535080075383108E+000                  1.2040230053703014E+000 
                                     201                  2.9999992515771021E+000                  2.9619184228669837E-001                  4.8620126956757206E+000                 -6.7226964440258543E+000                  6.2802037606773515E+000                  6.9999999999760421E-001                  2.8000000000239611E-001                  1.9999999999999685E-002                  0.0000000000000000E+000                  4.5299132481649023E+008                  4.0106235223925677E+006                  2.7790419353830427E-026                  0.0000000000000000E+000                  0.0000000000000000E+000                  1.5717586840740594E+001                  9.5485249168917215E+008                  7.1851431924985119E-006                 -1.2483099903940918E-019                 -2.5717822862010444E+000                  8.1629099329636468E-001                  1.0548516206561958E+000                  1.2053666184881864E+000 
                                     202                  2.9999992512958520E+000                  2.9615266029928738E-001                  4.8656027904012387E+000                 -6.7096409426380603E+000                  6.2967797721821004E+000                  6.9999999999760421E-001                  2.8000000000239605E-001                  1.9999999999999796E-002                  0.0000000000000000E+000                  4.5195228895028871E+008                  4.0279654810160301E+006                  2.8638884269588918E-026                  0.0000000000000000E+000                  0.0000000000000000E+000                  1.5659372722752856E+001                  9.5994663463375890E+008                  7.1470768906767729E-006                 -4.9645495137898714E-019                 -2.5729357727931967E+000                  8.1759787569492781E-001                  1.0561585030547589E+000                  1.2066735008867495E+000 
                                     203                  2.9999992507333522E+000                  2.9607658672276072E-001                  4.8694173908366993E+000                 -6.6956602537180432E+000                  6.3144968273253079E+000                  6.9999999999760409E-001                  2.8000000000239611E-001                  1.9999999999999796E-002                  0.0000000000000000E+000                  4.5086579781811625E+008                  4.0463926232661898E+006                  2.9576226069230991E-026                  0.0000000000000000E+000                  0.0000000000000000E+000                  1.5605792611151614E+001                  9.6981641697951305E+008                  7.0704483614250891E-006                 -7.3645974518905454E-019                 -2.5752765226122487E+000                  8.2011273299109089E-001                  1.0586733603509220E+000                  1.2091883581829126E+000 
                                     204                  2.9999992503583521E+000                  2.9602745639114925E-001                  4.8716387327982300E+000                 -6.6875387629045031E+000                  6.3247948000023797E+000                  6.9999999999760409E-001                  2.8000000000239611E-001                  1.9999999999999796E-002                  0.0000000000000000E+000                  4.5025724099182576E+008                  4.0571320974851320E+006                  3.0134761756933651E-026                  0.0000000000000000E+000                  0.0000000000000000E+000                  1.5575821713060726E+001                  9.7614520179399729E+008                  7.0188241159646019E-006                 -4.8748650771586888E-019                 -2.5768678201974469E+000                  8.2172144757634680E-001                  1.0602820749361779E+000                  1.2107970727681685E+000 
                                     205                  2.9999992501708523E+000                  2.9600334023538349E-001                  4.8738241669538747E+000                 -6.6796211150899962E+000                  6.3348564418493218E+000                  6.9999999999760409E-001                  2.8000000000239611E-001                  1.9999999999999796E-002                  0.0000000000000000E+000                  4.4968880720811689E+008                  4.0677107627039533E+006                  3.0689433220869658E-026                  0.0000000000000000E+000                  0.0000000000000000E+000                  1.5545096429588005E+001                  9.7927806387418520E+008                  6.9936692225020602E-006                 -1.2145006111062591E-019                 -2.5776474561191374E+000                  8.2250623355404251E-001                  1.0610668609138736E+000                  1.2115818587458642E+000 
                                     206                  2.9999992497958523E+000                  2.9595596758752785E-001                  4.8770113032177482E+000                 -6.6680729540098609E+000                  6.3495311834993160E+000                  6.9999999999760409E-001                  2.8000000000239611E-001                  1.9999999999999796E-002                  0.0000000000000000E+000                  4.4888196529319370E+008                  4.0831499521623920E+006                  3.1516800935105678E-026                  0.0000000000000000E+000                  0.0000000000000000E+000                  1.5502134502373860E+001                  9.8547054934940243E+008                  6.9446782686306068E-006                  0.0000000000000000E+000                 -2.5791739346748410E+000                  8.2403922154961318E-001                  1.0625998489094444E+000                  1.2131148467414348E+000 
                                     207                  2.9999992493271028E+000                  2.9589828468648105E-001                  4.8807745783780359E+000                 -6.6544693752049655E+000                  6.3668276631087801E+000                  6.9999999999760409E-001                  2.8000000000239611E-001                  1.9999999999999796E-002                  0.0000000000000000E+000                  4.4796870464006591E+008                  4.1014049033787358E+006                  3.2520094724620753E-026                  0.0000000000000000E+000                  0.0000000000000000E+000                  1.5453110117567524E+001                  9.9300890307078707E+008                  6.8846526790921694E-006                  0.0000000000000000E+000                 -2.5810589821957928E+000                  8.2589184095793267E-001                  1.0644524683177636E+000                  1.2149674661497543E+000 
                                     208                  2.9999992487646030E+000                  2.9583117086698030E-001                  4.8850487075065931E+000                 -6.6390622773001660E+000                  6.3864305040767944E+000                  6.9999999999760409E-001                  2.8000000000239611E-001                  1.9999999999999796E-002                  0.0000000000000000E+000                  4.4698033348144758E+008                  4.1221751926722988E+006                  3.3695035466700483E-026                  0.0000000000000000E+000                  0.0000000000000000E+000                  1.5400124296337220E+001                  1.0017957570452260E+009                  6.8145664244551719E-006                  0.0000000000000000E+000                 -2.5832808854287213E+000                  8.2802850140080975E-001                  1.0665891287606408E+000                  1.2171041265926315E+000 
                                     209                  2.9999992481083528E+000                  2.9575556321895025E-001                  4.8897667947885033E+000                 -6.6221100740507044E+000                  6.4080162579553770E+000                  6.9999999999760409E-001                  2.8000000000239611E-001                  1.9999999999999796E-002                  0.0000000000000000E+000                  4.4594812712709373E+008                  4.1451513649928826E+006                  3.5036925295293148E-026                  0.0000000000000000E+000                  0.0000000000000000E+000                  1.5345571383540909E+001                  1.0117161647132328E+009                  6.7350297789461995E-006                  0.0000000000000000E+000                 -2.5858302398514610E+000                  8.3041218754074020E-001                  1.0689728149005713E+000                  1.2194878127325619E+000 
                                     210                  2.9999992473583528E+000                  2.9567241678985035E-001                  4.8933708310066457E+000                 -6.6091072038762837E+000                  6.4245566266847991E+000                  6.9999999999760409E-001                  2.8000000000239611E-001                  1.9999999999999796E-002                  0.0000000000000000E+000                  4.4517858993015081E+008                  4.1627301284226743E+006                  3.6102310336733193E-026                  0.0000000000000000E+000                  0.0000000000000000E+000                  1.5310153295863238E+001                  1.0225800237196054E+009                  6.6455022673186453E-006                  0.0000000000000000E+000                 -2.5887360947435054E+000                  8.3300720860454003E-001                  1.0715678359643710E+000                  1.2220828337963616E+000 
                                     211                  2.9999992469833532E+000                  2.9563205262168413E-001                  4.8968831708264178E+000                 -6.5966222623014126E+000                  6.4404959064108755E+000                  6.9999999999760409E-001                  2.8000000000239611E-001                  1.9999999999999796E-002                  0.0000000000000000E+000                  4.4449668824250096E+008                  4.1799060146516822E+006                  3.7155740109725384E-026                  0.0000000000000000E+000                  0.0000000000000000E+000                  1.5273650166640257E+001                  1.0278881540891298E+009                  6.6018355428319884E-006                  0.0000000000000000E+000                 -2.5901676492523360E+000                  8.3425623514212088E-001                  1.0728168625019519E+000                  1.2233318603339425E+000 
                                     212                  2.9999992462333531E+000                  2.9555357979213792E-001                  4.9002521031763973E+000                 -6.5845460508419640E+000                  6.4558817629482350E+000                  6.9999999999760409E-001                  2.8000000000239611E-001                  1.9999999999999796E-002                  0.0000000000000000E+000                  4.4384144753818697E+008                  4.1963998784990115E+006                  3.8203925880518713E-026                  0.0000000000000000E+000                  0.0000000000000000E+000                  1.5246002603158146E+001                  1.0382360634624915E+009                  6.5161906239022154E-006                  0.0000000000000000E+000                 -2.5930031096880621E+000                  8.3666704385210822E-001                  1.0752276712119393E+000                  1.2257426690439299E+000 
                                     213                  2.9999992458583526E+000                  2.9551540399779302E-001                  4.9035415800770483E+000                 -6.5729191093657535E+000                  6.4707462767845163E+000                  6.9999999999760409E-001                  2.8000000000239611E-001                  1.9999999999999796E-002                  0.0000000000000000E+000                  4.4325910223041403E+008                  4.2125462587016597E+006                  3.9241053652635867E-026                  0.0000000000000000E+000                  0.0000000000000000E+000                  1.5217729967423519E+001                  1.0432804985641904E+009                  6.4739122321519690E-006                  0.0000000000000000E+000                 -2.5944165963461221E+000                  8.3783123892226385E-001                  1.0763918662820948E+000                  1.2269068641140854E+000 
                                     214                  2.9999992451083535E+000                  2.9544104047725744E-001                  4.9067064549297976E+000                 -6.5616488312727954E+000                  6.4851285040223363E+000                  6.9999999999760409E-001                  2.8000000000239611E-001                  1.9999999999999796E-002                  0.0000000000000000E+000                  4.4269671068421948E+008                  4.2281027656431170E+006                  4.0273239085672805E-026                  0.0000000000000000E+000                  0.0000000000000000E+000                  1.5196977881986689E+001                  1.0531340254865955E+009                  6.3908714539396346E-006                  0.0000000000000000E+000                 -2.5972199588838452E+000                  8.4008465831854551E-001                  1.0786452856783766E+000                  1.2291602835103672E+000 
                                     215                  2.9999992447333530E+000                  2.9540479735684777E-001                  4.9098018014451714E+000                 -6.5507719408932852E+000                  6.4990542469383161E+000                  6.9999999999760409E-001                  2.8000000000239611E-001                  1.9999999999999796E-002                  0.0000000000000000E+000                  4.4219498930692732E+008                  4.2433585475613670E+006                  4.1295140289880284E-026                  0.0000000000000000E+000                  0.0000000000000000E+000                  1.5175501031200096E+001                  1.0579469126527267E+009                  6.3499772939871778E-006                  0.0000000000000000E+000                 -2.5986139138196580E+000                  8.4117588779880381E-001                  1.0797365151586349E+000                  1.2302515129906255E+000 
                                     216                  2.9999992439833529E+000                  2.9533407786556864E-001                  4.9137783829296175E+000                 -6.5367775084933744E+000                  6.5169648271587750E+000                  6.9999999999760421E-001                  2.8000000000239611E-001                  1.9999999999999685E-002                  0.0000000000000000E+000                  4.4156565300988591E+008                  4.2630019725129334E+006                  4.2648184636928706E-026                  0.0000000000000000E+000                  0.0000000000000000E+000                  1.5153633089713457E+001                  1.0674058986278571E+009                  6.2703585161035227E-006                  0.0000000000000000E+000                 -2.6013538135468326E+000                  8.4329283780231146E-001                  1.0818534651621425E+000                  1.2323684629941332E+000 
                                     217                  2.9999992432333538E+000                  2.9526556793302139E-001                  4.9166568431789752E+000                 -6.5266396568877658E+000                  6.5299371614695971E+000                  6.9999999999760421E-001                  2.8000000000239611E-001                  1.9999999999999685E-002                  0.0000000000000000E+000                  4.4112124806478059E+008                  4.2772549597634012E+006                  4.3655972642250816E-026                  0.0000000000000000E+000                  0.0000000000000000E+000                  1.5141576773529295E+001                  1.0765173498534458E+009                  6.1917015310260277E-006                  0.0000000000000000E+000                 -2.6040949934229656E+000                  8.4533003251296646E-001                  1.0838906598727975E+000                  1.2344056577047882E+000 
                                     218                  2.9999992428583533E+000                  2.9523209153866803E-001                  4.9194785150551450E+000                 -6.5168226545140735E+000                  6.5425370539246046E+000                  6.9999999999760421E-001                  2.8000000000239611E-001                  1.9999999999999685E-002                  0.0000000000000000E+000                  4.4072270797378278E+008                  4.2912659258136116E+006                  4.4654561611010963E-026                  0.0000000000000000E+000                  0.0000000000000000E+000                  1.5128770744983838E+001                  1.0810004719061780E+009                  6.1533727465364076E-006                  0.0000000000000000E+000                 -2.6054433881523336E+000                  8.4632011930297846E-001                  1.0848807466628094E+000                  1.2353957444948001E+000 
                                     219                  2.9999992421083541E+000                  2.9516661283112855E-001                  4.9231172753284476E+000                 -6.5041507797791249E+000                  6.5587973063110052E+000                  6.9999999999760421E-001                  2.8000000000239611E-001                  1.9999999999999685E-002                  0.0000000000000000E+000                  4.4021881918143123E+008                  4.3093796322049387E+006                  4.5977404444858630E-026                  0.0000000000000000E+000                  0.0000000000000000E+000                  1.5116846635117199E+001                  1.0898286610900919E+009                  6.0787811365347729E-006                  0.0000000000000000E+000                 -2.6080917464445084E+000                  8.4824756790689881E-001                  1.0868081952667299E+000                  1.2373231930987205E+000 
                                     220                  2.9999992413583541E+000                  2.9510298869800206E-001                  4.9266377014954026E+000                 -6.4919419299696601E+000                  6.5744796955459215E+000                  6.9999999999760421E-001                  2.8000000000239611E-001                  1.9999999999999685E-002                  0.0000000000000000E+000                  4.3975412615911847E+008                  4.3269630644589160E+006                  4.7288974110812927E-026                  0.0000000000000000E+000                  0.0000000000000000E+000                  1.5108223216198313E+001                  1.0983985196536472E+009                  6.0057193293512994E-006                  0.0000000000000000E+000                 -2.6107174839674698E+000                  8.5011000889457033E-001                  1.0886706362544014E+000                  1.2391856340863920E+000 
                                     221                  2.9999992406083540E+000                  2.9504110143222984E-001                  4.9300478898944675E+000                 -6.4801642047188377E+000                  6.5896239551191860E+000                  6.9999999999760421E-001                  2.8000000000239611E-001                  1.9999999999999685E-002                  0.0000000000000000E+000                  4.3932289810792047E+008                  4.3440568990474660E+006                  4.8589682918903695E-026                  0.0000000000000000E+000                  0.0000000000000000E+000                  1.5102657944844912E+001                  1.1067624179585001E+009                  5.9346397782411808E-006                 -2.1827465766806243E-019                 -2.6133028183942821E+000                  8.5191221513161175E-001                  1.0904728424914427E+000                  1.2409878403234336E+000 
                                     222                  2.9999992398583539E+000                  2.9498084453198059E-001                  4.9341778951108193E+000                 -6.4660190152077890E+000                  6.6078504780406009E+000                  6.9999999999760421E-001                  2.8000000000239611E-001                  1.9999999999999685E-002                  0.0000000000000000E+000                  4.3883403626251328E+008                  4.3648513072631275E+006                  5.0199236672630552E-026                  0.0000000000000000E+000                  0.0000000000000000E+000                  1.5098068789749565E+001                  1.1149624592629032E+009                  5.8657910153417743E-006                 -8.6652837294886842E-019                 -2.6158367069972566E+000                  8.5365855494268861E-001                  1.0922191823025196E+000                  1.2427341801345104E+000 
                                     223                  2.9999992387333543E+000                  2.9489331098267879E-001                  4.9381376304103064E+000                 -6.4524248931921235E+000                  6.6253566062255196E+000                  6.9999999999760409E-001                  2.8000000000239617E-001                  1.9999999999999796E-002                  0.0000000000000000E+000                  4.3836134361272496E+008                  4.3848810321173929E+006                  5.1796320404747995E-026                  0.0000000000000000E+000                  0.0000000000000000E+000                  1.5100950352729971E+001                  1.1268809461272609E+009                  5.7654592117323740E-006                 -1.2856924196682564E-018                 -2.6195830479852580E+000                  8.5618337758386531E-001                  1.0947440049436963E+000                  1.2452590027756871E+000 
                                     224                  2.9999992379833542E+000                  2.9483672545893908E-001                  4.9419809315364329E+000                 -6.4393911610738854E+000                  6.6421929360109990E+000                  6.9999999999760409E-001                  2.8000000000239622E-001                  1.9999999999999685E-002                  0.0000000000000000E+000                  4.3793784458346128E+008                  4.4044308372814888E+006                  5.3375273159709842E-026                  0.0000000000000000E+000                  0.0000000000000000E+000                  1.5104697361758840E+001                  1.1346154772196009E+009                  5.7006129969873349E-006                 -8.5115080192214263E-019                 -2.6220392206817462E+000                  8.5780803907652969E-001                  1.0963686664363608E+000                  1.2468836642683514E+000 
                                     225                  2.9999992368583546E+000                  2.9475431708314243E-001                  4.9464142226375198E+000                 -6.4243859928698450E+000                  6.6615854885827419E+000                  6.9999999999760409E-001                  2.8000000000239622E-001                  1.9999999999999685E-002                  0.0000000000000000E+000                  4.3745184545280677E+008                  4.4271107853682954E+006                  5.5252765160911035E-026                  0.0000000000000000E+000                  0.0000000000000000E+000                  1.5115667049732490E+001                  1.1459642750782430E+009                  5.6068748180306630E-006                 -2.1064778433003582E-019                 -2.6256395700375559E+000                  8.6016533345532931E-001                  1.0987259608151603E+000                  1.2492409586471509E+000 
                                     226                  2.9999992357333549E+000                  2.9467466277297688E-001                  4.9503264623419572E+000                 -6.4112009054018584E+000                  6.6786442516510682E+000                  6.9999999999760409E-001                  2.8000000000239617E-001                  1.9999999999999796E-002                  0.0000000000000000E+000                  4.3702963563512725E+008                  4.4472473292526687E+006                  5.6956974014698189E-026                  0.0000000000000000E+000                  0.0000000000000000E+000                  1.5130461948871645E+001                  1.1569333222300625E+009                  5.5159333461026177E-006                  0.0000000000000000E+000                 -2.6291904952142584E+000                  8.6243499452358030E-001                  1.1009956218834114E+000                  1.2515106197154020E+000 
                                     227                  2.9999992347958551E+000                  2.9461023708435985E-001                  4.9537741530607766E+000                 -6.3996614646465373E+000                  6.6936001221793431E+000                  6.9999999999760409E-001                  2.8000000000239617E-001                  1.9999999999999796E-002                  0.0000000000000000E+000                  4.3666869245055586E+008                  4.4650949952392876E+006                  5.8491569579831004E-026                  0.0000000000000000E+000                  0.0000000000000000E+000                  1.5146350034749647E+001                  1.1658458256530950E+009                  5.4426326806954193E-006                  0.0000000000000000E+000                 -2.6320954874556515E+000                  8.6426475283831794E-001                  1.1028253801981489E+000                  1.2533403780301395E+000 
                                     228                  2.9999992338583548E+000                  2.9454747311334922E-001                  4.9579539830074744E+000                 -6.3857990586478213E+000                  6.7116087597135241E+000                  6.9999999999760409E-001                  2.8000000000239611E-001                  1.9999999999999796E-002                  0.0000000000000000E+000                  4.3624814507048583E+008                  4.4868696775166513E+006                  6.0389874077337347E-026                  0.0000000000000000E+000                  0.0000000000000000E+000                  1.5167914579645645E+001                  1.1746078371552660E+009                  5.3720974785568269E-006                  0.0000000000000000E+000                 -2.6349280577545233E+000                  8.6604269075774198E-001                  1.1046033181175730E+000                  1.2551183159495636E+000 
                                     229                  2.9999992324521050E+000                  2.9445623626733752E-001                  4.9627654751776724E+000                 -6.3698876344379265E+000                  6.7322944467633601E+000                  6.9999999999760409E-001                  2.8000000000239611E-001                  1.9999999999999796E-002                  0.0000000000000000E+000                  4.3575514607833254E+008                  4.5121216859885221E+006                  6.2644854509735738E-026                  0.0000000000000000E+000                  0.0000000000000000E+000                  1.5199153101637490E+001                  1.1874051526530640E+009                  5.2708345042175530E-006                  0.0000000000000000E+000                 -2.6390603098619239E+000                  8.6862072920069766E-001                  1.1071813565605289E+000                  1.2576963543925195E+000 
                                     230                  2.9999992310458556E+000                  2.9436822714118527E-001                  4.9673860640116905E+000                 -6.3547152776697899E+000                  6.7520551493057370E+000                  6.9999999999760409E-001                  2.8000000000239611E-001                  1.9999999999999796E-002                  0.0000000000000000E+000                  4.3528608051525408E+008                  4.5365652315466553E+006                  6.4873499953260504E-026                  0.0000000000000000E+000                  0.0000000000000000E+000                  1.5232867989702831E+001                  1.1997756976248255E+009                  5.1745545168074148E-006                  0.0000000000000000E+000                 -2.6430635165799803E+000                  8.7110046529602392E-001                  1.1096610926558550E+000                  1.2601760904878456E+000 
                                     231                  2.9999992296396059E+000                  2.9428318877183446E-001                  4.9707244116874616E+000                 -6.3437677325403774E+000                  6.7663181173037295E+000                  6.9999999999760409E-001                  2.8000000000239611E-001                  1.9999999999999796E-002                  0.0000000000000000E+000                  4.3494045625716192E+008                  4.5543357212710613E+006                  6.6530667537191761E-026                  0.0000000000000000E+000                  0.0000000000000000E+000                  1.5260670853418222E+001                  1.2117404085667372E+009                  5.0830959526234122E-006                  0.0000000000000000E+000                 -2.6469358460633092E+000                  8.7348975545287622E-001                  1.1120503828127073E+000                  1.2625653806446979E+000 
                                     232                  2.9999992289364807E+000                  2.9424170987822729E-001                  4.9736306020596253E+000                 -6.3343567421319218E+000                  6.7786192820291831E+000                  6.9999999999760409E-001                  2.8000000000239611E-001                  1.9999999999999796E-002                  0.0000000000000000E+000                  4.3465953096489078E+008                  4.5698871647264883E+006                  6.7989048805780633E-026                  0.0000000000000000E+000                  0.0000000000000000E+000                  1.5283484438282834E+001                  1.2176186608224072E+009                  5.0395492999350286E-006                  0.0000000000000000E+000                 -2.6488041509541782E+000                  8.7465221250928082E-001                  1.1132128398691119E+000                  1.2637278377011025E+000 
                                     233                  2.9999992277646066E+000                  2.9417403481794080E-001                  4.9771573475485491E+000                 -6.3229532379629747E+000                  6.7935305277783034E+000                  6.9999999999760409E-001                  2.8000000000239611E-001                  1.9999999999999796E-002                  0.0000000000000000E+000                  4.3431572398271275E+008                  4.5888492967181858E+006                  6.9799119130892497E-026                  0.0000000000000000E+000                  0.0000000000000000E+000                  1.5313338898217454E+001                  1.2272859305957642E+009                  4.9703765852628732E-006                  0.0000000000000000E+000                 -2.6518053526448271E+000                  8.7654465820246941E-001                  1.1151052855623005E+000                  1.2656202833942911E+000 
                                     234                  2.9999992265927320E+000                  2.9410808317977488E-001                  4.9809226220859752E+000                 -6.3108594405953298E+000                  6.8093718486892856E+000                  6.9999999999760409E-001                  2.8000000000239611E-001                  1.9999999999999796E-002                  0.0000000000000000E+000                  4.3395895225120604E+008                  4.6092054465843225E+006                  7.1771458364978467E-026                  0.0000000000000000E+000                  0.0000000000000000E+000                  1.5345519713010001E+001                  1.2367288766622112E+009                  4.9044537820210942E-006                  0.0000000000000000E+000                 -2.6547046768803897E+000                  8.7838365265975304E-001                  1.1169442800195841E+000                  1.2674592778515748E+000 
                                     235                  2.9999992251864818E+000                  2.9403107666433065E-001                  4.9845641441208830E+000                 -6.2991900736119479E+000                  6.8246662745310802E+000                  6.9999999999760409E-001                  2.8000000000239611E-001                  1.9999999999999796E-002                  0.0000000000000000E+000                  4.3361397141437066E+008                  4.6289951622645576E+006                  7.3727412734810776E-026                  0.0000000000000000E+000                  0.0000000000000000E+000                  1.5378183918874686E+001                  1.2477852061433268E+009                  4.8295663409638555E-006                  0.0000000000000000E+000                 -2.6580459319515466E+000                  8.8052400968131317E-001                  1.1190846370411442E+000                  1.2695996348731349E+000 
                                     236                  2.9999992240146072E+000                  2.9396857578582991E-001                  4.9881038349473199E+000                 -6.2879340448251613E+000                  6.8394487179080521E+000                  6.9999999999760409E-001                  2.8000000000239611E-001                  1.9999999999999796E-002                  0.0000000000000000E+000                  4.3329423517204589E+008                  4.6483274769721581E+006                  7.5664592927982353E-026                  0.0000000000000000E+000                  0.0000000000000000E+000                  1.5408996669708602E+001                  1.2567933833354590E+009                  4.7706418560487729E-006                  0.0000000000000000E+000                 -2.6607115928921972E+000                  8.8225493513032260E-001                  1.1208155624901537E+000                  1.2713305603221441E+000 
                                     237                  2.9999992226083578E+000                  2.9389545939195683E-001                  4.9924645650476327E+000                 -6.2741547848233399E+000                  6.8575750157628148E+000                  6.9999999999760409E-001                  2.8000000000239617E-001                  1.9999999999999796E-002                  0.0000000000000000E+000                  4.3291851415418828E+008                  4.6722633609719137E+006                  7.8105477831283231E-026                  0.0000000000000000E+000                  0.0000000000000000E+000                  1.5446036400009678E+001                  1.2674099951758711E+009                  4.7044262058586935E-006                  0.0000000000000000E+000                 -2.6637466697342780E+000                  8.8427175717460149E-001                  1.1228323845344326E+000                  1.2733473823664232E+000 
                                     238                  2.9999992207333581E+000                  2.9380096072987649E-001                  4.9972494096991413E+000                 -6.2590791033872311E+000                  6.8774216256197525E+000                  6.9999999999760409E-001                  2.8000000000239611E-001                  1.9999999999999796E-002                  0.0000000000000000E+000                  4.3251989213248491E+008                  4.6986615611107908E+006                  8.0866338438151973E-026                  0.0000000000000000E+000                  0.0000000000000000E+000                  1.5486808581342441E+001                  1.2811688206370170E+009                  4.6222606040839389E-006                  9.1033147496421423E-020                 -2.6675727862734320E+000                  8.8686462813762479E-001                  1.1254252554974558E+000                  1.2759402533294464E+000 
                                     239                  2.9999992188583584E+000                  2.9370962751882013E-001                  5.0018455736390042E+000                 -6.2446766095991642E+000                  6.8964091871872011E+000                  6.9999999999760409E-001                  2.8000000000239617E-001                  1.9999999999999796E-002                  0.0000000000000000E+000                  4.3216328863270128E+008                  4.7241406243219525E+006                  8.3595052565426509E-026                  0.0000000000000000E+000                  0.0000000000000000E+000                  1.5524034915268823E+001                  1.2944899806855452E+009                  4.5464073446136946E-006                  2.6658094741063910E-019                 -2.6711658276851402E+000                  8.8935403286372494E-001                  1.1279146602235561E+000                  1.2784296580555468E+000 
                                     240                  2.9999992169848140E+000                  2.9362128729230413E-001                  5.0062663599234725E+000                 -6.2308908099361009E+000                  6.9146070121377443E+000                  6.9999999999760421E-001                  2.8000000000239611E-001                  1.9999999999999685E-002                  0.0000000000000000E+000                  4.3184703635133827E+008                  4.7487505541352239E+006                  8.6293164601552889E-026                  0.0000000000000000E+000                  0.0000000000000000E+000                  1.5557894136395285E+001                  1.3074239851955924E+009                  4.4767176155343625E-006                  1.6364358939191866E-019                 -2.6745201496904558E+000                  8.9174450719240927E-001                  1.1303051345522404E+000                  1.2808201323842310E+000 
                                     241                  2.9999992151116537E+000                  2.9353567334067260E-001                  5.0105253335605315E+000                 -6.2176670998561585E+000                  6.9320828870131077E+000                  6.9999999999760421E-001                  2.8000000000239605E-001                  1.9999999999999796E-002                  0.0000000000000000E+000                  4.3156807756940222E+008                  4.7725504607829684E+006                  8.8963091827049487E-026                  0.0000000000000000E+000                  0.0000000000000000E+000                  1.5589213126769272E+001                  1.3200010070075529E+009                  4.4122623410484560E-006                 -1.9879354159412340E-019                 -2.6776693367511712E+000                  8.9404386285443338E-001                  1.1326044902142645E+000                  1.2831194880462551E+000 
                                     242                  2.9999992132388749E+000                  2.9345259540384283E-001                  5.0156548875228033E+000                 -6.2018790794929712E+000                  6.9529965325549226E+000                  6.9999999999760421E-001                  2.8000000000239611E-001                  1.9999999999999685E-002                  0.0000000000000000E+000                  4.3128206578222632E+008                  4.8013313749172566E+006                  9.2259211350749719E-026                  0.0000000000000000E+000                  0.0000000000000000E+000                  1.5623730788043867E+001                  1.3322902466318555E+009                  4.3526460520063759E-006                 -2.7733155084610446E-019                 -2.6806233236588772E+000                  8.9625740507810692E-001                  1.1348180324379380E+000                  1.2853330302699286E+000 
                                     243                  2.9999992104297055E+000                  2.9333234295466454E-001                  5.0210234407633054E+000                 -6.1853199107382304E+000                  6.9749185964256331E+000                  6.9999999999760421E-001                  2.8000000000239611E-001                  1.9999999999999685E-002                  0.0000000000000000E+000                  4.3100305161115754E+008                  4.8315645181797706E+006                  9.5847671443199923E-026                  0.0000000000000000E+000                  0.0000000000000000E+000                  1.5663207092105132E+001                  1.3500987024879112E+009                  4.2693006507841064E-006                 -9.0058198159195612E-020                 -2.6848216302135213E+000                  8.9943154986472895E-001                  1.1379921772245600E+000                  1.2885071750565507E+000 
                                     244                  2.9999992080887310E+000                  2.9323580931094939E-001                  5.0266358015394328E+000                 -6.1681957202337596E+000                  6.9976550837393381E+000                  6.9999999999760409E-001                  2.8000000000239611E-001                  1.9999999999999796E-002                  0.0000000000000000E+000                  4.3078489962546599E+008                  4.8633007285990193E+006                  9.9705497032409625E-026                  0.0000000000000000E+000                  0.0000000000000000E+000                  1.5701703339082917E+001                  1.3644343426790609E+009                  4.2043878395943820E-006                  0.0000000000000000E+000                 -2.6881486143491773E+000                  9.0195208914022929E-001                  1.1405127165000604E+000                  1.2910277143320510E+000 
                                     245                  2.9999992048113668E+000                  2.9310578565482903E-001                  5.0324019764012444E+000                 -6.1505753843580919E+000                  7.0210403239365986E+000                  6.9999999999760421E-001                  2.8000000000239605E-001                  1.9999999999999796E-002                  0.0000000000000000E+000                  4.3058955805983233E+008                  4.8960328827793160E+006                  1.0383731414025813E-025                  0.0000000000000000E+000                  0.0000000000000000E+000                  1.5746468486771009E+001                  1.3838062378895562E+009                  4.1192898513642718E-006                  0.0000000000000000E+000                 -2.6925888240485931E+000                  9.0530954019801424E-001                  1.1438701675578453E+000                  1.2943851653898359E+000 
                                     246                  2.9999992020021971E+000                  2.9299868035868237E-001                  5.0374911077798030E+000                 -6.1351238569378692E+000                  7.0415829608707607E+000                  6.9999999999760421E-001                  2.8000000000239605E-001                  1.9999999999999796E-002                  0.0000000000000000E+000                  4.3046639711392242E+008                  4.9250403890088862E+006                  1.0760129316452473E-025                  0.0000000000000000E+000                  0.0000000000000000E+000                  1.5786939308849897E+001                  1.3997568094193549E+009                  4.0500561332511542E-006                 -2.3927906157309495E-019                 -2.6962694787392967E+000                  9.0804340127614336E-001                  1.1466040286359744E+000                  1.2971190264679648E+000 
                                     247                  2.9999991991930286E+000                  2.9289524352143165E-001                  5.0415601291785199E+000                 -6.1227726417941462E+000                  7.0580047730476734E+000                  6.9999999999760421E-001                  2.8000000000239600E-001                  1.9999999999999796E-002                  0.0000000000000000E+000                  4.3038687798068368E+008                  4.9483106621324848E+006                  1.1070796593973236E-025                  0.0000000000000000E+000                  0.0000000000000000E+000                  1.5822359728714961E+001                  1.4151847646543813E+009                  3.9840465625885952E-006                 -9.4699394920138606E-019                 -2.6998377972530445E+000                  9.1065713323553510E-001                  1.1492177605953662E+000                  1.2997327584273568E+000 
                                     248                  2.9999991973202489E+000                  2.9282817966629976E-001                  5.0447251319835456E+000                 -6.1132286519274244E+000                  7.0707170298299484E+000                  6.9999999999760409E-001                  2.8000000000239611E-001                  1.9999999999999796E-002                  0.0000000000000000E+000                  4.3034925645258653E+008                  4.9664643108032336E+006                  1.1316986950176771E-025                  0.0000000000000000E+000                  0.0000000000000000E+000                  1.5849948620003035E+001                  1.4252118735119045E+009                  3.9416602914338926E-006                 -1.4108243238189262E-018                 -2.7021604038680973E+000                  9.1233781263323577E-001                  1.1508984399930668E+000                  1.3014134378250575E+000 
                                     249                  2.9999991954474692E+000                  2.9276254344427294E-001                  5.0485747487959785E+000                 -6.1016911150121622E+000                  7.0861104507875030E+000                  6.9999999999760421E-001                  2.8000000000239611E-001                  1.9999999999999685E-002                  0.0000000000000000E+000                  4.3032998022864056E+008                  4.9886111141211344E+006                  1.1621925401610176E-025                  0.0000000000000000E+000                  0.0000000000000000E+000                  1.5883828024572599E+001                  1.4351031994063404E+009                  3.9009398521013072E-006                 -9.3434818677617041E-019                 -2.7044153729730303E+000                  9.1397186604862757E-001                  1.1525324934084586E+000                  1.3030474912404493E+000 
                                     250                  2.9999991926383003E+000                  2.9266661671482858E-001                  5.0522864376392471E+000                 -6.0905281761872034E+000                  7.1009898008037418E+000                  6.9999999999760421E-001                  2.8000000000239605E-001                  1.9999999999999796E-002                  0.0000000000000000E+000                  4.3031332477585661E+008                  5.0100297862677816E+006                  1.1924785079220704E-025                  0.0000000000000000E+000                  0.0000000000000000E+000                  1.5920685002357921E+001                  1.4495477839233656E+009                  3.8415243775707844E-006                 -2.3135498998948313E-019                 -2.7077482032591753E+000                  9.1634351044368623E-001                  1.1549041378035172E+000                  1.3054191356355078E+000 
                                     251                  2.9999991907655206E+000                  2.9260425430655129E-001                  5.0551812043348718E+000                 -6.0818748035442658E+000                  7.1125433490276526E+000                  6.9999999999760421E-001                  2.8000000000239605E-001                  1.9999999999999796E-002                  0.0000000000000000E+000                  4.3031779726906788E+008                  5.0267867670588717E+006                  1.2164980328767858E-025                  0.0000000000000000E+000                  0.0000000000000000E+000                  1.5949653342753351E+001                  1.4589307259524555E+009                  3.8029238052779355E-006                  0.0000000000000000E+000                 -2.7099411879750979E+000                  9.1787486260434514E-001                  1.1564354899641762E+000                  1.3069504877961668E+000 
                                     252                  2.9999991888927413E+000                  2.9254309609362994E-001                  5.0580074367683610E+000                 -6.0734465846834098E+000                  7.1238037455314123E+000                  6.9999999999760409E-001                  2.8000000000239611E-001                  1.9999999999999796E-002                  0.0000000000000000E+000                  4.3033105806677175E+008                  5.0431916895601256E+006                  1.2403578068073673E-025                  0.0000000000000000E+000                  0.0000000000000000E+000                  1.5978806666017032E+001                  1.4681746240041573E+009                  3.7655574827741154E-006                  0.0000000000000000E+000                 -2.7120853591646270E+000                  9.1936857579788323E-001                  1.1579292031577142E+000                  1.3084442009897048E+000 
                                     253                  2.9999991870199616E+000                  2.9248308820906715E-001                  5.0621422016468394E+000                 -6.0612233163936491E+000                  7.1401740248647894E+000                  6.9999999999760409E-001                  2.8000000000239611E-001                  1.9999999999999796E-002                  0.0000000000000000E+000                  4.3038048443125582E+008                  5.0672798662929861E+006                  1.2757954392771842E-025                  0.0000000000000000E+000                  0.0000000000000000E+000                  1.6020438333935694E+001                  1.4773063955186431E+009                  3.7295946521141749E-006                  0.0000000000000000E+000                 -2.7141691832801222E+000                  9.2082641503294937E-001                  1.1593870423927806E+000                  1.3099020402247712E+000 
                                     254                  2.9999991832744022E+000                  2.9236633194719880E-001                  5.0661072395666027E+000                 -6.0494046575382727E+000                  7.1559662614008444E+000                  6.9999999999760409E-001                  2.8000000000239611E-001                  1.9999999999999796E-002                  0.0000000000000000E+000                  4.3041276852814448E+008                  5.0904679828290707E+006                  1.3110229174217866E-025                  0.0000000000000000E+000                  0.0000000000000000E+000                  1.6066117485461440E+001                  1.4950241462229831E+009                  3.6601262145054118E-006                  0.0000000000000000E+000                 -2.7182519691445801E+000                  9.2364457003913003E-001                  1.1622051973989611E+000                  1.3127201952309517E+000 
                                     255                  2.9999991814016229E+000                  2.9230948699073078E-001                  5.0699754331727407E+000                 -6.0380407774192424E+000                  7.1712121790469299E+000                  6.9999999999760409E-001                  2.8000000000239611E-001                  1.9999999999999796E-002                  0.0000000000000000E+000                  4.3048374494815344E+008                  5.1131962552883765E+006                  1.3458122315757655E-025                  0.0000000000000000E+000                  0.0000000000000000E+000                  1.6107298236783876E+001                  1.5036671108530235E+009                  3.6268908352627427E-006                  0.0000000000000000E+000                 -2.7202327579633652E+000                  9.2500722484088360E-001                  1.1635678522007147E+000                  1.3140828500327053E+000 
                                     256                  2.9999991776560635E+000                  2.9219866918665527E-001                  5.0749277066533729E+000                 -6.0234608005319581E+000                  7.1907611441401507E+000                  6.9999999999760409E-001                  2.8000000000239611E-001                  1.9999999999999796E-002                  0.0000000000000000E+000                  4.3056975620462310E+008                  5.1424390210021995E+006                  1.3918033252119233E-025                  0.0000000000000000E+000                  0.0000000000000000E+000                  1.6163661086224632E+001                  1.5206344530484047E+009                  3.5642847128563608E-006                  0.0000000000000000E+000                 -2.7240138060375867E+000                  9.2764702879222771E-001                  1.1662076561520587E+000                  1.3167226539840493E+000 
                                     257                  2.9999991739105045E+000                  2.9209142922487652E-001                  5.0785004031613461E+000                 -6.0129262472087097E+000                  7.2048799398108088E+000                  6.9999999999760409E-001                  2.8000000000239611E-001                  1.9999999999999796E-002                  0.0000000000000000E+000                  4.3062751228644663E+008                  5.1636431132539278E+006                  1.4260089803370744E-025                  0.0000000000000000E+000                  0.0000000000000000E+000                  1.6206529550401644E+001                  1.5369439499438732E+009                  3.5043858143604471E-006                  0.0000000000000000E+000                 -2.7276940431720882E+000                  9.3018304258405382E-001                  1.1687436699438849E+000                  1.3192586677758755E+000 
                                     258                  2.9999991720377248E+000                  2.9203906538154534E-001                  5.0808330260992607E+000                 -6.0060999509420192E+000                  7.2140481258782323E+000                  6.9999999999760409E-001                  2.8000000000239611E-001                  1.9999999999999796E-002                  0.0000000000000000E+000                  4.3067527761827344E+008                  5.1775424777573012E+006                  1.4486217272234877E-025                  0.0000000000000000E+000                  0.0000000000000000E+000                  1.6233829189151312E+001                  1.5449245587570691E+009                  3.4757930518978051E-006                  0.0000000000000000E+000                 -2.7294730446350433E+000                  9.3141439745696886E-001                  1.1699750248167999E+000                  1.3204900226487906E+000 
                                     259                  2.9999991701649455E+000                  2.9198749965835358E-001                  5.0836916656173257E+000                 -5.9977713544671447E+000                  7.2252479631483917E+000                  6.9999999999760409E-001                  2.8000000000239617E-001                  1.9999999999999796E-002                  0.0000000000000000E+000                  4.3073998716577232E+008                  5.1946363029075153E+006                  1.4766974130605266E-025                  0.0000000000000000E+000                  0.0000000000000000E+000                  1.6267534442902100E+001                  1.5528458068391371E+009                  3.4483331772717947E-006                 -1.4555524165012748E-019                 -2.7311953896864072E+000                  9.3262245366639585E-001                  1.1711830810262269E+000                  1.3216980788582176E+000 
                                     260                  2.9999991673557762E+000                  2.9191158686181101E-001                  5.0870296942429603E+000                 -5.9880457492370782E+000                  7.2383263186234874E+000                  6.9999999999760409E-001                  2.8000000000239611E-001                  1.9999999999999796E-002                  0.0000000000000000E+000                  4.3081222672072446E+008                  5.2146788529628683E+006                  1.5101721844398311E-025                  0.0000000000000000E+000                  0.0000000000000000E+000                  1.6309483034633161E+001                  1.5645235514371533E+009                  3.4081923718009524E-006                 -5.7813406978456420E-019                 -2.7337379499612147E+000                  9.3439370116915188E-001                  1.1729543285289830E+000                  1.3234693263609736E+000 
                                     261                  2.9999991645466069E+000                  2.9183731665039730E-001                  5.0918938882722813E+000                 -5.9740160144278684E+000                  7.2572464564885433E+000                  6.9999999999760398E-001                  2.8000000000239617E-001                  1.9999999999999796E-002                  0.0000000000000000E+000                  4.3094057724864376E+008                  5.2440580040165838E+006                  1.5598034255787894E-025                  0.0000000000000000E+000                  0.0000000000000000E+000                  1.6372133197909989E+001                  1.5760121281912186E+009                  3.3692092375559588E-006                 -8.6129607994440128E-019                 -2.7362360086242754E+000                  9.3611820739386131E-001                  1.1746788347536925E+000                  1.3251938325856831E+000 
                                     262                  2.9999991589282682E+000                  2.9169338967341296E-001                  5.0970428024193559E+000                 -5.9590645977154999E+000                  7.2773712084804281E+000                  6.9999999999760398E-001                  2.8000000000239611E-001                  1.9999999999999907E-002                  0.0000000000000000E+000                  4.3104166989514267E+008                  5.2753690825620694E+006                  1.6144927349955572E-025                  0.0000000000000000E+000                  0.0000000000000000E+000                  1.6451997884439006E+001                  1.5982489076443632E+009                  3.2925870993114590E-006                 -5.6669808141465988E-019                 -2.7412313638778465E+000                  9.3944028712763272E-001                  1.1780009144874637E+000                  1.3285159123194543E+000 
                                     263                  2.9999991551827088E+000                  2.9160060962412848E-001                  5.1010256672056933E+000                 -5.9476026009530241E+000                  7.2928384039409968E+000                  6.9999999999760398E-001                  2.8000000000239611E-001                  1.9999999999999907E-002                  0.0000000000000000E+000                  4.3113119443688250E+008                  5.2997576037337929E+006                  1.6577140424998434E-025                  0.0000000000000000E+000                  0.0000000000000000E+000                  1.6519063664400068E+001                  1.6125452186275070E+009                  3.2416700200216916E-006                 -1.4048749431669215E-019                 -2.7446155977322442E+000                  9.4156809960140597E-001                  1.1801287269612371E+000                  1.3306437247932277E+000 
                                     264                  2.9999991514371498E+000                  2.9151018902018500E-001                  5.1048865652163995E+000                 -5.9365392706519255E+000                  7.3077858654496417E+000                  6.9999999999760409E-001                  2.8000000000239611E-001                  1.9999999999999796E-002                  0.0000000000000000E+000                  4.3121801640940291E+008                  5.3235403393412624E+006                  1.7005296713393459E-025                  0.0000000000000000E+000                  0.0000000000000000E+000                  1.6590283835926879E+001                  1.6265737578506622E+009                  3.1913097275432502E-006                  0.0000000000000000E+000                 -2.7480155219967508E+000                  9.4363230338793547E-001                  1.1821929307477665E+000                  1.3327079285797572E+000 
                                     265                  2.9999991476915904E+000                  2.9142198832555366E-001                  5.1095656140512524E+000                 -5.9232472974437949E+000                  7.3257888852449335E+000                  6.9999999999760398E-001                  2.8000000000239617E-001                  1.9999999999999796E-002                  0.0000000000000000E+000                  4.3133525610348290E+008                  5.3525523262147615E+006                  1.7534359780715861E-025                  0.0000000000000000E+000                  0.0000000000000000E+000                  1.6681624536475137E+001                  1.6403467002115121E+009                  3.1417217623158542E-006                  0.0000000000000000E+000                 -2.7514161398264951E+000                  9.4563737599865383E-001                  1.1841980033584849E+000                  1.3347130011904755E+000 
                                     266                  2.9999991420732517E+000                  2.9129357910829812E-001                  5.1149510125215905E+000                 -5.9079842299340886E+000                  7.3464753156193625E+000                  6.9999999999760398E-001                  2.8000000000239617E-001                  1.9999999999999796E-002                  0.0000000000000000E+000                  4.3146070632798690E+008                  5.3861913835604033E+006                  1.8162222887690832E-025                  0.0000000000000000E+000                  0.0000000000000000E+000                  1.6795237960116271E+001                  1.6604751023632903E+009                  3.0695843770404888E-006                  0.0000000000000000E+000                 -2.7564602120948574E+000                  9.4854302899937915E-001                  1.1871036563592101E+000                  1.3376186541912007E+000 
                                     267                  2.9999991364549130E+000                  2.9116949622680821E-001                  5.1192642220029931E+000                 -5.8957939034186113E+000                  7.3630103361878838E+000                  6.9999999999760398E-001                  2.8000000000239611E-001                  1.9999999999999907E-002                  0.0000000000000000E+000                  4.3155562377659416E+008                  5.4133243730701078E+006                  1.8679804388265215E-025                  0.0000000000000000E+000                  0.0000000000000000E+000                  1.6890583471247584E+001                  1.6798904441446331E+009                  3.0004597019212217E-006                 -1.8294680804441627E-019                 -2.7614061008546695E+000                  9.5133608844559936E-001                  1.1898967158054303E+000                  1.3404117136374210E+000 
                                     268                  2.9999991327093536E+000                  2.9108900711215624E-001                  5.1226223729557923E+000                 -5.8863805886071017E+000                  7.3758088758204350E+000                  6.9999999999760409E-001                  2.8000000000239611E-001                  1.9999999999999796E-002                  0.0000000000000000E+000                  4.3163866470962083E+008                  5.4345714641261306E+006                  1.9089554748231597E-025                  0.0000000000000000E+000                  0.0000000000000000E+000                  1.6964432435919996E+001                  1.6925353430237260E+009                  2.9568807164179230E-006                 -7.2667161062866553E-019                 -2.7645830975012933E+000                  9.5313962973511934E-001                  1.1917002570949502E+000                  1.3422152549269410E+000 
                                     269                  2.9999991289637946E+000                  2.9101020047794657E-001                  5.1263033157453810E+000                 -5.8761217432092696E+000                  7.3897802839683280E+000                  6.9999999999760398E-001                  2.8000000000239611E-001                  1.9999999999999907E-002                  0.0000000000000000E+000                  4.3173565634908748E+008                  5.4579803854416795E+006                  1.9546357674784673E-025                  0.0000000000000000E+000                  0.0000000000000000E+000                  1.7044630808590476E+001                  1.7050092645725133E+009                  2.9159348871505893E-006                 -9.4774939230177995E-019                 -2.7676110890225258E+000                  9.5489884994929031E-001                  1.1934594773091214E+000                  1.3439744751411120E+000 
                                     270                  2.9999991242818456E+000                  2.9091393367377227E-001                  5.1310588828351893E+000                 -5.8629494958669808E+000                  7.4077516195219415E+000                  6.9999999999760398E-001                  2.8000000000239611E-001                  1.9999999999999907E-002                  0.0000000000000000E+000                  4.3187008845759642E+008                  5.4884028326001726E+006                  2.0148961138291652E-025                  0.0000000000000000E+000                  0.0000000000000000E+000                  1.7147300371737494E+001                  1.7203337125232882E+009                  2.8681332845477857E-006                 -1.8080658024648369E-019                 -2.7712003352541008E+000                  9.5703863139120160E-001                  1.1955992587510327E+000                  1.3461142565830233E+000 
                                     271                  2.9999991177271168E+000                  2.9078308388950058E-001                  5.1360059829758100E+000                 -5.8492552892534357E+000                  7.4264383915658740E+000                  6.9999999999760409E-001                  2.8000000000239611E-001                  1.9999999999999796E-002                  0.0000000000000000E+000                  4.3200410101276833E+008                  5.5202515786271505E+006                  2.0795159077496294E-025                  0.0000000000000000E+000                  0.0000000000000000E+000                  1.7258258489327392E+001                  1.7411773624312012E+009                  2.8054178000917591E-006                  7.7120467724081540E-019                 -2.7760012258915170E+000                  9.5993092355079790E-001                  1.1984915509106291E+000                  1.3490065487426197E+000 
                                     272                  2.9999991121087781E+000                  2.9067431831895851E-001                  5.1404161881192056E+000                 -5.8371288189732979E+000                  7.4430182589249174E+000                  6.9999999999760398E-001                  2.8000000000239611E-001                  1.9999999999999907E-002                  0.0000000000000000E+000                  4.3213722257157141E+008                  5.5488164932661708E+006                  2.1384669325264913E-025                  0.0000000000000000E+000                  0.0000000000000000E+000                  1.7360427404211478E+001                  1.7585189401853373E+009                  2.7542340578182305E-006                  1.1368445931821586E-018                 -2.7799995778457172E+000                  9.6231987038586886E-001                  1.2008804977456999E+000                  1.3513954955776906E+000 
                                     273                  2.9999991064904390E+000                  2.9056846928603580E-001                  5.1446830775553387E+000                 -5.8254539550520397E+000                  7.4590036648051825E+000                  6.9999999999760409E-001                  2.8000000000239611E-001                  1.9999999999999796E-002                  0.0000000000000000E+000                  4.3227685613555694E+008                  5.5766018518845327E+006                  2.1968018799550311E-025                  0.0000000000000000E+000                  0.0000000000000000E+000                  1.7464705005033000E+001                  1.7754761583685546E+009                  2.7047088551289719E-006                  8.7896265633461793E-019                 -2.7839397385533919E+000                  9.6463101174722465E-001                  1.2031916391070558E+000                  1.3537066369390465E+000 
                                     274                  2.9999991008721008E+000                  2.9046535342361163E-001                  5.1481307676526660E+000                 -5.8160395242813605E+000                  7.4719016462000569E+000                  6.9999999999760409E-001                  2.8000000000239611E-001                  1.9999999999999796E-002                  0.0000000000000000E+000                  4.3239375527783561E+008                  5.5991549957735883E+006                  2.2449999235902210E-025                  0.0000000000000000E+000                  0.0000000000000000E+000                  1.7554932421502134E+001                  1.7920128552523370E+009                  2.6557878006134241E-006                 -3.9460624864252903E-020                 -2.7879033141821798E+000                  9.6686997075351033E-001                  1.2054305981133413E+000                  1.3559455959453319E+000 
                                     275                  2.9999990971265413E+000                  2.9039804406818348E-001                  5.1521751144280952E+000                 -5.8051330532956467E+000                  7.4868991461616865E+000                  6.9999999999760398E-001                  2.8000000000239617E-001                  1.9999999999999796E-002                  0.0000000000000000E+000                  4.3256246860612988E+008                  5.6257341564938352E+006                  2.3021610546052981E-025                  0.0000000000000000E+000                  0.0000000000000000E+000                  1.7664991515734766E+001                  1.8028908160778279E+009                  2.6233582811246527E-006                 -8.0723662602173055E-019                 -2.7905711961288526E+000                  9.6832422664201323E-001                  1.2068848540018442E+000                  1.3573998518338350E+000 
                                     276                  2.9999990896354234E+000                  2.9026667383682858E-001                  5.1573692127736264E+000                 -5.7911412678703238E+000                  7.5061454451364069E+000                  6.9999999999760409E-001                  2.8000000000239617E-001                  1.9999999999999796E-002                  0.0000000000000000E+000                  4.3278692290692216E+008                  5.6600420176418368E+006                  2.3776300177518823E-025                  0.0000000000000000E+000                  0.0000000000000000E+000                  1.7819956711187416E+001                  1.8242498169642231E+009                  2.5586439382227971E-006                 -6.3113374606789012E-019                 -2.7959950732393168E+000                  9.7114788946227704E-001                  1.2097085168221080E+000                  1.3602235146540986E+000 
                                     277                  2.9999990821443050E+000                  2.9013935483823911E-001                  5.1611288546702223E+000                 -5.7810343850257082E+000                  7.5200563738313360E+000                  6.9999999999760398E-001                  2.8000000000239617E-001                  1.9999999999999796E-002                  0.0000000000000000E+000                  4.3295877517153329E+008                  5.6849927006371245E+006                  2.4336798774795100E-025                  0.0000000000000000E+000                  0.0000000000000000E+000                  1.7940054704501932E+001                  1.8448708345132005E+009                  2.4941279828131140E-006                 -1.5615925794728433E-019                 -2.8015406325250840E+000                  9.7386786375018941E-001                  1.2124284911100205E+000                  1.3629434889420111E+000 
                                     278                  2.9999990783987456E+000                  2.9007711898063165E-001                  5.1648114891678985E+000                 -5.7712786908998828E+000                  7.5335431249264913E+000                  6.9999999999760398E-001                  2.8000000000239617E-001                  1.9999999999999796E-002                  0.0000000000000000E+000                  4.3316431657394773E+008                  5.7095361568782879E+006                  2.4890358178322542E-025                  0.0000000000000000E+000                  0.0000000000000000E+000                  1.8058650005521987E+001                  1.8550354557790680E+009                  2.4625753270444539E-006                  2.1908996305899757E-019                 -2.8043052380559064E+000                  9.7519045322064313E-001                  1.2137510805804741E+000                  1.3642660784124649E+000 
                                     279                  2.9999990709076272E+000                  2.8995533476574314E-001                  5.1683789344718312E+000                 -5.7617970047209619E+000                  7.5466380981641148E+000                  6.9999999999760409E-001                  2.8000000000239617E-001                  1.9999999999999796E-002                  0.0000000000000000E+000                  4.3336169506648147E+008                  5.7333952669102130E+006                  2.5440440368495293E-025                  0.0000000000000000E+000                  0.0000000000000000E+000                  1.8179324533853265E+001                  1.8750090583083935E+009                  2.4012906218126938E-006                  8.6786718917530055E-019                 -2.8097776376283989E+000                  9.7776682834187612E-001                  1.2163274557017072E+000                  1.3668424535336978E+000 
                                     280                  2.9999990671620682E+000                  2.8989572033152494E-001                  5.1712964179672598E+000                 -5.7541305310473190E+000                  7.5572625790909660E+000                  6.9999999999760387E-001                  2.8000000000239617E-001                  2.0000000000000018E-002                  0.0000000000000000E+000                  4.3354694862901479E+008                  5.7529772588109188E+006                  2.5894094361024568E-025                  0.0000000000000000E+000                  0.0000000000000000E+000                  1.8277763322668378E+001                  1.8848030508855677E+009                  2.3716147201949992E-006                  1.2956447487160878E-018                 -2.8124779313646622E+000                  9.7902220484293723E-001                  1.2175828322027682E+000                  1.3680978300347588E+000 
                                     281                  2.9999990615437291E+000                  2.8980781858937077E-001                  5.1747145200209621E+000                 -5.7451714972863996E+000                  7.5696880149649903E+000                  6.9999999999760398E-001                  2.8000000000239622E-001                  1.9999999999999796E-002                  0.0000000000000000E+000                  4.3377429671568221E+008                  5.7759922598122647E+006                  2.6434501093035486E-025                  0.0000000000000000E+000                  0.0000000000000000E+000                  1.8394768631491857E+001                  1.8993479496310663E+009                  2.3288764203295698E-006                  8.5779263705090257E-019                 -2.8164267781441863E+000                  9.8086580281969682E-001                  1.2194264301795279E+000                  1.3699414280115185E+000 
                                     282                  2.9999990559253904E+000                  2.8972165980954767E-001                  5.1786051088007303E+000                 -5.7350478560643232E+000                  7.5837598340670587E+000                  6.9999999999760398E-001                  2.8000000000239617E-001                  1.9999999999999796E-002                  0.0000000000000000E+000                  4.3405704041215056E+008                  5.8022872011850700E+006                  2.7058750249484837E-025                  0.0000000000000000E+000                  0.0000000000000000E+000                  1.8527621469483634E+001                  1.9136527984523418E+009                  2.2881269447913008E-006                  2.1300441605160273E-019                 -2.8202599423230290E+000                  9.8266457443498056E-001                  1.2212252017948115E+000                  1.3717401996268024E+000 
                                     283                  2.9999990484342725E+000                  2.8960935138589305E-001                  5.1829175185009735E+000                 -5.7238669430066675E+000                  7.5993184858493201E+000                  6.9999999999760409E-001                  2.8000000000239617E-001                  1.9999999999999796E-002                  0.0000000000000000E+000                  4.3438939384566814E+008                  5.8315501371477442E+006                  2.7765349947150764E-025                  0.0000000000000000E+000                  0.0000000000000000E+000                  1.8674978353943462E+001                  1.9323696294155610E+009                  2.2370822336326396E-006                 -1.3716974588175202E-019                 -2.8251590256189916E+000                  9.8499676636449796E-001                  1.2235573937243291E+000                  1.3740723915563198E+000 
                                     284                  2.9999990409431541E+000                  2.8949981354192467E-001                  5.1871008377440573E+000                 -5.7130804499160428E+000                  7.6143538734188754E+000                  6.9999999999760409E-001                  2.8000000000239617E-001                  1.9999999999999796E-002                  0.0000000000000000E+000                  4.3473551514992845E+008                  5.8600566318299901E+006                  2.8464516627013834E-025                  0.0000000000000000E+000                  0.0000000000000000E+000                  1.8815979733499180E+001                  1.9506633828430676E+009                  2.1897175725416583E-006                 -5.4405673255813948E-019                 -2.8298059481955615E+000                  9.8725751694715624E-001                  1.2258181443069871E+000                  1.3763331421389777E+000 
                                     285                  2.9999990334520366E+000                  2.8939288284467968E-001                  5.1916666929218227E+000                 -5.7013901198352892E+000                  7.6306846889002928E+000                  6.9999999999760398E-001                  2.8000000000239617E-001                  1.9999999999999796E-002                  0.0000000000000000E+000                  4.3514354995971364E+008                  5.8913069560131561E+006                  2.9242176661407555E-025                  0.0000000000000000E+000                  0.0000000000000000E+000                  1.8965483763854664E+001                  1.9686150833181207E+009                  2.1464444766561429E-006                 -8.0943661157332165E-019                 -2.8341401705952363E+000                  9.8945016816405640E-001                  1.2280107955238875E+000                  1.3785257933558781E+000 
                                     286                  2.9999990240881385E+000                  2.8926266281112262E-001                  5.1955877138059190E+000                 -5.6913404235749274E+000                  7.6447192943220905E+000                  6.9999999999760398E-001                  2.8000000000239622E-001                  1.9999999999999796E-002                  0.0000000000000000E+000                  4.3550095890317798E+008                  5.9182522782812752E+006                  2.9927671584338247E-025                  0.0000000000000000E+000                  0.0000000000000000E+000                  1.9091637356294775E+001                  1.9904797448264976E+009                  2.0974164812764521E-006                 -5.3431678487227205E-019                 -2.8391576618391254E+000                  9.9210181323064306E-001                  1.2306624405904740E+000                  1.3811774384224649E+000 
                                     287                  2.9999990184697993E+000                  2.8918626352586124E-001                  5.1989406919640668E+000                 -5.6828236964753884E+000                  7.6566464862237504E+000                  6.9999999999760398E-001                  2.8000000000239622E-001                  1.9999999999999796E-002                  0.0000000000000000E+000                  4.3583133834280491E+008                  5.9413815015935441E+006                  3.0521175068262971E-025                  0.0000000000000000E+000                  0.0000000000000000E+000                  1.9193942110980576E+001                  2.0033407234334042E+009                  2.0708891996230447E-006                 -1.3281350828389118E-019                 -2.8419215684382522E+000                  9.9364713108502656E-001                  1.2322077584448576E+000                  1.3827227562768483E+000 
                                     288                  2.9999990109786809E+000                  2.8908631513118749E-001                  5.2026689041034793E+000                 -5.6733626324439541E+000                  7.6699001609673374E+000                  6.9999999999760398E-001                  2.8000000000239622E-001                  1.9999999999999796E-002                  0.0000000000000000E+000                  4.3620821382257611E+008                  5.9671881540872073E+006                  3.1194305797322629E-025                  0.0000000000000000E+000                  0.0000000000000000E+000                  1.9303438293226620E+001                  2.0202502496996138E+009                  2.0391751276500952E-006                  0.0000000000000000E+000                 -2.8452727373546707E+000                  9.9565641660657689E-001                  1.2342170439664080E+000                  1.3847320417983986E+000 
                                     289                  2.9999990034875625E+000                  2.8898845372000098E-001                  5.2082160048179542E+000                 -5.6594316965382161E+000                  7.6894795719519369E+000                  6.9999999999760398E-001                  2.8000000000239622E-001                  1.9999999999999796E-002                  0.0000000000000000E+000                  4.3681684027467883E+008                  6.0057742721441127E+006                  3.2212592295732023E-025                  0.0000000000000000E+000                  0.0000000000000000E+000                  1.9453966715030056E+001                  2.0369089340085709E+009                  2.0113622306739633E-006                  0.0000000000000000E+000                 -2.8482548546527862E+000                  9.9760946471087386E-001                  1.2361700920707048E+000                  1.3866850899026955E+000 
                                     290                  2.9999989880127007E+000                  2.8879247839200178E-001                  5.2136004429298586E+000                 -5.6457476005444205E+000                  7.7086411723041097E+000                  6.9999999999760398E-001                  2.8000000000239622E-001                  1.9999999999999796E-002                  0.0000000000000000E+000                  4.3738333848660660E+008                  6.0434234702560026E+006                  3.3245214869267369E-025                  0.0000000000000000E+000                  0.0000000000000000E+000                  1.9599411994789765E+001                  2.0701271825231609E+009                  1.9612645566283688E-006                  0.0000000000000000E+000                 -2.8537319100161005E+000                  1.0014819053593915E+000                  1.2400425327192226E+000                  1.3905575305512132E+000 
                                     291                  2.9999989800289568E+000                  2.8869440793449341E-001                  5.2171590251176605E+000                 -5.6367843420682888E+000                  7.7212276564001181E+000                  6.9999999999760398E-001                  2.8000000000239622E-001                  1.9999999999999796E-002                  0.0000000000000000E+000                  4.3778329484309113E+008                  6.0684296626295280E+006                  3.3939485625839530E-025                  0.0000000000000000E+000                  0.0000000000000000E+000                  1.9690273892326438E+001                  2.0866659760256846E+009                  1.9382503923607121E-006                  0.0000000000000000E+000                 -2.8562950597220302E+000                  1.0033993184944139E+000                  1.2419599458542450E+000                  1.3924749436862356E+000 
                                     292                  2.9999989720452134E+000                  2.8859827631776197E-001                  5.2214845844613134E+000                 -5.6259404900289560E+000                  7.7364777865104593E+000                  6.9999999999760398E-001                  2.8000000000239622E-001                  1.9999999999999796E-002                  0.0000000000000000E+000                  4.3828787994042212E+008                  6.0989587283841493E+006                  3.4798845361887450E-025                  0.0000000000000000E+000                  0.0000000000000000E+000                  1.9797311862030618E+001                  2.1030238035300765E+009                  1.9177294573210618E-006                  0.0000000000000000E+000                 -2.8586063303553519E+000                  1.0052642339326108E+000                  1.2438248612924419E+000                  1.3943398591244325E+000 
                                     293                  2.9999989600695973E+000                  2.8845751965009719E-001                  5.2264803951643586E+000                 -5.6133861978257551E+000                  7.7541204389515155E+000                  6.9999999999760398E-001                  2.8000000000239628E-001                  1.9999999999999796E-002                  0.0000000000000000E+000                  4.3887033262375015E+008                  6.1343974131007157E+006                  3.5820989346367688E-025                  0.0000000000000000E+000                  0.0000000000000000E+000                  1.9921069064087526E+001                  2.1269779145466111E+009                  1.8893596772769787E-006                  0.0000000000000000E+000                 -2.8618426787978799E+000                  1.0079712300439845E+000                  1.2465318574038156E+000                  1.3970468552358062E+000 
                                     294                  2.9999989480939822E+000                  2.8832064244266759E-001                  5.2304928545960401E+000                 -5.6032811613668994E+000                  7.7683117879228103E+000                  6.9999999999760398E-001                  2.8000000000239622E-001                  1.9999999999999796E-002                  0.0000000000000000E+000                  4.3933642535307086E+008                  6.1630057648959244E+006                  3.6665503731818221E-025                  0.0000000000000000E+000                  0.0000000000000000E+000                  2.0020490347308858E+001                  2.1501478728529105E+009                  1.8627854112350005E-006                  0.0000000000000000E+000                 -2.8649185859936992E+000                  1.0105779191269280E+000                  1.2491385464867590E+000                  1.3996535443187497E+000 
                                     295                  2.9999989401102383E+000                  2.8823142002249347E-001                  5.2336222320345005E+000                 -5.5954321831193505E+000                  7.7793491134628701E+000                  6.9999999999760398E-001                  2.8000000000239622E-001                  1.9999999999999796E-002                  0.0000000000000000E+000                  4.3970891633506006E+008                  6.1854154810031205E+006                  3.7335196237655563E-025                  0.0000000000000000E+000                  0.0000000000000000E+000                  2.0095362981702841E+001                  2.1652525609805069E+009                  1.8464415899211077E-006                  0.0000000000000000E+000                 -2.8668322131037600E+000                  1.0122631467280672E+000                  1.2508237740878982E+000                  1.4013387719198889E+000 
                                     296                  2.9999989321264948E+000                  2.8814374207554211E-001                  5.2381964659981053E+000                 -5.5840358074400074E+000                  7.7954090612046940E+000                  6.9999999999760398E-001                  2.8000000000239628E-001                  1.9999999999999796E-002                  0.0000000000000000E+000                  4.4027253277570570E+008                  6.2183340930002928E+006                  3.8329410641473249E-025                  0.0000000000000000E+000                  0.0000000000000000E+000                  2.0197816277049796E+001                  2.1802058700208850E+009                  1.8319934891609195E-006                  0.0000000000000000E+000                 -2.8685380370662101E+000                  1.0139080128989060E+000                  1.2524686402587371E+000                  1.4029836380907277E+000 
                                     297                  2.9999989161590070E+000                  2.8797277521355025E-001                  5.2433017475482249E+000                 -5.5711933977302834E+000                  7.8134523896689529E+000                  6.9999999999760398E-001                  2.8000000000239622E-001                  1.9999999999999796E-002                  0.0000000000000000E+000                  4.4086998646553379E+008                  6.2552884214488836E+006                  3.9481563969997603E-025                  0.0000000000000000E+000                  0.0000000000000000E+000                  2.0307544180093611E+001                  2.2092700911872249E+009                  1.8070898345987674E-006                  9.3070949906837325E-020                 -2.8715101285616043E+000                  1.0170867190479953E+000                  1.2556473464078266E+000                  1.4061623442398172E+000 
                                     298                  2.9999989041833919E+000                  2.8784815910635603E-001                  5.2489260807737752E+000                 -5.5571630110993828E+000                  7.8332173824167191E+000                  6.9999999999760398E-001                  2.8000000000239622E-001                  1.9999999999999796E-002                  0.0000000000000000E+000                  4.4155339845568568E+008                  6.2962943955418281E+006                  4.0779950560157002E-025                  0.0000000000000000E+000                  0.0000000000000000E+000                  2.0409179602023020E+001                  2.2304187180863304E+009                  1.7924485276611216E-006                  3.6920389577756646E-019                 -2.8732766533875997E+000                  1.0193786127644946E+000                  1.2579392401243257E+000                  1.4084542379563163E+000 
                                     299                  2.9999988842240319E+000                  2.8764684165567178E-001                  5.2549255029746913E+000                 -5.5420251073577411E+000                  7.8544665312325801E+000                  6.9999999999760409E-001                  2.8000000000239622E-001                  1.9999999999999685E-002                  0.0000000000000000E+000                  4.4223412335714412E+008                  6.3403515836018687E+006                  4.2228794909648113E-025                  0.0000000000000000E+000                  0.0000000000000000E+000                  2.0501393384232905E+001                  2.2645063542535825E+009                  1.7759327975180361E-006                  5.4653286318010116E-019                 -2.8752867361197230E+000                  1.0230363139707530E+000                  1.2615969413305841E+000                  1.4121119391625749E+000 
                                     300                  2.9999988682565450E+000                  2.8749111280120210E-001                  5.2594660185970969E+000                 -5.5305404918762076E+000                  7.8705756154523279E+000                  6.9999999999760398E-001                  2.8000000000239633E-001                  1.9999999999999685E-002                  0.0000000000000000E+000                  4.4273714048278981E+008                  6.3739257642147252E+006                  4.3362254838605824E-025                  0.0000000000000000E+000                  0.0000000000000000E+000                  2.0556168207127389E+001                  2.2906147545584717E+009                  1.7679690107675487E-006                  3.6069791556361044E-019                 -2.8762626758183170E+000                  1.0258268140468831E+000                  1.2643874414067142E+000                  1.4149024392387048E+000 
                                     301                  2.9999988558326720E+000                  2.8737299491762835E-001                  5.2633088723579800E+000                 -5.5208156164576341E+000                  7.8842144480898382E+000                  6.9999999999760398E-001                  2.8000000000239633E-001                  1.9999999999999685E-002                  0.0000000000000000E+000                  4.4315751992872202E+008                  6.4025004678236451E+006                  4.4345814294910192E-025                  0.0000000000000000E+000                  0.0000000000000000E+000                  2.0592162943490507E+001                  2.3103973261548109E+009                  1.7652946887927433E-006                  8.9497121835592769E-020                 -2.8765913927206053E+000                  1.0279195273261670E+000                  1.2664801546859983E+000                  1.4169951525179889E+000 
                                     302                  2.9999988434087994E+000                  2.8725739930471211E-001                  5.2679548339650655E+000                 -5.5090633644956890E+000                  7.9006990942668027E+000                  6.9999999999760398E-001                  2.8000000000239633E-001                  1.9999999999999685E-002                  0.0000000000000000E+000                  4.4366285304980695E+008                  6.4372413072628770E+006                  4.5564261706213110E-025                  0.0000000000000000E+000                  0.0000000000000000E+000                  2.0622906422425007E+001                  2.3297865993566699E+009                  1.7654173827940585E-006                  0.0000000000000000E+000                 -2.8765763007712546E+000                  1.0299469406108233E+000                  1.2685075679706543E+000                  1.4190225658026450E+000 
                                     303                  2.9999988247729910E+000                  2.8708846916755981E-001                  5.2737191968141062E+000                 -5.4943644718616058E+000                  7.9212655122949629E+000                  6.9999999999760398E-001                  2.8000000000239628E-001                  1.9999999999999796E-002                  0.0000000000000000E+000                  4.4425611593267256E+008                  6.4806213808979439E+006                  4.7135479231107271E-025                  0.0000000000000000E+000                  0.0000000000000000E+000                  2.0646479319979790E+001                  2.3580231178916860E+009                  1.7689386683346017E-006                  0.0000000000000000E+000                 -2.8761436122239390E+000                  1.0328731241479758E+000                  1.2714337515078069E+000                  1.4219487493397978E+000 
                                     304                  2.9999988030312137E+000                  2.8689770598255221E-001                  5.2796087046506610E+000                 -5.4792075194445182E+000                  7.9424124454812466E+000                  6.9999999999760398E-001                  2.8000000000239633E-001                  1.9999999999999685E-002                  0.0000000000000000E+000                  4.4482500440059996E+008                  6.5252501783273444E+006                  4.8812469579157637E-025                  0.0000000000000000E+000                  0.0000000000000000E+000                  2.0654780489035470E+001                  2.3895947418824301E+009                  1.7758641053642078E-006                  0.0000000000000000E+000                 -2.8752951354241247E+000                  1.0361248852445135E+000                  1.2746855126043446E+000                  1.4252005104363352E+000 
                                     305                  2.9999987812894364E+000                  2.8671324672845172E-001                  5.2840119359559452E+000                 -5.4677320258349527E+000                  7.9583609749640880E+000                  6.9999999999760398E-001                  2.8000000000239633E-001                  1.9999999999999685E-002                  0.0000000000000000E+000                  4.4521392765871435E+008                  6.5588080882299067E+006                  5.0121744986564613E-025                  0.0000000000000000E+000                  0.0000000000000000E+000                  2.0652806986573474E+001                  2.4197291839580474E+009                  1.7844318308364949E-006                  0.0000000000000000E+000                 -2.8742500191909595E+000                  1.0392160312976706E+000                  1.2777766586575017E+000                  1.4282916564894923E+000 
                                     306                  2.9999987688655638E+000                  2.8661048822924501E-001                  5.2886661838617046E+000                 -5.4556927623888614E+000                  7.9751319345528380E+000                  6.9999999999760398E-001                  2.8000000000239628E-001                  1.9999999999999796E-002                  0.0000000000000000E+000                  4.4564993189248693E+008                  6.5944778384932121E+006                  5.1533140851881022E-025                  0.0000000000000000E+000                  0.0000000000000000E+000                  2.0635889648799843E+001                  2.4365064774523654E+009                  1.7905475464775669E-006                  0.0000000000000000E+000                 -2.8735070710879271E+000                  1.0409141449827144E+000                  1.2794747723425455E+000                  1.4299897701745361E+000 
                                     307                  2.9999987440178186E+000                  2.8641038100946187E-001                  5.2938187400427648E+000                 -5.4421062097472612E+000                  7.9939469746808411E+000                  6.9999999999760398E-001                  2.8000000000239633E-001                  1.9999999999999685E-002                  0.0000000000000000E+000                  4.4606989140884638E+008                  6.6341590146151353E+006                  5.3173763798873584E-025                  0.0000000000000000E+000                  0.0000000000000000E+000                  2.0612150259775955E+001                  2.4690057040234246E+009                  1.8040605872695126E-006                  0.0000000000000000E+000                 -2.8718744406378982E+000                  1.0441739081338990E+000                  1.2827345354937303E+000                  1.4332495333257209E+000 
                                     308                  2.9999987253820102E+000                  2.8626474925098738E-001                  5.2973559080199202E+000                 -5.4327189873665542E+000                  8.0069212406871575E+000                  6.9999999999760398E-001                  2.8000000000239628E-001                  1.9999999999999796E-002                  0.0000000000000000E+000                  4.4634579304076982E+008                  6.6615243514227802E+006                  5.4337742259947321E-025                  0.0000000000000000E+000                  0.0000000000000000E+000                  2.0589678734471519E+001                  2.4922884906013508E+009                  1.8138136780857252E-006                  0.0000000000000000E+000                 -2.8707036636917702E+000                  1.0465077823796811E+000                  1.2850684097395122E+000                  1.4355834075715028E+000 
                                     309                  2.9999987129581371E+000                  2.8616965840601438E-001                  5.3007973589451156E+000                 -5.4236008538107763E+000                  8.0195300054163230E+000                  6.9999999999760398E-001                  2.8000000000239628E-001                  1.9999999999999796E-002                  0.0000000000000000E+000                  4.4662138983801168E+008                  6.6882513712045774E+006                  5.5492766380731681E-025                  0.0000000000000000E+000                  0.0000000000000000E+000                  2.0561019611775389E+001                  2.5074836200259886E+009                  1.8208088119870169E-006                  0.0000000000000000E+000                 -2.8698678267340987E+000                  1.0480135102867607E+000                  1.2865741376465918E+000                  1.4370891354785824E+000 
                                     310                  2.9999986943223282E+000                  2.8602987225769655E-001                  5.3054365463907169E+000                 -5.4112224764090957E+000                  8.0366105736607114E+000                  6.9999999999760398E-001                  2.8000000000239628E-001                  1.9999999999999796E-002                  0.0000000000000000E+000                  4.4697608439232028E+008                  6.7244251930450751E+006                  6.8937570543498239E-025                  0.0000000000000000E+000                  0.0000000000000000E+000                  2.0515212010117725E+001                  2.5298005280661135E+009                  1.8318641694983708E-006                  0.0000000000000000E+000                 -2.8685533659411560E+000                  1.0502013513211779E+000                  1.2887619786810092E+000                  1.4392769765129998E+000 
                                     311                  2.9999986694745830E+000                  2.8584852700823565E-001                  5.3105011780560432E+000                 -5.3975466106853185E+000                  8.0554135992379337E+000                  6.9999999999760398E-001                  2.8000000000239622E-001                  1.9999999999999796E-002                  0.0000000000000000E+000                  4.4732834964357620E+008                  6.7641011997052291E+006                  8.8275642755799467E-025                  0.0000000000000000E+000                  0.0000000000000000E+000                  2.0456166240478055E+001                  2.5584520386712685E+009                  1.8464705583781430E-006                 -1.3072992174619049E-019                 -2.8668288063503535E+000                  1.0529963010550925E+000                  1.2915569284149233E+000                  1.4420719262469142E+000 
                                     312                  2.9999986445173441E+000                  2.8567181056544722E-001                  5.3141381451216470E+000                 -5.3875851730442719E+000                  8.0690514280949124E+000                  6.9999999999760409E-001                  2.8000000000239622E-001                  1.9999999999999685E-002                  0.0000000000000000E+000                  4.4754908295574188E+008                  6.7927080362548819E+006                  1.0540559324560495E-024                  0.0000000000000000E+000                  0.0000000000000000E+000                  2.0408339103134292E+001                  2.5859383275195556E+009                  1.8606763763910032E-006                 -5.1796421372381227E-019                 -2.8651645781228217E+000                  1.0556741722547696E+000                  1.2942347996146006E+000                  1.4447497974465913E+000 
                                     313                  2.9999986320387246E+000                  2.8558537742907203E-001                  5.3176827515072098E+000                 -5.3779376977713325E+000                  8.0822843765840009E+000                  6.9999999999760398E-001                  2.8000000000239622E-001                  1.9999999999999796E-002                  0.0000000000000000E+000                  4.4778407015355206E+008                  6.8207013473920198E+006                  1.2522267369946386E-024                  0.0000000000000000E+000                  0.0000000000000000E+000                  2.0351107919256961E+001                  2.5993508697076879E+009                  1.8682105008663145E-006                 -8.5672161977481202E-019                 -2.8642870955802273E+000                  1.0569668752875174E+000                  1.2955275026473485E+000                  1.4460425004793391E+000 
                                     314                  2.9999986070814857E+000                  2.8541615954859062E-001                  5.3222074991257360E+000                 -5.3654423255846488E+000                  8.0993496008692762E+000                  6.9999999999760387E-001                  2.8000000000239622E-001                  1.9999999999999907E-002                  0.0000000000000000E+000                  4.4804200719554007E+008                  6.8565660822595572E+006                  1.5599299218552692E-024                  0.0000000000000000E+000                  0.0000000000000000E+000                  2.0270960701483244E+001                  2.6255452785807090E+009                  1.8841517730486313E-006                 -8.4143890493866033E-019                 -2.8624420583239387E+000                  1.0594663096061154E+000                  1.2980269369659465E+000                  1.4485419347979371E+000 
                                     315                  2.9999985821242467E+000                  2.8525155129041718E-001                  5.3276160096242018E+000                 -5.3504422768339390E+000                  8.1198095999442312E+000                  6.9999999999760398E-001                  2.8000000000239633E-001                  1.9999999999999685E-002                  0.0000000000000000E+000                  4.4834093752706158E+008                  6.8996538941240031E+006                  2.0269277641116162E-024                  0.0000000000000000E+000                  0.0000000000000000E+000                  2.0157197070808316E+001                  2.6507821526494956E+009                  1.9004096531983307E-006                 -5.0653124918932478E-019                 -2.8605763861164917E+000                  1.0618585428439151E+000                  1.3004191702037464E+000                  1.4509341680357370E+000 
                                     316                  2.9999985446883892E+000                  2.8501268877030639E-001                  5.3332140023630110E+000                 -5.3345886981719541E+000                  8.1413014432468067E+000                  6.9999999999760398E-001                  2.8000000000239628E-001                  1.9999999999999796E-002                  0.0000000000000000E+000                  4.4857044944811732E+008                  6.9444761513767233E+006                  2.6572854676004100E-024                  0.0000000000000000E+000                  0.0000000000000000E+000                  2.0027775236406015E+001                  2.6869152751283288E+009                  1.9248982140229492E-006                  1.1720153394057461E-019                 -2.8577961152223894E+000                  1.0652639192229154E+000                  1.3038245465827465E+000                  1.4543395444147371E+000 
                                     317                  2.9999985134918403E+000                  2.8482048593023646E-001                  5.3370891517933927E+000                 -5.3234716191903813E+000                  8.1563158893571366E+000                  6.9999999999760376E-001                  2.8000000000239628E-001                  2.0000000000000018E-002                  0.0000000000000000E+000                  4.4869481665202790E+008                  6.9756468405223992E+006                  3.2042279870060691E-024                  0.0000000000000000E+000                  0.0000000000000000E+000                  1.9930796359305724E+001                  2.7154116177956433E+009                  1.9441693679837308E-006                  5.7489862504380115E-019                 -2.8556329519125048E+000                  1.0679487729149031E+000                  1.3065094002747342E+000                  1.4570243981067248E+000 
                                     318                  2.9999984947739109E+000                  2.8470796039545354E-001                  5.3413120673899286E+000                 -5.3114112201816726E+000                  8.1726255893243653E+000                  6.9999999999760387E-001                  2.8000000000239628E-001                  1.9999999999999796E-002                  0.0000000000000000E+000                  4.4884753835418570E+008                  7.0097728815985341E+006                  3.9264759810385399E-024                  0.0000000000000000E+000                  0.0000000000000000E+000                  1.9813385142633010E+001                  2.7320724028629923E+009                  1.9558867162021481E-006                  4.3431945112063775E-019                 -2.8543281514493217E+000                  1.0694972880955198E+000                  1.3080579154553509E+000                  1.4585729132873415E+000 
                                     319                  2.9999984573380525E+000                  2.8448882216650956E-001                  5.3457594947823637E+000                 -5.2984086429592185E+000                  8.1900913905445236E+000                  6.9999999999760409E-001                  2.8000000000239622E-001                  1.9999999999999685E-002                  0.0000000000000000E+000                  4.4893042137878621E+008                  7.0458501241268627E+006                  4.8640827894765911E-024                  0.0000000000000000E+000                  0.0000000000000000E+000                  1.9689222647428984E+001                  2.7642108267690730E+009                  1.9782795838912111E-006                  1.0744784341478906E-019                 -2.8518561654794534E+000                  1.0724672961526287E+000                  1.3110279235124598E+000                  1.4615429213444506E+000 
                                     320                  2.9999984323808135E+000                  2.8434686216917404E-001                  5.3491883363871624E+000                 -5.2883469108753687E+000                  8.2035926592240589E+000                  6.9999999999760409E-001                  2.8000000000239622E-001                  1.9999999999999685E-002                  0.0000000000000000E+000                  4.4898577084713411E+008                  7.0737827035669489E+006                  5.7351393848978551E-024                  0.0000000000000000E+000                  0.0000000000000000E+000                  1.9588356060656750E+001                  2.7846985720090876E+009                  1.9918013841060846E-006                  0.0000000000000000E+000                 -2.8503769850864997E+000                  1.0743596715866877E+000                  1.3129202989465187E+000                  1.4634352967785096E+000 
                                     321                  2.9999984074235750E+000                  2.8420801870003976E-001                  5.3524996448950759E+000                 -5.2785548700003533E+000                  8.2167033319580280E+000                  6.9999999999760409E-001                  2.8000000000239622E-001                  1.9999999999999685E-002                  0.0000000000000000E+000                  4.4901998653554714E+008                  7.1008510352298366E+006                  6.7228116534016610E-024                  0.0000000000000000E+000                  0.0000000000000000E+000                  1.9488633195797810E+001                  2.8046465795406327E+009                  2.0047299074901735E-006                 -6.5952443122562071E-020                 -2.8489720652844976E+000                  1.0761869576399332E+000                  1.3147475849997643E+000                  1.4652625828317549E+000 
                                     322                  2.9999983824663361E+000                  2.8407214184173613E-001                  5.3572922326745651E+000                 -5.2643823151288718E+000                  8.2356790615900621E+000                  6.9999999999760409E-001                  2.8000000000239622E-001                  1.9999999999999685E-002                  0.0000000000000000E+000                  4.4907059874158561E+008                  7.1402082576759020E+006                  8.4557402642088513E-024                  0.0000000000000000E+000                  0.0000000000000000E+000                  1.9336199213027673E+001                  2.8241377999858618E+009                  2.0171918505323465E-006                 -2.6217730349391366E-019                 -2.8476263975308873E+000                  1.0779530203619179E+000                  1.3165136477217489E+000                  1.4670286455537396E+000 
                                     323                  2.9999983325518587E+000                  2.8380875031715297E-001                  5.3632917988293904E+000                 -5.2462461735088759E+000                  8.2598122655086907E+000                  6.9999999999760398E-001                  2.8000000000239622E-001                  1.9999999999999796E-002                  0.0000000000000000E+000                  4.4902928327687550E+008                  7.1897335646353671E+006                  1.1266075787225155E-023                  0.0000000000000000E+000                  0.0000000000000000E+000                  1.9143382462893076E+001                  2.8614865550633235E+009                  2.0400319587624631E-006                 -2.8692817124510466E-019                 -2.8451815144719848E+000                  1.0813188073572459E+000                  1.3198794347170770E+000                  1.4703944325490677E+000 
                                     324                  2.9999982826373812E+000                  2.8355568050010899E-001                  5.3678936075013590E+000                 -5.2320834808957288E+000                  8.2785647909585176E+000                  6.9999999999760398E-001                  2.8000000000239622E-001                  1.9999999999999796E-002                  0.0000000000000000E+000                  4.4893061776732820E+008                  7.2279209204267403E+006                  1.4036802897307262E-023                  0.0000000000000000E+000                  0.0000000000000000E+000                  1.8991914757207599E+001                  2.8964766175917268E+009                  2.0594614966481441E-006                  1.4612546280050564E-019                 -2.8431231615647694E+000                  1.0844840839272727E+000                  1.3230447112871038E+000                  1.4735597091190944E+000 
                                     325                  2.9999982512482610E+000                  2.8340142477636993E-001                  5.3716629636677196E+000                 -5.2204721722279359E+000                  8.2939352279663190E+000                  6.9999999999760387E-001                  2.8000000000239633E-001                  1.9999999999999796E-002                  0.0000000000000000E+000                  4.4884736694091028E+008                  7.2593489695884911E+006                  1.6798782810741127E-023                  0.0000000000000000E+000                  0.0000000000000000E+000                  1.8860522313225189E+001                  2.9176040982895427E+009                  2.0708951885631438E-006                  5.3587004874835392E-019                 -2.8419209404568333E+000                  1.0863806921873169E+000                  1.3249413195471482E+000                  1.4754563173791388E+000 
                                     326                  2.9999982134272605E+000                  2.8322025448255467E-001                  5.3746273091519479E+000                 -5.2111969958494209E+000                  8.3061609857933121E+000                  6.9999999999760387E-001                  2.8000000000239633E-001                  1.9999999999999796E-002                  0.0000000000000000E+000                  4.4874375552685630E+008                  7.2841423470815010E+006                  1.9347783412341755E-023                  0.0000000000000000E+000                  0.0000000000000000E+000                  1.8756589191978584E+001                  2.9422020823918462E+009                  2.0839986635755422E-006                  3.9658741972738543E-019                 -2.8405512819381644E+000                  1.0885782732608547E+000                  1.3271389006206857E+000                  1.4776538984526764E+000 
                                     327                  2.9999981945167602E+000                  2.8313150073001925E-001                  5.3775237380074445E+000                 -5.2021812679335513E+000                  8.3180615727324430E+000                  6.9999999999760387E-001                  2.8000000000239633E-001                  1.9999999999999796E-002                  0.0000000000000000E+000                  4.4865533674485749E+008                  7.3084546229218524E+006                  2.2203082817501498E-023                  0.0000000000000000E+000                  0.0000000000000000E+000                  1.8649318270071984E+001                  2.9541971670913486E+009                  2.0903696317108525E-006                  9.8776921722867260E-020                 -2.8398884562701494E+000                  1.0896429624538431E+000                  1.3282035898136741E+000                  1.4787185876456648E+000 
                                     328                  2.9999981566957592E+000                  2.8295748234621920E-001                  5.3812352376089994E+000                 -5.1904708851769144E+000                  8.3334623742501890E+000                  6.9999999999760387E-001                  2.8000000000239639E-001                  1.9999999999999796E-002                  0.0000000000000000E+000                  4.4850035105494994E+008                  7.3397064897610173E+006                  2.6485320063744308E-023                  0.0000000000000000E+000                  0.0000000000000000E+000                  1.8510786350972445E+001                  2.9776468570626245E+009                  2.1028929956468375E-006                  0.0000000000000000E+000                 -2.8385914127729666E+000                  1.0917087561585632E+000                  1.3302693835183943E+000                  1.4807843813503851E+000 
                                     329                  2.9999981188747586E+000                  2.8278789237678170E-001                  5.3848034352764538E+000                 -5.1791189490910954E+000                  8.3483585455740776E+000                  6.9999999999760398E-001                  2.8000000000239628E-001                  1.9999999999999796E-002                  0.0000000000000000E+000                  4.4832690723317498E+008                  7.3698647772934847E+006                  3.1372793270819817E-023                  0.0000000000000000E+000                  0.0000000000000000E+000                  1.8374779356805170E+001                  3.0001938862360115E+009                  2.1143794427472031E-006                  0.0000000000000000E+000                 -2.8374085361623624E+000                  1.0936952528107493E+000                  1.3322558801705804E+000                  1.4827708780025712E+000 
                                     330                  2.9999980810537576E+000                  2.8262248658190847E-001                  5.3873823477295710E+000                 -5.1708141298533006E+000                  8.3592210056284184E+000                  6.9999999999760398E-001                  2.8000000000239628E-001                  1.9999999999999796E-002                  0.0000000000000000E+000                  4.4817533944120657E+008                  7.3917252066582898E+006                  3.5456868248412491E-023                  0.0000000000000000E+000                  0.0000000000000000E+000                  1.8276352935516545E+001                  3.0219094625448503E+009                  2.1248833342700473E-006                  0.0000000000000000E+000                 -2.8363324548476938E+000                  1.0956081113671536E+000                  1.3341687387269847E+000                  1.4846837365589753E+000 
                                     331                  2.9999980621432574E+000                  2.8254128100786041E-001                  5.3899089250450789E+000                 -5.1627161918723461E+000                  8.3698262261002903E+000                  6.9999999999760398E-001                  2.8000000000239633E-001                  1.9999999999999685E-002                  0.0000000000000000E+000                  4.4803752173742265E+008                  7.4132086284285504E+006                  3.9961458561257487E-023                  0.0000000000000000E+000                  0.0000000000000000E+000                  1.8176468606667402E+001                  3.0325424787314801E+009                  2.1299319130494525E-006                  0.0000000000000000E+000                 -2.8358171396561080E+000                  1.0965382013742331E+000                  1.3350988287340644E+000                  1.4856138265660550E+000 
                                     332                  2.9999980243222568E+000                  2.8238173754808132E-001                  5.3935657624141706E+000                 -5.1508807798322227E+000                  8.3852860473539437E+000                  6.9999999999760398E-001                  2.8000000000239628E-001                  1.9999999999999796E-002                  0.0000000000000000E+000                  4.4780851051980537E+008                  7.4443965595616838E+006                  4.7509115103878314E-023                  0.0000000000000000E+000                  0.0000000000000000E+000                  1.8031665213184308E+001                  3.0534183478359761E+009                  2.1397092590894567E-006                  0.0000000000000000E+000                 -2.8348226170055990E+000                  1.0983489016949284E+000                  1.3369095290547595E+000                  1.4874245268867501E+000 
                                     333                  2.9999979770460059E+000                  2.8218743237239241E-001                  5.3974574482695958E+000                 -5.1381476783812907E+000                  8.4018709659372917E+000                  6.9999999999760387E-001                  2.8000000000239633E-001                  1.9999999999999796E-002                  0.0000000000000000E+000                  4.4752986887657332E+008                  7.4777108001834098E+006                  5.7104906336287950E-023                  0.0000000000000000E+000                  0.0000000000000000E+000                  1.7877462630563755E+001                  3.0785166517707934E+009                  2.1505417289128455E-006                  0.0000000000000000E+000                 -2.8337260630090810E+000                  1.1005258583532644E+000                  1.3390864857130955E+000                  1.4896014835450864E+000 
                                     334                  2.9999979297697550E+000                  2.8199849140330374E-001                  5.4015610941852055E+000                 -5.1246356574926475E+000                  8.4194413361591298E+000                  6.9999999999760387E-001                  2.8000000000239633E-001                  1.9999999999999796E-002                  0.0000000000000000E+000                  4.4721553370561200E+008                  7.5129857133169398E+006                  6.9307739274654277E-023                  0.0000000000000000E+000                  0.0000000000000000E+000                  1.7713456402835849E+001                  3.1026858613728299E+009                  2.1601166979822751E-006                  0.0000000000000000E+000                 -2.8327613929614035E+000                  1.1026135367846543E+000                  1.3411741641444854E+000                  1.4916891619764761E+000 
                                     335                  2.9999978730382537E+000                  2.8177839704737817E-001                  5.4054754361043473E+000                 -5.1115796611911444E+000                  8.4363620197585742E+000                  6.9999999999760387E-001                  2.8000000000239633E-001                  1.9999999999999796E-002                  0.0000000000000000E+000                  4.4687394284171343E+008                  7.5467624533733716E+006                  8.3360981255631995E-023                  0.0000000000000000E+000                  0.0000000000000000E+000                  1.7558605519108355E+001                  3.1305182073629513E+009                  2.1700055418276969E-006                  0.0000000000000000E+000                 -2.8317695785176440E+000                  1.1050109845390299E+000                  1.3435716118988610E+000                  1.4940866097308516E+000 
                                     336                  2.9999978257620028E+000                  2.8160017182834901E-001                  5.4095797470011728E+000                 -5.0978657800191600E+000                  8.4541273602952067E+000                  6.9999999999760387E-001                  2.8000000000239633E-001                  1.9999999999999796E-002                  0.0000000000000000E+000                  4.4651225428580445E+008                  7.5823325773722893E+006                  1.0111950097799908E-022                  0.0000000000000000E+000                  0.0000000000000000E+000                  1.7393598533199807E+001                  3.1528793650090222E+009                  2.1771693645218133E-006                  0.0000000000000000E+000                 -2.8310538926874793E+000                  1.1069256972917978E+000                  1.3454863246516289E+000                  1.4960013224836195E+000 
                                     337                  2.9999977595752512E+000                  2.8135806123494850E-001                  5.4144543634600648E+000                 -5.0813933052009252E+000                  8.4754047076605232E+000                  6.9999999999760387E-001                  2.8000000000239639E-001                  1.9999999999999796E-002                  0.0000000000000000E+000                  4.4603861343251604E+008                  7.6247644107209304E+006                  1.2715565497194575E-022                  0.0000000000000000E+000                  0.0000000000000000E+000                  1.7198596822454032E+001                  3.1830614017679257E+009                  2.1859573658856849E-006                  8.5433731705257727E-020                 -2.8301791563123593E+000                  1.1094905910538297E+000                  1.3480512184136608E+000                  1.4985662162456515E+000 
                                     338                  2.9999976839332501E+000                  2.8109119309937514E-001                  5.4191885908812303E+000                 -5.0651960386046300E+000                  8.4962610269867831E+000                  6.9999999999760398E-001                  2.8000000000239628E-001                  1.9999999999999796E-002                  0.0000000000000000E+000                  4.4553186368875277E+008                  7.6661664183967533E+006                  1.5880422325268467E-022                  0.0000000000000000E+000                  0.0000000000000000E+000                  1.7010439639261556E+001                  3.2158243522019324E+009                  2.1939876271178009E-006                  3.3845300473756136E-019                 -2.8293829129680774E+000                  1.1122719870574680E+000                  1.3508326144172993E+000                  1.5013476122492899E+000 
                                     339                  2.9999976140018134E+000                  2.8085308928079822E-001                  5.4229355871692624E+000                 -5.0522448639586672E+000                  8.5128948636772126E+000                  6.9999999999760409E-001                  2.8000000000239622E-001                  1.9999999999999685E-002                  0.0000000000000000E+000                  4.4510077195292354E+008                  7.6990701189592369E+006                  1.8931142782556630E-022                  0.0000000000000000E+000                  0.0000000000000000E+000                  1.6862142308105867E+001                  3.2446243849623885E+009                  2.1998272511149910E-006                  3.9746789481694046E-019                 -2.8288057111418943E+000                  1.1147146718447121E+000                  1.3532752992045434E+000                  1.5037902970365340E+000 
                                     340                  2.9999975629808779E+000                  2.8068423906751977E-001                  5.4259878621344244E+000                 -5.0416690337203800E+000                  8.5264697547730570E+000                  6.9999999999760409E-001                  2.8000000000239622E-001                  1.9999999999999685E-002                  0.0000000000000000E+000                  4.4474583319132745E+008                  7.7259691331949998E+006                  2.1838784179003353E-022                  0.0000000000000000E+000                  0.0000000000000000E+000                  1.6740037958492547E+001                  3.2649012348679843E+009                  2.2034563918337443E-006                 -8.7591817638029040E-020                 -2.8284477700522697E+000                  1.1164251692421789E+000                  1.3549857966020100E+000                  1.5055007944340006E+000 
                                     341                  2.9999975119599425E+000                  2.8051926088039586E-001                  5.4289401489107636E+000                 -5.0313847899866770E+000                  8.5396528764003961E+000                  6.9999999999760398E-001                  2.8000000000239622E-001                  1.9999999999999796E-002                  0.0000000000000000E+000                  4.4439101461470616E+008                  7.7520649561261032E+006                  2.5071668100154156E-022                  0.0000000000000000E+000                  0.0000000000000000E+000                  1.6621877594535132E+001                  3.2846401873384356E+009                  2.2067115468809576E-006                 -5.4528465476459189E-019                 -2.8281272162431823E+000                  1.1180796684007455E+000                  1.3566402957605765E+000                  1.5071552935925672E+000 
                                     342                  2.9999974609390070E+000                  2.8035796187103790E-001                  5.4317987113431663E+000                 -5.0213764226682231E+000                  8.5524663265508742E+000                  6.9999999999760398E-001                  2.8000000000239622E-001                  1.9999999999999796E-002                  0.0000000000000000E+000                  4.4403707364594311E+008                  7.7774055749309761E+006                  2.8653258886547372E-022                  0.0000000000000000E+000                  0.0000000000000000E+000                  1.6507715297350160E+001                  3.3038174088209519E+009                  2.2094896251515924E-006                 -4.1650321749049880E-019                 -2.8278540166819801E+000                  1.1196818175254677E+000                  1.3582424448852988E+000                  1.5087574427172894E+000 
                                     343                  2.9999974099180711E+000                  2.8020016369479572E-001                  5.4349143305937320E+000                 -5.0104355100916091E+000                  8.5664635345879123E+000                  6.9999999999760398E-001                  2.8000000000239628E-001                  1.9999999999999796E-002                  0.0000000000000000E+000                  4.4364605177282357E+008                  7.8051100373594826E+006                  3.3135061126054890E-022                  0.0000000000000000E+000                  0.0000000000000000E+000                  1.6383280666335377E+001                  3.3224971613215799E+009                  2.2118361457095035E-006                 -1.0357138030674259E-019                 -2.8276235244996641E+000                  1.1212347355551076E+000                  1.3597953629149386E+000                  1.5103103607469293E+000 
                                     344                  2.9999973461419018E+000                  2.8000759014898868E-001                  5.4385812154268827E+000                 -4.9974844198714319E+000                  8.5830091527516981E+000                  6.9999999999760398E-001                  2.8000000000239633E-001                  1.9999999999999685E-002                  0.0000000000000000E+000                  4.4317122446442991E+008                  7.8378263519079322E+006                  3.9307660043385315E-022                  0.0000000000000000E+000                  0.0000000000000000E+000                  1.6238248653192624E+001                  3.3451832070756049E+009                  2.2141442443999449E-006                  0.0000000000000000E+000                 -2.8273970448211609E+000                  1.1231112388010682E+000                  1.3616718661608995E+000                  1.5121868639928899E+000 
                                     345                  2.9999972696104980E+000                  2.7978296800674229E-001                  5.4414666977450077E+000                 -4.9871597959980729E+000                  8.5961575070479697E+000                  6.9999999999760398E-001                  2.8000000000239622E-001                  1.9999999999999796E-002                  0.0000000000000000E+000                  4.4276728128808481E+008                  7.8636452035482572E+006                  4.4963992286028975E-022                  0.0000000000000000E+000                  0.0000000000000000E+000                  1.6127743279617889E+001                  3.3712806351187935E+009                  2.2156694645099464E-006                  0.0000000000000000E+000                 -2.8272475137692559E+000                  1.1252757042577832E+000                  1.3638363316176143E+000                  1.5143513294496049E+000 
                                     346                  2.9999972310066423E+000                  2.7967219802859555E-001                  5.4443103809692088E+000                 -4.9770600021464277E+000                  8.6090432045790237E+000                  6.9999999999760398E-001                  2.8000000000239622E-001                  1.9999999999999796E-002                  0.0000000000000000E+000                  4.4239131500635660E+008                  7.8891776202327171E+006                  5.1312499718231064E-022                  0.0000000000000000E+000                  0.0000000000000000E+000                  1.6017107112027890E+001                  3.3841186075513368E+009                  2.2160865020820451E-006                  7.1935520104065130E-020                 -2.8272066457435323E+000                  1.1263332534052131E+000                  1.3648938807650441E+000                  1.5154088785970348E+000 
                                     347                  2.9999971534607757E+000                  2.7945455596845703E-001                  5.4479582757049378E+000                 -4.9639654919063112E+000                  8.6257066077292901E+000                  6.9999999999760398E-001                  2.8000000000239622E-001                  1.9999999999999796E-002                  0.0000000000000000E+000                  4.4187845070623440E+008                  7.9220294447785160E+006                  6.0783350270922641E-022                  0.0000000000000000E+000                  0.0000000000000000E+000                  1.5880006127370256E+001                  3.4093285509082222E+009                  2.2163358690959530E-006                  2.8572912913754438E-019                 -2.8271822124406669E+000                  1.1283936007514175E+000                  1.3669542281112486E+000                  1.5174692259432392E+000 
                                     348                  2.9999970759149099E+000                  2.7924306490554829E-001                  5.4520470488933688E+000                 -4.9492641866894207E+000                  8.6444077130691444E+000                  6.9999999999760409E-001                  2.8000000000239622E-001                  1.9999999999999685E-002                  0.0000000000000000E+000                  4.4130319095401585E+008                  7.9590048229091642E+006                  7.3460172442052403E-022                  0.0000000000000000E+000                  0.0000000000000000E+000                  1.5729201300720465E+001                  3.4336160885070848E+009                  2.2154767042565252E-006                  3.4266441044507410E-019                 -2.8272664061080000E+000                  1.1303743735243850E+000                  1.3689350008842160E+000                  1.5194499987162067E+000 
                                     349                  2.9999969725204219E+000                  2.7897000605960925E-001                  5.4564951610107446E+000                 -4.9331297377362757E+000                  8.6648888302104439E+000                  6.9999999999760409E-001                  2.8000000000239622E-001                  1.9999999999999685E-002                  0.0000000000000000E+000                  4.4064891850388175E+008                  7.9994024317573858E+006                  9.0248633995446048E-022                  0.0000000000000000E+000                  0.0000000000000000E+000                  1.5572013547116674E+001                  3.4647555547326403E+009                  2.2129358141270618E-006                 -4.7978999913928609E-020                 -2.8275155912683392E+000                  1.1329026683605297E+000                  1.3714632957203607E+000                  1.5219782935523514E+000 
                                     350                  2.9999968691259347E+000                  2.7870641736633023E-001                  5.4599455829279648E+000                 -4.9205018917148564E+000                  8.6808847250812065E+000                  6.9999999999760398E-001                  2.8000000000239622E-001                  1.9999999999999796E-002                  0.0000000000000000E+000                  4.4011856656765497E+008                  8.0308630692202589E+006                  1.0585551245424368E-021                  0.0000000000000000E+000                  0.0000000000000000E+000                  1.5455083442246568E+001                  3.4943932909758282E+009                  2.2088319805597565E-006                 -4.2024853773890579E-019                 -2.8279186591966918E+000                  1.1353140770168428E+000                  1.3738747043766739E+000                  1.5243897022086645E+000 
                                     351                  2.9999968045043794E+000                  2.7854616119841979E-001                  5.4625232614854458E+000                 -4.9110858985028756E+000                  8.6928178064592263E+000                  6.9999999999760398E-001                  2.8000000000239633E-001                  1.9999999999999685E-002                  0.0000000000000000E+000                  4.3972961358206004E+008                  8.0544471012743013E+006                  1.1921887941707791E-021                  0.0000000000000000E+000                  0.0000000000000000E+000                  1.5368241972516248E+001                  3.5123236307450075E+009                  2.2057657124759146E-006                 -3.2508017620609644E-019                 -2.8282203092258884E+000                  1.1367664090044323E+000                  1.3753270363642636E+000                  1.5258420341962542E+000 
                                     352                  2.9999967398828247E+000                  2.7838917024321230E-001                  5.4647809051330150E+000                 -4.9028081528345417E+000                  8.7032991981630357E+000                  6.9999999999760398E-001                  2.8000000000239633E-001                  1.9999999999999685E-002                  0.0000000000000000E+000                  4.3938329512358272E+008                  8.0751554589029048E+006                  1.3228961934933546E-021                  0.0000000000000000E+000                  0.0000000000000000E+000                  1.5293617489591941E+001                  3.5298773497415056E+009                  2.2024876696500945E-006                 -8.0883860131471696E-020                 -2.8285432571260416E+000                  1.1381795753295223E+000                  1.3767402026893534E+000                  1.5272552005213440E+000 
                                     353                  2.9999966881855809E+000                  2.7826582926760646E-001                  5.4677230472968104E+000                 -4.8920740180772100E+000                  8.7169073469126541E+000                  6.9999999999760398E-001                  2.8000000000239633E-001                  1.9999999999999685E-002                  0.0000000000000000E+000                  4.3894745260866433E+008                  8.1022282589470018E+006                  1.5144387881091847E-021                  0.0000000000000000E+000                  0.0000000000000000E+000                  1.5195667419074553E+001                  3.5436970678884349E+009                  2.1997944476802394E-006                  0.0000000000000000E+000                 -2.8288089492272741E+000                  1.1392832569320961E+000                  1.3778438842919272E+000                  1.5283588821239178E+000 
                                     354                  2.9999965847910928E+000                  2.7802486665763948E-001                  5.4710216132394587E+000                 -4.8799027465730749E+000                  8.7322961987685748E+000                  6.9999999999760398E-001                  2.8000000000239633E-001                  1.9999999999999685E-002                  0.0000000000000000E+000                  4.3842858521655768E+008                  8.1326735181022389E+006                  1.7623619365900630E-021                  0.0000000000000000E+000                  0.0000000000000000E+000                  1.5090268192026967E+001                  3.5705594390671701E+009                  2.1940805076934883E-006                  0.0000000000000000E+000                 -2.8293737204213203E+000                  1.1414242609454499E+000                  1.3799848883052812E+000                  1.5304998861372718E+000 
                                     355                  2.9999965072452266E+000                  2.7784888593819418E-001                  5.4746863902379710E+000                 -4.8664542981817798E+000                  8.7493226410801253E+000                  6.9999999999760387E-001                  2.8000000000239639E-001                  1.9999999999999796E-002                  0.0000000000000000E+000                  4.3787345341925043E+008                  8.1666446210217020E+006                  2.0845325564760990E-021                  0.0000000000000000E+000                  0.0000000000000000E+000                  1.4971809119756657E+001                  3.5900886365040398E+009                  2.1895942847545875E-006                  0.0000000000000000E+000                 -2.8298181745926239E+000                  1.1429750926781255E+000                  1.3815357200379565E+000                  1.5320507178699472E+000 
                                     356                  2.9999963773179159E+000                  2.7756256583234473E-001                  5.4786430117558726E+000                 -4.8517760954862208E+000                  8.7678586318280711E+000                  6.9999999999760387E-001                  2.8000000000239639E-001                  1.9999999999999796E-002                  0.0000000000000000E+000                  4.3723947646489662E+008                  8.2034678485832177E+006                  2.4985768175073099E-021                  0.0000000000000000E+000                  0.0000000000000000E+000                  1.4848483330194856E+001                  3.6217277697224298E+009                  2.1819764749885726E-006                  0.0000000000000000E+000                 -2.8305749680373866E+000                  1.1454769633815274E+000                  1.3840375907413585E+000                  1.5345525885733491E+000 
                                     357                  2.9999962725550273E+000                  2.7733897934737406E-001                  5.4811970930058234E+000                 -4.8422574295513616E+000                  8.7798663689611693E+000                  6.9999999999760398E-001                  2.8000000000239633E-001                  1.9999999999999685E-002                  0.0000000000000000E+000                  4.3682167417269641E+008                  8.2273257328527700E+006                  2.8081559607351437E-021                  0.0000000000000000E+000                  0.0000000000000000E+000                  1.4770263551385963E+001                  3.6460898857460995E+009                  2.1754489269867703E-006                  0.0000000000000000E+000                 -2.8312255540914437E+000                  1.1474128417390093E+000                  1.3859734690988403E+000                  1.5364884669308310E+000 
                                     358                  2.9999962201735828E+000                  2.7722948377889550E-001                  5.4837006152241639E+000                 -4.8330039629102526E+000                  8.7915626513529492E+000                  6.9999999999760398E-001                  2.8000000000239633E-001                  1.9999999999999685E-002                  0.0000000000000000E+000                  4.3643170246334326E+008                  8.2507914220876740E+006                  3.1476548457463953E-021                  0.0000000000000000E+000                  0.0000000000000000E+000                  1.4691863599394761E+001                  3.6580685898081851E+009                  2.1722854256703757E-006                  0.0000000000000000E+000                 -2.8315415557824908E+000                  1.1483550313926132E+000                  1.3869156587524443E+000                  1.5374306565844349E+000 
                                     359                  2.9999961154106938E+000                  2.7701486920642188E-001                  5.4869264071854262E+000                 -4.8209989863273339E+000                  8.8067126635392068E+000                  6.9999999999760387E-001                  2.8000000000239633E-001                  1.9999999999999796E-002                  0.0000000000000000E+000                  4.3591174390587729E+008                  8.2811217825391581E+006                  3.6459952144750619E-021                  0.0000000000000000E+000                  0.0000000000000000E+000                  1.4593581031231111E+001                  3.6815874893239870E+009                  2.1660845838196920E-006                  0.0000000000000000E+000                 -2.8321622942688025E+000                  1.1501913777411348E+000                  1.3887520051009659E+000                  1.5392670029329565E+000 
                                     360                  2.9999960106478047E+000                  2.7680580015036693E-001                  5.4908412503747135E+000                 -4.8064655158764378E+000                  8.8250648311038482E+000                  6.9999999999760398E-001                  2.8000000000239628E-001                  1.9999999999999796E-002                  0.0000000000000000E+000                  4.3529211360245419E+008                  8.3180931131872404E+006                  4.3557636446061332E-021                  0.0000000000000000E+000                  0.0000000000000000E+000                  1.4474569678641144E+001                  3.7044109334627824E+009                  2.1597983345408900E-006                  0.0000000000000000E+000                 -2.8327933990275049E+000                  1.1519673037181810E+000                  1.3905279310780121E+000                  1.5410429289100027E+000 
                                     361                  2.9999958521191159E+000                  2.7649930048948573E-001                  5.4949613813171316E+000                 -4.7910301968748499E+000                  8.8445148751512139E+000                  6.9999999999760398E-001                  2.8000000000239622E-001                  1.9999999999999796E-002                  0.0000000000000000E+000                  4.3461085475501096E+008                  8.3571757723808233E+006                  5.2516010211280120E-021                  0.0000000000000000E+000                  0.0000000000000000E+000                  1.4354830983151407E+001                  3.7376653243004541E+009                  2.1500852704972224E-006                  0.0000000000000000E+000                 -2.8337721580021822E+000                  1.1545491999981063E+000                  1.3931098273579374E+000                  1.5436248251899281E+000 
                                     362                  2.9999957200118756E+000                  2.7625233079427236E-001                  5.4978447057952584E+000                 -4.7801907031186701E+000                  8.8581630650604311E+000                  6.9999999999760398E-001                  2.8000000000239622E-001                  1.9999999999999796E-002                  0.0000000000000000E+000                  4.3412756971126533E+008                  8.3846381709608342E+006                  5.9847335613960723E-021                  0.0000000000000000E+000                  0.0000000000000000E+000                  1.4273454494414318E+001                  3.7641367603731875E+009                  2.1415714556993488E-006                  0.0000000000000000E+000                 -2.8346337151753351E+000                  1.1566113728338323E+000                  1.3951720001936634E+000                  1.5456869980256540E+000 
                                     363                  2.9999956407475308E+000                  2.7610760598071793E-001                  5.5003175559678805E+000                 -4.7709427145933994E+000                  8.8698218835989753E+000                  6.9999999999760409E-001                  2.8000000000239622E-001                  1.9999999999999685E-002                  0.0000000000000000E+000                  4.3372557240010625E+008                  8.4082733408525921E+006                  6.6924600150632630E-021                  0.0000000000000000E+000                  0.0000000000000000E+000                  1.4203561060203109E+001                  3.7796732968766026E+009                  2.1364671759895096E-006                  0.0000000000000000E+000                 -2.8351518875797543E+000                  1.1578122175503216E+000                  1.3963728449101527E+000                  1.5468878427421433E+000 
                                     364                  2.9999955343614810E+000                  2.7591723337424162E-001                  5.5037694892146964E+000                 -4.7580428068925462E+000                  8.8860879245011493E+000                  6.9999999999760398E-001                  2.8000000000239622E-001                  1.9999999999999796E-002                  0.0000000000000000E+000                  4.3316844475134093E+008                  8.4413871407366376E+006                  7.8199919815171995E-021                  0.0000000000000000E+000                  0.0000000000000000E+000                  1.4107670696635155E+001                  3.8002237122279754E+009                  2.1297140244374893E-006                  5.7736011060980033E-020                 -2.8358393546062040E+000                  1.1593836313154737E+000                  1.3979442586753048E+000                  1.5484592565072954E+000 
                                     365                  2.9999953737320197E+000                  2.7563775396984808E-001                  5.5077520813378502E+000                 -4.7430811160328092E+000                  8.9049311458713234E+000                  6.9999999999760409E-001                  2.8000000000239622E-001                  1.9999999999999685E-002                  0.0000000000000000E+000                  4.3251060321422786E+008                  8.4797558614782412E+006                  9.3565022021796862E-021                  0.0000000000000000E+000                  0.0000000000000000E+000                  1.4001590395754018E+001                  3.8302449599327536E+009                  2.1193349144499524E-006                  2.2924229613668097E-019                 -2.8369002035690460E+000                  1.1616750722296540E+000                  1.4002356995894853E+000                  1.5507506974214758E+000 
                                     366                  2.9999952131025585E+000                  2.7536722540138525E-001                  5.5122093200731817E+000                 -4.7263786235705050E+000                  8.9259800517321342E+000                  6.9999999999760398E-001                  2.8000000000239622E-001                  1.9999999999999796E-002                  0.0000000000000000E+000                  4.3178804816289139E+008                  8.5229218955806587E+006                  1.1429468575855137E-020                  0.0000000000000000E+000                  0.0000000000000000E+000                  1.3884542848067962E+001                  3.8592033963432698E+009                  2.1089125454400306E-006                  3.4143998691644615E-019                 -2.8379707148292419E+000                  1.1638756893443198E+000                  1.4024363167041511E+000                  1.5529513145361418E+000 
                                     367                  2.9999949989299437E+000                  2.7501938751219801E-001                  5.5158450695606875E+000                 -4.7126011530023018E+000                  8.9432983097904728E+000                  6.9999999999760398E-001                  2.8000000000239622E-001                  1.9999999999999796E-002                  0.0000000000000000E+000                  4.3116784472541511E+008                  8.5582868881358653E+006                  1.3455157341759284E-020                  0.0000000000000000E+000                  0.0000000000000000E+000                  1.3794686582330010E+001                  3.8960795103853645E+009                  2.0949469944069702E-006                  2.2558666477900150E-019                 -2.8394134804604856E+000                  1.1666819622551041E+000                  1.4052425896149352E+000                  1.5557575874469258E+000 
                                     368                  2.9999948918436359E+000                  2.7485059839524867E-001                  5.5182062714577267E+000                 -4.7037124846132929E+000                  8.9544888346726008E+000                  6.9999999999760398E-001                  2.8000000000239622E-001                  1.9999999999999796E-002                  0.0000000000000000E+000                  4.3078017005494988E+008                  8.5813433549558129E+006                  1.4954159185722954E-020                  0.0000000000000000E+000                  0.0000000000000000E+000                  1.3735492203705336E+001                  3.9138731270907207E+009                  2.0880164768441050E-006                  1.1978056424370937E-019                 -2.8401330392874162E+000                  1.1680339806175086E+000                  1.4065946079773397E+000                  1.5571096058093303E+000 
                                     369                  2.9999947847573289E+000                  2.7468503767830732E-001                  5.5211004094360234E+000                 -4.6928494663978064E+000                  8.9681746586894651E+000                  6.9999999999760398E-001                  2.8000000000239611E-001                  1.9999999999999907E-002                  0.0000000000000000E+000                  4.3031411041073394E+008                  8.6096957868540231E+006                  1.7016175182786578E-020                  0.0000000000000000E+000                  0.0000000000000000E+000                  1.3662666076152355E+001                  3.9314758204888649E+009                  2.0814274916751234E-006                  2.5344492921012971E-019                 -2.8408193567685847E+000                  1.1693539280836529E+000                  1.4079145554434840E+000                  1.5584295532754746E+000 
                                     370                  2.9999946227110179E+000                  2.7444034846182819E-001                  5.5250341949704627E+000                 -4.6780734367508394E+000                  8.9867877341376960E+000                  6.9999999999760409E-001                  2.8000000000239611E-001                  1.9999999999999796E-002                  0.0000000000000000E+000                  4.2968174558473724E+008                  8.6483889332600031E+006                  2.0274843343972091E-020                  0.0000000000000000E+000                  0.0000000000000000E+000                  1.3564558456937945E+001                  3.9575212971892567E+009                  2.0718336664840350E-006                  3.7784415980365351E-019                 -2.8418225570473310E+000                  1.1712941757099840E+000                  1.4098548030698150E+000                  1.5603698009018057E+000 
                                     371                  2.9999944057047050E+000                  2.7412301562065999E-001                  5.5293542429004452E+000                 -4.6617855794423013E+000                  9.0072881446101398E+000                  6.9999999999760398E-001                  2.8000000000239622E-001                  1.9999999999999796E-002                  0.0000000000000000E+000                  4.2897834296345854E+008                  8.6910854934605565E+006                  2.4567676698545086E-020                  0.0000000000000000E+000                  0.0000000000000000E+000                  1.3458803446769723E+001                  3.9911040429937959E+009                  2.0594225406578885E-006                  2.4992159400178218E-019                 -2.8431272690782250E+000                  1.1737925139785614E+000                  1.4123531413383927E+000                  1.5628681391703834E+000 
                                     372                  2.9999941872608611E+000                  2.7381467331112019E-001                  5.5324761541159937E+000                 -4.6499423291994608E+000                  9.0221737393912811E+000                  6.9999999999760387E-001                  2.8000000000239628E-001                  1.9999999999999796E-002                  0.0000000000000000E+000                  4.2845708518669617E+008                  8.7220712684143633E+006                  2.8220654122851110E-020                  0.0000000000000000E+000                  0.0000000000000000E+000                  1.3384681547765677E+001                  4.0233661581841016E+009                  2.0472041482109602E-006                  1.3244630238734018E-019                 -2.8444194235586511E+000                  1.1762012377522482E+000                  1.4147618651120792E+000                  1.5652768629440699E+000 
                                     373                  2.9999940773201743E+000                  2.7366342241386138E-001                  5.5350294101124033E+000                 -4.6403386039791634E+000                  9.0342686844064026E+000                  6.9999999999760398E-001                  2.8000000000239622E-001                  1.9999999999999796E-002                  0.0000000000000000E+000                  4.2805033884325039E+008                  8.7475089303152505E+006                  3.1595989225919792E-020                  0.0000000000000000E+000                  0.0000000000000000E+000                  1.3322496842753351E+001                  4.0392091865453353E+009                  2.0413004380181557E-006                  2.1695417433316351E-019                 -2.8450465356206349E+000                  1.1773756821858159E+000                  1.4159363095456470E+000                  1.5664513073776376E+000 
                                     374                  2.9999939124091441E+000                  2.7344122159851919E-001                  5.5384941193171828E+000                 -4.6273001742632935E+000                  9.0506878776685440E+000                  6.9999999999760387E-001                  2.8000000000239622E-001                  1.9999999999999907E-002                  0.0000000000000000E+000                  4.2749937365079963E+008                  8.7821523774436936E+006                  3.6820484216162150E-020                  0.0000000000000000E+000                  0.0000000000000000E+000                  1.3239214611775278E+001                  4.0626440208683882E+009                  2.0328744652053238E-006                  1.6514076516369132E-019                 -2.8459447196214431E+000                  1.1790928044271116E+000                  1.4176534317869427E+000                  1.5681684296189333E+000 
                                     375                  2.9999936925277702E+000                  2.7315320915883584E-001                  5.5423004498708206E+000                 -4.6129317068733044E+000                  9.0687696009441048E+000                  6.9999999999760398E-001                  2.8000000000239617E-001                  1.9999999999999796E-002                  0.0000000000000000E+000                  4.2688777967384273E+008                  8.8203745861442499E+006                  4.3548559820857721E-020                  0.0000000000000000E+000                  0.0000000000000000E+000                  1.3150419060676230E+001                  4.0928686031706004E+009                  2.0218194933061013E-006                 -1.0062581789615149E-019                 -2.8471288102677712E+000                  1.1813049395374144E+000                  1.4198655668972455E+000                  1.5703805647292362E+000 
                                     376                  2.9999934726463957E+000                  2.7287402319479587E-001                  5.5459856465518502E+000                 -4.5990210800287565E+000                  9.0862759306894034E+000                  6.9999999999760398E-001                  2.8000000000239622E-001                  1.9999999999999796E-002                  0.0000000000000000E+000                  4.2629888039022571E+008                  8.8575489653371349E+006                  5.1211609374843167E-020                  0.0000000000000000E+000                  0.0000000000000000E+000                  1.3066433510264545E+001                  4.1220278348525105E+009                  2.0109146906293487E-006                 -1.8143510550638496E-019                 -2.8483031765799960E+000                  1.1834348435089668E+000                  1.4219954708687979E+000                  1.5725104687007885E+000 
                                     377                  2.9999932500931799E+000                  2.7259982887113510E-001                  5.5497878400427147E+000                 -4.5846862834413500E+000                  9.1043217577429161E+000                  6.9999999999760387E-001                  2.8000000000239622E-001                  1.9999999999999907E-002                  0.0000000000000000E+000                  4.2569784040077358E+008                  8.8960810824365374E+006                  6.0507058039372234E-020                  0.0000000000000000E+000                  0.0000000000000000E+000                  1.2981857647451079E+001                  4.1506482300297585E+009                  2.0000855696073724E-006                 -6.2179274616819647E-020                 -2.8494757117646765E+000                  1.1855131419272233E+000                  1.4240737692870544E+000                  1.5745887671190451E+000 
                                     378                  2.9999929987188700E+000                  2.7229958626510714E-001                  5.5530196205729956E+000                 -4.5724462355110838E+000                  9.1197148015933873E+000                  6.9999999999760387E-001                  2.8000000000239622E-001                  1.9999999999999907E-002                  0.0000000000000000E+000                  4.2517738356210870E+008                  8.9289685086035375E+006                  6.9709736567473057E-020                  0.0000000000000000E+000                  0.0000000000000000E+000                  1.2913576126855926E+001                  4.1818180594637880E+009                  1.9878991647517362E-006                  0.0000000000000000E+000                 -2.8508028243814634E+000                  1.1877745170880893E+000                  1.4263351444479204E+000                  1.5768501422799110E+000 
                                     379                  2.9999928311359971E+000                  2.7210465395866862E-001                  5.5553322556078619E+000                 -4.5637126099050205E+000                  9.1307057660109248E+000                  6.9999999999760387E-001                  2.8000000000239628E-001                  1.9999999999999796E-002                  0.0000000000000000E+000                  4.2481130393957484E+008                  8.9525858937442712E+006                  7.7124057253651658E-020                  0.0000000000000000E+000                  0.0000000000000000E+000                  1.2865218272056669E+001                  4.2019818837357821E+009                  1.9798230417821516E-006                  0.0000000000000000E+000                 -2.8516868128015531E+000                  1.1892347200162567E+000                  1.4277953473760878E+000                  1.5783103452080787E+000 
                                     380                  2.9999926909093189E+000                  2.7194459362770851E-001                  5.5588478519940638E+000                 -4.5505611130648687E+000                  9.1472931791040928E+000                  6.9999999999760387E-001                  2.8000000000239628E-001                  1.9999999999999796E-002                  0.0000000000000000E+000                  4.2428209468911797E+008                  8.9886315583477952E+006                  8.9881421538973727E-020                  0.0000000000000000E+000                  0.0000000000000000E+000                  1.2790061820514003E+001                  4.2187177421638341E+009                  1.9733585485838391E-006                  0.0000000000000000E+000                 -2.8523969993089646E+000                  1.1904287989878215E+000                  1.4289894263476526E+000                  1.5795044241796432E+000 
                                     381                  2.9999923522978680E+000                  2.7156892346415784E-001                  5.5631121209043668E+000                 -4.5344441147157148E+000                  9.1675732681953388E+000                  6.9999999999760387E-001                  2.8000000000239628E-001                  1.9999999999999796E-002                  0.0000000000000000E+000                  4.2360828610088724E+008                  9.0325489851852357E+006                  1.0821098787179831E-019                  0.0000000000000000E+000                  0.0000000000000000E+000                  1.2704446255893583E+001                  4.2578766039138207E+009                  1.9582238716021642E-006                  0.0000000000000000E+000                 -2.8540688297486598E+000                  1.1932165154056358E+000                  1.4317771427654669E+000                  1.5822921405974575E+000 
                                     382                  2.9999920821801620E+000                  2.7127949661797696E-001                  5.5673327279052742E+000                 -4.5185961906628798E+000                  9.1875456420551984E+000                  6.9999999999760387E-001                  2.8000000000239622E-001                  1.9999999999999907E-002                  0.0000000000000000E+000                  4.2296496593333393E+008                  9.0762577320296578E+006                  1.2993517471247304E-019                  0.0000000000000000E+000                  0.0000000000000000E+000                  1.2617910753054414E+001                  4.2878485361944017E+009                  1.9465971742229614E-006                  0.0000000000000000E+000                 -2.8553619557017997E+000                  1.1953494608417696E+000                  1.4339100882016007E+000                  1.5844250860335913E+000 
                                     383                  2.9999917260427220E+000                  2.7091073755566308E-001                  5.5705546442494303E+000                 -4.5063755716431118E+000                  9.2029114406980508E+000                  6.9999999999760398E-001                  2.8000000000239611E-001                  1.9999999999999907E-002                  0.0000000000000000E+000                  4.2245068810172492E+008                  9.1097655568599105E+006                  1.4940308368626729E-019                  0.0000000000000000E+000                  0.0000000000000000E+000                  1.2554683475823479E+001                  4.3257931663807755E+009                  1.9320748965583968E-006                  0.0000000000000000E+000                 -2.8569880211208312E+000                  1.1980494996970428E+000                  1.4366101270568739E+000                  1.5871251248888645E+000 
                                     384                  2.9999915820820191E+000                  2.7076555333274815E-001                  5.5732788427005584E+000                 -4.4961764664853980E+000                  9.2157743220799588E+000                  6.9999999999760398E-001                  2.8000000000239617E-001                  1.9999999999999796E-002                  0.0000000000000000E+000                  4.2204392843642437E+008                  9.1382151925630663E+006                  1.6803298758000815E-019                  0.0000000000000000E+000                  0.0000000000000000E+000                  1.2497548078417147E+001                  4.3407438922282562E+009                  1.9265758437360056E-006                  0.0000000000000000E+000                 -2.8576069446964532E+000                  1.1991066360000930E+000                  1.4376672633599241E+000                  1.5881822611919147E+000 
                                     385                  2.9999912941606124E+000                  2.7048150377717334E-001                  5.5769742047406021E+000                 -4.4822868474468152E+000                  9.2332761056606376E+000                  6.9999999999760398E-001                  2.8000000000239622E-001                  1.9999999999999796E-002                  0.0000000000000000E+000                  4.2148271372850502E+008                  9.1769545612728857E+006                  1.9703151122602072E-019                  0.0000000000000000E+000                  0.0000000000000000E+000                  1.2420226589467500E+001                  4.3702089468882408E+009                  1.9165253101990310E-006                  0.0000000000000000E+000                 -2.8587427204753095E+000                  1.2011654605122091E+000                  1.4397260878720404E+000                  1.5902410857040310E+000 
                                     386                  2.9999909751096117E+000                  2.7017602930289247E-001                  5.5798718882866618E+000                 -4.4713344403689410E+000                  9.2470594610877654E+000                  6.9999999999760398E-001                  2.8000000000239622E-001                  1.9999999999999796E-002                  0.0000000000000000E+000                  4.2103178151991129E+008                  9.2074492928946037E+006                  2.2320241200735978E-019                  0.0000000000000000E+000                  0.0000000000000000E+000                  1.2360070925394867E+001                  4.4015298337975178E+009                  1.9059413269127695E-006                  0.0000000000000000E+000                 -2.8599452364737750E+000                  1.2033664731220521E+000                  1.4419271004818834E+000                  1.5924420983138741E+000 
                                     387                  2.9999908000193143E+000                  2.7001229926871145E-001                  5.5828826075299380E+000                 -4.4600713130304328E+000                  9.2612678559144790E+000                  6.9999999999760398E-001                  2.8000000000239622E-001                  1.9999999999999796E-002                  0.0000000000000000E+000                  4.2058744280324888E+008                  9.2392611139710918E+006                  2.5395221045613675E-019                  0.0000000000000000E+000                  0.0000000000000000E+000                  1.2294049508606998E+001                  4.4183690496595354E+009                  1.9005935418207241E-006                  0.0000000000000000E+000                 -2.8605553753964381E+000                  1.2045400386465890E+000                  1.4431006660064203E+000                  1.5936156638384109E+000 
                                     388                  2.9999904498387195E+000                  2.6969268941112584E-001                  5.5870929365866902E+000                 -4.4442558911966463E+000                  9.2812006719458449E+000                  6.9999999999760398E-001                  2.8000000000239617E-001                  1.9999999999999796E-002                  0.0000000000000000E+000                  4.1995554234572512E+008                  9.2839381630000100E+006                  3.0410457941421956E-019                  0.0000000000000000E+000                  0.0000000000000000E+000                  1.2202378692878941E+001                  4.4513921154738092E+009                  1.8908058667993226E-006                  0.0000000000000000E+000                 -2.8616765294182671E+000                  1.2068189025667082E+000                  1.4453795299265393E+000                  1.5958945277585299E+000 
                                     389                  2.9999900358001157E+000                  2.6932744737646058E-001                  5.5903674958429015E+000                 -4.4318531731481547E+000                  9.2968030530519723E+000                  6.9999999999760398E-001                  2.8000000000239617E-001                  1.9999999999999796E-002                  0.0000000000000000E+000                  4.1944639639862752E+008                  9.3188323521285858E+006                  3.4982820583184541E-019                  0.0000000000000000E+000                  0.0000000000000000E+000                  1.2133091148184972E+001                  4.4885898486499557E+009                  1.8796244118886419E-006                  0.0000000000000000E+000                 -2.8629644615756380E+000                  1.2094047697915704E+000                  1.4479653971514015E+000                  1.5984803949833921E+000 
                                     390                  2.9999898287808140E+000                  2.6914963470384068E-001                  5.5925002660795995E+000                 -4.4238238500469276E+000                  9.3069180485613963E+000                  6.9999999999760398E-001                  2.8000000000239617E-001                  1.9999999999999796E-002                  0.0000000000000000E+000                  4.1912548552295047E+008                  9.3416378888887037E+006                  3.8314078363398555E-019                  0.0000000000000000E+000                  0.0000000000000000E+000                  1.2086738564795652E+001                  4.5066290266429529E+009                  1.8742891677413565E-006                  0.0000000000000000E+000                 -2.8635817023841281E+000                  1.2106560794517980E+000                  1.4492167068116291E+000                  1.5997317046436197E+000 
                                     391                  2.9999896217615123E+000                  2.6897486656604297E-001                  5.5941483609465070E+000                 -4.4176028101234666E+000                  9.3147504158702734E+000                  6.9999999999760398E-001                  2.8000000000239622E-001                  1.9999999999999796E-002                  0.0000000000000000E+000                  4.1887503388534099E+008                  9.3592987265789676E+006                  4.1102126310738568E-019                  0.0000000000000000E+000                  0.0000000000000000E+000                  1.2051321198563597E+001                  4.5244013440685520E+009                  1.8691975106723497E-006                  0.0000000000000000E+000                 -2.8641724030122799E+000                  1.2118811460232610E+000                  1.4504417733830921E+000                  1.6009567712150827E+000 
                                     392                  2.9999895020132836E+000                  2.6887511694139948E-001                  5.5959359826893253E+000                 -4.4108932276474206E+000                  9.3232089875652697E+000                  6.9999999999760398E-001                  2.8000000000239622E-001                  1.9999999999999796E-002                  0.0000000000000000E+000                  4.1861143163038975E+008                  9.3784973943843357E+006                  4.4348439921232606E-019                  0.0000000000000000E+000                  0.0000000000000000E+000                  1.2012061890782389E+001                  4.5345677671816292E+009                  1.8663513640709668E-006                  0.0000000000000000E+000                 -2.8645032957523555E+000                  1.2125781719792210E+000                  1.4511387993390523E+000                  1.6016537971710429E+000 
                                     393                  2.9999892625168272E+000                  2.6867847495804015E-001                  5.5994387179828031E+000                 -4.3977829511769366E+000                  9.3397477141801524E+000                  6.9999999999760398E-001                  2.8000000000239617E-001                  1.9999999999999796E-002                  0.0000000000000000E+000                  4.1810411567778713E+008                  9.4162364617135301E+006                  5.1454262517071282E-019                  0.0000000000000000E+000                  0.0000000000000000E+000                  1.1934593796788510E+001                  4.5547625494566593E+009                  1.8609609948285662E-006                  5.7994043454769159E-020                 -2.8651313647264605E+000                  1.2139475082010971E+000                  1.4525081355609282E+000                  1.6030231333929188E+000 
                                     394                  2.9999887803628473E+000                  2.6829359542114456E-001                  5.6035870131951944E+000                 -4.3821159778747987E+000                  9.3594714319187400E+000                  6.9999999999760398E-001                  2.8000000000239622E-001                  1.9999999999999796E-002                  0.0000000000000000E+000                  4.1748061843697941E+008                  9.4611161289847326E+006                  6.1349910135461707E-019                  0.0000000000000000E+000                  0.0000000000000000E+000                  1.1846877214670393E+001                  4.5939798471761780E+009                  1.8503123501456192E-006                  2.3021910845769317E-019                 -2.8663774762054235E+000                  1.2166116134517899E+000                  1.4551722408116210E+000                  1.6056872386436116E+000 
                                     395                  2.9999883683543458E+000                  2.6797559138243332E-001                  5.6073750092917054E+000                 -4.3678408753801294E+000                  9.3774523982690337E+000                  6.9999999999760376E-001                  2.8000000000239622E-001                  2.0000000000000018E-002                  0.0000000000000000E+000                  4.1692158413859546E+008                  9.5022882506305762E+006                  7.2005232774127899E-019                  0.0000000000000000E+000                  0.0000000000000000E+000                  1.1766333139327921E+001                  4.6260952707071486E+009                  1.8414250428619713E-006                  3.4318863671765789E-019                 -2.8674229774308650E+000                  1.2187962936542127E+000                  1.4573569210140440E+000                  1.6078719188460346E+000 
                                     396                  2.9999879315444686E+000                  2.6764861885456737E-001                  5.6116245936572886E+000                 -4.3518538272290446E+000                  9.3975983080754073E+000                  6.9999999999760365E-001                  2.8000000000239622E-001                  2.0000000000000129E-002                  0.0000000000000000E+000                  4.1630508470038712E+008                  9.5486910725522023E+006                  8.6131511517746794E-019                  0.0000000000000000E+000                  0.0000000000000000E+000                  1.1674926148757059E+001                  4.6591829259297438E+009                  1.8326626588750029E-006                  2.2735585943157731E-019                 -2.8684587344779797E+000                  1.2210267654529399E+000                  1.4595873928127709E+000                  1.6101023906447616E+000 
                                     397                  2.9999873776315371E+000                  2.6724796930554778E-001                  5.6148550162558584E+000                 -4.3395718315942560E+000                  9.4130384784409848E+000                  6.9999999999760376E-001                  2.8000000000239633E-001                  1.9999999999999907E-002                  0.0000000000000000E+000                  4.1581673277648544E+008                  9.5841006706161629E+006                  9.8693974055823685E-019                  0.0000000000000000E+000                  0.0000000000000000E+000                  1.1607671452197344E+001                  4.6992828550239744E+009                  1.8220432900840479E-006                  5.6406160442228487E-020                 -2.8697206544001492E+000                  1.2237394352664459E+000                  1.4623000626262770E+000                  1.6128150604582676E+000 
                                     398                  2.9999871434254279E+000                  2.6708296777582369E-001                  5.6172039031198100E+000                 -4.3307285550761598E+000                  9.4241808632265407E+000                  6.9999999999760376E-001                  2.8000000000239639E-001                  1.9999999999999796E-002                  0.0000000000000000E+000                  4.1548035242319292E+008                  9.6099355700255856E+006                  1.0892319835866608E-018                  0.0000000000000000E+000                  0.0000000000000000E+000                  1.1556155390210067E+001                  4.7157588536921682E+009                  1.8178336076969089E-006                 -4.5995355275773670E-020                 -2.8702229358502627E+000                  1.2248495465686986E+000                  1.4634101739285297E+000                  1.6139251717605203E+000 
                                     399                  2.9999867921162626E+000                  2.6684011240580713E-001                  5.6214576700302787E+000                 -4.3147940523306056E+000                  9.4442817718945662E+000                  6.9999999999760387E-001                  2.8000000000239628E-001                  1.9999999999999796E-002                  0.0000000000000000E+000                  4.1489152564705521E+008                  9.6568986632218026E+006                  1.3014887936026942E-018                  0.0000000000000000E+000                  0.0000000000000000E+000                  1.1459335655929468E+001                  4.7403490878916540E+009                  1.8122786932663884E-006                 -1.2109283654849708E-019                 -2.8708875077333427E+000                  1.2264753824802213E+000                  1.4650360098400523E+000                  1.6155510076720430E+000 
                                     400                  2.9999860508463088E+000                  2.6634488223702663E-001                  5.6260679212779481E+000                 -4.2972658722886328E+000                  9.4663189148934084E+000                  6.9999999999760398E-001                  2.8000000000239617E-001                  1.9999999999999796E-002                  0.0000000000000000E+000                  4.1421471428318930E+008                  9.7080179890058525E+006                  1.5785665288663707E-018                  0.0000000000000000E+000                  0.0000000000000000E+000                  1.1357224090581690E+001                  4.7899219019351578E+009                  1.8014190818477397E-006                 -2.6247045406859889E-020                 -2.8721926206136930E+000                  1.2297652944217274E+000                  1.4683259217815585E+000                  1.6188409196135491E+000 
                                     401                  2.9999855404500311E+000                  2.6601645011511593E-001                  5.6294779510641630E+000                 -4.2843354643231031E+000                  9.4825859358015236E+000                  6.9999999999760387E-001                  2.8000000000239622E-001                  1.9999999999999907E-002                  0.0000000000000000E+000                  4.1372649511454695E+008                  9.7459965817859247E+006                  1.8199984818772279E-018                  0.0000000000000000E+000                  0.0000000000000000E+000                  1.1278682289322081E+001                  4.8223409274701347E+009                  1.7944938502059140E-006                  1.8638104672923911E-019                 -2.8730290128353935E+000                  1.2319271428896013E+000                  1.4704877702494323E+000                  1.6210027680814230E+000 
                                     402                  2.9999850882182995E+000                  2.6573338521406170E-001                  5.6333583873434128E+000                 -4.2696841895616879E+000                  9.5010363928466006E+000                  6.9999999999760387E-001                  2.8000000000239628E-001                  1.9999999999999796E-002                  0.0000000000000000E+000                  4.1318865026194495E+008                  9.7893897416809443E+006                  2.1388481926125956E-018                  0.0000000000000000E+000                  0.0000000000000000E+000                  1.1186053157839460E+001                  4.8504513737424307E+009                  1.7891907490421132E-006                  1.9842062781262937E-019                 -2.8736716780001790E+000                  1.2337768342629363E+000                  1.4723374616227674E+000                  1.6228524594547582E+000 
                                     403                  2.9999844070286130E+000                  2.6532016064583763E-001                  5.6378271487248037E+000                 -4.2527039317193251E+000                  9.5223895402656051E+000                  6.9999999999760387E-001                  2.8000000000239633E-001                  1.9999999999999796E-002                  0.0000000000000000E+000                  4.1255875337321013E+008                  9.8395749025035035E+006                  2.5752093675750700E-018                  0.0000000000000000E+000                  0.0000000000000000E+000                  1.1080077320782607E+001                  4.8913628166856031E+009                  1.7819438252274479E-006                  6.0383161591833029E-020                 -2.8745529954857894E+000                  1.2364557491206196E+000                  1.4750163764804507E+000                  1.6255313743124413E+000 
                                     404                  2.9999837201547499E+000                  2.6491833524467717E-001                  5.6410110005018357E+000                 -4.2405084318497490E+000                  9.5376983721591309E+000                  6.9999999999760387E-001                  2.8000000000239628E-001                  1.9999999999999796E-002                  0.0000000000000000E+000                  4.1209877228573787E+008                  9.8754663759809788E+006                  2.9391341468200934E-018                  0.0000000000000000E+000                  0.0000000000000000E+000                  1.1006030307574033E+001                  4.9305253483929396E+009                  1.7747932035507461E-006                  0.0000000000000000E+000                 -2.8754261215266648E+000                  1.2390373647470596E+000                  1.4775979921068909E+000                  1.6281129899388815E+000 
                                     405                  2.9999833877592859E+000                  2.6472887983315491E-001                  5.6436560370844457E+000                 -4.2304664421481375E+000                  9.5503295883801247E+000                  6.9999999999760387E-001                  2.8000000000239622E-001                  1.9999999999999907E-002                  0.0000000000000000E+000                  4.1173639670025063E+008                  9.9053838169636149E+006                  3.2789400100189657E-018                  0.0000000000000000E+000                  0.0000000000000000E+000                  1.0942253780504650E+001                  4.9489929050210657E+009                  1.7715484805418980E-006                  0.0000000000000000E+000                 -2.8758234790902599E+000                  1.2402460077019684E+000                  1.4788066350617994E+000                  1.6293216328937901E+000 
                                     406                  2.9999828531985764E+000                  2.6443065868361393E-001                  5.6470230716777348E+000                 -4.2176342791820405E+000                  9.5664567933335576E+000                  6.9999999999760387E-001                  2.8000000000239628E-001                  1.9999999999999796E-002                  0.0000000000000000E+000                  4.1127130436797899E+008                  9.9435854652166739E+006                  3.7683506140473954E-018                  0.0000000000000000E+000                  0.0000000000000000E+000                  1.0862062951189523E+001                  4.9781959014104376E+009                  1.7666998487773544E-006                  0.0000000000000000E+000                 -2.8764186140672940E+000                  1.2421377341320821E+000                  1.4806983614919131E+000                  1.6312133593239038E+000 
                                     407                  2.9999822467028410E+000                  2.6410144480930359E-001                  5.6512220586136284E+000                 -4.2016532746137303E+000                  9.5865482246236819E+000                  6.9999999999760387E-001                  2.8000000000239633E-001                  1.9999999999999796E-002                  0.0000000000000000E+000                  4.1070233801348591E+008                  9.9914227986211255E+006                  4.4801826658481872E-018                  0.0000000000000000E+000                  0.0000000000000000E+000                  1.0761763075633372E+001                  5.0103288984764147E+009                  1.7613594515098731E-006                  0.0000000000000000E+000                 -2.8770760029143672E+000                  1.2442114189688567E+000                  1.4827720463286878E+000                  1.6332870441606784E+000 
                                     408                  2.9999813755701927E+000                  2.6364442721054360E-001                  5.6557471288203631E+000                 -4.1843033959113116E+000                  9.6083250819914721E+000                  6.9999999999760398E-001                  2.8000000000239622E-001                  1.9999999999999796E-002                  0.0000000000000000E+000                  4.1007573674730003E+008                  1.0043208983768178E+007                  5.3973523382520397E-018                  0.0000000000000000E+000                  0.0000000000000000E+000                  1.0656949919912744E+001                  5.0546155334720497E+009                  1.7538189499602108E-006                  0.0000000000000000E+000                 -2.8780076208474750E+000                  1.2470660942319294E+000                  1.4856267215917605E+000                  1.6361417194237511E+000 
                                     409                  2.9999805730609981E+000                  2.6323869177455622E-001                  5.6588376759787611E+000                 -4.1723780843089280E+000                  9.6232724221303858E+000                  6.9999999999760398E-001                  2.8000000000239622E-001                  1.9999999999999796E-002                  0.0000000000000000E+000                  4.0963999641777951E+008                  1.0078719235785436E+007                  6.1286828208178407E-018                  0.0000000000000000E+000                  0.0000000000000000E+000                  1.0587184613239389E+001                  5.0933287513543110E+009                  1.7467312088305726E-006                  0.0000000000000000E+000                 -2.8788869600737601E+000                  1.2495779219630492E+000                  1.4881385493228803E+000                  1.6386535471548709E+000 
                                     410                  2.9999801817293106E+000                  2.6304580134692346E-001                  5.6611693097652944E+000                 -4.1634471946790814E+000                  9.6344852858769574E+000                  6.9999999999760398E-001                  2.8000000000239622E-001                  1.9999999999999796E-002                  0.0000000000000000E+000                  4.0932532667575651E+008                  1.0105595090501815E+007                  6.7431801192290190E-018                  0.0000000000000000E+000                  0.0000000000000000E+000                  1.0533122511858148E+001                  5.1117351392139769E+009                  1.7434204593431579E-006                  0.0000000000000000E+000                 -2.8792989308994792E+000                  1.2507643061859366E+000                  1.4893249335457677E+000                  1.6398399313777583E+000 
                                     411                  2.9999796517668806E+000                  2.6278949838863119E-001                  5.6637792783516465E+000                 -4.1534199506260032E+000                  9.6470663784711661E+000                  6.9999999999760409E-001                  2.8000000000239611E-001                  1.9999999999999796E-002                  0.0000000000000000E+000                  4.0897062537565583E+008                  1.0135758800116345E+007                  7.5036762473287498E-018                  0.0000000000000000E+000                  0.0000000000000000E+000                  1.0473262812351233E+001                  5.1362845830546608E+009                  1.7391875561405697E-006                 -5.6486528794474073E-020                 -2.8798267903084032E+000                  1.2523331900119912E+000                  1.4908938173718222E+000                  1.6414088152038129E+000 
                                     412                  2.9999791218044503E+000                  2.6253860618270702E-001                  5.6672729287217312E+000                 -4.1400557800259010E+000                  9.6638510547596734E+000                  6.9999999999760409E-001                  2.8000000000239611E-001                  1.9999999999999796E-002                  0.0000000000000000E+000                  4.0850967076464790E+008                  1.0176278476214992E+007                  8.6540449547333631E-018                  0.0000000000000000E+000                  0.0000000000000000E+000                  1.0391788593737983E+001                  5.1603292894930296E+009                  1.7351459683577181E-006                 -2.2505710393270502E-019                 -2.8803319922562221E+000                  1.2538608197909251E+000                  1.4924214471507562E+000                  1.6429364449827470E+000 
                                     413                  2.9999781924119659E+000                  2.6211094996404288E-001                  5.6707305405505881E+000                 -4.1266750456228047E+000                  9.6806134661106196E+000                  6.9999999999760398E-001                  2.8000000000239622E-001                  1.9999999999999796E-002                  0.0000000000000000E+000                  4.0803162849443436E+008                  1.0216526149178896E+007                  9.9665731929475010E-018                  0.0000000000000000E+000                  0.0000000000000000E+000                  1.0314366424119680E+001                  5.2009613430011711E+009                  1.7282013595393779E-006                 -3.3534742074231586E-019                 -2.8812028287751774E+000                  1.2564478778137049E+000                  1.4950085051735360E+000                  1.6455235030055266E+000 
                                     414                  2.9999776129497118E+000                  2.6185178852724084E-001                  5.6733233238447527E+000                 -4.1166791883551728E+000                  9.6931465019966438E+000                  6.9999999999760398E-001                  2.8000000000239611E-001                  1.9999999999999907E-002                  0.0000000000000000E+000                  4.0768197121198958E+008                  1.0246815933795203E+007                  1.1076636042301179E-017                  0.0000000000000000E+000                  0.0000000000000000E+000                  1.0255332056617412E+001                  5.2253563536090698E+009                  1.7239330171517783E-006                 -2.7168293902999574E-019                 -2.8817398062761006E+000                  1.2580050833152319E+000                  1.4965657106750629E+000                  1.6470807085070538E+000 
                                     415                  2.9999770283757434E+000                  2.6159583476571335E-001                  5.6768702146255503E+000                 -4.1030678919461954E+000                  9.7102307130656076E+000                  6.9999999999760409E-001                  2.8000000000239611E-001                  1.9999999999999796E-002                  0.0000000000000000E+000                  4.0721695357992989E+008                  1.0288406703328641E+007                  1.2792708923397620E-017                  0.0000000000000000E+000                  0.0000000000000000E+000                  1.0172967860936851E+001                  5.2496405011959152E+009                  1.7200149431914791E-006                 -2.5072619926066498E-019                 -2.8822338900004665E+000                  1.2595348843202165E+000                  1.4980955116800476E+000                  1.6486105095120382E+000 
                                     416                  2.9999759749909436E+000                  2.6114775665746331E-001                  5.6807973922088646E+000                 -4.0878454923692749E+000                  9.7292950969841296E+000                  6.9999999999760398E-001                  2.8000000000239611E-001                  1.9999999999999907E-002                  0.0000000000000000E+000                  4.0668049119934618E+008                  1.0334649553882774E+007                  1.5004225406315546E-017                  0.0000000000000000E+000                  0.0000000000000000E+000                  1.0084667928759309E+001                  5.2918648448484507E+009                  1.7132305645748852E-006                 -2.9094898996316135E-019                 -2.8830920931277504E+000                  1.2621956913409302E+000                  1.5007563187007615E+000                  1.6512713165327522E+000 
                                     417                  2.9999751307095663E+000                  2.6080004019706338E-001                  5.6842982917909843E+000                 -4.0743025515005975E+000                  9.7462642605240877E+000                  6.9999999999760398E-001                  2.8000000000239622E-001                  1.9999999999999796E-002                  0.0000000000000000E+000                  4.0620950265964049E+008                  1.0376060005968425E+007                  1.7289280215874175E-017                  0.0000000000000000E+000                  0.0000000000000000E+000                  1.0004968822481986E+001                  5.3243146122730112E+009                  1.7079499673271030E-006                 -1.9297001976481796E-019                 -2.8837624278399043E+000                  1.2642451963855144E+000                  1.5028058237453454E+000                  1.6533208215773361E+000 
                                     418                  2.9999742199944071E+000                  2.6043558351704832E-001                  5.6881915137639192E+000                 -4.0592424031527976E+000                  9.7651352186059555E+000                  6.9999999999760398E-001                  2.8000000000239622E-001                  1.9999999999999796E-002                  0.0000000000000000E+000                  4.0568863819633633E+008                  1.0422317573809037E+007                  2.0233929857741227E-017                  0.0000000000000000E+000                  0.0000000000000000E+000                  9.9158207093408084E+000                  5.3583588596554899E+009                  1.7027219550375235E-006                  8.1512650296938222E-021                 -2.8844281320526290E+000                  1.2663789856043053E+000                  1.5049396129641364E+000                  1.6554546107961270E+000 
                                     419                  2.9999731035931836E+000                  2.6000285128918166E-001                  5.6919736170550843E+000                 -4.0445274027551266E+000                  9.7835507555362007E+000                  6.9999999999760387E-001                  2.8000000000239622E-001                  1.9999999999999907E-002                  0.0000000000000000E+000                  4.0517165568261230E+008                  1.0467458543004524E+007                  2.3569998758343443E-017                  0.0000000000000000E+000                  0.0000000000000000E+000                  9.8304261695081223E+000                  5.3984856627710247E+009                  1.6966367801330083E-006                  2.2315946583939840E-019                 -2.8852055612418352E+000                  1.2688943916285600E+000                  1.5074550189883913E+000                  1.6579700168203819E+000 
                                     420                  2.9999721632516785E+000                  2.5964954721106021E-001                  5.6953284148214509E+000                 -4.0314833302086592E+000                  9.7998780138189794E+000                  6.9999999999760365E-001                  2.8000000000239628E-001                  2.0000000000000018E-002                  0.0000000000000000E+000                  4.0471636439134312E+008                  1.0507676180051342E+007                  2.6978079971494998E-017                  0.0000000000000000E+000                  0.0000000000000000E+000                  9.7539301717349449E+000                  5.4310293919289961E+009                  1.6917817475460337E-006                  3.3306516320187659E-019                 -2.8858278324541109E+000                  1.2709334774459651E+000                  1.5094941048057962E+000                  1.6600091026377868E+000 
                                     421                  2.9999712118585951E+000                  2.5930182654526990E-001                  5.6984652745782967E+000                 -4.0192599207276727E+000                  9.8151711042009495E+000                  6.9999999999760387E-001                  2.8000000000239628E-001                  1.9999999999999796E-002                  0.0000000000000000E+000                  4.0428776847253174E+008                  1.0545430998745650E+007                  3.0603274792938282E-017                  0.0000000000000000E+000                  0.0000000000000000E+000                  9.6824195847896668E+000                  5.4629713991830206E+009                  1.6872161401545283E-006                  2.2096517960402785E-019                 -2.8864146393623189E+000                  1.2729277218883754E+000                  1.5114883492482065E+000                  1.6620033470801971E+000 
                                     422                  2.9999703315342021E+000                  2.5898829464298084E-001                  5.7015411433065939E+000                 -4.0072775723954628E+000                  9.8301639523285171E+000                  6.9999999999760387E-001                  2.8000000000239617E-001                  2.0000000000000018E-002                  0.0000000000000000E+000                  4.0386902902528238E+008                  1.0582596859466562E+007                  3.4622035173361206E-017                  0.0000000000000000E+000                  0.0000000000000000E+000                  9.6116553689979511E+000                  5.4916863811435976E+009                  1.6832733050315188E-006                  5.5002382797730477E-020                 -2.8869226819911180E+000                  1.2747152856908921E+000                  1.5132759130507232E+000                  1.6637909108827138E+000 
                                     423                  2.9999693577486974E+000                  2.5865015393789470E-001                  5.7038968145349793E+000                 -3.9980395129568218E+000                  9.8417063942658096E+000                  6.9999999999760398E-001                  2.8000000000239617E-001                  1.9999999999999796E-002                  0.0000000000000000E+000                  4.0353940352771890E+008                  1.0611153242244372E+007                  3.8052450309446559E-017                  0.0000000000000000E+000                  0.0000000000000000E+000                  9.5583726935457740E+000                  5.5224168217914734E+009                  1.6790835405688762E-006                  0.0000000000000000E+000                 -2.8874638477899683E+000                  1.2766323914910667E+000                  1.5151930188508975E+000                  1.6657080166828884E+000 
                                     424                  2.9999688644485549E+000                  2.5848217045161126E-001                  5.7058507937955829E+000                 -3.9904227834347878E+000                  9.8512358771638056E+000                  6.9999999999760398E-001                  2.8000000000239617E-001                  1.9999999999999796E-002                  0.0000000000000000E+000                  4.0327363399675918E+008                  1.0634907974404059E+007                  4.1145687753407687E-017                  0.0000000000000000E+000                  0.0000000000000000E+000                  9.5130047604548924E+000                  5.5376621735494814E+009                  1.6770771732527585E-006                  0.0000000000000000E+000                 -2.8877234761070141E+000                  1.2775804455212278E+000                  1.5161410728810589E+000                  1.6666560707130496E+000 
                                     425                  2.9999681187035390E+000                  2.5823227648750602E-001                  5.7085426844483971E+000                 -3.9799170309826368E+000                  9.8643766882993393E+000                  6.9999999999760387E-001                  2.8000000000239622E-001                  1.9999999999999907E-002                  0.0000000000000000E+000                  4.0290629774174130E+008                  1.0667727620737839E+007                  4.5817231837149403E-017                  0.0000000000000000E+000                  0.0000000000000000E+000                  9.4505161262944597E+000                  5.5604452047216854E+009                  1.6742930332472638E-006                  4.9576114634350536E-020                 -2.8880842649321474E+000                  1.2789854146654700E+000                  1.5175460420253011E+000                  1.6680610398572917E+000 
                                     426                  2.9999671146683173E+000                  2.5790321504597519E-001                  5.7123098660394085E+000                 -3.9652227138693164E+000                  9.8827593700629404E+000                  6.9999999999760387E-001                  2.8000000000239622E-001                  1.9999999999999907E-002                  0.0000000000000000E+000                  4.0239504921345150E+008                  1.0713842636852875E+007                  5.3241491217662502E-017                  0.0000000000000000E+000                  0.0000000000000000E+000                  9.3625358010996518E+000                  5.5904031703581924E+009                  1.6707613788243225E-006                  1.2229174607596225E-019                 -2.8885427862023030E+000                  1.2808260468201433E+000                  1.5193866741799744E+000                  1.6699016720119650E+000 
                                     427                  2.9999655880557685E+000                  2.5741816828233421E-001                  5.7159638806199684E+000                 -3.9508185337395498E+000                  9.9007380643835372E+000                  6.9999999999760409E-001                  2.8000000000239611E-001                  1.9999999999999796E-002                  0.0000000000000000E+000                  4.0187816281715202E+008                  1.0758766195623310E+007                  6.1591074207849752E-017                  0.0000000000000000E+000                  0.0000000000000000E+000                  9.2800544721562765E+000                  5.6340460486474371E+009                  1.6654572391916691E-006                  7.9864811556563084E-020                 -2.8892332566954986E+000                  1.2835208617279805E+000                  1.5220814890878116E+000                  1.6725964869198022E+000 
                                     428                  2.9999645453359136E+000                  2.5709678150062776E-001                  5.7183649205366134E+000                 -3.9413542298085122E+000                  9.9125515159424928E+000                  6.9999999999760398E-001                  2.8000000000239617E-001                  1.9999999999999796E-002                  0.0000000000000000E+000                  4.0153984949988240E+008                  1.0788395980996273E+007                  6.7766002529948347E-017                  0.0000000000000000E+000                  0.0000000000000000E+000                  9.2257674265137606E+000                  5.6626066781537580E+009                  1.6618206822811213E-006                  8.4891578040116043E-020                 -2.8897079201487825E+000                  1.2852941802819970E+000                  1.5238548076418283E+000                  1.6743698054738190E+000 
                                     429                  2.9999638461205271E+000                  2.5688552695985195E-001                  5.7204984123555294E+000                 -3.9329721718906452E+000                  9.9230218304827442E+000                  6.9999999999760387E-001                  2.8000000000239622E-001                  1.9999999999999907E-002                  0.0000000000000000E+000                  4.0124417663432801E+008                  1.0814800147632979E+007                  7.3756899889842261E-017                  0.0000000000000000E+000                  0.0000000000000000E+000                  9.1769567248238442E+000                  5.6814337265203762E+009                  1.6595437229930031E-006                  2.5425130075681815E-019                 -2.8900056505055280E+000                  1.2864543360203682E+000                  1.5250149633801993E+000                  1.6755299612121901E+000 
                                     430                  2.9999629644190797E+000                  2.5662380267629908E-001                  5.7230675512455376E+000                 -3.9228671206909054E+000                  9.9356415423161959E+000                  6.9999999999760387E-001                  2.8000000000239633E-001                  1.9999999999999796E-002                  0.0000000000000000E+000                  4.0088738899610472E+008                  1.0846687359359553E+007                  8.1668138649132467E-017                  0.0000000000000000E+000                  0.0000000000000000E+000                  9.1184441780227292E+000                  5.7047969288312674E+009                  1.6568233399080259E-006                  3.0617818910873137E-019                 -2.8903618980514270E+000                  1.2878858021870072E+000                  1.5264464295468385E+000                  1.6769614273788289E+000 
                                     431                  2.9999618940219785E+000                  2.5631275893536509E-001                  5.7262884907473479E+000                 -3.9101985843924738E+000                  9.9514631312565260E+000                  6.9999999999760387E-001                  2.8000000000239622E-001                  1.9999999999999907E-002                  0.0000000000000000E+000                  4.0044172953765106E+008                  1.0886806815585967E+007                  9.2774617558563119E-017                  0.0000000000000000E+000                  0.0000000000000000E+000                  9.0451970162245612E+000                  5.7325063538861828E+009                  1.6536309689689458E-006                  2.2075864458645349E-019                 -2.8907807014492186E+000                  1.2895788214114350E+000                  1.5281394487712661E+000                  1.6786544466032569E+000 
                                     432                  2.9999604427519078E+000                  2.5590214028006364E-001                  5.7301154633220879E+000                 -3.8951007391094867E+000                  9.9703068103438515E+000                  6.9999999999760409E-001                  2.8000000000239611E-001                  1.9999999999999796E-002                  0.0000000000000000E+000                  3.9990810250685149E+008                  1.0934676514419900E+007                  1.0792622342299751E-016                  0.0000000000000000E+000                  0.0000000000000000E+000                  8.9593094729631826E+000                  5.7689277399766436E+009                  1.6494263510642271E-006                  8.7927534535465280E-020                 -2.8913335357369436E+000                  1.2918005894748479E+000                  1.5303612168346792E+000                  1.6808762146666698E+000 
                                     433                  2.9999587801282468E+000                  2.5544643296044334E-001                  5.7338492793743923E+000                 -3.8803077255286436E+000                  9.9887536493508815E+000                  6.9999999999760398E-001                  2.8000000000239617E-001                  1.9999999999999796E-002                  0.0000000000000000E+000                  3.9938144659447861E+008                  1.0981590017054414E+007                  1.2506572247875170E-016                  0.0000000000000000E+000                  0.0000000000000000E+000                  8.8770127168119810E+000                  5.8089748965857916E+009                  1.6446410511593909E-006                 -9.7529487324806208E-020                 -2.8919644368543431E+000                  1.2942491963536993E+000                  1.5328098237135304E+000                  1.6833248215455210E+000 
                                     434                  2.9999572740506517E+000                  2.5504627614424774E-001                  5.7377335804467204E+000                 -3.8649543864846292E+000                  1.0007909564935961E+001                  6.9999999999760398E-001                  2.8000000000239617E-001                  1.9999999999999796E-002                  0.0000000000000000E+000                  3.9884238764668173E+008                  1.1030620383579606E+007                  1.4572586273693985E-016                  0.0000000000000000E+000                  0.0000000000000000E+000                  8.7909991467119486E+000                  5.8440159745460434E+009                  1.6404753231357065E-006                 -2.0043883928267459E-019                 -2.8925151490536565E+000                  1.2963842721098362E+000                  1.5349448994696673E+000                  1.6854598973016579E+000 
                                     435                  2.9999553566641377E+000                  2.5455301232677102E-001                  5.7415150866426181E+000                 -3.8499090582410109E+000                  1.0026655234690516E+001                  6.9999999999760398E-001                  2.8000000000239617E-001                  1.9999999999999796E-002                  0.0000000000000000E+000                  3.9830738094104224E+008                  1.1078563346963545E+007                  1.6909201836975495E-016                  0.0000000000000000E+000                  0.0000000000000000E+000                  8.7095704235874276E+000                  5.8869415889553976E+009                  1.6353194003653906E-006                 -2.8432216719468554E-019                 -2.8931987055174537E+000                  1.2989977233592922E+000                  1.5375583507191233E+000                  1.6880733485511141E+000 
                                     436                  2.9999537903538522E+000                  2.5416259627863208E-001                  5.7444086687469795E+000                 -3.8383837438789388E+000                  1.0041012177861488E+001                  6.9999999999760409E-001                  2.8000000000239605E-001                  1.9999999999999796E-002                  0.0000000000000000E+000                  3.9789902304184580E+008                  1.1115392696532728E+007                  1.8943279670009632E-016                  0.0000000000000000E+000                  0.0000000000000000E+000                  8.6478126751724425E+000                  5.9205755473680992E+009                  1.6310972014169095E-006                 -3.5548242468952589E-019                 -2.8937600787131088E+000                  1.3010520373507373E+000                  1.5396126647105683E+000                  1.6901276625425590E+000 
                                     437                  2.9999525949590478E+000                  2.5387175378656451E-001                  5.7472742772977297E+000                 -3.8270141025995148E+000                  1.0055187445802073E+001                  6.9999999999760398E-001                  2.8000000000239617E-001                  1.9999999999999796E-002                  0.0000000000000000E+000                  3.9750334129319483E+008                  1.1151992873496259E+007                  2.1192352548702868E-016                  0.0000000000000000E+000                  0.0000000000000000E+000                  8.5861151170580605E+000                  5.9456731918558798E+009                  1.6280377468381830E-006                 -2.3619814220520747E-019                 -2.8941677650018214E+000                  1.3025740393773266E+000                  1.5411346667371577E+000                  1.6916496645691483E+000 
                                     438                  2.9999509800776409E+000                  2.5348810912193881E-001                  5.7500805832044044E+000                 -3.8158153993339723E+000                  1.0069132627331022E+001                  6.9999999999760398E-001                  2.8000000000239617E-001                  1.9999999999999796E-002                  0.0000000000000000E+000                  3.9710929414906496E+008                  1.1187949635267777E+007                  2.3652433817272919E-016                  0.0000000000000000E+000                  0.0000000000000000E+000                  8.5273036164812108E+000                  5.9786634204493971E+009                  1.6239909566786795E-006                 -5.8792998093413338E-020                 -2.8947081967455381E+000                  1.3045714423379295E+000                  1.5431320696977606E+000                  1.6936470675297512E+000 
                                     439                  2.9999497494028859E+000                  2.5320252305186247E-001                  5.7528622097684741E+000                 -3.8047582793614190E+000                  1.0082913386762170E+001                  6.9999999999760398E-001                  2.8000000000239622E-001                  1.9999999999999796E-002                  0.0000000000000000E+000                  3.9672723119336736E+008                  1.1223709395336319E+007                  2.6365041390421504E-016                  0.0000000000000000E+000                  0.0000000000000000E+000                  8.4685913715422707E+000                  6.0031352526775608E+009                  1.6209490287099623E-006                  0.0000000000000000E+000                 -2.8951153207367666E+000                  1.3060506824822651E+000                  1.5446113098420962E+000                  1.6951263076740868E+000 
                                     440                  2.9999480844913764E+000                  2.5282501836551152E-001                  5.7559848646494931E+000                 -3.7923051517011346E+000                  1.0098423588763586E+001                  6.9999999999760398E-001                  2.8000000000239622E-001                  1.9999999999999796E-002                  0.0000000000000000E+000                  3.9629579817204016E+008                  1.1263987470021538E+007                  2.9778731220497129E-016                  0.0000000000000000E+000                  0.0000000000000000E+000                  8.4039423556332746E+000                  6.0354569525359983E+009                  1.6169603679930617E-006                  0.0000000000000000E+000                 -2.8956503123018558E+000                  1.3079963134281321E+000                  1.5465569407879631E+000                  1.6970719386199538E+000 
                                     441                  2.9999463903149475E+000                  2.5245076618738166E-001                  5.7590602048223944E+000                 -3.7800304658143431E+000                  1.0113709232761096E+001                  6.9999999999760387E-001                  2.8000000000239622E-001                  1.9999999999999907E-002                  0.0000000000000000E+000                  3.9587282669517273E+008                  1.1303795958250213E+007                  3.3565540296811317E-016                  0.0000000000000000E+000                  0.0000000000000000E+000                  8.3409471759332785E+000                  6.0672989855403252E+009                  1.6129210772885045E-006                  0.0000000000000000E+000                 -2.8961934413943804E+000                  1.3099145967256909E+000                  1.5484752240855220E+000                  1.6989902219175126E+000 
                                     442                  2.9999446663646805E+000                  2.5207959531703850E-001                  5.7613218277620826E+000                 -3.7709569865510102E+000                  1.0124996243045679E+001                  6.9999999999760398E-001                  2.8000000000239617E-001                  1.9999999999999796E-002                  0.0000000000000000E+000                  3.9555763571738160E+008                  1.1333157223014411E+007                  3.6652994504991105E-016                  0.0000000000000000E+000                  0.0000000000000000E+000                  8.2957777959532812E+000                  6.0986112027837992E+009                  1.6087991794517496E-006                  5.6437320929311636E-020                 -2.8967490819589106E+000                  1.3118070611243260E+000                  1.5503676884841571E+000                  1.7008826863161477E+000 
                                     443                  2.9999437968819302E+000                  2.5189591229591141E-001                  5.7635831125870709E+000                 -3.7619614761119791E+000                  1.0136206856135392E+001                  6.9999999999760398E-001                  2.8000000000239617E-001                  1.9999999999999796E-002                  0.0000000000000000E+000                  3.9525480639517719E+008                  1.1362595305211945E+007                  4.0011946260354852E-016                  0.0000000000000000E+000                  0.0000000000000000E+000                  8.2493908898321244E+000                  6.1141424444539452E+009                  1.6068072026355262E-006                  2.2530593519074703E-019                 -2.8970181150889740E+000                  1.3127396444389283E+000                  1.5513002717987594E+000                  1.7018152696307502E+000 
                                     444                  2.9999420273638950E+000                  2.5152905830751787E-001                  5.7665499895216454E+000                 -3.7500981157744979E+000                  1.0150975522081353E+001                  6.9999999999760376E-001                  2.8000000000239633E-001                  1.9999999999999907E-002                  0.0000000000000000E+000                  3.9485218665947646E+008                  1.1401328923942318E+007                  4.4888271190523439E-016                  0.0000000000000000E+000                  0.0000000000000000E+000                  8.1899592122715514E+000                  6.1452312409573927E+009                  1.6029480057788818E-006                  2.7904108395435980E-019                 -2.8975402822320167E+000                  1.3145947695784468E+000                  1.5531553969382779E+000                  1.7036703947702685E+000 
                                     445                  2.9999402267622872E+000                  2.5116490098811423E-001                  5.7694769063015432E+000                 -3.7383868840245769E+000                  1.0165553153467652E+001                  6.9999999999760376E-001                  2.8000000000239639E-001                  1.9999999999999796E-002                  0.0000000000000000E+000                  3.9445734246268082E+008                  1.1439667408150237E+007                  5.0271506692740207E-016                  0.0000000000000000E+000                  0.0000000000000000E+000                  8.1317257120503843E+000                  6.1758340658896790E+009                  1.5990332429744872E-006                 -5.9798231490503944E-021                 -2.8980712537146531E+000                  1.3164269278809584E+000                  1.5549875552407895E+000                  1.7055025530727801E+000 
                                     446                  2.9999383945369513E+000                  2.5080330158992803E-001                  5.7723656177883358E+000                 -3.7268212165900345E+000                  1.0179948028538520E+001                  6.9999999999760354E-001                  2.8000000000239639E-001                  2.0000000000000018E-002                  0.0000000000000000E+000                  3.9407004972143912E+008                  1.1477628560202455E+007                  5.6206885548482917E-016                  0.0000000000000000E+000                  0.0000000000000000E+000                  8.0745619212302255E+000                  6.2061190778913746E+009                  1.5951854645819474E-006                 -3.4597912842016222E-019                 -2.8985944081648469E+000                  1.3182369412798860E+000                  1.5567975686397171E+000                  1.7073125664717077E+000 
                                     447                  2.9999365301384593E+000                  2.5044412911293334E-001                  5.7752177443646806E+000                 -3.7153949107135329E+000                  1.0194167929394268E+001                  6.9999999999760365E-001                  2.8000000000239628E-001                  2.0000000000000018E-002                  0.0000000000000000E+000                  3.9369008429397142E+008                  1.1515228762108015E+007                  6.2743128852923351E-016                  0.0000000000000000E+000                  0.0000000000000000E+000                  8.0183417978606819E+000                  6.2360999725128689E+009                  1.5914194961119580E-006                 -4.6145489122283389E-019                 -2.8991076629005779E+000                  1.3200257656721910E+000                  1.5585863930320221E+000                  1.7091013908640127E+000 
                                     448                  2.9999346330079515E+000                  2.5008725974377871E-001                  5.7780347854171374E+000                 -3.7041021001767831E+000                  1.0208220180797516E+001                  6.9999999999760398E-001                  2.8000000000239617E-001                  1.9999999999999796E-002                  0.0000000000000000E+000                  3.9331721967006886E+008                  1.1552483112808101E+007                  6.9932679126300216E-016                  0.0000000000000000E+000                  0.0000000000000000E+000                  7.9629644334587590E+000                  6.2657892347794609E+009                  1.5877478069326089E-006                 -4.6545156671806189E-019                 -2.8996092392275958E+000                  1.3217942867451287E+000                  1.5603549141049597E+000                  1.7108699119369504E+000 
                                     449                  2.9999327025769769E+000                  2.4973257634421345E-001                  5.7808181443753517E+000                 -3.6929372466737820E+000                  1.0222111685252036E+001                  6.9999999999760387E-001                  2.8000000000239628E-001                  1.9999999999999796E-002                  0.0000000000000000E+000                  3.9295123642411071E+008                  1.1589405731349377E+007                  7.7831974245656940E-016                  0.0000000000000000E+000                  0.0000000000000000E+000                  7.9084046142023476E+000                  6.2951983703788071E+009                  1.5841722553428303E-006                 -4.6934405180790028E-019                 -2.9000987985331408E+000                  1.3235433299623707E+000                  1.5621039573222018E+000                  1.7126189551541924E+000 
                                     450                  2.9999307382673317E+000                  2.4937996797229084E-001                  5.7835691515217924E+000                 -3.6818951324323406E+000                  1.0235848954777621E+001                  6.9999999999760398E-001                  2.8000000000239622E-001                  1.9999999999999796E-002                  0.0000000000000000E+000                  3.9259192566823268E+008                  1.1626010108206524E+007                  8.6501751497906970E-016                  0.0000000000000000E+000                  0.0000000000000000E+000                  7.8546575199007389E+000                  6.3243382232804899E+009                  1.5806845444549666E-006                 -4.1266841864079799E-019                 -2.9005773965557538E+000                  1.3252736743249995E+000                  1.5638343016848306E+000                  1.7143492995168212E+000 
                                     451                  2.9999287394908944E+000                  2.4902932943271516E-001                  5.7862890733640278E+000                 -3.6709708410669530E+000                  1.0249438139749232E+001                  6.9999999999760398E-001                  2.8000000000239617E-001                  1.9999999999999796E-002                  0.0000000000000000E+000                  3.9223908813991112E+008                  1.1662309260233149E+007                  9.6007357639634453E-016                  0.0000000000000000E+000                  0.0000000000000000E+000                  7.8017238554750428E+000                  6.3532191821206570E+009                  1.5772742368121526E-006                 -1.7488504546071004E-019                 -2.9010463951935446E+000                  1.3269860631002293E+000                  1.5655466904600603E+000                  1.7160616882920512E+000 
                                     452                  2.9999267056494561E+000                  2.4868056086345711E-001                  5.7889791186982018E+000                 -3.6601597367111234E+000                  1.0262885055120675E+001                  6.9999999999760398E-001                  2.8000000000239611E-001                  1.9999999999999907E-002                  0.0000000000000000E+000                  3.9189254427466869E+008                  1.1698315681900833E+007                  1.0641907797344330E-015                  0.0000000000000000E+000                  0.0000000000000000E+000                  7.7496090894082705E+000                  6.3818512553078718E+009                  1.5739304685238247E-006                  1.8403530624159757E-019                 -2.9015072286833372E+000                  1.3286812068640910E+000                  1.5672418342239220E+000                  1.7177568320559127E+000 
                                     453                  2.9999246361345495E+000                  2.4833356735761700E-001                  5.7916404440002633E+000                 -3.6494574453468496E+000                  1.0276195204312534E+001                  6.9999999999760409E-001                  2.8000000000239600E-001                  1.9999999999999907E-002                  0.0000000000000000E+000                  3.9155212911375225E+008                  1.1734041389121778E+007                  1.1781248940517500E-015                  0.0000000000000000E+000                  0.0000000000000000E+000                  7.6983227862272443E+000                  6.4102441175274620E+009                  1.5706420021845093E-006                  3.6297649206614491E-019                 -2.9019613964021644E+000                  1.3303597843362951E+000                  1.5689204116961264E+000                  1.7194354095281170E+000 
                                     454                  2.9999225303272778E+000                  2.4798825861665841E-001                  5.7942741582321657E+000                 -3.6388598376969221E+000                  1.0289373801010010E+001                  6.9999999999760398E-001                  2.8000000000239617E-001                  1.9999999999999796E-002                  0.0000000000000000E+000                  3.9121769090648156E+008                  1.1769497970017729E+007                  1.3026883998278141E-015                  0.0000000000000000E+000                  0.0000000000000000E+000                  7.6478780280870904E+000                  6.4384071545269566E+009                  1.5673973086496203E-006                  3.0333354413241237E-019                 -2.9024104516434401E+000                  1.3320224450133651E+000                  1.5705830723731964E+000                  1.7210980702051870E+000 
                                     455                  2.9999203875981362E+000                  2.4764454863181509E-001                  5.7968813271389497E+000                 -3.6283630134815099E+000                  1.0302425789086442E+001                  6.9999999999760376E-001                  2.8000000000239633E-001                  1.9999999999999907E-002                  0.0000000000000000E+000                  3.9088909065557617E+008                  1.1804696630113503E+007                  1.4387545673475545E-015                  0.0000000000000000E+000                  0.0000000000000000E+000                  7.5982909145435586E+000                  6.4663495031376219E+009                  1.5641846438082974E-006                  3.0784853852225091E-019                 -2.9028559910300666E+000                  1.3336698117457868E+000                  1.5722304391056179E+000                  1.7227454369376087E+000 
                                     456                  2.9999182073068305E+000                  2.4730235539101522E-001                  5.7994629771018547E+000                 -3.6179632869157028E+000                  1.0315355860842985E+001                  6.9999999999760387E-001                  2.8000000000239622E-001                  1.9999999999999907E-002                  0.0000000000000000E+000                  3.9056620197279799E+008                  1.1839648232549267E+007                  1.5872618431455505E-015                  0.0000000000000000E+000                  0.0000000000000000E+000                  7.5495801301180050E+000                  6.4940800868111010E+009                  1.5609921130794630E-006                  3.7044535414953620E-019                 -2.9032996456035511E+000                  1.3353024830430129E+000                  1.5738631104028440E+000                  1.7243781082348346E+000 
                                     457                  2.9999159888020985E+000                  2.4696160060883274E-001                  5.8033262521774942E+000                 -3.6025086271997493E+000                  1.0334599738544338E+001                  6.9999999999760398E-001                  2.8000000000239622E-001                  1.9999999999999796E-002                  0.0000000000000000E+000                  3.9010230093250495E+008                  1.1892139885664387E+007                  1.8376200900016204E-015                  0.0000000000000000E+000                  0.0000000000000000E+000                  7.4755142463409179E+000                  6.5218437715746565E+009                  1.5579434368661326E-006                  2.4620455807477765E-019                 -2.9037241569975953E+000                  1.3369205731217868E+000                  1.5754812004816179E+000                  1.7259961983136085E+000 
                                     458                  2.9999114344913456E+000                  2.4628415160173520E-001                  5.8070651965602655E+000                 -3.5873138297662881E+000                  1.0353457719790558E+001                  6.9999999999760387E-001                  2.8000000000239628E-001                  1.9999999999999796E-002                  0.0000000000000000E+000                  3.8963100209975159E+008                  1.1943135208201164E+007                  2.1179276404481555E-015                  0.0000000000000000E+000                  0.0000000000000000E+000                  7.4088020567492823E+000                  6.5763276328006926E+009                  1.5515882118669901E-006                  1.2516015147652080E-019                 -2.9046117642977092E+000                  1.3401179795008058E+000                  1.5786786068606369E+000                  1.7291936046926275E+000 
                                     459                  2.9999090973262659E+000                  2.4594727540326211E-001                  5.8095542919630825E+000                 -3.5772694013710931E+000                  1.0365942580698611E+001                  6.9999999999760376E-001                  2.8000000000239639E-001                  1.9999999999999796E-002                  0.0000000000000000E+000                  3.8932976112007564E+008                  1.1977202472776165E+007                  2.3270593827665680E-015                  0.0000000000000000E+000                  0.0000000000000000E+000                  7.3637399325831208E+000                  6.6030687966384964E+009                  1.5482309317272781E-006                  1.9084258259499887E-019                 -2.9050821300646916E+000                  1.3416977920535968E+000                  1.5802584194134282E+000                  1.7307734172454188E+000 
                                     460                  2.9999067192292590E+000                  2.4561155713891852E-001                  5.8120224807465855E+000                 -3.5673063854488745E+000                  1.0378325753259283E+001                  6.9999999999760387E-001                  2.8000000000239633E-001                  1.9999999999999796E-002                  0.0000000000000000E+000                  3.8903366810151160E+008                  1.2011073624664525E+007                  2.5544774932114284E-015                  0.0000000000000000E+000                  0.0000000000000000E+000                  7.3195929282688068E+000                  6.6298675987803392E+009                  1.5449889327776810E-006                  1.2510103934213275E-019                 -2.9055373136052682E+000                  1.3432652898830697E+000                  1.5818259172429008E+000                  1.7323409150748914E+000 
                                     461                  2.9999042994913698E+000                  2.4527693380268931E-001                  5.8144705831801371E+000                 -3.5574221013508409E+000                  1.0390610728024683E+001                  6.9999999999760398E-001                  2.8000000000239617E-001                  1.9999999999999796E-002                  0.0000000000000000E+000                  3.8874263358513391E+008                  1.2044757887882728E+007                  2.8016212356297505E-015                  0.0000000000000000E+000                  0.0000000000000000E+000                  7.2763529198032764E+000                  6.6565043740508013E+009                  1.5417191146483972E-006                 -1.2999961556446129E-019                 -2.9059973715309737E+000                  1.3448212929551360E+000                  1.5833819203149671E+000                  1.7338969181469579E+000 
                                     462                  2.9999018373915134E+000                  2.4494334489786426E-001                  5.8181402730884404E+000                 -3.5427079513793851E+000                  1.0408925986148617E+001                  6.9999999999760398E-001                  2.8000000000239617E-001                  1.9999999999999796E-002                  0.0000000000000000E+000                  3.8832402767991930E+008                  1.2095422679903397E+007                  3.2159970583893984E-015                  0.0000000000000000E+000                  0.0000000000000000E+000                  7.2108473089396004E+000                  6.6832053495654192E+009                  1.5385341315797631E-006                 -1.9182960576801216E-019                 -2.9064464323561889E+000                  1.3463658448753111E+000                  1.5849264722351424E+000                  1.7354414700671328E+000 
                                     463                  2.9998967831596843E+000                  2.4427907672600868E-001                  5.8217026596762480E+000                 -3.5282176171172992E+000                  1.0426908732329627E+001                  6.9999999999760398E-001                  2.8000000000239611E-001                  1.9999999999999907E-002                  0.0000000000000000E+000                  3.8789944037540209E+008                  1.2144784570372753E+007                  3.6774701610929015E-015                  0.0000000000000000E+000                  0.0000000000000000E+000                  7.1518702019905041E+000                  6.7357390596996078E+009                  1.5318623898352227E-006                  6.8354949581244168E-020                 -2.9073901232327333E+000                  1.3494248267307978E+000                  1.5879854540906289E+000                  1.7385004519226195E+000 
                                     464                  2.9998941895230362E+000                  2.4394825043685359E-001                  5.8240779360274955E+000                 -3.5186238173279261E+000                  1.0438832782485878E+001                  6.9999999999760398E-001                  2.8000000000239611E-001                  1.9999999999999907E-002                  0.0000000000000000E+000                  3.8762783060514921E+008                  1.2177806581198733E+007                  4.0201227803476635E-015                  0.0000000000000000E+000                  0.0000000000000000E+000                  7.1121024630990313E+000                  6.7615884903508310E+009                  1.5283433101083370E-006                  3.9330157078454454E-019                 -2.9078895398505331E+000                  1.3509396070148083E+000                  1.5895002343746394E+000                  1.7400152322066300E+000 
                                     465                  2.9998915505146448E+000                  2.4361823891110396E-001                  5.8264367463287039E+000                 -3.5090970792860174E+000                  1.0450673880858675E+001                  6.9999999999760387E-001                  2.8000000000239633E-001                  1.9999999999999796E-002                  0.0000000000000000E+000                  3.8736080614846635E+008                  1.2210683642552234E+007                  4.3914251202235913E-015                  0.0000000000000000E+000                  0.0000000000000000E+000                  7.0731439209759479E+000                  6.7875223542147923E+009                  1.5249131715936261E-006                  3.9104483674991449E-019                 -2.9083774421491930E+000                  1.3524447320918531E+000                  1.5910053594516842E+000                  1.7415203572836748E+000 
                                     466                  2.9998888653496394E+000                  2.4328899218497890E-001                  5.8287797194727702E+000                 -3.4996353583417519E+000                  1.0462434692638993E+001                  6.9999999999760398E-001                  2.8000000000239617E-001                  1.9999999999999796E-002                  0.0000000000000000E+000                  3.8709824326716822E+008                  1.2243423384673310E+007                  4.7935649162949693E-015                  0.0000000000000000E+000                  0.0000000000000000E+000                  7.0349572142164751E+000                  6.8133354521908054E+009                  1.5214561455135220E-006                  1.7246007875450225E-019                 -2.9088702806197060E+000                  1.3539409071439834E+000                  1.5925015345038145E+000                  1.7430165323358051E+000 
                                     467                  2.9998861332297388E+000                  2.4296046206973113E-001                  5.8322968918297322E+000                 -3.4855305761885251E+000                  1.0479993086661951E+001                  6.9999999999760376E-001                  2.8000000000239639E-001                  1.9999999999999796E-002                  0.0000000000000000E+000                  3.8672013169273168E+008                  1.2292733501529213E+007                  5.4648948206939864E-015                  0.0000000000000000E+000                  0.0000000000000000E+000                  6.9770090660439061E+000                  6.8392391139787989E+009                  1.5180824979745470E-006                 -9.5937720164619735E-020                 -2.9093523133501851E+000                  1.3554281164080759E+000                  1.5939887437679070E+000                  1.7445037415998976E+000 
                                     468                  2.9998805248637206E+000                  2.4230540051963320E-001                  5.8357198995453761E+000                 -3.4716217992148000E+000                  1.0497260145261512E+001                  6.9999999999760387E-001                  2.8000000000239633E-001                  1.9999999999999796E-002                  0.0000000000000000E+000                  3.8633650393734270E+008                  1.2340895482331287E+007                  6.2093532248151518E-015                  0.0000000000000000E+000                  0.0000000000000000E+000                  6.9245876604778154E+000                  6.8903158936981297E+009                  1.5111060242214507E-006                 -5.4135446500613884E-019                 -2.9103525315237611E+000                  1.3583792383578290E+000                  1.5969398657176601E+000                  1.7474548635496507E+000 
                                     469                  2.9998776469519397E+000                  2.4197874702378261E-001                  5.8380051586998700E+000                 -3.4624011767435512E+000                  1.0508724324590366E+001                  6.9999999999760398E-001                  2.8000000000239622E-001                  1.9999999999999796E-002                  0.0000000000000000E+000                  3.8609073257173884E+008                  1.2373153579185663E+007                  6.7599924467569534E-015                  0.0000000000000000E+000                  0.0000000000000000E+000                  6.8891232023993911E+000                  6.9155015748271589E+009                  1.5074826288379727E-006                 -6.2403820349021291E-019                 -2.9108738418304823E+000                  1.3598433782792847E+000                  1.5984040056391160E+000                  1.7489190034711066E+000 
                                     470                  2.9998747187534649E+000                  2.4165263345299351E-001                  5.8402772760696422E+000                 -3.4532364534692910E+000                  1.0520119986023692E+001                  6.9999999999760376E-001                  2.8000000000239622E-001                  2.0000000000000018E-002                  0.0000000000000000E+000                  3.8584893835377586E+008                  1.2405306587648457E+007                  7.3549598756479285E-015                  0.0000000000000000E+000                  0.0000000000000000E+000                  6.8542675906969883E+000                  6.9407920089392605E+009                  1.5039636853683352E-006                 -3.5714882698258336E-019                 -2.9113813250352694E+000                  1.3612999310846821E+000                  1.5998605584445131E+000                  1.7503755562765038E+000 
                                     471                  2.9998717393995018E+000                  2.4132701925519148E-001                  5.8425367166618258E+000                 -3.4441260057030845E+000                  1.0531449209181421E+001                  6.9999999999760387E-001                  2.8000000000239611E-001                  2.0000000000000018E-002                  0.0000000000000000E+000                  3.8561101695125395E+008                  1.2437360166208245E+007                  7.9975479171674422E-015                  0.0000000000000000E+000                  0.0000000000000000E+000                  6.8200003317457396E+000                  6.9659923866023331E+009                  1.5004419157714117E-006                 -4.4030350794124665E-019                 -2.9118904060336646E+000                  1.3627494734634098E+000                  1.6013101008232409E+000                  1.7518250986552315E+000 
                                     472                  2.9998687080064301E+000                  2.4100186518933828E-001                  5.8459323604186366E+000                 -3.4305290408148288E+000                  1.0548382849967334E+001                  6.9999999999760387E-001                  2.8000000000239628E-001                  1.9999999999999796E-002                  0.0000000000000000E+000                  3.8526787229067683E+008                  1.2485689068197943E+007                  9.0664511647809714E-015                  0.0000000000000000E+000                  0.0000000000000000E+000                  6.7678655907671077E+000                  6.9913023290112772E+009                  1.4970153156773189E-006                 -5.8714604021033808E-019                 -2.9123868782252269E+000                  1.3641919358195456E+000                  1.6027525631793769E+000                  1.7532675610113675E+000 
                                     473                  2.9998624854928702E+000                  2.4035281713426940E-001                  5.8503800158128350E+000                 -3.4126155568780292E+000                  1.0570665604857878E+001                  6.9999999999760409E-001                  2.8000000000239611E-001                  1.9999999999999796E-002                  0.0000000000000000E+000                  3.8481311623218465E+008                  1.2549265104425661E+007                  1.0683934338036364E-014                  0.0000000000000000E+000                  0.0000000000000000E+000                  6.7027386876777468E+000                  7.0416741552311449E+009                  1.4901721055869056E-006                 -4.5235852479304154E-019                 -2.9133817851931014E+000                  1.3670580292235974E+000                  1.6056186565834287E+000                  1.7561336544154194E+000 
                                     474                  2.9998560438377875E+000                  2.3970516763816274E-001                  5.8536688910281045E+000                 -3.3992978304867290E+000                  1.0587213517055419E+001                  6.9999999999760398E-001                  2.8000000000239611E-001                  1.9999999999999907E-002                  0.0000000000000000E+000                  3.8447331720803434E+008                  1.2596480993930306E+007                  1.2061424233495766E-014                  0.0000000000000000E+000                  0.0000000000000000E+000                  6.6568244694460335E+000                  7.0909880564829178E+009                  1.4829364018565797E-006                 -6.4678230406053648E-020                 -2.9144387369992981E+000                  1.3699016239545276E+000                  1.6084622513143589E+000                  1.7589772491463496E+000 
                                     475                  2.9998527096252050E+000                  2.3937897123796409E-001                  5.8558606912405944E+000                 -3.3904827410086003E+000                  1.0598182634630156E+001                  6.9999999999760409E-001                  2.8000000000239611E-001                  1.9999999999999796E-002                  0.0000000000000000E+000                  3.8425540683499402E+008                  1.2628049291890843E+007                  1.3073117350627512E-014                  0.0000000000000000E+000                  0.0000000000000000E+000                  6.6258874526441707E+000                  7.1157553166035337E+009                  1.4792735914801654E-006                  4.0320891885053647E-019                 -2.9149757479300020E+000                  1.3713272470597893E+000                  1.6098878744196203E+000                  1.7604028722516110E+000 
                                     476                  2.9998493754126221E+000                  2.3905861446700721E-001                  5.8580432781673730E+000                 -3.3817115016455377E+000                  1.0609099170580933E+001                  6.9999999999760387E-001                  2.8000000000239633E-001                  1.9999999999999796E-002                  0.0000000000000000E+000                  3.8404058013256741E+008                  1.2659564761734730E+007                  1.4163147948711607E-014                  0.0000000000000000E+000                  0.0000000000000000E+000                  6.5954633622455159E+000                  7.1402230734288187E+009                  1.4757605357616332E-006                  3.6523201731661667E-019                 -2.9154920537884990E+000                  1.3727230118106579E+000                  1.6112836391704890E+000                  1.7617986370024796E+000 
                                     477                  2.9998459238696400E+000                  2.3873288894516720E-001                  5.8602157376677297E+000                 -3.3729842772537326E+000                  1.0619961994853863E+001                  6.9999999999760398E-001                  2.8000000000239611E-001                  1.9999999999999907E-002                  0.0000000000000000E+000                  3.8382846945448613E+008                  1.2691013516412595E+007                  1.5336636650214364E-014                  0.0000000000000000E+000                  0.0000000000000000E+000                  6.5656289302181028E+000                  7.1650579963949471E+009                  1.4721736521297472E-006                 -7.1233946745303438E-020                 -2.9160204796073983E+000                  1.3741381120854628E+000                  1.6126987394452938E+000                  1.7632137372772845E+000 
                                     478                  2.9998424723266575E+000                  2.3841293085724577E-001                  5.8634760871972018E+000                 -3.3599795862716655E+000                  1.0636173714196984E+001                  6.9999999999760398E-001                  2.8000000000239617E-001                  1.9999999999999796E-002                  0.0000000000000000E+000                  3.8352250438754952E+008                  1.2738365168731930E+007                  1.7275626331806346E-014                  0.0000000000000000E+000                  0.0000000000000000E+000                  6.5204408274307308E+000                  7.1895944998745708E+009                  1.4687155507587254E-006                 -2.0723262691621804E-019                 -2.9165311533974894E+000                  1.3755239397027454E+000                  1.6140845670625765E+000                  1.7645995648945672E+000 
                                     479                  2.9998353264181490E+000                  2.3776790105880496E-001                  5.8677686634948980E+000                 -3.3427710322184692E+000                  1.0657603776151310E+001                  6.9999999999760398E-001                  2.8000000000239611E-001                  1.9999999999999907E-002                  0.0000000000000000E+000                  3.8311413053946888E+008                  1.2800982754782245E+007                  2.0204037307012804E-014                  0.0000000000000000E+000                  0.0000000000000000E+000                  6.4640810658005305E+000                  7.2389451468163033E+009                  1.4616991273156403E-006                 -6.8656932752050564E-020                 -2.9175710061630116E+000                  1.3783066366301993E+000                  1.6168672639900303E+000                  1.7673822618220210E+000 
                                     480                  2.9998279292451517E+000                  2.3712326581422966E-001                  5.8720293570272259E+000                 -3.3257167681445523E+000                  1.0678849383936278E+001                  6.9999999999760398E-001                  2.8000000000239617E-001                  1.9999999999999796E-002                  0.0000000000000000E+000                  3.8271514333277118E+008                  1.2863455908436565E+007                  2.3590470205989023E-014                  0.0000000000000000E+000                  0.0000000000000000E+000                  6.4098890329364169E+000                  7.2877428938050432E+009                  1.4544212215075441E-006                  3.5586768679813329E-020                 -2.9186548986354537E+000                  1.3810733760865388E+000                  1.6196340034463699E+000                  1.7701490012783607E+000 
                                     481                  2.9998202720760498E+000                  2.3647880593188972E-001                  5.8762606424956276E+000                 -3.3088092630123529E+000                  1.0699920508081167E+001                  6.9999999999760398E-001                  2.8000000000239611E-001                  1.9999999999999907E-002                  0.0000000000000000E+000                  3.8232467086696732E+008                  1.2925820608381385E+007                  2.7502370271208011E-014                  0.0000000000000000E+000                  0.0000000000000000E+000                  6.3578126895304328E+000                  7.3363877280706224E+009                  1.4470624212180754E-006                  1.0602614664007849E-019                 -2.9197563672649944E+000                  1.3838253520276680E+000                  1.6223859793874991E+000                  1.7729009772194897E+000 
                                     482                  2.9998123458797719E+000                  2.3583431264697749E-001                  5.8804648570300877E+000                 -3.2920414972396261E+000                  1.0720826473975910E+001                  6.9999999999760387E-001                  2.8000000000239622E-001                  1.9999999999999907E-002                  0.0000000000000000E+000                  3.8194194789622778E+008                  1.2988111178450828E+007                  3.2016745958005966E-014                  0.0000000000000000E+000                  0.0000000000000000E+000                  6.3078005817165046E+000                  7.3849054390872173E+009                  1.4396227815516623E-006                  1.0529381514197313E-019                 -2.9208756446995143E+000                  1.3865641135386975E+000                  1.6251247408985285E+000                  1.7756397387305192E+000 
                                     483                  2.9998041413156797E+000                  2.3518958669989457E-001                  5.8846442208231098E+000                 -3.2754069277617179E+000                  1.0741576015578753E+001                  6.9999999999760398E-001                  2.8000000000239622E-001                  1.9999999999999796E-002                  0.0000000000000000E+000                  3.8156636006266928E+008                  1.3050359869486196E+007                  3.7221509435868872E-014                  0.0000000000000000E+000                  0.0000000000000000E+000                  6.2598352478323003E+000                  7.4333208726462183E+009                  1.4320985658907947E-006                  7.0803393012914301E-020                 -2.9220135450820512E+000                  1.3892911128561440E+000                  1.6278517402159751E+000                  1.7783667380479657E+000 
                                     484                  2.9997956487231305E+000                  2.3454443749256218E-001                  5.8888008639254688E+000                 -3.2588994635389854E+000                  1.0762177323673020E+001                  6.9999999999760387E-001                  2.8000000000239622E-001                  1.9999999999999907E-002                  0.0000000000000000E+000                  3.8119747346758026E+008                  1.3112596536635410E+007                  4.3217017847240025E-014                  0.0000000000000000E+000                  0.0000000000000000E+000                  6.2139218286673046E+000                  7.4816582054903221E+009                  1.4244788177613367E-006                  1.0716534900802536E-019                 -2.9231720022040957E+000                  1.3920076960262373E+000                  1.6305683233860684E+000                  1.7810833212180590E+000 
                                     485                  2.9997868581106806E+000                  2.3389868230282493E-001                  5.8929368470245018E+000                 -3.2425134485258584E+000                  1.0782638089329707E+001                  6.9999999999760387E-001                  2.8000000000239622E-001                  1.9999999999999907E-002                  0.0000000000000000E+000                  3.8083483418202835E+008                  1.3174851011345288E+007                  5.0117837536290858E-014                  0.0000000000000000E+000                  0.0000000000000000E+000                  6.1700852521639638E+000                  7.5299413025732460E+009                  1.4167476931999212E-006                  7.0336323239961638E-020                 -2.9243537429099740E+000                  1.3947151391196919E+000                  1.6332757664795230E+000                  1.7837907643115136E+000 
                                     486                  2.9997777591449446E+000                  2.3325214554206808E-001                  5.8970541800208940E+000                 -3.2262436424986496E+000                  1.0802965543144097E+001                  6.9999999999760409E-001                  2.8000000000239611E-001                  1.9999999999999796E-002                  0.0000000000000000E+000                  3.8047795360980183E+008                  1.3237153638471521E+007                  5.8054769317632429E-014                  0.0000000000000000E+000                  0.0000000000000000E+000                  6.1283694877948340E+000                  7.5781940601143923E+009                  1.4088857488475373E-006                 -3.6288451056967077E-020                 -2.9255621119112125E+000                  1.3974146987988427E+000                  1.6359753261586740E+000                  1.7864903239906647E+000 
                                     487                  2.9997683411390761E+000                  2.3260465805582556E-001                  5.9011548387270860E+000                 -3.2100852025479623E+000                  1.0823166490737215E+001                  6.9999999999760398E-001                  2.8000000000239617E-001                  1.9999999999999796E-002                  0.0000000000000000E+000                  3.8012631895481151E+008                  1.3299535382849954E+007                  6.7177176372917573E-014                  0.0000000000000000E+000                  0.0000000000000000E+000                  6.0888351906745264E+000                  7.6264406827709761E+009                  1.4008703200169963E-006                 -2.3280091881613314E-020                 -2.9268010329665768E+000                  1.4001076239420642E+000                  1.6386682513018953E+000                  1.7891832491338859E+000 
                                     488                  2.9997585930408772E+000                  2.3195605646343936E-001                  5.9052407329801033E+000                 -3.1940336144229935E+000                  1.0843247344947564E+001                  6.9999999999760409E-001                  2.8000000000239605E-001                  1.9999999999999796E-002                  0.0000000000000000E+000                  3.7977965893080151E+008                  1.3362025074835349E+007                  7.7655576724217082E-014                  0.0000000000000000E+000                  0.0000000000000000E+000                  6.0514147952135540E+000                  7.6747054744131927E+009                  1.3926934176469606E-006                 -9.7294234164888063E-020                 -2.9280722385139133E+000                  1.4027951139622659E+000                  1.6413557413220969E+000                  1.7918707391540876E+000 
                                     489                  2.9997485034205051E+000                  2.3130618260938354E-001                  5.9082816920824719E+000                 -3.1820566800288392E+000                  1.0858222932973471E+001                  6.9999999999760398E-001                  2.8000000000239628E-001                  1.9999999999999796E-002                  0.0000000000000000E+000                  3.7951809448190898E+008                  1.3408745995352367E+007                  8.6487657624466652E-014                  0.0000000000000000E+000                  0.0000000000000000E+000                  6.0255397584881942E+000                  7.7226737608732834E+009                  1.3842660606866095E-006                 -3.2562865225897727E-019                 -2.9293902144833779E+000                  1.4054787469668031E+000                  1.6440393743266342E+000                  1.7945543721586248E+000 
                                     490                  2.9997432819391463E+000                  2.3097790706368815E-001                  5.9103149083173241E+000                 -3.1741072713828196E+000                  1.0868178362781192E+001                  6.9999999999760398E-001                  2.8000000000239617E-001                  1.9999999999999796E-002                  0.0000000000000000E+000                  3.7934856925870055E+008                  1.3440088899931237E+007                  9.2923639762722679E-014                  0.0000000000000000E+000                  0.0000000000000000E+000                  6.0081287314289549E+000                  7.7468840215322304E+009                  1.3799844235520445E-006                 -2.3941190585830838E-019                 -2.9300629078151688E+000                  1.4068306676316573E+000                  1.6453912949914884E+000                  1.7959062928234790E+000 
                                     491                  2.9997380604577870E+000                  2.3065485976748565E-001                  5.9133750547301833E+000                 -3.1622336893829122E+000                  1.0883072823874654E+001                  6.9999999999760398E-001                  2.8000000000239617E-001                  1.9999999999999796E-002                  0.0000000000000000E+000                  3.7910160138735151E+008                  1.3487421222213646E+007                  1.0348545262009353E-013                  0.0000000000000000E+000                  0.0000000000000000E+000                  5.9816501829551862E+000                  7.7710363543480835E+009                  1.3759071626347910E-006                  1.9476549796706325E-019                 -2.9307054342550569E+000                  1.4081583178380703E+000                  1.6467189451979014E+000                  1.7972339430298920E+000 
                                     492                  2.9997272519290989E+000                  2.3000198636026878E-001                  5.9174259600277184E+000                 -3.1464768314619271E+000                  1.0902828365719635E+001                  6.9999999999760387E-001                  2.8000000000239628E-001                  1.9999999999999796E-002                  0.0000000000000000E+000                  3.7876990549628079E+008                  1.3550362155844929E+007                  1.1930962081378617E-013                  0.0000000000000000E+000                  0.0000000000000000E+000                  5.9486925961390611E+000                  7.8198229005200806E+009                  1.3677236389623474E-006                  2.8830370696007920E-019                 -2.9320008234565718E+000                  1.4108348441120475E+000                  1.6493954714718786E+000                  1.7999104693038692E+000 
                                     493                  2.9997160651938262E+000                  2.2934739525834827E-001                  5.9204435323892888E+000                 -3.1347128086969387E+000                  1.0917570922871679E+001                  6.9999999999760409E-001                  2.8000000000239617E-001                  1.9999999999999796E-002                  0.0000000000000000E+000                  3.7851951511018157E+008                  1.3597459301960398E+007                  1.3262843337725796E-013                  0.0000000000000000E+000                  0.0000000000000000E+000                  5.9254954877951356E+000                  7.8680178785357742E+009                  1.3593526239937425E-006                 -2.4442141533566529E-019                 -2.9333339350664596E+000                  1.4135102200198670E+000                  1.6520708473796981E+000                  1.8025858452116887E+000 
                                     494                  2.9997102761871135E+000                  2.2901658029017394E-001                  5.9224618829365197E+000                 -3.1269012779508309E+000                  1.0927375716972742E+001                  6.9999999999760398E-001                  2.8000000000239622E-001                  1.9999999999999796E-002                  0.0000000000000000E+000                  3.7835695652430230E+008                  1.3629065801732671E+007                  1.4232284302464118E-013                  0.0000000000000000E+000                  0.0000000000000000E+000                  5.9096339808756984E+000                  7.8923563790614691E+009                  1.3551798492738750E-006                 -5.0719347530377536E-019                 -2.9340015323342468E+000                  1.4148587664344070E+000                  1.6534193937942381E+000                  1.8039343916262287E+000 
                                     495                  2.9997044871804017E+000                  2.2869092485618026E-001                  5.9255006530069050E+000                 -3.1152285486086342E+000                  1.0942051001332420E+001                  6.9999999999760409E-001                  2.8000000000239605E-001                  1.9999999999999796E-002                  0.0000000000000000E+000                  3.7811978404675424E+008                  1.3676809905787174E+007                  1.5821347020801450E-013                  0.0000000000000000E+000                  0.0000000000000000E+000                  5.8851269533840869E+000                  7.9166401515678549E+009                  1.3512676392687237E-006                  5.1628359465310372E-020                 -2.9346293118895028E+000                  1.4161835830179352E+000                  1.6547442103777663E+000                  1.8052592082097569E+000 
                                     496                  2.9996925043718341E+000                  2.2803248512624613E-001                  5.9285057694056178E+000                 -3.1035907658315445E+000                  1.0956656831412209E+001                  6.9999999999760376E-001                  2.8000000000239650E-001                  1.9999999999999796E-002                  0.0000000000000000E+000                  3.7787594431512880E+008                  1.3724201357978551E+007                  1.7567692847886620E-013                  0.0000000000000000E+000                  0.0000000000000000E+000                  5.8627211557595036E+000                  7.9653730072411489E+009                  1.3434072660673019E-006                  4.8602191570204701E-019                 -2.9358961535343693E+000                  1.4188560165411992E+000                  1.6574166439010303E+000                  1.8079316417330209E+000 
                                     497                  2.9996863035813250E+000                  2.2769963103250115E-001                  5.9315525860175553E+000                 -3.0919423362883709E+000                  1.0971317032457302E+001                  6.9999999999760387E-001                  2.8000000000239628E-001                  1.9999999999999796E-002                  0.0000000000000000E+000                  3.7764211230278885E+008                  1.3772441423964698E+007                  1.9524572187582812E-013                  0.0000000000000000E+000                  0.0000000000000000E+000                  5.8387716613112373E+000                  7.9899859056681328E+009                  1.3395010604954398E-006                  1.9548682264225312E-019                 -2.9365284691103288E+000                  1.4202032714486843E+000                  1.6587638988085156E+000                  1.8092788966405062E+000 
                                     498                  2.9996736853875716E+000                  2.2703795238145777E-001                  5.9345321346921907E+000                 -3.0804581966541575E+000                  1.0985745213821957E+001                  6.9999999999760376E-001                  2.8000000000239633E-001                  1.9999999999999907E-002                  0.0000000000000000E+000                  3.7740462987633723E+008                  1.3819789298652885E+007                  2.1649460391076092E-013                  0.0000000000000000E+000                  0.0000000000000000E+000                  5.8174350846165650E+000                  8.0388640936431828E+009                  1.3318428247894587E-006                 -3.1312061956402203E-019                 -2.9377735123404736E+000                  1.4228746839270410E+000                  1.6614353112868721E+000                  1.8119503091188627E+000 
                                     499                  2.9996672679843277E+000                  2.2670909225963745E-001                  5.9375543208293831E+000                 -3.0689599194091395E+000                  1.1000232147809443E+001                  6.9999999999760398E-001                  2.8000000000239617E-001                  1.9999999999999796E-002                  0.0000000000000000E+000                  3.7717708632499760E+008                  1.3868001841014614E+007                  2.4028219842184750E-013                  0.0000000000000000E+000                  0.0000000000000000E+000                  5.7949033931487124E+000                  8.0631395175345697E+009                  1.3280434253718804E-006                 -4.3431767884169218E-019                 -2.9383938619226151E+000                  1.4241987213300549E+000                  1.6627593486898860E+000                  1.8132743465218766E+000 
                                     500                  2.9996539850077504E+000                  2.2604391133518204E-001                  5.9415598198358444E+000                 -3.0536843394677153E+000                  1.1019468508005277E+001                  6.9999999999760387E-001                  2.8000000000239628E-001                  1.9999999999999796E-002                  0.0000000000000000E+000                  3.7687190586443931E+008                  1.3932176662154544E+007                  2.7582623775914653E-013                  0.0000000000000000E+000                  0.0000000000000000E+000                  5.7674265242616549E+000                  8.1125401512358494E+009                  1.3204576762056506E-006                 -5.7914526902391977E-020                 -2.9396377572000971E+000                  1.4268696073025677E+000                  1.6654302346623988E+000                  1.8159452324943894E+000 
                                     501                  2.9996402384084395E+000                  2.2537623904805887E-001                  5.9455612111682745E+000                 -3.0384780737975627E+000                  1.1038632603690314E+001                  6.9999999999760387E-001                  2.8000000000239633E-001                  1.9999999999999796E-002                  0.0000000000000000E+000                  3.7657167089756167E+008                  1.3996603593128648E+007                  3.1643865721859754E-013                  0.0000000000000000E+000                  0.0000000000000000E+000                  5.7418338714160919E+000                  8.1617381812753277E+009                  1.3125845064557453E-006                  2.5567276899998225E-019                 -2.9409363631968262E+000                  1.4295416832208818E+000                  1.6681023105807129E+000                  1.8186173084127035E+000 
                                     502                  2.9996260122087777E+000                  2.2470595692108045E-001                  5.9495600070992163E+000                 -3.0233391022619847E+000                  1.1057727985671175E+001                  6.9999999999760421E-001                  2.8000000000239600E-001                  1.9999999999999796E-002                  0.0000000000000000E+000                  3.7627685426804227E+008                  1.4061304903759697E+007                  3.6282991117614785E-013                  0.0000000000000000E+000                  0.0000000000000000E+000                  5.7184640639128332E+000                  8.2110960475307312E+009                  1.3044552953013770E-006                  1.4486575040028644E-019                 -2.9422853999593834E+000                  1.4322153043673587E+000                  1.6707759317271897E+000                  1.8212909295591804E+000 
                                     503                  2.9996112898886644E+000                  2.2403294778747504E-001                  5.9535578778960314E+000                 -3.0082657430678785E+000                  1.1076758035819925E+001                  6.9999999999760387E-001                  2.8000000000239628E-001                  1.9999999999999796E-002                  0.0000000000000000E+000                  3.7598799092519993E+008                  1.4126305838404585E+007                  4.1581199801749896E-013                  0.0000000000000000E+000                  0.0000000000000000E+000                  5.6975413292939789E+000                  8.2606393500889721E+009                  1.2959890786821238E-006                 -1.4709162078466801E-019                 -2.9436993291278024E+000                  1.4348912915230834E+000                  1.6734519188829144E+000                  1.8239669167149053E+000 
                                     504                  2.9995960543674371E+000                  2.2335709525068181E-001                  5.9575564036998401E+000                 -2.9932563782042654E+000                  1.1095725977715826E+001                  6.9999999999760387E-001                  2.8000000000239633E-001                  1.9999999999999796E-002                  0.0000000000000000E+000                  3.7570558544888550E+008                  1.4191630616753692E+007                  4.7631124245942965E-013                  0.0000000000000000E+000                  0.0000000000000000E+000                  5.6786842003035041E+000                  8.3103950574782295E+009                  1.2872040782794507E-006                 -4.0246991079990384E-019                 -2.9451762964606290E+000                  1.4375704826420288E+000                  1.6761311100018599E+000                  1.8266461078338505E+000 
                                     505                  2.9995802879852040E+000                  2.2267828356369077E-001                  5.9615567990076466E+000                 -2.9783091514479789E+000                  1.1114634886498861E+001                  6.9999999999760398E-001                  2.8000000000239628E-001                  1.9999999999999796E-002                  0.0000000000000000E+000                  3.7543001249727041E+008                  1.4257297835683102E+007                  5.4538104619971098E-013                  0.0000000000000000E+000                  0.0000000000000000E+000                  5.6613208082833477E+000                  8.3603861793821869E+009                  1.2782294477119891E-006                 -4.7459385798251524E-019                 -2.9466955907214167E+000                  1.4402536013139209E+000                  1.6788142286737517E+000                  1.8293292265057426E+000 
                                     506                  2.9995639724835588E+000                  2.2199639798341853E-001                  5.9655598615974021E+000                 -2.9634219077183097E+000                  1.1133487697925327E+001                  6.9999999999760398E-001                  2.8000000000239628E-001                  1.9999999999999796E-002                  0.0000000000000000E+000                  3.7516145114524657E+008                  1.4323320089367002E+007                  6.2421720705865320E-013                  0.0000000000000000E+000                  0.0000000000000000E+000                  5.6449021299358195E+000                  8.4106283219142065E+009                  1.2692169290493227E-006                 -2.9127822136682176E-019                 -2.9482320719165753E+000                  1.4429411821190929E+000                  1.6815018094789242E+000                  1.8320168073109149E+000 
                                     507                  2.9995470889856808E+000                  2.2131132523379368E-001                  5.9695659966514789E+000                 -2.9485922116199696E+000                  1.1152287216674001E+001                  6.9999999999760398E-001                  2.8000000000239628E-001                  1.9999999999999796E-002                  0.0000000000000000E+000                  3.7489990481823772E+008                  1.4389704259619407E+007                  7.1417544845107481E-013                  0.0000000000000000E+000                  0.0000000000000000E+000                  5.6288986368760732E+000                  8.4611292328076410E+009                  1.2603110257107939E-006                  8.8036139941486815E-022                 -2.9497611321709378E+000                  1.4456335728249736E+000                  1.6841942001848049E+000                  1.8347091980167956E+000 
                                     508                  2.9995296179757807E+000                  2.2062295395613679E-001                  5.9735752383539404E+000                 -2.9338173606346780E+000                  1.1171036123957888E+001                  6.9999999999760398E-001                  2.8000000000239622E-001                  1.9999999999999796E-002                  0.0000000000000000E+000                  3.7464529262329257E+008                  1.4456450844769493E+007                  8.1679067619462458E-013                  0.0000000000000000E+000                  0.0000000000000000E+000                  5.6127982398774838E+000                  8.5118890439805889E+009                  1.2516493984746398E-006                  2.5623650913706789E-019                 -2.9512586525082094E+000                  1.4483309326217901E+000                  1.6868915599816212E+000                  1.8374065578136118E+000 
                                     509                  2.9995115392778966E+000                  2.1993117515627114E-001                  5.9775872784808373E+000                 -2.9190944086659942E+000                  1.1189736984491375E+001                  6.9999999999760387E-001                  2.8000000000239628E-001                  1.9999999999999796E-002                  0.0000000000000000E+000                  3.7439746634483016E+008                  1.4523554260585615E+007                  9.3379821131892310E-013                  0.0000000000000000E+000                  0.0000000000000000E+000                  5.5961301882352501E+000                  8.5629005637934780E+009                  1.2433595119858360E-006                  3.2834836642433402E-019                 -2.9527016394214511E+000                  1.4510332301275897E+000                  1.6895938574874207E+000                  1.8401088553194114E+000 
                                     510                  2.9994928320340297E+000                  2.1923588263211854E-001                  5.9816016028321508E+000                 -2.9044203045126062E+000                  1.1208392252878157E+001                  6.9999999999760398E-001                  2.8000000000239628E-001                  1.9999999999999796E-002                  0.0000000000000000E+000                  3.7415624530577898E+008                  1.4591005093656801E+007                  1.0671596197423383E-012                  0.0000000000000000E+000                  0.0000000000000000E+000                  5.5787532327065374E+000                  8.6141508139464397E+009                  1.2355156040149581E-006                  2.1853537982965192E-019                 -2.9540758826401379E+000                  1.4537402849010648E+000                  1.6923009122608961E+000                  1.8428159100928867E+000 
                                     511                  2.9994734746815697E+000                  2.1853697319544821E-001                  5.9856176922920659E+000                 -2.8897921003884064E+000                  1.1227004279510879E+001                  6.9999999999760387E-001                  2.8000000000239633E-001                  1.9999999999999796E-002                  0.0000000000000000E+000                  3.7392136040048927E+008                  1.4658794623092327E+007                  1.2190945636650770E-012                  0.0000000000000000E+000                  0.0000000000000000E+000                  5.5607507393634537E+000                  8.6656244526896610E+009                  1.2281130325013427E-006                  1.4587966353012732E-019                 -2.9553808299799553E+000                  1.4564518706583292E+000                  1.6950124980181605E+000                  1.8455274958501511E+000 
                                     512                  2.9994534449299892E+000                  2.1783434656674011E-001                  5.9896351063351680E+000                 -2.8752070351632604E+000                  1.1245575316077238E+001                  6.9999999999760387E-001                  2.8000000000239633E-001                  1.9999999999999796E-002                  0.0000000000000000E+000                  3.7369245489608991E+008                  1.4726916563939970E+007                  1.3921158614313727E-012                  0.0000000000000000E+000                  0.0000000000000000E+000                  5.5422134568300043E+000                  8.7173067487278004E+009                  1.2211148695585264E-006                  1.0917962488903039E-019                 -2.9566217401533152E+000                  1.4591678097339573E+000                  1.6977284370937884E+000                  1.8482434349257790E+000 
                                     513                  2.9994327197367903E+000                  2.1712790513513577E-001                  5.9936534842651330E+000                 -2.8606625284431688E+000                  1.1264107520727498E+001                  6.9999999999760409E-001                  2.8000000000239622E-001                  1.9999999999999685E-002                  0.0000000000000000E+000                  3.7346924475002414E+008                  1.4795365673130011E+007                  1.5890676506107908E-012                  0.0000000000000000E+000                  0.0000000000000000E+000                  5.5232339809982092E+000                  8.7691844856269951E+009                  1.2144839755055260E-006                  3.6254359733708035E-020                 -2.9578041055572299E+000                  1.4618879781308856E+000                  1.7004486054907166E+000                  1.8509636033227073E+000 
                                     514                  2.9994112752826712E+000                  2.1641755372403393E-001                  5.9976725440756287E+000                 -2.8461561740672114E+000                  1.1282602962930689E+001                  6.9999999999760387E-001                  2.8000000000239633E-001                  1.9999999999999796E-002                  0.0000000000000000E+000                  3.7325152127527440E+008                  1.4864137663726194E+007                  1.8131684831093019E-012                  0.0000000000000000E+000                  0.0000000000000000E+000                  5.5039056837391813E+000                  8.8212459802548313E+009                  1.2081834857033716E-006                  0.0000000000000000E+000                 -2.9589335524033067E+000                  1.4646122825158230E+000                  1.7031729098756543E+000                  1.8536879077076449E+000 
                                     515                  2.9993890869458908E+000                  2.1570319936285939E-001                  6.0016936609169740E+000                 -2.8316801627588446E+000                  1.1301070769059034E+001                  6.9999999999760387E-001                  2.8000000000239628E-001                  1.9999999999999796E-002                  0.0000000000000000E+000                  3.7303906658377969E+008                  1.4933256474539477E+007                  2.0681662899235159E-012                  2.7470639695818797E-038                  0.0000000000000000E+000                  5.4843124701340082E+000                  8.8734816226715126E+009                  1.2021773209858784E-006                  0.0000000000000000E+000                 -2.9600157346167366E+000                  1.4673406580444361E+000                  1.7059012854042672E+000                  1.8564162832362578E+000 
                                     516                  2.9993661114383432E+000                  2.1498420070793026E-001                  6.0057169750380277E+000                 -2.8172312685392544E+000                  1.1319514259526175E+001                  6.9999999999760387E-001                  2.8000000000239622E-001                  1.9999999999999907E-002                  0.0000000000000000E+000                  3.7283163722348559E+008                  1.5002725999280110E+007                  2.3582465124524137E-012                  4.3036567229821563E-038                  0.0000000000000000E+000                  5.4645366429630311E+000                  8.9259224305522060E+009                  1.1964274404759087E-006                  0.0000000000000000E+000                 -2.9610568174163960E+000                  1.4700751753826957E+000                  1.7086358027425268E+000                  1.8591508005745174E+000 
                                     517                  2.9993423347940298E+000                  2.1426088466573301E-001                  6.0097412475030563E+000                 -2.8028118365396328E+000                  1.1337929824189787E+001                  6.9999999999760387E-001                  2.8000000000239639E-001                  1.9999999999999796E-002                  0.0000000000000000E+000                  3.7262897816934741E+008                  1.5072527430633115E+007                  2.6880306940605974E-012                  6.7337180807944823E-038                  0.0000000000000000E+000                  5.4446456371364169E+000                  8.9785299682921619E+009                  1.1909094198711991E-006                  0.0000000000000000E+000                 -2.9620606347691503E+000                  1.4728142779252253E+000                  1.7113749052850564E+000                  1.8618899031170471E+000 
                                     518                  2.9993177295141535E+000                  2.1353316693129520E-001                  6.0137660076451400E+000                 -2.7884216027754061E+000                  1.1356317227509139E+001                  6.9999999999760387E-001                  2.8000000000239639E-001                  1.9999999999999796E-002                  0.0000000000000000E+000                  3.7243083715842384E+008                  1.5142654841898657E+007                  3.0627827121669705E-012                  1.0522074941998333E-037                  0.0000000000000000E+000                  5.4246957029668685E+000                  9.0312979134754848E+009                  1.1856005772682725E-006                  0.0000000000000000E+000                 -2.9630307989534748E+000                  1.4755580284174643E+000                  1.7141186557772956E+000                  1.8646336536092862E+000 
                                     519                  2.9992922722891944E+000                  2.1280110953435458E-001                  6.0177908665129936E+000                 -2.7740603089656983E+000                  1.1374676314019728E+001                  6.9999999999760387E-001                  2.8000000000239639E-001                  1.9999999999999796E-002                  0.0000000000000000E+000                  3.7223701742384374E+008                  1.5213103353594102E+007                  3.4884432896138587E-012                  1.6419562269598297E-037                  0.0000000000000000E+000                  5.4047346993003904E+000                  9.0842101293547516E+009                  1.1804819234052188E-006                  3.6308178993758113E-020                 -2.9639703294198916E+000                  1.4783059612668779E+000                  1.7168665886267089E+000                  1.8673815864586996E+000 
                                     520                  2.9992659340364214E+000                  2.1206462684239463E-001                  6.0218158715171111E+000                 -2.7597263222960553E+000                  1.1393008739141335E+001                  6.9999999999760387E-001                  2.8000000000239644E-001                  1.9999999999999685E-002                  0.0000000000000000E+000                  3.7204734640952843E+008                  1.5283875428229244E+007                  3.9717619763707873E-012                  2.5588270884536187E-037                  0.0000000000000000E+000                  5.3848021562529595E+000                  9.1372622480667915E+009                  1.1755357745627011E-006                  1.4484276540942932E-019                 -2.9648820748225786E+000                  1.4810581858484404E+000                  1.7196188132082717E+000                  1.8701338110402623E+000 
                                     521                  2.9992386846975077E+000                  2.1132363440705254E-001                  6.0258410976331263E+000                 -2.7454181031591975E+000                  1.1411316095021013E+001                  6.9999999999760376E-001                  2.8000000000239639E-001                  1.9999999999999796E-002                  0.0000000000000000E+000                  3.7186159540520430E+008                  1.5354974572134381E+007                  4.5203656019942787E-012                  3.9824105306328367E-037                  0.0000000000000000E+000                  5.3649316853806406E+000                  9.1904504156811256E+009                  1.1707467669255030E-006                  2.1669033938281325E-019                 -2.9657685164348466E+000                  1.4838148296952662E+000                  1.7223754570550973E+000                  1.8728904548870879E+000 
                                     522                  2.9992104932065939E+000                  2.1057804884397863E-001                  6.0298666426356453E+000                 -2.7311341970432736E+000                  1.1429599913614000E+001                  6.9999999999760376E-001                  2.8000000000239644E-001                  1.9999999999999796E-002                  0.0000000000000000E+000                  3.7167945850968850E+008                  1.5426405477966435E+007                  5.1428704442650943E-012                  6.1899087866719391E-037                  0.0000000000000000E+000                  5.3451516778226793E+000                  9.2437713334358807E+009                  1.1661019577742685E-006                  1.4408509572252690E-019                 -2.9666317377546667E+000                  1.4865760497284259E+000                  1.7251366770882570E+000                  1.8756516749202476E+000 
                                     523                  2.9991813274573436E+000                  2.0982778772338351E-001                  6.0338926229337870E+000                 -2.7168732277223997E+000                  1.1447861669597291E+001                  6.9999999999760376E-001                  2.8000000000239639E-001                  1.9999999999999796E-002                  0.0000000000000000E+000                  3.7150065798751444E+008                  1.5498173169743931E+007                  5.8490085236777735E-012                  9.6086791430776170E-037                  0.0000000000000000E+000                  5.3254859317672798E+000                  9.2972221754912815E+009                  1.1615904078445762E-006                  3.5929340433276308E-020                 -2.9674734914682417E+000                  1.4893420218833795E+000                  1.7279026492432106E+000                  1.8784176470752014E+000 
                                     524                  2.9991511542689469E+000                  2.0907276946926437E-001                  6.0379191699493466E+000                 -2.7026338905987384E+000                  1.1466102783127003E+001                  6.9999999999760376E-001                  2.8000000000239644E-001                  1.9999999999999796E-002                  0.0000000000000000E+000                  3.7132494658098239E+008                  1.5570282878797000E+007                  6.6497697908259496E-012                  1.4896798852358340E-036                  0.0000000000000000E+000                  5.3059542279532748E+000                  9.3508005159171009E+009                  1.1572026942675749E-006                  0.0000000000000000E+000                 -2.9682952819364230E+000                  1.4921129268720457E+000                  1.7306735542318767E+000                  1.8811885520638676E+000 
                                     525                  2.9991199393510448E+000                  2.0831291326729959E-001                  6.0419464269866481E+000                 -2.6884149466400857E+000                  1.1484324622449593E+001                  6.9999999999760376E-001                  2.8000000000239650E-001                  1.9999999999999796E-002                  0.0000000000000000E+000                  3.7115210624053860E+008                  1.5642739976562645E+007                  7.5575621772627768E-012                  2.3066463197586927E-036                  0.0000000000000000E+000                  5.2865728529384093E+000                  9.4045042579510193E+009                  1.1529306923407609E-006                 -3.6024090744873491E-020                 -2.9690983996218012E+000                  1.4948889474486056E+000                  1.7334495748084366E+000                  1.8839645726404273E+000 
                                     526                  2.9990876472675438E+000                  2.0754813898061764E-001                  6.0459745465498171E+000                 -2.6742152159627954E+000                  1.1502528506376535E+001                  6.9999999999760376E-001                  2.8000000000239655E-001                  1.9999999999999685E-002                  0.0000000000000000E+000                  3.7098192290936911E+008                  1.5715549994738042E+007                  8.5863917455752162E-012                  3.5672790738319208E-036                  0.0000000000000000E+000                  5.2673550850217135E+000                  9.4583315603831158E+009                  1.1487674261705102E-006                 -1.7972148649921500E-019                 -2.9698839437736271E+000                  1.4976702677337868E+000                  1.7362308950936178E+000                  1.8867458929256085E+000 
                                     527                  2.9990542413992758E+000                  2.0677836707428790E-001                  6.0500036880631400E+000                 -2.6600335730479747E+000                  1.1520715706630932E+001                  6.9999999999760365E-001                  2.8000000000239655E-001                  1.9999999999999796E-002                  0.0000000000000000E+000                  3.7081417173224837E+008                  1.5788718737057263E+007                  9.7520654006003589E-012                  5.5102407177024986E-036                  0.0000000000000000E+000                  5.2483116245764974E+000                  9.5122807726182175E+009                  1.1447069854565267E-006                 -3.5866314268874350E-019                 -2.9706528334676596E+000                  1.5004570750166382E+000                  1.7390177023764692E+000                  1.8895327002084601E+000 
                                     528                  2.9990196839054750E+000                  2.0600351854590937E-001                  6.0540340147584768E+000                 -2.6458689422906634E+000                  1.1538887450074089E+001                  6.9999999999760354E-001                  2.8000000000239672E-001                  1.9999999999999796E-002                  0.0000000000000000E+000                  3.7064863112198734E+008                  1.5862252233883603E+007                  1.1072418665145199E-011                  8.5014082935234925E-036                  0.0000000000000000E+000                  5.2294477753837381E+000                  9.5663503865083275E+009                  1.1407448803764480E-006                 -3.2203130161917343E-019                 -2.9714057358247676E+000                  1.5032495606592942E+000                  1.7418101880191252E+000                  1.8923251858511159E+000 
                                     529                  2.9989839356840355E+000                  2.0522351486191820E-001                  6.0580656865476055E+000                 -2.6317202883737667E+000                  1.1557044920818001E+001                  6.9999999999760354E-001                  2.8000000000239672E-001                  1.9999999999999796E-002                  0.0000000000000000E+000                  3.7048508071844816E+008                  1.5936156592550373E+007                  1.2567570620142363E-011                  1.3101080917403099E-035                  0.0000000000000000E+000                  5.2107554292374738E+000                  9.6205389304574890E+009                  1.1368795721113375E-006                  3.9190188639664263E-022                 -2.9721427685081583E+000                  1.5060479173879615E+000                  1.7446085447477926E+000                  1.8951235425797832E+000 
                                     530                  2.9989469563305060E+000                  2.0443827790931790E-001                  6.0620988544221523E+000                 -2.6175866082783892E+000                  1.1575189262214632E+001                  6.9999999999760343E-001                  2.8000000000239683E-001                  1.9999999999999796E-002                  0.0000000000000000E+000                  3.7032330407900745E+008                  1.6010437846271453E+007                  1.4260210038603150E-011                  2.0166380975290064E-035                  0.0000000000000000E+000                  5.1922251177294481E+000                  9.6748448184270706E+009                  1.1331118541483801E-006                  3.2155703772146644E-019                 -2.9728636085097437E+000                  1.5088523351836747E+000                  1.7474129625435058E+000                  1.8979279603754964E+000 
                                     531                  2.9989087040958582E+000                  2.0364772996159280E-001                  6.0661336608982133E+000                 -2.6034669288504761E+000                  1.1593321578712263E+001                  6.9999999999760332E-001                  2.8000000000239689E-001                  1.9999999999999796E-002                  0.0000000000000000E+000                  3.7016313676137322E+008                  1.6085101430446170E+007                  1.6175918034688771E-011                  3.1007128302705078E-035                  0.0000000000000000E+000                  5.1738494055735451E+000                  9.7292662720874310E+009                  1.1294423582757065E-006                  3.5647706678005547E-019                 -2.9735679643202713E+000                  1.5116629922964404E+000                  1.7502236196562717E+000                  1.9007386174882623E+000 
                                     532                  2.9988691358429893E+000                  2.0285179364953748E-001                  6.0701702416891132E+000                 -2.5893603068046631E+000                  1.1611442937597188E+001                  6.9999999999760321E-001                  2.8000000000239700E-001                  1.9999999999999796E-002                  0.0000000000000000E+000                  3.7000445639231193E+008                  1.6160152314504687E+007                  1.8343530999895796E-011                  4.7622876554233499E-035                  0.0000000000000000E+000                  5.1556226795746998E+000                  9.7838013278815022E+009                  1.1258709652858180E-006                  2.8485964219695322E-019                 -2.9742556902998429E+000                  1.5144800500815547E+000                  1.7530406774413858E+000                  1.9035556752733767E+000 
                                     533                  2.9988282070018903E+000                  2.0205039193138435E-001                  6.0742087271867291E+000                 -2.5752658295524027E+000                  1.1629554370644705E+001                  6.9999999999760310E-001                  2.8000000000239711E-001                  1.9999999999999796E-002                  0.0000000000000000E+000                  3.6984713054431158E+008                  1.6235595567552611E+007                  2.0795548461721585E-011                  7.3063021762592787E-035                  0.0000000000000000E+000                  5.1375409467378290E+000                  9.8384478790891266E+009                  1.1223970516413918E-006                  4.6250687560498935E-019                 -2.9749267414003771E+000                  1.5173036626403031E+000                  1.7558642900001342E+000                  1.9063792878321251E+000 
                                     534                  2.9987858715234199E+000                  2.0124344806033276E-001                  6.0782492437699407E+000                 -2.5611826150304160E+000                  1.1647656875689011E+001                  6.9999999999760287E-001                  2.8000000000239728E-001                  1.9999999999999796E-002                  0.0000000000000000E+000                  3.6969101374943399E+008                  1.6311436399513336E+007                  2.3568591443936632E-011                  1.1197336233334912E-034                  0.0000000000000000E+000                  5.1196016594965306E+000                  9.8932037153777161E+009                  1.1190196998487412E-006                  6.3918604049511611E-019                 -2.9755811339206799E+000                  1.5201339852067868E+000                  1.7586946125666179E+000                  1.9092096103986085E+000 
                                     535                  2.9987420818316322E+000                  2.0043088555122793E-001                  6.0822919149606189E+000                 -2.5471098113663091E+000                  1.1665751418117841E+001                  6.9999999999760276E-001                  2.8000000000239744E-001                  1.9999999999999796E-002                  0.0000000000000000E+000                  3.6953595304853231E+008                  1.6387680137579191E+007                  2.6703917504235322E-011                  1.7142487056801000E-034                  0.0000000000000000E+000                  5.1018035570654927E+000                  9.9480665486173687E+009                  1.1157377406078080E-006                  4.6076800763572377E-019                 -2.9762189381794681E+000                  1.5229711743754619E+000                  1.7615318017352932E+000                  1.9120467995672839E+000 
                                     536                  2.9986967887746347E+000                  1.9961262814653041E-001                  6.0863368624439911E+000                 -2.5330465959286168E+000                  1.1683838932297377E+001                  6.9999999999760254E-001                  2.8000000000239755E-001                  1.9999999999999907E-002                  0.0000000000000000E+000                  3.6938185703954935E+008                  1.6464331603416007E+007                  3.0247999436435801E-011                  2.6216923492095317E-034                  0.0000000000000000E+000                  5.0841465260814642E+000                  1.0003034028956621E+010                  1.1125496156213317E-006                  1.7693359992152699E-019                 -2.9768403059892106E+000                  1.5258153796648186E+000                  1.7643760070246497E+000                  1.9148910048566403E+000 
                                     537                  2.9986499415739072E+000                  1.9878859978270652E-001                  6.0903842069659966E+000                 -2.5189921748831186E+000                  1.1701920322932102E+001                  6.9999999999760243E-001                  2.8000000000239778E-001                  1.9999999999999796E-002                  0.0000000000000000E+000                  3.6922868658517021E+008                  1.6541395219267320E+007                  3.4253175383541855E-011                  4.0053921228506211E-034                  0.0000000000000000E+000                  5.0666314673059318E+000                  1.0058103758661001E+010                  1.1094532748379210E-006                 -3.5453735681734028E-020                 -2.9774454917846498E+000                  1.5286667367273683E+000                  1.7672273640871994E+000                  1.9177423619191900E+000 
                                     538                  2.9986014877720524E+000                  1.9795872455605398E-001                  6.0944340691148842E+000                 -2.5049457831425244E+000                  1.1719996466364201E+001                  6.9999999999760221E-001                  2.8000000000239794E-001                  1.9999999999999796E-002                  0.0000000000000000E+000                  3.6907639397137690E+008                  1.6618875568255693E+007                  3.8778379091983656E-011                  6.1132238526693454E-034                  0.0000000000000000E+000                  5.0492601687796927E+000                  1.0113273315429384E+010                  1.1064463939775799E-006                 -1.7657914113292504E-019                 -2.9780348111411534E+000                  1.5315253763097365E+000                  1.7700860036695676E+000                  1.9206010015015582E+000 
                                     539                  2.9985513731789144E+000                  1.9712292668708814E-001                  6.0984865699972364E+000                 -2.4909066838387348E+000                  1.1738068211816195E+001                  6.9999999999760210E-001                  2.8000000000239822E-001                  1.9999999999999685E-002                  0.0000000000000000E+000                  3.6892491894977862E+008                  1.6696777431362418E+007                  4.3889960176702884E-011                  9.3210312748703535E-034                  0.0000000000000000E+000                  5.0320351935068999E+000                  1.0168540274084700E+010                  1.1035265652569521E-006                 -1.7626350763288863E-019                 -2.9786086037905211E+000                  1.5343914322830852E+000                  1.7729520596429162E+000                  1.9234670574749069E+000 
                                     540                  2.9984995418160372E+000                  1.9628113048445175E-001                  6.1025418319367528E+000                 -2.4768741678629240E+000                  1.1756136382566211E+001                  6.9999999999760176E-001                  2.8000000000239855E-001                  1.9999999999999685E-002                  0.0000000000000000E+000                  3.6877419292751139E+008                  1.6775105772315677E+007                  4.9662605508131044E-011                  1.4198172753750183E-033                  0.0000000000000000E+000                  5.0149600851493696E+000                  1.0223902222702715E+010                  1.1006912788937284E-006                 -7.0376365842221042E-020                 -2.9791672372779279E+000                  1.5372650418828504E+000                  1.7758256692426815E+000                  1.9263406670746721E+000 
                                     541                  2.9984459358594693E+000                  1.9543326030939329E-001                  6.1065999805771654E+000                 -2.4628475548731781E+000                  1.1774201777040885E+001                  6.9999999999760132E-001                  2.8000000000239877E-001                  1.9999999999999907E-002                  0.0000000000000000E+000                  3.6862419151933414E+008                  1.6853865343498688E+007                  5.6180375725221125E-011                  2.1606391184823960E-033                  0.0000000000000000E+000                  4.9980427863100427E+000                  1.0279356795650484E+010                  1.0979372576315497E-006                  2.4623741686879456E-019                 -2.9797112386146192E+000                  1.5401463404441147E+000                  1.7787069678039460E+000                  1.9292219656359366E+000 
                                     542                  2.9983904955809408E+000                  1.9457924053853368E-001                  6.1106611473504504E+000                 -2.4488261947746164E+000                  1.1792265169839157E+001                  6.9999999999760099E-001                  2.8000000000239911E-001                  1.9999999999999907E-002                  0.0000000000000000E+000                  3.6847492578446895E+008                  1.6933060819165889E+007                  6.3537870926638334E-011                  3.2848830211479665E-033                  0.0000000000000000E+000                  4.9812931261435942E+000                  1.0334901728825947E+010                  1.0952602199133225E-006                  6.6716276598322451E-019                 -2.9802413428565626E+000                  1.5430354579951098E+000                  1.7815960853549409E+000                  1.9321110831869315E+000 
                                     543                  2.9983331592872675E+000                  1.9371899552247382E-001                  6.1147254695700122E+000                 -2.4348094668483538E+000                  1.1810327312710083E+001                  6.9999999999760065E-001                  2.8000000000239950E-001                  1.9999999999999796E-002                  0.0000000000000000E+000                  3.6832640308833444E+008                  1.7012697113261487E+007                  7.1841538269221146E-011                  4.9894448673445620E-033                  0.0000000000000000E+000                  4.9647194912454946E+000                  1.0390534892639744E+010                  1.0926558874684263E-006                  7.0115130652673488E-019                 -2.9807582949189513E+000                  1.5459325251350036E+000                  1.7844931524948349E+000                  1.9350081503268253E+000 
                                     544                  2.9982738632579329E+000                  1.9285244954434402E-001                  6.1187930891827067E+000                 -2.4207967774916139E+000                  1.1828388935491397E+001                  6.9999999999760021E-001                  2.8000000000240000E-001                  1.9999999999999796E-002                  0.0000000000000000E+000                  3.6817862319771028E+008                  1.7092779372481007E+007                  8.1211138662547328E-011                  7.5715716488836836E-033                  0.0000000000000000E+000                  4.9483288736472693E+000                  1.0446254279966206E+010                  1.0901205778768190E-006                  2.8000468700402834E-019                 -2.9812627311166948E+000                  1.5488376770740142E+000                  1.7873983044338453E+000                  1.9379133022658359E+000 
                                     545                  2.9982125416807692E+000                  1.9197952678101815E-001                  6.1228641516089999E+000                 -2.4067875581141043E+000                  1.1846450747011513E+001                  6.9999999999759976E-001                  2.8000000000240044E-001                  1.9999999999999796E-002                  0.0000000000000000E+000                  3.6803158062094235E+008                  1.7173312939487714E+007                  9.1781393098928942E-011                  1.1479638687896156E-032                  0.0000000000000000E+000                  4.9321269798122689E+000                  1.0502057977896074E+010                  1.0876511653870980E-006                 -1.7485672292448763E-019                 -2.9817551852413238E+000                  1.5517510530004786E+000                  1.7903116803603094E+000                  1.9408266781923003E+000 
                                     546                  2.9981491265857052E+000                  1.9110015126684407E-001                  6.1269388046896287E+000                 -2.3927812633995047E+000                  1.1864513435957505E+001                  6.9999999999759910E-001                  2.8000000000240105E-001                  1.9999999999999796E-002                  0.0000000000000000E+000                  3.6788529415778196E+008                  1.7254303116965681E+007                  1.0370383036422100E-010                  1.7389442658661399E-032                  0.0000000000000000E+000                  4.9161183275688645E+000                  1.0557944144090305E+010                  1.0852449739664836E-006                 -3.1423284122622296E-019                 -2.9822361084040074E+000                  1.5546727926090800E+000                  1.7932334199689111E+000                  1.9437484178009017E+000 
                                     547                  2.9980835477765058E+000                  1.9021424685915750E-001                  6.1310171977298351E+000                 -2.3787773692638319E+000                  1.1882577671711177E+001                  6.9999999999759854E-001                  2.8000000000240177E-001                  1.9999999999999685E-002                  0.0000000000000000E+000                  3.6773979980587226E+008                  1.7335755202510115E+007                  1.1714886063608084E-010                  2.6318747384709335E-032                  0.0000000000000000E+000                  4.9003063385094263E+000                  1.0613910982351408E+010                  1.0828996949132728E-006                 -1.7432752044404822E-019                 -2.9827058843203513E+000                  1.5576030335251583E+000                  1.7961636608849894E+000                  1.9466786587169800E+000 
                                     548                  2.9980157327604449E+000                  1.8932173720635012E-001                  6.1350994806340786E+000                 -2.3647753709422141E+000                  1.1900644105155441E+001                  6.9999999999759777E-001                  2.8000000000240249E-001                  1.9999999999999796E-002                  0.0000000000000000E+000                  3.6759513224965256E+008                  1.7417674597933527E+007                  1.3230810221772716E-010                  3.9799137013154296E-032                  0.0000000000000000E+000                  4.8846934221498133E+000                  1.0669956714583275E+010                  1.0806134024637952E-006                  3.4817686086936842E-020                 -2.9831648251816918E+000                  1.5605419131555254E+000                  1.7991025405153565E+000                  1.9496175383473471E+000 
                                     549                  2.9979456066758670E+000                  1.8842254571826494E-001                  6.1391858031208786E+000                 -2.3507747813853146E+000                  1.1918713369446570E+001                  6.9999999999759699E-001                  2.8000000000240322E-001                  1.9999999999999796E-002                  0.0000000000000000E+000                  3.6745132137028188E+008                  1.7500066803312358E+007                  1.4939699190110298E-010                  6.0133663497180115E-032                  0.0000000000000000E+000                  4.8692810508473912E+000                  1.0726079556582754E+010                  1.0783845568267393E-006                  2.0864319970225756E-019                 -2.9836131700728461E+000                  1.5634895700181060E+000                  1.8020501973779370E+000                  1.9525651952099277E+000 
                                     550                  2.9978730922175960E+000                  1.8751659553904915E-001                  6.1432763140034012E+000                 -2.3367751298538391E+000                  1.1936786080727508E+001                  6.9999999999759610E-001                  2.8000000000240410E-001                  1.9999999999999796E-002                  0.0000000000000000E+000                  3.6730839325060290E+008                  1.7582937399807572E+007                  1.6865771310861425E-010                  9.0782846150198026E-032                  0.0000000000000000E+000                  4.8540698275108829E+000                  1.0782277698362543E+010                  1.0762119738330015E-006                  2.0838581852900551E-019                 -2.9840510901715827E+000                  1.5664461434455565E+000                  1.8050067708053876E+000                  1.9555217686373783E+000 
                                     551                  2.9977981095603323E+000                  1.8660380952423175E-001                  6.1473711605275962E+000                 -2.3227759609917320E+000                  1.1954862838783406E+001                  6.9999999999759510E-001                  2.8000000000240510E-001                  1.9999999999999796E-002                  0.0000000000000000E+000                  3.6716638248292017E+008                  1.7666291971769679E+007                  1.9036247988086364E-010                  1.3694256269416480E-031                  0.0000000000000000E+000                  4.8390595439839315E+000                  1.0838549290948063E+010                  1.0740947777439488E-006                  6.9379062923829383E-020                 -2.9844786974769302E+000                  1.5694117724147463E+000                  1.8079723997745774E+000                  1.9584873976065680E+000 
                                     552                  2.9977205762798418E+000                  1.8568411021931461E-001                  6.1514704880173303E+000                 -2.3087768335066041E+000                  1.1972944227667785E+001                  6.9999999999759388E-001                  2.8000000000240627E-001                  1.9999999999999796E-002                  0.0000000000000000E+000                  3.6702532992590606E+008                  1.7750136106316041E+007                  2.1481722091460669E-010                  2.0640863850034161E-031                  0.0000000000000000E+000                  4.8242498464624282E+000                  1.0894892432878067E+010                  1.0720322691329779E-006                 -3.4628207854920355E-020                 -2.9848960708965007E+000                  1.5723865945856730E+000                  1.8109472219455043E+000                  1.9614622197774949E+000 
                                     553                  2.9976404072718266E+000                  1.8475741984001504E-001                  6.1555744520962712E+000                 -2.2947773321483260E+000                  1.1991030816306253E+001                  6.9999999999759244E-001                  2.8000000000240771E-001                  1.9999999999999796E-002                  0.0000000000000000E+000                  3.6688528094925010E+008                  1.7834475672771070E+007                  2.4236576887192266E-010                  3.1086984393964415E-031                  0.0000000000000000E+000                  4.8096701216927711E+000                  1.0951305318380892E+010                  1.0700192411627527E-006                 -6.9195805409619693E-020                 -2.9853042063650226E+000                  1.5753707496871272E+000                  1.8139313770469581E+000                  1.9644463748789489E+000 
                                     554                  2.9975575146684199E+000                  1.8382366022573104E-001                  6.1596832486218620E+000                 -2.2807770985097124E+000                  1.2009123159082121E+001                  6.9999999999759110E-001                  2.8000000000240910E-001                  1.9999999999999796E-002                  0.0000000000000000E+000                  3.6674629005135727E+008                  1.7919317460569423E+007                  2.7339468547409837E-010                  4.6784138837270957E-031                  0.0000000000000000E+000                  4.7953919754003040E+000                  1.1007786795332640E+010                  1.0680393801590441E-006                 -3.4566355672261506E-020                 -2.9857063669728006E+000                  1.5783643905720175E+000                  1.8169250179318486E+000                  1.9674400157638392E+000 
                                     555                  2.9974718077522553E+000                  1.8288275272388080E-001                  6.1637971309815516E+000                 -2.2667758486639333E+000                  1.2027221796416645E+001                  6.9999999999758944E-001                  2.8000000000241082E-001                  1.9999999999999796E-002                  0.0000000000000000E+000                  3.6660842579224825E+008                  1.8004669565323763E+007                  3.0833870320474941E-010                  7.0355510711611485E-031                  0.0000000000000000E+000                  4.7814870117763988E+000                  1.1064337008855040E+010                  1.0660699600029851E-006                 -3.4494182628674185E-020                 -2.9861071470701592E+000                  1.5813676954402838E+000                  1.8199283228001151E+000                  1.9704433206321055E+000 
                                     556                  2.9973831928680270E+000                  1.8193461803030894E-001                  6.1679164076182351E+000                 -2.2527733704063801E+000                  1.2045327255352404E+001                  6.9999999999758755E-001                  2.8000000000241271E-001                  1.9999999999999796E-002                  0.0000000000000000E+000                  3.6647177467846346E+008                  1.8090541359146401E+007                  3.4768679328217366E-010                  1.0572778151342658E-030                  0.0000000000000000E+000                  4.7680236371279134E+000                  1.1120957632311277E+010                  1.0640891804925364E-006                 -4.2596569454617136E-023                 -2.9865109863152379E+000                  1.5843808717554746E+000                  1.8229414991153057E+000                  1.9734564969472963E+000 
                                     557                  2.9972915733314789E+000                  1.8097917602844729E-001                  6.1720414384101634E+000                 -2.2387695183915950E+000                  1.2063440050140779E+001                  6.9999999999758544E-001                  2.8000000000241471E-001                  1.9999999999999796E-002                  0.0000000000000000E+000                  3.6633643735815597E+008                  1.8176943448726125E+007                  3.9198900795894212E-010                  1.5877624091564318E-030                  0.0000000000000000E+000                  4.7550674759905238E+000                  1.1177651814810751E+010                  1.0620765905985592E-006                  1.7209980906509800E-019                 -2.9869220817049906E+000                  1.5874041548382236E+000                  1.8259647821980547E+000                  1.9764797800300453E+000 
                                     558                  2.9971968493357584E+000                  1.8001634563187507E-001                  6.1761726314755769E+000                 -2.2247642099642859E+000                  1.2081560682819680E+001                  6.9999999999758300E-001                  2.8000000000241715E-001                  1.9999999999999796E-002                  0.0000000000000000E+000                  3.6620252748471564E+008                  1.8263887635248415E+007                  4.4186420603061005E-010                  2.3828836183584389E-030                  0.0000000000000000E+000                  4.7426817805421946E+000                  1.1234424107974432E+010                  1.0600129344655995E-006                  2.4076876265894324E-019                 -2.9873444176823485E+000                  1.5904378063618894E+000                  1.8289984337217204E+000                  1.9795134315537113E+000 
                                     559                  2.9970989178551943E+000                  1.7904604463052157E-001                  6.1803104403765943E+000                 -2.2107574216550372E+000                  1.2099689643747105E+001                  6.9999999999758045E-001                  2.8000000000241981E-001                  1.9999999999999796E-002                  0.0000000000000000E+000                  3.6607016812049580E+008                  1.8351386880462065E+007                  4.9800877944060739E-010                  3.5740293385147311E-030                  0.0000000000000000E+000                  4.7309278339470504E+000                  1.1291280406712532E+010                  1.0578799983128647E-006                  3.0910653746296492E-019                 -2.9877817970702414E+000                  1.5934821129734564E+000                  1.8320427403332875E+000                  1.9825577381652781E+000 
                                     560                  2.9969976725467120E+000                  1.7806818954152739E-001                  6.1844553617112394E+000                 -2.1967491863149355E+000                  1.2117827412115847E+001                  6.9999999999757734E-001                  2.8000000000242281E-001                  1.9999999999999796E-002                  0.0000000000000000E+000                  3.6593949478298014E+008                  1.8439455256215740E+007                  5.6120651530815968E-010                  5.3575939291321668E-030                  0.0000000000000000E+000                  4.7198653480906563E+000                  1.1348227903618799E+010                  1.0556604548268054E-006                  5.8325894993697440E-019                 -2.9882378734331323E+000                  1.5965373848189719E+000                  1.8350980121788030E+000                  1.9856130100107936E+000 
                                     561                  2.9968930036483687E+000                  1.7708269545880603E-001                  6.1886079330868293E+000                 -2.1827395908752103E+000                  1.2135974456489187E+001                  6.9999999999757401E-001                  2.8000000000242620E-001                  1.9999999999999796E-002                  0.0000000000000000E+000                  3.6581066296837449E+008                  1.8528107880934637E+007                  6.3233974683748775E-010                  8.0270799142074742E-030                  0.0000000000000000E+000                  4.7095528582819677E+000                  1.1405275057934162E+010                  1.0533377021077469E-006                  7.1992026677009426E-019                 -2.9887161854189745E+000                  1.5996039537586424E+000                  1.8381645811184735E+000                  1.9886795789504641E+000 
                                     562                  2.9967847978749718E+000                  1.7608947590034402E-001                  6.1927687314657964E+000                 -2.1687287734773952E+000                  1.2154131235346881E+001                  6.9999999999757023E-001                  2.8000000000242997E-001                  1.9999999999999796E-002                  0.0000000000000000E+000                  3.6568383676274687E+008                  1.8617360973491650E+007                  7.1240197037600273E-010                  1.2021050421365427E-029                  0.0000000000000000E+000                  4.7000481336997213E+000                  1.1462431563135494E+010                  1.0508957312554732E-006                  6.5067995728896417E-019                 -2.9892201860328771E+000                  1.6026821728219596E+000                  1.8412428001817907E+000                  1.9917577980137813E+000 
                                     563                  2.9966729383107777E+000                  1.7508844265534163E-001                  6.1969383718695346E+000                 -2.1547169213999084E+000                  1.2172298197635421E+001                  6.9999999999756601E-001                  2.8000000000243425E-001                  1.9999999999999796E-002                  0.0000000000000000E+000                  3.6555918836022329E+008                  1.8707231861997887E+007                  8.0251212775018116E-010                  1.7994772331218122E-029                  0.0000000000000000E+000                  4.6914085689546665E+000                  1.1519708315302004E+010                  1.0483190178483431E-006                  6.1579072238030503E-019                 -2.9897532677371932E+000                  1.6057724165434990E+000                  1.8443330439033303E+000                  1.9948480417353207E+000 
                                     564                  2.9965573042991953E+000                  1.7407950562942551E-001                  6.2011175061774741E+000                 -2.1407042692296803E+000                  1.2190475783322794E+001                  6.9999999999756113E-001                  2.8000000000243908E-001                  1.9999999999999796E-002                  0.0000000000000000E+000                  3.6543689541930801E+008                  1.8797738981572419E+007                  9.0393077950681089E-010                  2.6927281697905731E-029                  0.0000000000000000E+000                  4.6836910121034920E+000                  1.1577117393881685E+010                  1.0455924897177522E-006                  5.8103785988966848E-019                 -2.9903187724334632E+000                  1.6088750806267282E+000                  1.8474357079865595E+000                  1.9979507058185499E+000 
                                     565                  2.9964377713294303E+000                  1.7306257268728720E-001                  6.2053067973436606E+000                 -2.1266910716765017E+000                  1.2208664423958515E+001                  6.9999999999755569E-001                  2.8000000000244440E-001                  1.9999999999999907E-002                  0.0000000000000000E+000                  3.6531713916248721E+008                  1.8888901314070478E+007                  1.0180779712562989E-009                  4.0281357706571959E-029                  0.0000000000000000E+000                  4.6768950525644977E+000                  1.1634671705161652E+010                  1.0427105615446903E-006                  5.4630541875921297E-019                 -2.9909181137487018E+000                  1.6119905751578159E+000                  1.8505512025176469E+000                  2.0010662003496376E+000 
                                     566                  2.9963142109199881E+000                  1.7203754955278491E-001                  6.2095068481692248E+000                 -2.1126775287798991E+000                  1.2226864543216795E+001                  6.9999999999754958E-001                  2.8000000000245062E-001                  1.9999999999999796E-002                  0.0000000000000000E+000                  3.6520009287174594E+008                  1.8980736788037438E+007                  1.1465522667668096E-009                  6.0242331567544442E-029                  0.0000000000000000E+000                  4.6709158390664900E+000                  1.1692383635573101E+010                  1.0396938359332177E-006                  4.7764669565360382E-019                 -2.9915472654180815E+000                  1.6151192997167645E+000                  1.8536799270765956E+000                  2.0041949249085862E+000 
                                     567                  2.9961864904991438E+000                  1.7100433988482333E-001                  6.2137181529665213E+000                 -2.0986637342480359E+000                  1.2245076557341624E+001                  6.9999999999754270E-001                  2.8000000000245751E-001                  1.9999999999999796E-002                  0.0000000000000000E+000                  3.6508590320007056E+008                  1.9073261181023993E+007                  1.2911519352734468E-009                  9.0074499565421636E-029                  0.0000000000000000E+000                  4.6656425074721701E+000                  1.1750263341295063E+010                  1.0365807466827856E-006                  4.0897001017866283E-019                 -2.9921984309756589E+000                  1.6182616126047291E+000                  1.8568222399645602E+000                  2.0073372377965506E+000 
                                     568                  2.9960544732829391E+000                  1.6996284548789753E-001                  6.2179410994538262E+000                 -2.0846496770814866E+000                  1.2263300875511845E+001                  6.9999999999753504E-001                  2.8000000000246522E-001                  1.9999999999999796E-002                  0.0000000000000000E+000                  3.6497469228353918E+008                  1.9166488113481283E+007                  1.4538993672378063E-009                  1.3465315915223437E-028                  0.0000000000000000E+000                  4.6609693396324170E+000                  1.1808318030922359E+010                  1.0334091844212187E-006                  6.1267978245237157E-019                 -2.9928638414911095E+000                  1.6214178188204871E+000                  1.8599784461803182E+000                  2.0104934440123086E+000 
                                     569                  2.9959180181496392E+000                  1.6891296652663990E-001                  6.2221759753710781E+000                 -2.0706352482477728E+000                  1.2281537900202638E+001                  6.9999999999752627E-001                  2.8000000000247394E-001                  1.9999999999999796E-002                  0.0000000000000000E+000                  3.6486655788726598E+008                  1.9260429157035448E+007                  1.6370684762502789E-009                  2.0125846120902332E-028                  0.0000000000000000E+000                  4.6567950103413622E+000                  1.1866552024825203E+010                  1.0302147744675814E-006                  1.0204123838961153E-018                 -2.9935361130636089E+000                  1.6245881722160145E+000                  1.8631487995758458E+000                  2.0136637974078364E+000 
                                     570                  2.9957769795105182E+000                  1.6785460173211822E-001                  6.2264229743716841E+000                 -2.0566202471713857E+000                  1.2299788027525073E+001                  6.9999999999751639E-001                  2.8000000000248376E-001                  1.9999999999999796E-002                  0.0000000000000000E+000                  3.6476156579814583E+008                  1.9355094056282990E+007                  1.8432153288857658E-009                  3.0075953694439660E-028                  0.0000000000000000E+000                  4.6530219339115160E+000                  1.1924966883958082E+010                  1.0270311674279570E-006                  1.2577251719130969E-018                 -2.9942081883101301E+000                  1.6277728801833049E+000                  1.8663335075431360E+000                  2.0168485053751266E+000 
                                     571                  2.9956312071771625E+000                  1.6678764860211495E-001                  6.2306822012913710E+000                 -2.0426043870022452E+000                  1.2318051647525857E+001                  6.9999999999750540E-001                  2.8000000000249492E-001                  1.9999999999999685E-002                  0.0000000000000000E+000                  3.6465975513056630E+008                  1.9450490765547421E+007                  2.0752123622864435E-009                  4.4937999257745551E-028                  0.0000000000000000E+000                  4.6495557097512528E+000                  1.1983561523331886E+010                  1.0238902816467167E-006                  1.2907163251890010E-018                 -2.9948732895650325E+000                  1.6309721074846872E+000                  1.8695327348445183E+000                  2.0200477326765087E+000 
                                     572                  2.9954805462252061E+000                  1.6571200359806282E-001                  6.2349536768906599E+000                 -2.0285872988037550E+000                  1.2336329144448317E+001                  6.9999999999749307E-001                  2.8000000000250719E-001                  1.9999999999999796E-002                  0.0000000000000000E+000                  3.6456114905022228E+008                  1.9546625361479051E+007                  2.3362865852215876E-009                  6.7132905389662321E-028                  0.0000000000000000E+000                  4.6463046570438111E+000                  1.2042332297040749E+010                  1.0208224523273680E-006                  1.3913966230335303E-018                 -2.9955248932462877E+000                  1.6341859765384847E+000                  1.8727466038983158E+000                  2.0232616017303062E+000 
                                     573                  2.9953248368544343E+000                  1.6462756234110146E-001                  6.2392373421514060E+000                 -2.0145685358434831E+000                  1.2354620896954239E+001                  6.9999999999747908E-001                  2.8000000000252118E-001                  1.9999999999999796E-002                  0.0000000000000000E+000                  3.6446575739241081E+008                  1.9643502092093129E+007                  2.6300621895738439E-009                  1.0027206368013592E-027                  0.0000000000000000E+000                  4.6431794209951889E+000                  1.2101273072367325E+010                  1.0178565597573168E-006                  1.5599757416455781E-018                 -2.9961567100640307E+000                  1.6374145678037595E+000                  1.8759751951635906E+000                  2.0264901929955812E+000 
                                     574                  2.9951639142451985E+000                  1.6353421980701446E-001                  6.2435330621847953E+000                 -2.0005475776777795E+000                  1.2372927278259978E+001                  6.9999999999746332E-001                  2.8000000000253683E-001                  1.9999999999999796E-002                  0.0000000000000000E+000                  3.6437357492493916E+008                  1.9741123470913988E+007                  2.9606080468294113E-009                  1.4974074764740581E-027                  0.0000000000000000E+000                  4.6400926483947309E+000                  1.2160375304256519E+010                  1.0150201756008109E-006                  1.6267310242962197E-018                 -2.9967626625871979E+000                  1.6406579221944226E+000                  1.8792185495542537E+000                  2.0297335473862441E+000 
                                     575                  2.9949976084119103E+000                  1.6243187052610658E-001                  6.2478406298078424E+000                 -1.9865238344781102E+000                  1.2391248656168624E+001                  6.9999999999744555E-001                  2.8000000000255459E-001                  1.9999999999999796E-002                  0.0000000000000000E+000                  3.6428455908735561E+008                  1.9839490586958207E+007                  3.3324906019855446E-009                  2.2356600235835683E-027                  0.0000000000000000E+000                  4.6369587241529047E+000                  1.2219628111130013E+010                  1.0123397434752091E-006                  1.6594334283822247E-018                 -2.9973368564185954E+000                  1.6439160462633744E+000                  1.8824766736232055E+000                  2.0329916714551959E+000 
                                     576                  2.9948257440532546E+000                  1.6132040878449608E-001                  6.2521597702889560E+000                 -1.9724966516381874E+000                  1.2409585393104249E+001                  6.9999999999742546E-001                  2.8000000000257458E-001                  2.0000000000000018E-002                  0.0000000000000000E+000                  3.6419864585270834E+008                  1.9938602996433582E+007                  3.7508328370977977E-009                  3.3370686799295487E-027                  0.0000000000000000E+000                  4.6336967295360747E+000                  1.2279018360059200E+010                  1.0098401746671205E-006                  1.8612135698477291E-018                 -2.9978736778377066E+000                  1.6471889151478922E+000                  1.8857495425077233E+000                  2.0362645403397139E+000 
                                     577                  2.9946481403975937E+000                  1.6019972881641745E-001                  6.2564901786320650E+000                 -1.9584653484353811E+000                  1.2427937846184310E+001                  6.9999999999740325E-001                  2.8000000000259700E-001                  1.9999999999999796E-002                  0.0000000000000000E+000                  3.6411576928446692E+008                  2.0038459423446443E+007                  4.2213822902400997E-009                  4.9797220082199700E-027                  0.0000000000000000E+000                  4.6302996976289075E+000                  1.2338531243798473E+010                  1.0075329417056952E-006                  2.3333914817665068E-018                 -2.9983703727586231E+000                  1.6504764794822979E+000                  1.8890371068421292E+000                  2.0395521046741196E+000 
                                     578                  2.9944646110441302E+000                  1.5906972490299917E-001                  6.2608315873578899E+000                 -1.9444292888151729E+000                  1.2446306367299327E+001                  6.9999999999737805E-001                  2.8000000000262221E-001                  1.9999999999999796E-002                  0.0000000000000000E+000                  3.6403587820298731E+008                  2.0139059330573104E+007                  4.7505906902902132E-009                  7.4287212422189561E-027                  0.0000000000000000E+000                  4.6268323025593654E+000                  1.2398151815726835E+010                  1.0054049118255851E-006                  2.9405212233708803E-018                 -2.9988294986958373E+000                  1.6537786903456508E+000                  1.8923393177054819E+000                  2.0428543155374723E+000 
                                     579                  2.9942749637997852E+000                  1.5793029128800185E-001                  6.2651837990496810E+000                 -1.9303879154630248E+000                  1.2464691303224814E+001                  6.9999999999734963E-001                  2.8000000000265057E-001                  1.9999999999999796E-002                  0.0000000000000000E+000                  3.6395893468629229E+008                  2.0240403841378916E+007                  5.3457027827538756E-009                  1.1078554737238612E-026                  0.0000000000000000E+000                  4.6233590487335450E+000                  1.2457866494684658E+010                  1.0034310907138007E-006                  3.4796274953937018E-018                 -2.9992562233721642E+000                  1.6570955263084606E+000                  1.8956561536682917E+000                  2.0461711515002823E+000 
                                     580                  2.9940790005116722E+000                  1.5678132199722611E-001                  6.2695466829771567E+000                 -1.9163407463505091E+000                  1.2483092995780247E+001                  6.9999999999731777E-001                  2.8000000000268244E-001                  1.9999999999999796E-002                  0.0000000000000000E+000                  3.6388489758048451E+008                  2.0342495879478935E+007                  6.0148541142000775E-009                  1.6516033640348634E-026                  0.0000000000000000E+000                  4.6199412657243828E+000                  1.2517663538962387E+010                  1.0015876912688646E-006                  3.9169569694492385E-018                 -2.9996555106205656E+000                  1.6604270044681511E+000                  1.8989876318279821E+000                  2.0495026296599725E+000 
                                     581                  2.9938765168950443E+000                  1.5562271065654099E-001                  6.2739201704930707E+000                 -1.9022873693221671E+000                  1.2501511782020996E+001                  6.9999999999728169E-001                  2.8000000000271841E-001                  1.9999999999999907E-002                  0.0000000000000000E+000                  3.6381374261933130E+008                  2.0445339826387368E+007                  6.7671808820331359E-009                  2.4613750146259624E-026                  0.0000000000000000E+000                  4.6166373861876790E+000                  1.2577532962335186E+010                  9.9985256144297951E-007                  4.3202273842519424E-018                 -3.0000320182362858E+000                  1.6637731776249445E+000                  1.9023338049847756E+000                  2.0528488028167660E+000 
                                     582                  2.9936673023568559E+000                  1.5445435031542662E-001                  6.2783042507829174E+000                 -1.8882274373336572E+000                  1.2519947994453391E+001                  6.9999999999724138E-001                  2.8000000000275882E-001                  1.9999999999999796E-002                  0.0000000000000000E+000                  3.6374546473955721E+008                  2.0548941411406558E+007                  7.6129434695937525E-009                  3.6668829253356907E-026                  0.0000000000000000E+000                  4.6135032200215660E+000                  1.2637466428653875E+010                  9.9820499020513987E-007                  4.6559781668593669E-018                 -3.0003901316743695E+000                  1.6671341287576187E+000                  1.9056947561174498E+000                  2.0562097539494402E+000 
                                     583                  2.9934511398147619E+000                  1.5327613327416720E-001                  6.2826989669665148E+000                 -1.8741606640912547E+000                  1.2538401961292701E+001                  6.9999999999719598E-001                  2.8000000000280423E-001                  1.9999999999999796E-002                  0.0000000000000000E+000                  3.6368007399369758E+008                  2.0653307685505386E+007                  8.5636654045821031E-009                  5.4608880429634203E-026                  0.0000000000000000E+000                  4.6105922271037896E+000                  1.2697457158897169E+010                  9.9662558251095459E-007                  4.9577635130763402E-018                 -3.0007339845303318E+000                  1.6705099690051599E+000                  1.9090705963649910E+000                  2.0595855941969816E+000 
                                     584                  2.9932278055110362E+000                  1.5208795091172081E-001                  6.2871044125484250E+000                 -1.8600868201460787E+000                  1.2556874006777553E+001                  6.9999999999714491E-001                  2.8000000000285530E-001                  1.9999999999999796E-002                  0.0000000000000000E+000                  3.6361755842168468E+008                  2.0758447405924659E+007                  9.6322897041993755E-009                  8.1297642890207761E-026                  0.0000000000000000E+000                  4.6079557885711679E+000                  1.2757499848716309E+010                  9.9509623823856039E-007                  5.5289360594999717E-018                 -3.0010674577604011E+000                  1.6739008408316829E+000                  1.9124614681915140E+000                  2.0629764660235046E+000 
                                     585                  2.9929970688212384E+000                  1.5088969351331605E-001                  6.2915207282111814E+000                 -1.8460057291587915E+000                  1.2575364451539714E+001                  6.9999999999708762E-001                  2.8000000000291264E-001                  1.9999999999999796E-002                  0.0000000000000000E+000                  3.6355789991393542E+008                  2.0864370824920811E+007                  1.0833354834108438E-008                  1.2098851991308816E-025                  0.0000000000000000E+000                  4.6056434798702881E+000                  1.2817590593538820E+010                  9.9360009283864311E-007                  6.4709982117021044E-018                 -3.0013941882942401E+000                  1.6773069193247476E+000                  1.9158675466845787E+000                  2.0663825445165691E+000 
                                     586                  2.9927586920574050E+000                  1.4968125009718483E-001                  6.2959480989472496E+000                 -1.8319172643574955E+000                  1.2593873613031937E+001                  6.9999999999702300E-001                  2.8000000000297720E-001                  1.9999999999999796E-002                  0.0000000000000000E+000                  3.6350110215772456E+008                  2.0971089290849350E+007                  1.2183192799291296E-008                  1.7999749016451340E-025                  0.0000000000000000E+000                  4.6037033462806898E+000                  1.2877726817678501E+010                  9.9212128637742044E-007                  7.5143110467757733E-018                 -3.0017176161484014E+000                  1.6807284052392695E+000                  1.9192890325991006E+000                  2.0698040304310910E+000 
                                     587                  2.9925124302654580E+000                  1.4846250823954860E-001                  6.3003867515352709E+000                 -1.8178213453047247E+000                  1.2612401806091675E+001                  6.9999999999695051E-001                  2.8000000000304959E-001                  1.9999999999999907E-002                  0.0000000000000000E+000                  3.6344718935560018E+008                  2.1078615212510798E+007                  1.3700152219825498E-008                  2.6770144541586592E-025                  0.0000000000000000E+000                  4.6021821632066606E+000                  1.2937907210611879E+010                  9.9064477129027711E-007                  8.4901738611031959E-018                 -3.0020410241827711E+000                  1.6841655199593493E+000                  1.9227261473191803E+000                  2.0732411451511710E+000 
                                     588                  2.9922580310144733E+000                  1.4723335388679173E-001                  6.3048369366759580E+000                 -1.8037179182780370E+000                  1.2630949343720809E+001                  6.9999999999686890E-001                  2.8000000000313141E-001                  1.9999999999999685E-002                  0.0000000000000000E+000                  3.6339616609002715E+008                  2.1186962047905777E+007                  1.5404845633766540E-008                  3.9801880108721551E-025                  0.0000000000000000E+000                  4.6010920451881958E+000                  1.2998131424845587E+010                  9.8916197339165491E-007                  9.4660153150829747E-018                 -3.0023662938421904E+000                  1.6876185046624366E+000                  1.9261791320222676E+000                  2.0766941298542583E+000 
                                     589                  2.9919952341768865E+000                  1.4599367119993845E-001                  6.3092988630451527E+000                 -1.7896068863644792E+000                  1.2649516537845365E+001                  6.9999999999677720E-001                  2.8000000000322295E-001                  1.9999999999999796E-002                  0.0000000000000000E+000                  3.6334793308198637E+008                  2.1296143480570532E+007                  1.7320411983785435E-008                  5.9160268453171941E-025                  0.0000000000000000E+000                  4.6003411339623499E+000                  1.3058398767981987E+010                  9.8768849724362677E-007                  1.0576725721614476E-017                 -3.0026900020276694E+000                  1.6910876115678057E+000                  1.9296482389276370E+000                  2.0801632367596277E+000 
                                     590                  2.9917237717056411E+000                  1.4474334261044283E-001                  6.3137726401823882E+000                 -1.7754880497054408E+000                  1.2668103699889860E+001                  6.9999999999667417E-001                  2.8000000000332598E-001                  1.9999999999999796E-002                  0.0000000000000000E+000                  3.6330236895706987E+008                  2.1406170933555253E+007                  1.9472803866007595E-008                  8.7908722178737643E-025                  0.0000000000000000E+000                  4.5998204090802712E+000                  1.3118706260200119E+010                  9.8626101950325206E-007                  1.1923565797438831E-017                 -3.0030040656896291E+000                  1.6945730701861941E+000                  1.9331336975460252E+000                  2.0836486953780158E+000 
                                     591                  2.9914433674059135E+000                  1.4348224905775456E-001                  6.3182582745525373E+000                 -1.7613611010041590E+000                  1.2686711141266610E+001                  6.9999999999655838E-001                  2.8000000000344177E-001                  1.9999999999999796E-002                  0.0000000000000000E+000                  3.6325935058570784E+008                  2.1517053173685886E+007                  2.1891116785769461E-008                  1.3058916505671604E-024                  0.0000000000000000E+000                  4.5994238427146108E+000                  1.3179047638090942E+010                  9.8491789849298716E-007                  1.3473247097056690E-017                 -3.0032999851154272E+000                  1.6980750581382329E+000                  1.9366356854980642E+000                  2.0871506833300546E+000 
                                     592                  2.9911537367003671E+000                  1.4221027025254643E-001                  6.3227556753663503E+000                 -1.7472256310806606E+000                  1.2705339173815377E+001                  6.9999999999642837E-001                  2.8000000000357195E-001                  1.9999999999999685E-002                  0.0000000000000000E+000                  3.6321874359391421E+008                  2.1628796483362768E+007                  2.4607957564688756E-008                  1.9393243676771899E-024                  0.0000000000000000E+000                  4.5990479698565485E+000                  1.3239413327667597E+010                  9.8369563040175030E-007                  1.5124892270609458E-017                 -3.0035696288763014E+000                  1.7015936998621790E+000                  1.9401543272220099E+000                  2.0906693250540003E+000 
                                     593                  2.9908545863875688E+000                  1.4092728493651052E-001                  6.3272646599443352E+000                 -1.7330811327301712E+000                  1.2723988110333700E+001                  6.9999999999628204E-001                  2.8000000000371811E-001                  1.9999999999999796E-002                  0.0000000000000000E+000                  3.6318029411321199E+008                  2.1741405883599095E+007                  2.7659853678877449E-008                  2.8790794049393417E-024                  0.0000000000000000E+000                  4.5985915425387702E+000                  1.3299790546452192E+010                  9.8262928983702120E-007                  1.6878657795263430E-017                 -3.0038051473624496E+000                  1.7051290815130051E+000                  1.9436897088728362E+000                  2.0942047067048266E+000 
                                     594                  2.9905456143888847E+000                  1.3963317112467843E-001                  6.3317849587397665E+000                 -1.7189270056812018E+000                  1.2742658265375162E+001                  6.9999999999611773E-001                  2.8000000000388253E-001                  1.9999999999999796E-002                  0.0000000000000000E+000                  3.6314365697291750E+008                  2.1854884976701580E+007                  3.1087707569583377E-008                  4.2727319344008325E-024                  0.0000000000000000E+000                  4.5979552402870931E+000                  1.3360163406000940E+010                  9.8175287962617009E-007                  1.8903151115293575E-017                 -3.0039989081029144E+000                  1.7086812625573962E+000                  1.9472418899172272E+000                  2.0977568877492176E+000 
                                     595                  2.9902265094810576E+000                  1.3832780631882693E-001                  6.3363162199888174E+000                 -1.7047625617946427E+000                  1.2761349955944359E+001                  6.9999999999593299E-001                  2.8000000000406716E-001                  1.9999999999999796E-002                  0.0000000000000000E+000                  3.6310848202466470E+008                  2.1969235133886140E+007                  3.4937300400128365E-008                  6.3385920015699831E-024                  0.0000000000000000E+000                  4.5970414446884140E+000                  1.3420513042454674E+010                  9.8109921646241660E-007                  2.1401266788113316E-017                 -3.0041435355641997E+000                  1.7122502667906812E+000                  1.9508108941505125E+000                  2.1013258919825031E+000 
                                     596                  2.9898969510275584E+000                  1.3701106774809027E-001                  6.3408580139883952E+000                 -1.6905870292204821E+000                  1.2780063501816052E+001                  6.9999999999572571E-001                  2.8000000000427455E-001                  1.9999999999999796E-002                  0.0000000000000000E+000                  3.6307442072286385E+008                  2.2084455495239969E+007                  3.9259850176597245E-008                  9.3993759396319751E-024                  0.0000000000000000E+000                  4.5957540887566894E+000                  1.3480817732388220E+010                  9.8069983336109133E-007                  2.4172246945121216E-017                 -3.0042319492472842E+000                  1.7158360749022235E+000                  1.9543967022620545E+000                  2.1049117000940449E+000 
                                     597                  2.9895566087051373E+000                  1.3568283262297176E-001                  6.3454098371129080E+000                 -1.6763995554137698E+000                  1.2798799225667434E+001                  6.9999999999549267E-001                  2.8000000000450748E-001                  1.9999999999999796E-002                  0.0000000000000000E+000                  3.6304112876980144E+008                  2.2200542848085333E+007                  4.4112629589973870E-008                  1.3931760677710724E-023                  0.0000000000000000E+000                  4.5939985791163931E+000                  1.3541052972125904E+010                  9.8058502932880928E-007                  2.6946410224453926E-017                 -3.0042573707241567E+000                  1.7194386242012207E+000                  1.9579992515610520E+000                  2.1085142493930427E+000 
                                     598                  2.9892051422239700E+000                  1.3434297839923665E-001                  6.3499711156434229E+000                 -1.6621992097938501E+000                  1.2817557453085609E+001                  6.9999999999523133E-001                  2.8000000000476893E-001                  1.9999999999999796E-002                  0.0000000000000000E+000                  3.6300824538985497E+008                  2.2317491724602628E+007                  4.9559649306404169E-008                  2.0639225280377305E-023                  0.0000000000000000E+000                  4.5916817830315324E+000                  1.3601191533709711E+010                  9.8078393137723697E-007                  3.0094621552853642E-017                 -3.0042133290042670E+000                  1.7230578092609852E+000                  1.9616184366208163E+000                  2.1121334344528067E+000 
                                     599                  2.9888422010412143E+000                  1.3299138305236069E-001                  6.3545412079411188E+000                 -1.6479849881217505E+000                  1.2836338512563220E+001                  6.9999999999493767E-001                  2.8000000000506253E-001                  1.9999999999999796E-002                  0.0000000000000000E+000                  3.6297537162601042E+008                  2.2435294963101916E+007                  5.5672411139397773E-008                  3.0558981104537773E-023                  0.0000000000000000E+000                  4.5887088531044897E+000                  1.3661203544032717E+010                  9.8132521905693854E-007                  3.4023867820077541E-017                 -3.0040935200434213E+000                  1.7266934891330494E+000                  1.9652541164928805E+000                  2.1157691143248711E+000 
                                     600                  2.9884674240637934E+000                  1.3162792534206802E-001                  6.3591194002667173E+000                 -1.6337558083891890E+000                  1.2855142735605737E+001                  6.9999999999460816E-001                  2.8000000000539210E-001                  1.9999999999999796E-002                  0.0000000000000000E+000                  3.6294207253655791E+008                  2.2553943566944353E+007                  6.2530732441048203E-008                  4.5218701904718819E-023                  0.0000000000000000E+000                  4.5849734292289606E+000                  1.3721056462554810E+010                  9.8223955094651019E-007                  3.8534066679220373E-017                 -3.0038912912557412E+000                  1.7303454922410348E+000                  1.9689061196008659E+000                  2.1194211174328568E+000 
                                     601                  2.9880804393388258E+000                  1.3025248509024231E-001                  6.3637049026136667E+000                 -1.6195105062719444E+000                  1.2873970456753288E+001                  6.9999999999423823E-001                  2.8000000000576197E-001                  1.9999999999999796E-002                  0.0000000000000000E+000                  3.6290791540654713E+008                  2.2673426048448291E+007                  7.0223650329606296E-008                  6.6865880895325462E-023                  0.0000000000000000E+000                  4.5803676698544615E+000                  1.3780714921295725E+010                  9.8355949273562695E-007                  4.3356288277573939E-017                 -3.0035996828518008E+000                  1.7340136094121721E+000                  1.9725742367720032E+000                  2.1230892346039938E+000 
                                     602                  2.9876808637396515E+000                  1.2886494350529576E-001                  6.3682968513140041E+000                 -1.6052478367731167E+000                  1.2892822013353292E+001                  6.9999999999382334E-001                  2.8000000000617681E-001                  1.9999999999999796E-002                  0.0000000000000000E+000                  3.6287267384733748E+008                  2.2793725782465454E+007                  7.8850419696824696E-008                  9.8802929093104232E-023                  0.0000000000000000E+000                  4.5747859139696843E+000                  1.3840140651445866E+010                  9.8531646055487255E-007                  4.8626990190205624E-017                 -3.0032121309443034E+000                  1.7376975633685063E+000                  1.9762581907283374E+000                  2.1267731885603278E+000 
                                     603                  2.9872683026461542E+000                  1.2746518352895686E-001                  6.3728943134204181E+000                 -1.5909664798029439E+000                  1.2911697745144689E+001                  6.9999999999335805E-001                  2.8000000000664221E-001                  1.9999999999999796E-002                  0.0000000000000000E+000                  3.6283616621696794E+008                  2.2914823045990381E+007                  8.8521609920261964E-008                  1.4587589331911933E-022                  0.0000000000000000E+000                  4.5681250020614081E+000                  1.3899292567379683E+010                  9.8753994139896481E-007                  5.4585508876938934E-017                 -3.0027226650768895E+000                  1.7413970037720063E+000                  1.9799576311318374E+000                  2.1304726289638278E+000 
                                     604                  2.9868423496191623E+000                  1.2605309019168112E-001                  6.3774962911491127E+000                 -1.5766650460416851E+000                  1.2930597993671405E+001                  6.9999999999283602E-001                  2.8000000000716407E-001                  1.9999999999999907E-002                  0.0000000000000000E+000                  3.6279814447048026E+008                  2.3036696515025396E+007                  9.9360307318495280E-008                  2.1518586786809122E-022                  0.0000000000000000E+000                  4.5602846534561925E+000                  1.3958126918338877E+010                  9.9025815682935760E-007                  6.1201425306277049E-017                 -3.0021257857966539E+000                  1.7451115423957311E+000                  1.9836721697555624E+000                  2.1341871675875530E+000 
                                     605                  2.9864025860692522E+000                  1.2462855097583676E-001                  6.3821017264141782E+000                 -1.5623420825357430E+000                  1.2949523101527488E+001                  6.9999999999225127E-001                  2.8000000000774894E-001                  1.9999999999999796E-002                  0.0000000000000000E+000                  3.6275830288923335E+008                  2.3159323272321880E+007                  1.1150343208971001E-007                  3.1712250439987048E-022                  0.0000000000000000E+000                  4.5511678977170131E+000                  1.4016597442228559E+010                  9.9349830136211651E-007                  6.8443748932453296E-017                 -3.0014164355451705E+000                  1.7488407682318821E+000                  1.9874013955917134E+000                  2.1379163934237040E+000 
                                     606                  2.9859485809204100E+000                  1.2319145618793874E-001                  6.3867095055025684E+000                 -1.5479960790660723E+000                  1.2968473411545686E+001                  6.9999999999159568E-001                  2.8000000000840441E-001                  1.9999999999999907E-002                  0.0000000000000000E+000                  3.6271646043984449E+008                  2.3282676780324303E+007                  1.2510317874773516E-007                  4.6686228991775326E-022                  0.0000000000000000E+000                  4.5406815438947037E+000                  1.4074655530983040E+010                  9.9728606212604169E-007                  7.6587290270025545E-017                 -3.0005901252658029E+000                  1.7525842292317628E+000                  1.9911448565915939E+000                  2.1416598544235845E+000 
                                     607                  2.9854798902635555E+000                  1.2174169932046848E-001                  6.3913184639288287E+000                 -1.5336254738089636E+000                  1.2987449266029074E+001                  6.9999999999086193E-001                  2.8000000000913844E-001                  1.9999999999999574E-002                  0.0000000000000000E+000                  3.6267259775383061E+008                  2.3406726442672800E+007                  1.4032859025068523E-007                  6.8653577497877776E-022                  0.0000000000000000E+000                  4.5287366902318773E+000                  1.4132250403700684E+010                  1.0016450376899764E-006                  8.5909150202898888E-017                 -2.9996430780989258E+000                  1.7563414099489754E+000                  1.9949020373088064E+000                  2.1454170351407971E+000 
                                     608                  2.9849960569999046E+000                  1.2027917740610798E-001                  6.3959273914608508E+000                 -1.5192286585822754E+000                  1.3006451005938143E+001                  6.9999999999003959E-001                  2.8000000000996061E-001                  1.9999999999999796E-002                  0.0000000000000000E+000                  3.6262666890113133E+008                  2.3531439870388627E+007                  1.5736727634937828E-007                  1.0083551331885399E-021                  0.0000000000000000E+000                  4.5152492630366092E+000                  1.4189329268458073E+010                  1.0065970237380117E-006                  9.6416205918194320E-017                 -2.9985721790199409E+000                  1.7601117494689564E+000                  1.9986723768287875E+000                  2.1491873746607779E+000 
                                     609                  2.9844966104777737E+000                  1.1880379137691822E-001                  6.4005350373205427E+000                 -1.5048039852580286E+000                  1.3025478969951061E+001                  6.9999999998911944E-001                  2.8000000001088077E-001                  1.9999999999999796E-002                  0.0000000000000000E+000                  3.6257858650399750E+008                  2.3656783182694953E+007                  1.7642728686865923E-007                  1.4791166170713077E-021                  0.0000000000000000E+000                  4.5001406133463870E+000                  1.4245837500598677E+010                  1.0121624408068842E-006                  1.0808144808835000E-016                 -2.9973748912358831E+000                  1.7638946662571342E+000                  2.0024552936169648E+000                  2.1529702914489555E+000 
                                     610                  2.9839810661235049E+000                  1.1731544642547646E-001                  6.4051401371948877E+000                 -1.4903497959781109E+000                  1.3044533493377102E+001                  6.9999999998808993E-001                  2.8000000001191028E-001                  1.9999999999999796E-002                  0.0000000000000000E+000                  3.6252824003924078E+008                  2.3782721711515285E+007                  1.9773921599750322E-007                  2.1666693137028177E-021                  0.0000000000000000E+000                  4.4833818872379885E+000                  1.4301719235301304E+010                  1.0183523666821847E-006                  1.2118517752372909E-016                 -2.9960509614775184E+000                  1.7676895675711164E+000                  2.0062501949309475E+000                  2.1567651927629381E+000 
                                     611                  2.9834489250678455E+000                  1.1581405228746393E-001                  6.4097415004939045E+000                 -1.4758645170446443E+000                  1.3063614906865576E+001                  6.9999999998693840E-001                  2.8000000001306175E-001                  1.9999999999999796E-002                  0.0000000000000000E+000                  3.6247556523584199E+008                  2.3909222052220076E+007                  2.2155872986601644E-007                  3.1692012580976822E-021                  0.0000000000000000E+000                  4.4650718100797375E+000                  1.4356919412568693E+010                  1.0251462060793404E-006                  1.3597719113948187E-016                 -2.9946070956137052E+000                  1.7714958744421716E+000                  2.0100565018020027E+000                  2.1605714996339933E+000 
                                     612                  2.9828996737718807E+000                  1.1429952322653282E-001                  6.4143380808462753E+000                 -1.4613467317054207E+000                  1.3082723535107126E+001                  6.9999999998565121E-001                  2.8000000001434899E-001                  1.9999999999999796E-002                  0.0000000000000000E+000                  3.6242054504581547E+008                  2.4036253939120159E+007                  2.4816942614521735E-007                  4.6285472442173104E-021                  0.0000000000000000E+000                  4.4453275590810355E+000                  1.4411386552163837E+010                  1.0324972976039268E-006                  1.5240152382105343E-016                 -2.9930555381831114E+000                  1.7753130569573756E+000                  2.0138736843172067E+000                  2.1643886821491973E+000 
                                     613                  2.9823327836421432E+000                  1.1277177774499759E-001                  6.4189289771712046E+000                 -1.4467951819093758E+000                  1.3101859695759275E+001                  6.9999999998421258E-001                  2.8000000001578762E-001                  1.9999999999999796E-002                  0.0000000000000000E+000                  3.6236320086212522E+008                  2.4163790419834197E+007                  2.7788584701039604E-007                  6.7492110423704070E-021                  0.0000000000000000E+000                  4.4242616716093268E+000                  1.4465074041356106E+010                  1.0403580755675948E-006                  1.7050513971653476E-016                 -2.9914085786785427E+000                  1.7791406520045887E+000                  2.0177012793644198E+000                  2.1682162771964104E+000 
                                     614                  2.9817477106345884E+000                  1.1123073825739190E-001                  6.4235134229260131E+000                 -1.4322087582633332E+000                  1.3121023698501702E+001                  6.9999999998260554E-001                  2.8000000001739467E-001                  1.9999999999999796E-002                  0.0000000000000000E+000                  3.6230357544846559E+008                  2.4291807893145170E+007                  3.1105677741478774E-007                  9.8255089757284822E-021                  0.0000000000000000E+000                  4.4019819156245701E+000                  1.4517940067058840E+010                  1.0486844451008054E-006                  1.9044010895885903E-016                 -2.9896775868698549E+000                  1.7829782637880582E+000                  2.0215388911478893E+000                  2.1720538889798799E+000 
                                     615                  2.9811438948522184E+000                  1.0967633078167741E-001                  6.4280907757257610E+000                 -1.4175864918372560E+000                  1.3140215844122508E+001                  6.9999999998081108E-001                  2.8000000001918912E-001                  1.9999999999999796E-002                  0.0000000000000000E+000                  3.6224164159298354E+008                  2.4420287291039173E+007                  3.4806888956066827E-007                  1.4280234429879940E-020                  0.0000000000000000E+000                  4.3785912133052829E+000                  1.4569947377598566E+010                  1.0574359552101403E-006                  2.1510921302319664E-016                 -2.9878729633434178E+000                  1.7868255730919416E+000                  2.0253862004517726E+000                  2.1759011982837633E+000 
                                     616                  2.9805207601370718E+000                  1.0810848464414262E-001                  6.4326605073889391E+000                 -1.4029275437903859E+000                  1.3159436423581939E+001                  6.9999999997880835E-001                  2.8000000002119196E-001                  1.9999999999999685E-002                  0.0000000000000000E+000                  3.6217736573647606E+008                  2.4549212935065169E+007                  3.8935077253181379E-007                  2.0719636622797467E-020                  0.0000000000000000E+000                  4.3541876404790916E+000                  1.4621063029145170E+010                  1.0665757308638348E-006                  2.4726277786427579E-016                 -2.9860041512940518E+000                  1.7906823362306494E+000                  2.0292429635904803E+000                  2.1797579614224714E+000 
                                     617                  2.9798777136599135E+000                  1.0652713221455966E-001                  6.4360686576290407E+000                 -1.3918869083317680E+000                  1.3173878039367162E+001                  6.9999999997687978E-001                  2.8000000002312048E-001                  1.9999999999999796E-002                  0.0000000000000000E+000                  3.6212398662702763E+008                  2.4645793434798725E+007                  4.2331935891620484E-007                  2.7334421508026426E-020                  0.0000000000000000E+000                  4.3358176272543476E+000                  1.4670601055859144E+010                  1.0759278291435729E-006                  2.7430462107454698E-016                 -2.9841084296024261E+000                  1.7945491730437173E+000                  2.0331098004035484E+000                  2.1836247982355390E+000 
                                     618                  2.9795459295859703E+000                  1.0572512578678438E-001                  6.4383472996568143E+000                 -1.3845292395282685E+000                  1.3183509813024965E+001                  6.9999999997567985E-001                  2.8000000002432041E-001                  1.9999999999999796E-002                  0.0000000000000000E+000                  3.6209008488287497E+008                  2.4710574239511393E+007                  4.4760190059084801E-007                  3.2883090233533401E-020                  0.0000000000000000E+000                  4.3229451378530293E+000                  1.4695205223636307E+010                  1.0807631568285357E-006                  2.8237565229018110E-016                 -2.9831347344073320E+000                  1.7965011954586907E+000                  2.0350618228185215E+000                  2.1855768206505122E+000 
                                     619                  2.9792141455120267E+000                  1.0493223652479339E-001                  6.4417759675827337E+000                 -1.3734971760513812E+000                  1.3197964133458692E+001                  6.9999999997408047E-001                  2.8000000002591968E-001                  1.9999999999999796E-002                  0.0000000000000000E+000                  3.6204196835642087E+008                  2.4808365230695851E+007                  4.8667838571806538E-007                  4.3396975444525158E-020                  0.0000000000000000E+000                  4.3026951172231920E+000                  1.4719849873151459E+010                  1.0857458352233238E-006                  2.9089082954764095E-016                 -2.9821359139292158E+000                  1.7984243462119076E+000                  2.0369849735717387E+000                  2.1874999714037293E+000 
                                     620                  2.9785294282864720E+000                  1.0332367872760881E-001                  6.4463206345372903E+000                 -1.3587242864677014E+000                  1.3217271635638635E+001                  6.9999999997130102E-001                  2.8000000002869907E-001                  1.9999999999999907E-002                  0.0000000000000000E+000                  3.6197079427536362E+008                  2.4938558856769707E+007                  5.4383003880660544E-007                  6.2642202972261273E-020                  0.0000000000000000E+000                  4.2757950423938249E+000                  1.4768806662754803E+010                  1.0960109578817516E-006                  3.2316595599212780E-016                 -2.9800925518839505E+000                  1.8023078788116422E+000                  2.0408685061714733E+000                  2.1913835040034639E+000 
                                     621                  2.9778229166514749E+000                  1.0170142784132608E-001                  6.4508565304667558E+000                 -1.3439124854016489E+000                  1.3236608617883761E+001                  6.9999999996820339E-001                  2.8000000003179687E-001                  1.9999999999999796E-002                  0.0000000000000000E+000                  3.6189727224483573E+008                  2.5069162309782021E+007                  6.0748137692431623E-007                  9.0266242448685232E-020                  0.0000000000000000E+000                  4.2482272102625744E+000                  1.4816101511432480E+010                  1.1063928119733692E-006                  3.7236757304658695E-016                 -2.9780453272096956E+000                  1.8062010215538034E+000                  2.0447616489136342E+000                  2.1952766467456248E+000 
                                     622                  2.9770939469188438E+000                  1.0006542619148527E-001                  6.4553835462695526E+000                 -1.3290614368078510E+000                  1.3255975307876930E+001                  6.9999999996475182E-001                  2.8000000003524833E-001                  1.9999999999999796E-002                  0.0000000000000000E+000                  3.6182136525316620E+008                  2.5200172428612206E+007                  6.7834730622301912E-007                  1.2984826628206868E-019                  0.0000000000000000E+000                  4.2200277747461534E+000                  1.4862394971801453E+010                  1.1170292899176246E-006                  4.2301314184813699E-016                 -2.9759677194928553E+000                  1.8101031576897313E+000                  2.0486637850495621E+000                  2.1991787828815528E+000 
                                     623                  2.9763418366084919E+000                  9.8415618173767080E-002                  6.4587591294127575E+000                 -1.3178741346689622E+000                  1.3270528555230506E+001                  6.9999999996155060E-001                  2.8000000003844955E-001                  1.9999999999999796E-002                  0.0000000000000000E+000                  3.6175919507229728E+008                  2.5298289139388166E+007                  7.3657355299303787E-007                  1.7020449335596367E-019                  0.0000000000000000E+000                  4.1989720497587699E+000                  1.4907002556963741E+010                  1.1277916964924238E-006                  4.5282018758792347E-016                 -2.9738855536416975E+000                  1.8140150848111840E+000                  2.0525757121710151E+000                  2.2030907100030057E+000 
                                     624                  2.9759538603131652E+000                  9.7579050523328326E-002                  6.4610157216979500E+000                 -1.3104188002013597E+000                  1.3280234296232729E+001                  6.9999999995974915E-001                  2.8000000004025111E-001                  1.9999999999999796E-002                  0.0000000000000000E+000                  3.6171941928942174E+008                  2.5364090266934969E+007                  7.7814853765807155E-007                  2.0387467905794786E-019                  0.0000000000000000E+000                  4.1843509872887443E+000                  1.4929088213194595E+010                  1.1333209466770828E-006                  4.5985848549371325E-016                 -2.9728235421412870E+000                  1.8159896629114660E+000                  2.0545502902712971E+000                  2.2050652881032877E+000 
                                     625                  2.9755658840178381E+000                  9.6751982558828095E-002                  6.4644107934474837E+000                 -1.2992404963905437E+000                  1.3294798782987455E+001                  6.9999999995717288E-001                  2.8000000004282721E-001                  1.9999999999999907E-002                  0.0000000000000000E+000                  3.6166240685240591E+008                  2.5463407000381492E+007                  8.4497374156147410E-007                  2.6731954663359116E-019                  0.0000000000000000E+000                  4.1614971758894139E+000                  1.4951247750821930E+010                  1.1389878434421996E-006                  4.9532183595233911E-016                 -2.9717404555873794E+000                  1.8179352110734726E+000                  2.0564958384333036E+000                  2.2070108362652943E+000 
                                     626                  2.9747653677932937E+000                  9.5074403589049172E-002                  6.4689100749817046E+000                 -1.2842694005058564E+000                  1.3314255795479660E+001                  6.9999999995186302E-001                  2.8000000004813719E-001                  1.9999999999999796E-002                  0.0000000000000000E+000                  3.6157901859362733E+008                  2.5595604486080233E+007                  9.4256626514727955E-007                  3.8255652877914867E-019                  0.0000000000000000E+000                  4.1310666212941873E+000                  1.4995130371982620E+010                  1.1506689931039957E-006                  5.7585170743655001E-016                 -2.9695247948067243E+000                  1.8218636332962603E+000                  2.0604242606560912E+000                  2.2109392584880823E+000 
                                     627                  2.9739395464945395E+000                  9.3382866785229168E-002                  6.4733995404907274E+000                 -1.2692573547155996E+000                  1.3333743266646145E+001                  6.9999999994656281E-001                  2.8000000005343734E-001                  1.9999999999999796E-002                  0.0000000000000000E+000                  3.6149279020710057E+008                  2.5728182897934046E+007                  1.0510651616442820E-006                  5.4651838673117866E-019                  0.0000000000000000E+000                  4.0997870085146966E+000                  1.5037254276705244E+010                  1.1625551083211922E-006                  6.6127835405275078E-016                 -2.9672932255964057E+000                  1.8258015298590931E+000                  2.0643621572189241E+000                  2.2148771550509148E+000 
                                     628                  2.9730876581557730E+000                  9.1677328111721593E-002                  6.4778787948983849E+000                 -1.2542038122643708E+000                  1.3353261338832286E+001                  6.9999999994066786E-001                  2.8000000005933234E-001                  1.9999999999999796E-002                  0.0000000000000000E+000                  3.6140354588704443E+008                  2.5861131090301204E+007                  1.1716432792064995E-006                  7.7938399606590664E-019                  0.0000000000000000E+000                  4.0676158294241818E+000                  1.5078286309860291E+010                  1.1748284640292134E-006                  7.3798533809670665E-016                 -2.9650127699148179E+000                  1.8297481909433546E+000                  2.0683088183031857E+000                  2.2188238161351763E+000 
                                     629                  2.9722089198449955E+000                  8.9957747442911587E-002                  6.4812175517517234E+000                 -1.2428617853086625E+000                  1.3367929948298448E+001                  6.9999999993520023E-001                  2.8000000006479991E-001                  1.9999999999999796E-002                  0.0000000000000000E+000                  3.6133085953136814E+008                  2.5960663091948453E+007                  1.2705620104220975E-006                  1.0149826553998200E-018                  0.0000000000000000E+000                  4.0434229131528587E+000                  1.5117522845779942E+010                  1.1873671198719631E-006                  7.8508053623844322E-016                 -2.9627074907822419E+000                  1.8337042445061749E+000                  2.0722648718660057E+000                  2.2227798696979963E+000 
                                     630                  2.9717557235368948E+000                  8.9085988852789039E-002                  6.4834489874369430E+000                 -1.2353032939469757E+000                  1.3377711986312969E+001                  6.9999999993212936E-001                  2.8000000006787090E-001                  1.9999999999999796E-002                  0.0000000000000000E+000                  3.6128381002248728E+008                  2.6027397552388601E+007                  1.3411053574987523E-006                  1.2104580190736287E-018                  0.0000000000000000E+000                  4.0266388619725992E+000                  1.5136861685491838E+010                  1.1938456421034218E-006                  7.9583141204631781E-016                 -2.9615259107726235E+000                  1.8357007584719216E+000                  2.0742613858317527E+000                  2.2247763836637433E+000 
                                     631                  2.9713025272287954E+000                  8.8224125943131157E-002                  6.4868053247937238E+000                 -1.2239702651660078E+000                  1.3392389886234790E+001                  6.9999999992775308E-001                  2.8000000007224723E-001                  1.9999999999999685E-002                  0.0000000000000000E+000                  3.6121541357027370E+008                  2.6128097431312777E+007                  1.4543481263500777E-006                  1.5766610988381547E-018                  0.0000000000000000E+000                  4.0004406660442955E+000                  1.5156301939187590E+010                  1.2004904720764364E-006                  8.5564259145621935E-016                 -2.9603206412274869E+000                  1.8376680020695004E+000                  2.0762286294293317E+000                  2.2267436272613224E+000 
                                     632                  2.9703676541481348E+000                  8.6476357455984851E-002                  6.4912510444288145E+000                 -1.2087886229063680E+000                  1.3412000394443609E+001                  6.9999999991873907E-001                  2.8000000008126125E-001                  1.9999999999999685E-002                  0.0000000000000000E+000                  3.6111584268466425E+008                  2.6262070922241207E+007                  1.6194545441775127E-006                  2.2363659192427691E-018                  0.0000000000000000E+000                  3.9653969828786302E+000                  1.5194611810014761E+010                  1.2142401925882623E-006                  9.9409005417759391E-016                 -2.9578476978175186E+000                  1.8416394150144368E+000                  2.0802000423742677E+000                  2.2307150402062583E+000 
                                     633                  2.9694034521929042E+000                  8.4714454109367315E-002                  6.4956845088595632E+000                 -1.1935630314235841E+000                  1.3431641857993215E+001                  6.9999999990975414E-001                  2.8000000009024606E-001                  1.9999999999999796E-002                  0.0000000000000000E+000                  3.6101223840129888E+008                  2.6396355723583944E+007                  1.8026454025627073E-006                  3.1662534790959023E-018                  0.0000000000000000E+000                  3.9293467312658459E+000                  1.5231030552977703E+010                  1.2283120336338003E-006                  1.1410196877426996E-015                 -2.9553456466987313E+000                  1.8456194782434021E+000                  2.0841801056032332E+000                  2.2346951034352238E+000 
                                     634                  2.9684090502770406E+000                  8.2938395335517542E-002                  6.5001051142104416E+000                 -1.1782928441051270E+000                  1.3451314304466630E+001                  6.9999999989978123E-001                  2.8000000010021903E-001                  1.9999999999999796E-002                  0.0000000000000000E+000                  3.6090434342574579E+008                  2.6530933627134334E+007                  2.0058145798478423E-006                  4.4743984457823001E-018                  0.0000000000000000E+000                  3.8922740683534633E+000                  1.5266230629333149E+010                  1.2428903031303688E-006                  1.2726609762980358E-015                 -2.9527836001391434E+000                  1.8496073879662049E+000                  2.0881680153260360E+000                  2.2386830131580266E+000 
                                     635                  2.9673835542153566E+000                  8.1148166374277284E-002                  6.5033980283533195E+000                 -1.1667849217603026E+000                  1.3466100200756522E+001                  6.9999999989053419E-001                  2.8000000010946613E-001                  1.9999999999999685E-002                  0.0000000000000000E+000                  3.6081679397752589E+008                  2.6631622752152950E+007                  2.1721949871018958E-006                  5.7868929593109312E-018                  0.0000000000000000E+000                  3.8643540022318628E+000                  1.5299496535340954E+010                  1.2578363792779388E-006                  1.3647050920055577E-015                 -2.9501879243572464E+000                  1.8536036290534150E+000                  2.0921642564132461E+000                  2.2426792542452367E+000 
                                     636                  2.9668548002610984E+000                  8.0240829223598570E-002                  6.5055980154655089E+000                 -1.1591157344423166E+000                  1.3475959620247966E+001                  6.9999999988535022E-001                  2.8000000011464993E-001                  1.9999999999999796E-002                  0.0000000000000000E+000                  3.6075941802182573E+008                  2.6699109174310133E+007                  2.2906866473516757E-006                  6.8693539656197723E-018                  0.0000000000000000E+000                  3.8450890464123844E+000                  1.5315776595656927E+010                  1.2655588706692334E-006                  1.3910964016759487E-015                 -2.9488588238652209E+000                  1.8556198453361012E+000                  2.0941804726959323E+000                  2.2446954705279230E+000 
                                     637                  2.9663260463068406E+000                  7.9343801077785187E-002                  6.5077949041199030E+000                 -1.1514350527741559E+000                  1.3485827252522284E+001                  6.9999999987968364E-001                  2.8000000012031645E-001                  1.9999999999999907E-002                  0.0000000000000000E+000                  3.6070092386371094E+008                  2.6766672020600982E+007                  2.4154288729949515E-006                  8.1506077442526207E-018                  0.0000000000000000E+000                  3.8256029291533666E+000                  1.5331836674491869E+010                  1.2733645296538499E-006                  1.4401327193655053E-015                 -2.9475236259207724E+000                  1.8576068264670214E+000                  2.0961674538268524E+000                  2.2466824516588431E+000 
                                     638                  2.9657808156178742E+000                  7.8429331479049486E-002                  6.5111138386068728E+000                 -1.1398597895402396E+000                  1.3500706768719748E+001                  6.9999999987075356E-001                  2.8000000012924658E-001                  1.9999999999999796E-002                  0.0000000000000000E+000                  3.6061409243898070E+008                  2.6869072849203810E+007                  2.6163918236117057E-006                  1.0547596985662297E-017                  0.0000000000000000E+000                  3.7953244904879839E+000                  1.5348175715647953E+010                  1.2814820757890976E-006                  1.6109801558553540E-015                 -2.9461437319776085E+000                  1.8596259675099884E+000                  2.0981865948698193E+000                  2.2487015927018104E+000 
                                     639                  2.9646733945332699E+000                  7.6603609535727119E-002                  6.5154850628497050E+000                 -1.1244292665765254E+000                  1.3520487430891656E+001                  6.9999999985541983E-001                  2.8000000014458026E-001                  1.9999999999999907E-002                  0.0000000000000000E+000                  3.6048956305695313E+008                  2.7004537636346307E+007                  2.9073957038899488E-006                  1.4805062595216271E-017                  0.0000000000000000E+000                  3.7553413489914860E+000                  1.5379604377322306E+010                  1.2979109372961906E-006                  1.8841085600254558E-015                 -2.9433775539095310E+000                  1.8636388939320554E+000                  2.1021995212918863E+000                  2.2527145191238773E+000 
                                     640                  2.9635315587050983E+000                  7.4763713120823666E-002                  6.5198415057779462E+000                 -1.1089524274294056E+000                  1.3540298842702489E+001                  6.9999999983751648E-001                  2.8000000016248378E-001                  1.9999999999999796E-002                  0.0000000000000000E+000                  3.6035993543667769E+008                  2.7140231740208481E+007                  3.2295302236945465E-006                  2.0740706266637078E-017                  0.0000000000000000E+000                  3.7148366212786779E+000                  1.5409024476375357E+010                  1.3145693669092957E-006                  2.1198591373208992E-015                 -2.9406082460982890E+000                  1.8676593027987149E+000                  2.1062199301585460E+000                  2.2567349279905367E+000 
                                     641                  2.9623543049172207E+000                  7.2909652822245832E-002                  6.5241830829496799E+000                 -1.0934293345585280E+000                  1.3560140866980745E+001                  6.9999999981994432E-001                  2.8000000018005583E-001                  1.9999999999999796E-002                  0.0000000000000000E+000                  3.6022515286616719E+008                  2.7276150841662988E+007                  3.5859915501969234E-006                  2.8999926079308518E-017                  0.0000000000000000E+000                  3.6739326748871797E+000                  1.5437126085610500E+010                  1.3315760043777380E-006                  2.2728852494669957E-015                 -2.9378170198172504E+000                  1.8716866096960223E+000                  2.1102472370558534E+000                  2.2607622348878440E+000 
                                     642                  2.9611406046420861E+000                  7.1041443761941284E-002                  6.5285098158757426E+000                 -1.0778601928626486E+000                  1.3580013333657957E+001                  6.9999999980213623E-001                  2.8000000019786392E-001                  1.9999999999999796E-002                  0.0000000000000000E+000                  3.6008535673463821E+008                  2.7412291339767840E+007                  3.9802953621031107E-006                  4.0470331547103897E-017                  0.0000000000000000E+000                  3.6327425583548614E+000                  1.5463907754701496E+010                  1.3488937198333965E-006                  2.4888983427129768E-015                 -2.9350111336548590E+000                  1.8757207907899276E+000                  2.1142814181497589E+000                  2.2647964159817495E+000 
                                     643                  2.9598894036476269E+000                  6.9159105204035912E-002                  6.5328218204741377E+000                 -1.0622453391352122E+000                  1.3599916039302572E+001                  6.9999999977904126E-001                  2.8000000022095889E-001                  1.9999999999999796E-002                  0.0000000000000000E+000                  3.5994071098566270E+008                  2.7548652620198835E+007                  4.4163084327334268E-006                  5.6370542761751252E-017                  0.0000000000000000E+000                  3.5913705921036052E+000                  1.5489372570651648E+010                  1.3664883684022167E-006                  2.8314652727420015E-015                 -2.9321970303428619E+000                  1.8797618477305831E+000                  2.1183224750904142E+000                  2.2688374729224048E+000 
                                     644                  2.9585996216154768E+000                  6.7262660187896062E-002                  6.5371192966729419E+000                 -1.0465852320237141E+000                  1.3619848746786532E+001                  6.9999999975406046E-001                  2.8000000024593968E-001                  1.9999999999999796E-002                  0.0000000000000000E+000                  3.5979134326715738E+008                  2.7685237648746610E+007                  4.8982833349135437E-006                  7.8370853956668996E-017                  0.0000000000000000E+000                  3.5499129873174646E+000                  1.5513527782713015E+010                  1.3843290486046881E-006                  3.1314590511989206E-015                 -2.9293803339106783E+000                  1.8838098299884927E+000                  2.1223704573483237E+000                  2.2728854551803144E+000 
                                     645                  2.9572701517618776E+000                  6.5352135171396403E-002                  6.5403033516304161E+000                 -1.0348426691549184E+000                  1.3634755684212909E+001                  6.9999999973442961E-001                  2.8000000026557070E-001                  1.9999999999999685E-002                  0.0000000000000000E+000                  3.5967334653369325E+008                  2.7786872811957113E+007                  5.2898818213424757E-006                  1.0001142616219948E-016                  0.0000000000000000E+000                  3.5195028556601926E+000                  1.5535676947941427E+010                  1.4022579987416635E-006                  3.2841392059225053E-015                 -2.9265860370072492E+000                  1.8878655163572164E+000                  2.1264261437170475E+000                  2.2769411415490382E+000 
                                     646                  2.9565953548657582E+000                  6.4398894059525841E-002                  6.5435230351865439E+000                 -1.0230711022453511E+000                  1.3649728109958286E+001                  6.9999999971664140E-001                  2.8000000028335881E-001                  1.9999999999999796E-002                  0.0000000000000000E+000                  3.5955930919808733E+008                  2.7890039953043412E+007                  5.7155816149257735E-006                  1.2787521880540808E-016                  0.0000000000000000E+000                  3.4879061447353492E+000                  1.5546548459387146E+010                  1.4112899522411241E-006                  3.4301240788321240E-015                 -2.9251918752200203E+000                  1.8898802988619290E+000                  2.1284409262217596E+000                  2.2789559240537507E+000 
                                     647                  2.9552043660196472E+000                  6.2467341534640695E-002                  6.5477856028121515E+000                 -1.0073005999811457E+000                  1.3669734615458708E+001                  6.9999999968670534E-001                  2.8000000031329486E-001                  1.9999999999999796E-002                  0.0000000000000000E+000                  3.5939879859817994E+008                  2.8027213565718915E+007                  6.3337266024638062E-006                  1.7697878902502890E-016                  0.0000000000000000E+000                  3.4466075659471991E+000                  1.5568201422573788E+010                  1.4297663439295255E-006                  3.7862434476632204E-015                 -2.9223674651252711E+000                  1.8939455638270337E+000                  2.1325061911868648E+000                  2.2830211890188554E+000 
                                     648                  2.9537708074795113E+000                  6.0521786955336866E-002                  6.5520348800360280E+000                 -9.9148727006096982E-001                  1.3689770036582491E+001                  6.9999999965633886E-001                  2.8000000034366135E-001                  1.9999999999999796E-002                  0.0000000000000000E+000                  3.5923438557391155E+008                  2.8164636769478410E+007                  7.0163194484714411E-006                  2.4450982562129865E-016                  0.0000000000000000E+000                  3.4055044133366290E+000                  1.5587886184854551E+010                  1.4482606502473958E-006                  4.3784359822213165E-015                 -2.9195766345469680E+000                  1.8980187049465556E+000                  2.1365793323063866E+000                  2.2870943301383773E+000 
                                     649                  2.9522934767554023E+000                  5.8562265816271122E-002                  6.5562713365834826E+000                 -9.7563200084719437E-001                  1.3709833988420236E+001                  6.9999999961472970E-001                  2.8000000038527056E-001                  1.9999999999999796E-002                  0.0000000000000000E+000                  3.5906639450809687E+008                  2.8302320232231706E+007                  7.7698762537181341E-006                  3.3723269573378645E-016                  0.0000000000000000E+000                  3.3646502287906195E+000                  1.5606336210255432E+010                  1.4668931667336606E-006                  5.0534767708233065E-015                 -2.9168007572527128E+000                  1.9020993617081801E+000                  2.1406599890680109E+000                  2.2911749869000015E+000 
                                     650                  2.9507711431102566E+000                  5.6588815442997160E-002                  6.5604954625331668E+000                 -9.5973573249689403E-001                  1.3729926055259007E+001                  6.9999999957339731E-001                  2.8000000042660284E-001                  1.9999999999999796E-002                  0.0000000000000000E+000                  3.5889509928209364E+008                  2.8440276239817735E+007                  8.6015582517588265E-006                  4.6434375803271381E-016                  0.0000000000000000E+000                  3.3240797927751080E+000                  1.5623575099478930E+010                  1.4856537492150569E-006                  5.6233797400257132E-015                 -2.9140411983588148E+000                  1.9061877158895741E+000                  2.1447483432494052E+000                  2.2952633410813958E+000 
                                     651                  2.9492025471273826E+000                  5.4601474714723305E-002                  6.5647077552595832E+000                 -9.4379944256138970E-001                  1.3750045791873823E+001                  6.9999999952775405E-001                  2.8000000047224610E-001                  1.9999999999999796E-002                  0.0000000000000000E+000                  3.5872075216602397E+008                  2.8578517959415723E+007                  9.5192335999844825E-006                  6.3832871528879172E-016                  0.0000000000000000E+000                  3.2838232041125179E+000                  1.5639627671778681E+010                  1.5045374522133245E-006                  6.1558118751836876E-015                 -2.9112984984826760E+000                  1.9102839629796005E+000                  2.1488445903394315E+000                  2.2993595881714222E+000 
                                     652                  2.9475864002895031E+000                  5.2600283852679772E-002                  6.5678468591175543E+000                 -9.3179298031279312E-001                  1.3765168783389132E+001                  6.9999999949059033E-001                  2.8000000050940999E-001                  1.9999999999999685E-002                  0.0000000000000000E+000                  3.5858494006386888E+008                  2.8681971677169479E+007                  1.0267788842430122E-005                  8.0893074433417800E-016                  0.0000000000000000E+000                  3.2543302364193072E+000                  1.5653819149214520E+010                  1.5234233639541418E-006                  6.7698638900366355E-015                 -2.9085896940711491E+000                  1.9143889413027422E+000                  2.1529495686625735E+000                  2.3034645664945641E+000 
                                     653                  2.9467538924275436E+000                  5.1587040417715724E-002                  6.5699444637652968E+000                 -9.2379559757275431E-001                  1.3775248989011180E+001                  6.9999999946184577E-001                  2.8000000053815455E-001                  1.9999999999999685E-002                  0.0000000000000000E+000                  3.5849576222233403E+008                  2.8751313361493301E+007                  1.0799119734830486E-005                  9.4732407137182244E-016                  0.0000000000000000E+000                  3.2344626884688008E+000                  1.5660535029927128E+010                  1.5329761765411939E-006                  7.2946482306529645E-015                 -2.9072322971576439E+000                  1.9164597475722203E+000                  2.1550203749320511E+000                  2.3055353727640417E+000 
                                     654                  2.9459213845655836E+000                  5.0585337692964569E-002                  6.5730990551576296E+000                 -9.1181097135068179E-001                  1.3790366465869427E+001                  6.9999999942172697E-001                  2.8000000057827323E-001                  1.9999999999999796E-002                  0.0000000000000000E+000                  3.5836422243547767E+008                  2.8855917134824257E+007                  1.1648022529738342E-005                  1.2006501906675531E-015                  0.0000000000000000E+000                  3.2043474722212597E+000                  1.5667575558259392E+010                  1.5425374112793791E-006                  7.7379329565733604E-015                 -2.9058821470946317E+000                  1.9185014757954015E+000                  2.1570621031552326E+000                  2.3075771009872232E+000 
                                     655                  2.9442061519849667E+000                  4.8556571879189145E-002                  6.5772788387059702E+000                 -8.9576078425754424E-001                  1.3810566248848630E+001                  6.9999999936035473E-001                  2.8000000063964553E-001                  1.9999999999999796E-002                  0.0000000000000000E+000                  3.5818264914359105E+008                  2.8995093220527671E+007                  1.2879021656864536E-005                  1.6429067109640288E-015                  0.0000000000000000E+000                  3.1651774715361438E+000                  1.5680939563010302E+010                  1.5618972996929255E-006                  8.3867719420332338E-015                 -2.9031737629639927E+000                  1.9226220250809560E+000                  2.1611826524407873E+000                  2.3116976502727780E+000 
                                     656                  2.9424393241967848E+000                  4.6514082678708171E-002                  6.5814487904991665E+000                 -8.7967476826650026E-001                  1.3830791651451973E+001                  6.9999999929264811E-001                  2.8000000070735215E-001                  1.9999999999999796E-002                  0.0000000000000000E+000                  3.5799928807270938E+008                  2.9134607604502022E+007                  1.4236024750272350E-005                  2.2447862251578174E-015                  0.0000000000000000E+000                  3.1264067607163111E+000                  1.5692510111397840E+010                  1.5812425230864257E-006                  9.2835653734409793E-015                 -2.9005007575194948E+000                  1.9267517315291161E+000                  2.1653123588889471E+000                  2.3158273567209378E+000 
                                     657                  2.9406194920359003E+000                  4.4457913681946501E-002                  6.5856094010555548E+000                 -8.6355402116549795E-001                  1.3851042100530194E+001                  6.9999999921955558E-001                  2.8000000078044451E-001                  1.9999999999999907E-002                  0.0000000000000000E+000                  3.5781439706651926E+008                  2.9274474500322126E+007                  1.5731599399631145E-005                  3.0628066198993776E-015                  0.0000000000000000E+000                  3.0880491155860326E+000                  1.5703028963578480E+010                  1.6006996885708501E-006                  1.0347984419016142E-014                 -2.8978450697774898E+000                  1.9308902705903241E+000                  2.1694508979501550E+000                  2.3199658957821461E+000 
                                     658                  2.9387452150925704E+000                  4.2388108840527780E-002                  6.5897611530120654E+000                 -8.4739965449995669E-001                  1.3871317001544300E+001                  6.9999999913563704E-001                  2.8000000086436305E-001                  1.9999999999999907E-002                  0.0000000000000000E+000                  3.5762819951592249E+008                  2.9414708728886288E+007                  1.7379540255770287E-005                  4.1731409408518755E-015                  0.0000000000000000E+000                  3.0501156777033192E+000                  1.5712524250080793E+010                  1.6202691466985030E-006                  1.1549555559040743E-014                 -2.8952064188962465E+000                  1.9350378348007986E+000                  2.1735984621606299E+000                  2.3241134599926205E+000 
                                     659                  2.9368150212869661E+000                  4.0304712293711950E-002                  6.5939045193796222E+000                 -8.3121278924063158E-001                  1.3891615739930888E+001                  6.9999999904484844E-001                  2.8000000095515176E-001                  1.9999999999999796E-002                  0.0000000000000000E+000                  3.5744092669223630E+008                  2.9555324818332102E+007                  1.9194986229305859E-005                  5.6783389772670293E-015                  0.0000000000000000E+000                  3.0126151467987734E+000                  1.5721024268437387E+010                  1.6399519599854264E-006                  1.2836689527115541E-014                 -2.8925844368965228E+000                  1.9391946146903600E+000                  2.1777552420501913E+000                  2.3282702398821820E+000 
                                     660                  2.9348274064353310E+000                  3.8207768197785305E-002                  6.5980399619708621E+000                 -8.1499455259123676E-001                  1.3911937682519060E+001                  6.9999999894477716E-001                  2.8000000105522299E-001                  1.9999999999999796E-002                  0.0000000000000000E+000                  3.5725282001539958E+008                  2.9696336901119024E+007                  2.1194548522776975E-005                  7.7163113120677676E-015                  0.0000000000000000E+000                  2.9755539595321983E+000                  1.5728557370544470E+010                  1.6597497008246455E-006                  1.4221753455001009E-014                 -2.8899787004820232E+000                  1.9433607915302380E+000                  2.1819214188900689E+000                  2.3324364167220595E+000 
                                     661                  2.9327808338120871E+000                  3.6097320559489270E-002                  6.6021679294930360E+000                 -7.9874607467351622E-001                  1.3932282178876351E+001                  6.9999999883449782E-001                  2.8000000116550244E-001                  1.9999999999999796E-002                  0.0000000000000000E+000                  3.5706412797608477E+008                  2.9837758727064777E+007                  2.3396450335357446E-005                  1.0472325798250519E-014                  0.0000000000000000E+000                  2.9389357684966448E+000                  1.5735151868966017E+010                  1.6796646379875942E-006                  1.5774937664390664E-014                 -2.8873887104496561E+000                  1.9475365370256816E+000                  2.1860971643855125E+000                  2.3366121622175031E+000 
                                     662                  2.9306737337259312E+000                  3.3973413093637793E-002                  6.6062888464763274E+000                 -7.8246847642575956E-001                  1.3952648562573440E+001                  6.9999999871299423E-001                  2.8000000128700592E-001                  1.9999999999999796E-002                  0.0000000000000000E+000                  3.5687504248208940E+008                  2.9979604204030778E+007                  2.5820676330644254E-005                  1.4195003168324654E-014                  0.0000000000000000E+000                  2.9027487191089283E+000                  1.5740835780017370E+010                  1.6997040528506039E-006                  1.7513400306036754E-014                 -2.8848133450175490E+000                  1.9517220176197998E+000                  2.1902826449796309E+000                  2.3407976428116215E+000 
                                     663                  2.9285045030952368E+000                  3.1836089133013980E-002                  6.6104030955245605E+000                 -7.6616284997778805E-001                  1.3973036152530771E+001                  6.9999999857915240E-001                  2.8000000142084763E-001                  2.0000000000000018E-002                  0.0000000000000000E+000                  3.5668570209396750E+008                  3.0121886691666100E+007                  2.8489131845016514E-005                  1.9217612919729840E-014                  0.0000000000000000E+000                  2.8669692239816387E+000                  1.5745636275394068E+010                  1.7198836531250506E-006                  1.9441891233033314E-014                 -2.8822504656493728E+000                  1.9559173936163112E+000                  2.1944780209761423E+000                  2.3449930188081329E+000 
                                     664                  2.9262715050018206E+000                  2.9685391611014862E-002                  6.6145110116367549E+000                 -7.4983025087029409E-001                  1.3993444254405894E+001                  6.9999999843175065E-001                  2.8000000156824956E-001                  1.9999999999999796E-002                  0.0000000000000000E+000                  3.5649624867259204E+008                  3.0264617897867583E+007                  3.1425818040598712E-005                  2.5986404869362336E-014                  0.0000000000000000E+000                  2.8315759624115580E+000                  1.5749579222224091E+010                  1.7402223315861170E-006                  2.1581146015645620E-014                 -2.8796976312573683E+000                  1.9601228063514788E+000                  2.1986834337113099E+000                  2.3491984315433005E+000 
                                     665                  2.9239730682449712E+000                  2.7521363086107007E-002                  6.6186128866530893E+000                 -7.3347170136629802E-001                  1.4013872161874518E+001                  6.9999999826944914E-001                  2.8000000173055112E-001                  1.9999999999999796E-002                  0.0000000000000000E+000                  3.5630683283073318E+008                  3.0407807940727811E+007                  3.4657025347571478E-005                  3.5098267923029093E-014                  0.0000000000000000E+000                  2.7965501857584592E+000                  1.5752689141538378E+010                  1.7607375158806116E-006                  2.3953589215348014E-014                 -2.8771526910967755E+000                  1.9643383710207527E+000                  2.2028989983805838E+000                  2.3534139962125744E+000 
                                     666                  2.9216074869018809E+000                  2.5344045759813884E-002                  6.6227089737325215E+000                 -7.1708819378408906E-001                  1.4034319157955693E+001                  6.9999999809077995E-001                  2.8000000190922036E-001                  1.9999999999999685E-002                  0.0000000000000000E+000                  3.5611760644293201E+008                  3.0551465523059543E+007                  3.8211544217626439E-005                  4.7350727270046819E-014                  0.0000000000000000E+000                  2.7618755012269411E+000                  1.5754989366896959E+010                  1.7814450943108703E-006                  2.6584223192486821E-014                 -2.8746137792204105E+000                  1.9685641789228505E+000                  2.2071248062826818E+000                  2.3576398041146724E+000 
                                     667                  2.9191730198545436E+000                  2.3153481450407454E-002                  6.6267994915304760E+000                 -7.0068069366183461E-001                  1.4054784516485526E+001                  6.9999999789413447E-001                  2.8000000210586579E-001                  1.9999999999999796E-002                  0.0000000000000000E+000                  3.5592867810954046E+008                  3.0695598758245498E+007                  4.2120894563023798E-005                  6.3808250835738069E-014                  0.0000000000000000E+000                  2.7275376788581251E+000                  1.5756502203472027E+010                  1.8023596478492519E-006                  2.9501434497295726E-014                 -2.8720792721913186E+000                  1.9728003050641096E+000                  2.2113609324239407E+000                  2.3618759302559313E+000 
                                     668                  2.9166678902938550E+000                  2.0949711535542356E-002                  6.6308846280848925E+000                 -6.8425014236408421E-001                  1.4075267503578072E+001                  6.9999999767775090E-001                  2.8000000232224931E-001                  1.9999999999999796E-002                  0.0000000000000000E+000                  3.5574012902125371E+008                  3.0840215149258204E+007                  4.6419575517125198E-005                  8.5890091758109116E-014                  0.0000000000000000E+000                  2.6935244819650039E+000                  1.5757249075860924E+010                  1.8234946440581016E-006                  3.2736000658520727E-014                 -2.8695477539758754E+000                  1.9770468143592701E+000                  2.2156074417191012E+000                  2.3661224395510918E+000 
                                     669                  2.9140902852212962E+000                  1.8732776885849709E-002                  6.6349645444620533E+000                 -6.6779745919896993E-001                  1.4095767379133228E+001                  6.9999999743969965E-001                  2.8000000256030061E-001                  1.9999999999999796E-002                  0.0000000000000000E+000                  3.5555204146358854E+008                  3.0985321240227763E+007                  5.1145337292892556E-005                  1.1548653856469281E-013                  0.0000000000000000E+000                  2.6598255184090100E+000                  1.5757250657322563E+010                  1.8448623806100554E-006                  3.6321456812311108E-014                 -2.8670180124681250E+000                  1.9813037593574157E+000                  2.2198643867172465E+000                  2.3703793845492371E+000 
                                     670                  2.9114383549092642E+000                  1.6502717758313697E-002                  6.6390393782286816E+000                 -6.5132354327631115E-001                  1.4116283398559496E+001                  6.9999999717786809E-001                  2.8000000282213222E-001                  1.9999999999999685E-002                  0.0000000000000000E+000                  3.5536449835892063E+008                  3.1130922684531916E+007                  5.6339477075982300E-005                  1.5511259822593563E-013                  0.0000000000000000E+000                  2.6264321093728933E+000                  1.5756526989151287E+010                  1.8664739238696142E-006                  4.0295285107550910E-014                 -2.8644890365679121E+000                  1.9855711786309411E+000                  2.2241318059907722E+000                  2.3746468038227628E+000 
                                     671                  2.9087102123088315E+000                  1.4259573644833361E-002                  6.6431092467657953E+000                 -6.3482927506555542E-001                  1.4136814814641220E+001                  6.9999999688994419E-001                  2.8000000311005607E-001                  1.9999999999999796E-002                  0.0000000000000000E+000                  3.5517758437731397E+008                  3.1277024355393805E+007                  6.2047161065926436E-005                  2.0811095389257010E-013                  0.0000000000000000E+000                  2.5933371745983127E+000                  1.5755097594788721E+010                  1.8883391310855084E-006                  4.4699175991465293E-014                 -2.8619600035537034E+000                  1.9898490984975095E+000                  2.2284097258573405E+000                  2.3789247236893312E+000 
                                     672                  2.9059039324207241E+000                  1.2003383094479488E-002                  6.6471742504428502E+000                 -6.1831551776810767E-001                  1.4157360879501601E+001                  6.9999999657339707E-001                  2.8000000342660314E-001                  1.9999999999999796E-002                  0.0000000000000000E+000                  3.5499136885128433E+008                  3.1423630768456053E+007                  6.8317774957940216E-005                  2.7891971920720659E-013                  0.0000000000000000E+000                  2.5605351324728494E+000                  1.5752981588167807E+010                  1.9104667400222776E-006                  4.9579030364113455E-014                 -2.8594302593464689E+000                  1.9941375371508010E+000                  2.2326981645106323E+000                  2.3832131623426229E+000 
                                     673                  2.9030175516145298E+000                  9.7341835008254718E-003                  6.6512344758210222E+000                 -6.0178311850758925E-001                  1.4177920846761131E+001                  6.9999999622545839E-001                  2.8000000377454165E-001                  2.0000000000000018E-002                  0.0000000000000000E+000                  3.5480590681342071E+008                  3.1570746126462821E+007                  7.5205305544615903E-005                  3.7342531846969016E-013                  0.0000000000000000E+000                  2.5280219734176472E+000                  1.5750197779062622E+010                  1.9328643701965369E-006                  5.4985325075146167E-014                 -2.8568993097528752E+000                  1.9984365083301447E+000                  2.2369971356899758E+000                  2.3875121335219665E+000 
                                     674                  2.9000490668712895E+000                  7.4520108395978368E-003                  6.6552900079577375E+000                 -5.8523291859617099E-001                  1.4198493973965027E+001                  6.9999999584309880E-001                  2.8000000415690135E-001                  1.9999999999999796E-002                  0.0000000000000000E+000                  3.5462125044797534E+008                  3.1718374606896847E+007                  8.2768765152404873E-005                  4.9942736350746844E-013                  0.0000000000000000E+000                  2.4958067372679102E+000                  1.5746764946565382E+010                  1.9555339577126478E-006                  6.0835281346234983E-014                 -2.8543673190762844E+000                  2.0027460239614281E+000                  2.2413066513212594E+000                  2.3918216491532500E+000 
                                     675                  2.8969964349351978E+000                  5.1568993028645108E-003                  6.6593409571858357E+000                 -5.6866577846247646E-001                  1.4219079525273669E+001                  6.9999999542300406E-001                  2.8000000457699614E-001                  1.9999999999999796E-002                  0.0000000000000000E+000                  3.5443745881245059E+008                  3.1866521323793218E+007                  9.1072673734893367E-005                  6.6725114320789758E-013                  0.0000000000000000E+000                  2.4639176588283642E+000                  1.5742702546410172E+010                  1.9784642473094019E-006                  6.6919480312201813E-014                 -2.8518358967162962E+000                  2.0070661030620562E+000                  2.2456267304218875E+000                  2.3961417282538782E+000 
                                     676                  2.8938575713704093E+000                  2.8488807519758360E-003                  6.6628714833115774E+000                 -5.5415406202469764E-001                  1.4237093099108536E+001                  6.9999999503169419E-001                  2.8000000496830596E-001                  1.9999999999999796E-002                  0.0000000000000000E+000                  3.5427610677351928E+008                  3.1996193904592853E+007                  9.8987308984396804E-005                  8.5849383509135568E-013                  0.0000000000000000E+000                  2.4365243938268271E+000                  1.5737676707391230E+010                  2.0015787572008145E-006                  7.3601519234742496E-014                 -2.8493136584015222E+000                  2.0113970832209800E+000                  2.2499577105808113E+000                  2.4004727084128019E+000 
                                     677                  2.8914455565096535E+000                  1.1094454213795818E-003                  6.6659040281666302E+000                 -5.4170796551112677E-001                  1.4252547454123274E+001                  6.9999999466118878E-001                  2.8000000533881142E-001                  1.9999999999999796E-002                  0.0000000000000000E+000                  3.5413953205740964E+008                  3.2107997619962085E+007                  1.0631535987212139E-004                  1.0654171724821671E-012                  0.0000000000000000E+000                  2.4130809989845128E+000                  1.5733526271648567E+010                  2.0190571176796436E-006                  8.0932602294972183E-014                 -2.8474256975013810E+000                  2.0146522475861635E+000                  2.2532128749459943E+000                  2.4037278727779854E+000 
                                     678                  2.8889829279229051E+000                 -6.3722216294778548E-004                  6.6689342650841219E+000                 -5.2925369755901974E-001                  1.4268007733419372E+001                  6.9999999424307846E-001                  2.8000000575692158E-001                  2.0000000000000018E-002                  0.0000000000000000E+000                  3.5400354203295064E+008                  3.2220104578782413E+007                  1.1417194209319633E-004                  1.3214698794413566E-012                  0.0000000000000000E+000                  2.3898591827832405E+000                  1.5729320418234291E+010                  2.0366965524619126E-006                  8.7593631484246399E-014                 -2.8455368358701247E+000                  2.0179132533997879E+000                  2.2564738807596187E+000                  2.4069888785916094E+000 
                                     679                  2.8864687585065565E+000                 -2.3911124784731048E-003                  6.6719623000504118E+000                 -5.1679166204294247E-001                  1.4283473646265222E+001                  6.9999999383321387E-001                  2.8000000616678622E-001                  1.9999999999999907E-002                  0.0000000000000000E+000                  3.5386816541208529E+008                  3.2332519320631105E+007                  1.2259425035876612E-004                  1.6381482420244960E-012                  0.0000000000000000E+000                  2.3668681438777512E+000                  1.5724805520514246E+010                  2.0544427092906187E-006                  9.3279820125816703E-014                 -2.8436529825395471E+000                  2.0211803306024967E+000                  2.2597409579623275E+000                  2.4102559557943182E+000 
                                     680                  2.8839021068278683E+000                 -4.1522175225497723E-003                  6.6749882503869653E+000                 -5.0432226780014988E-001                  1.4298944908438795E+001                  6.9999999339096053E-001                  2.8000000660903956E-001                  1.9999999999999907E-002                  0.0000000000000000E+000                  3.5373343277048868E+008                  3.2445246861122280E+007                  1.3162205601226755E-004                  2.0296027480609244E-012                  0.0000000000000000E+000                  2.3441163790271200E+000                  1.5719992613046772E+010                  2.0722872654485233E-006                  1.0119238740375774E-013                 -2.8417750209036474E+000                  2.0244535289014984E+000                  2.2630141562613297E+000                  2.4135291540933204E+000 
                                     681                  2.8812820168110367E+000                 -5.9205309735035462E-003                  6.6790431908584473E+000                 -4.8769224143359530E-001                  1.4319598480850377E+001                  6.9999999271807622E-001                  2.8000000728192403E-001                  1.9999999999999796E-002                  0.0000000000000000E+000                  3.5355769003772664E+008                  3.2596928612194240E+007                  1.4471967184113090E-004                  2.7023007632424713E-012                  0.0000000000000000E+000                  2.3136980181280378E+000                  1.5715427277118513E+010                  2.0903022814382271E-006                  1.1278483412076076E-013                 -2.8398954527176983E+000                  2.0277324667196699E+000                  2.2662930940795007E+000                  2.4168080919114918E+000 
                                     682                  2.8767938039239733E+000                 -8.8838542536780214E-003                  6.6835618243645500E+000                 -4.6895913465539479E-001                  1.4342814111745806E+001                  6.9999999186426709E-001                  2.8000000813573295E-001                  2.0000000000000018E-002                  0.0000000000000000E+000                  3.5335669248062956E+008                  3.2766777495929845E+007                  1.6089458091667920E-004                  3.7160463641048786E-012                  0.0000000000000000E+000                  2.2808164761137921E+000                  1.5706752614735260E+010                  2.1204532052860746E-006                  1.2599861432519520E-013                 -2.8367856536111620E+000                  2.0332118997986894E+000                  2.2717725271585207E+000                  2.4222875249905114E+000 
                                     683                  2.8730913292454168E+000                 -1.1268861712496154E-002                  6.6875870903009256E+000                 -4.5229969685480254E-001                  1.4363467204824179E+001                  6.9999999107389288E-001                  2.8000000892610710E-001                  2.0000000000000018E-002                  0.0000000000000000E+000                  3.5318087394397068E+008                  3.2918827778688457E+007                  1.7677287075609687E-004                  4.9310527850879357E-012                  0.0000000000000000E+000                  2.2518567729667160E+000                  1.5698603607606464E+010                  2.1445893476484581E-006                  1.3885198342763823E-013                 -2.8343279277592299E+000                  2.0376085286158068E+000                  2.2761691559756381E+000                  2.4266841538076287E+000 
                                     684                  2.8692867796077914E+000                 -1.3666676542862676E-002                  6.6916100215918135E+000                 -4.3563098033369707E-001                  1.4384127445443113E+001                  6.9999999018822967E-001                  2.8000000981177048E-001                  1.9999999999999796E-002                  0.0000000000000000E+000                  3.5300648255001575E+008                  3.3071493210189212E+007                  1.9417947091948689E-004                  6.5375379460628203E-012                  0.0000000000000000E+000                  2.2233814691184142E+000                  1.5690383507208553E+010                  2.1688873493805252E-006                  1.5343137146319741E-013                 -2.8318815021885988E+000                  2.0420164317888405E+000                  2.2805770591486714E+000                  2.4310920569806620E+000 
                                     685                  2.8653776956516475E+000                 -1.6077310605045716E-002                  6.6956310396916150E+000                 -4.1895396135381652E-001                  1.4404794297004990E+001                  6.9999998921678652E-001                  2.8000001078321346E-001                  2.0000000000000018E-002                  0.0000000000000000E+000                  3.5283358916220260E+008                  3.3224792253617756E+007                  2.1325854558006330E-004                  8.6599708260727862E-012                  0.0000000000000000E+000                  2.1954009175062876E+000                  1.5681772529985428E+010                  2.1932706103182762E-006                  1.7032389543381053E-013                 -2.8294538904272071E+000                  2.0464360723399091E+000                  2.2849966996997404E+000                  2.4355116975317310E+000 
                                     686                  2.8613615643331585E+000                 -1.8500784157241650E-002                  6.6996505903139445E+000                 -4.0226960489932906E-001                  1.4425467258391466E+001                  6.9999998815141595E-001                  2.8000001184858381E-001                  2.0000000000000240E-002                  0.0000000000000000E+000                  3.5266226185308403E+008                  3.3378744617802367E+007                  2.3416773380797811E-004                  1.1461945951954982E-011                  0.0000000000000000E+000                  2.1679235141002757E+000                  1.5672802349237722E+010                  2.2177212641852991E-006                  1.8888112021597868E-013                 -2.8270465196780226E+000                  2.0508676914925341E+000                  2.2894283188523650E+000                  2.4399433166843556E+000 
                                     687                  2.8572358172019094E+000                 -2.0937126422599830E-002                  6.7036691359288492E+000                 -3.8557885536872016E-001                  1.4446145865532042E+001                  6.9999998698320720E-001                  2.8000001301679250E-001                  2.0000000000000240E-002                  0.0000000000000000E+000                  3.5249256993253326E+008                  3.3533370972742349E+007                  2.5707939846627800E-004                  1.5158366091923479E-011                  0.0000000000000000E+000                  2.1409499197573583E+000                  1.5663505139927174E+010                  2.2422248371878119E-006                  2.0921516688116545E-013                 -2.8246604205239199E+000                  2.0553115496608152E+000                  2.2938721770206461E+000                  2.4443871748526367E+000 
                                     688                  2.8529978287445559E+000                 -2.3386376025706271E-002                  6.7076871214256002E+000                 -3.6888260052341859E-001                  1.4466829692029997E+001                  6.9999998570241784E-001                  2.8000001429758198E-001                  2.0000000000000240E-002                  0.0000000000000000E+000                  3.5232457522321117E+008                  3.3688691620719373E+007                  2.8218190141864285E-004                  2.0031356934507260E-011                  0.0000000000000000E+000                  2.1144500925104781E+000                  1.5653912776241995E+010                  2.2667853150111417E-006                  2.3171833251086745E-013                 -2.8222948047627310E+000                  2.0597679162793159E+000                  2.2983285436391467E+000                  2.4488435414711374E+000 
                                     689                  2.8486449148656039E+000                 -2.5848581110904396E-002                  6.7117049384847416E+000                 -3.5218163512278616E-001                  1.4487518348990172E+001                  6.9999998429839960E-001                  2.8000001570160021E-001                  2.0000000000000240E-002                  0.0000000000000000E+000                  3.5215832510360074E+008                  3.3844725108752787E+007                  3.0968094634852380E-004                  2.6451037015002456E-011                  0.0000000000000000E+000                  2.0883866459720952E+000                  1.5644055538019276E+010                  2.2914269195804286E-006                  2.5661792513195296E-013                 -2.8199469945705107E+000                  2.0642370524044531E+000                  2.3027976797642844E+000                  2.4533126775962750E+000 
                                     690                  2.8441743314167831E+000                 -2.8323799192188737E-002                  6.7157229209514053E+000                 -3.3547665689583994E-001                  1.4508211484428442E+001                  6.9999998275951625E-001                  2.8000001724048323E-001                  2.0000000000000462E-002                  0.0000000000000000E+000                  3.5199385640965807E+008                  3.4001487999370724E+007                  3.3980110200892012E-004                  3.4902641144408122E-011                  0.0000000000000000E+000                  2.0627250615496697E+000                  1.5633961401082748E+010                  2.3161776945095002E-006                  2.8416563149073464E-013                 -2.8176140625447097E+000                  2.0687192004732831E+000                  2.3072798278331144E+000                  2.4577948256651050E+000 
                                     691                  2.8395832727334787E+000                 -3.0812096939480341E-002                  6.7197413497961502E+000                 -3.1876827271758479E-001                  1.4528908782293028E+001                  6.9999998107305628E-001                  2.8000001892694298E-001                  2.0000000000000684E-002                  0.0000000000000000E+000                  3.5183119682481927E+008                  3.4158995017856665E+007                  3.7278748339588611E-004                  4.6021913002874549E-011                  0.0000000000000000E+000                  2.0374336030580382E+000                  1.5623656085746405E+010                  2.3410641775839029E-006                  3.1464030018912021E-013                 -2.8152933402280422E+000                  2.0732145841402803E+000                  2.3117752115001111E+000                  2.4622902093321017E+000 
                                     692                  2.8348688702310394E+000                 -3.3313549933484336E-002                  6.7237604578764429E+000                 -3.0205700493231263E-001                  1.4549609961092212E+001                  6.9999997922513435E-001                  2.8000002077486458E-001                  2.0000000000001128E-002                  0.0000000000000000E+000                  3.5167036226149470E+008                  3.4317259200727612E+007                  4.0890757860767509E-004                  6.0641247684467619E-011                  0.0000000000000000E+000                  2.0124832331264253E+000                  1.5613163279019251E+010                  2.3661113500246215E-006                  3.4834803004838955E-013                 -2.8129824105887553E+000                  2.0777234105081832E+000                  2.3162840378680145E+000                  2.4667990357000051E+000 
                                     693                  2.8300281910388692E+000                 -3.5828242408368419E-002                  6.7277804344962400E+000                 -2.8534329788155599E-001                  1.4570314772069990E+001                  6.9999997720058660E-001                  2.8000002279941205E-001                  2.0000000000001350E-002                  0.0000000000000000E+000                  3.5151136028524429E+008                  3.4476292013075858E+007                  4.4845323361870714E-004                  7.9849807387300968E-011                  0.0000000000000000E+000                  1.9878475320822193E+000                  1.5602504849999605E+010                  2.3913425722517379E-006                  3.8562519939649828E-013                 -2.8106791022429243E+000                  2.0822458721113999E+000                  2.3208064994712312E+000                  2.4713214973032218E+000 
                                     694                  2.8250582367561052E+000                 -3.8356266945625488E-002                  6.7318014297373461E+000                 -2.6862752497176595E-001                  1.4591022996756099E+001                  6.9999997498285660E-001                  2.8000002501714172E-001                  2.0000000000001683E-002                  0.0000000000000000E+000                  3.5135419437182158E+008                  3.4636103496001355E+007                  4.9174280766672135E-004                  1.0507178650217649E-010                  0.0000000000000000E+000                  1.9635026174136396E+000                  1.5591701062234594E+010                  2.4167795180159203E-006                  4.2684209263030959E-013                 -2.8083814841624797E+000                  2.0867821487792999E+000                  2.3253427761391308E+000                  2.4758577739711214E+000 
                                     695                  2.8199559423713083E+000                 -4.0897724110580243E-002                  6.7358235586665876E+000                 -2.5190999564801697E-001                  1.4611734444400030E+001                  6.9999997255387170E-001                  2.8000002744612590E-001                  2.0000000000002460E-002                  0.0000000000000000E+000                  3.5119886009753883E+008                  3.4796702421829484E+007                  5.3912351471822894E-004                  1.3816823436125056E-010                  0.0000000000000000E+000                  1.9394270624928340E+000                  1.5580770782444412E+010                  2.4424421053176821E-006                  4.7240636926740120E-013                 -2.8060878609159667E+000                  2.0913324096003492E+000                  2.3298930369601805E+000                  2.4804080347921711E+000 
                                     696                  2.8147181751041743E+000                 -4.3452722161359106E-002                  6.7398469054832599E+000                 -2.3519096205535076E-001                  1.4632448949632693E+001                  6.9999996989390900E-001                  2.8000003010608782E-001                  2.0000000000003126E-002                  0.0000000000000000E+000                  3.5104534510993028E+008                  3.4958096433377832E+007                  5.9097396773856469E-004                  1.8156943431821069E-010                  0.0000000000000000E+000                  1.9156018132120800E+000                  1.5569731682095835E+010                  2.4683484177445160E-006                  5.2276930793046579E-013                 -2.8037967689109902E+000                  2.0958968148864314E+000                  2.3344574422462627E+000                  2.4849724400782529E+000 
                                     697                  2.8093417332560224E+000                 -4.6021376784524927E-002                  6.7438715275418399E+000                 -2.1847062566917774E-001                  1.4653166370030190E+001                  6.9999996698144684E-001                  2.8000003301854887E-001                  2.0000000000004237E-002                  0.0000000000000000E+000                  3.5089363461484700E+008                  3.5120292161471911E+007                  6.4770694262771846E-004                  2.3844688855887124E-010                  0.0000000000000000E+000                  1.8920101023011657E+000                  1.5558600433313257E+010                  2.4945146227295828E-006                  5.7842883503799124E-013                 -2.8015069729515649E+000                  2.1004755178718160E+000                  2.3390361452316468E+000                  2.4895511430636375E+000 
                                     698                  2.8038233451442665E+000                 -4.8603810824338609E-002                  6.7478974591901544E+000                 -2.0174914404367131E-001                  1.4673886583291386E+001                  6.9999996379300478E-001                  2.8000003620698938E-001                  2.0000000000005791E-002                  0.0000000000000000E+000                  3.5074371252802873E+008                  3.5283295336542524E+007                  7.0977237992116192E-004                  3.1293660169923888E-010                  0.0000000000000000E+000                  1.8686373613278537E+000                  1.5547392898051594E+010                  2.5209548845112156E-006                  6.3993105979696368E-013                 -2.7992174632353883E+000                  2.1050686661860962E+000                  2.3436292935459275E+000                  2.4941442913779182E+000 
                                     699                  2.7981596682227639E+000                 -5.1200153965420367E-002                  6.7519247163198521E+000                 -1.8502663861193716E-001                  1.4694609484204198E+001                  6.9999996030296385E-001                  2.8000003969702852E-001                  2.0000000000007567E-002                  0.0000000000000000E+000                  3.5059555753094482E+008                  3.5447110989812456E+007                  7.7766065171137226E-004                  4.1042878279614054E-010                  0.0000000000000000E+000                  1.8454719541940001E+000                  1.5536124328619574E+010                  2.5476807418315349E-006                  7.0787815362190740E-013                 -2.7969274978912582E+000                  2.1096764037198383E+000                  2.3482370310796692E+000                  2.4987520289116598E+000 
                                     700                  2.7923472882351055E+000                 -5.3810542455363680E-002                  6.7559533228442303E+000                 -1.6830322462754357E-001                  1.4715334981953660E+001                  6.9999995648336233E-001                  2.8000004351662761E-001                  2.0000000000010010E-002                  0.0000000000000000E+000                  3.5044914788228077E+008                  3.5611744533317193E+007                  8.5190631364227810E-004                  5.3794411887928675E-010                  0.0000000000000000E+000                  1.8225248641500127E+000                  1.5524809985159649E+010                  2.5746871761108882E-006                  7.8293603238177546E-013                 -2.7946377650476770E+000                  2.1142988783348802E+000                  2.3528595056947110E+000                  2.5033745035267017E+000 
                                     701                  2.7863827182728378E+000                 -5.6435119062435007E-002                  6.7599833580519784E+000                 -1.5157906218028039E-001                  1.4736062997721811E+001                  6.9999995230366974E-001                  2.8000004769631709E-001                  2.0000000000013118E-002                  0.0000000000000000E+000                  3.5030447062974375E+008                  3.5777203721283227E+007                  9.3309248421727777E-004                  7.0462313910816801E-010                  0.0000000000000000E+000                  1.7998281209392153E+000                  1.5513466520271864E+010                  2.6019383355287475E-006                  8.6583987117535636E-013                 -2.7923515000933907E+000                  2.1189362603261777E+000                  2.3574968876860090E+000                  2.5080118855179996E+000 
                                     702                  2.7802623978967453E+000                 -5.9074033333193977E-002                  6.7640149785286869E+000                 -1.3485438104880540E-001                  1.4756793462239010E+001                  6.9999994773056984E-001                  2.8000005226941299E-001                  2.0000000000017115E-002                  0.0000000000000000E+000                  3.5016152015259635E+008                  3.5943499619199201E+007                  1.0218555454423127E-003                  9.2236179089747765E-010                  0.0000000000000000E+000                  1.7774118922398379E+000                  1.5502113244443151E+010                  2.6293819507566674E-006                  9.5740309628720478E-013                 -2.7900731612911729E+000                  2.1235887601365402E+000                  2.3621493874963715E+000                  2.5126643853283621E+000 
                                     703                  2.7739826923875834E+000                 -6.1727441979443243E-002                  6.7680484135916688E+000                 -1.1812947853721646E-001                  1.4777526313147138E+001                  6.9999994272766231E-001                  2.8000005727231508E-001                  2.0000000000022666E-002                  0.0000000000000000E+000                  3.5002029801186323E+008                  3.6110646463552140E+007                  1.1188900865534545E-003                  1.2066361255302117E-009                  0.0000000000000000E+000                  1.7553034598896222E+000                  1.5490772424278925E+010                  2.6569655273222928E-006                  1.0585242788468530E-012                 -2.7878070401435298E+000                  2.1282566330495216E+000                  2.3668172604093529E+000                  2.5173322582413435E+000 
                                     704                  2.7675398921893266E+000                 -6.4395509214768276E-002                  6.7720839596797076E+000                 -1.0140471621191273E-001                  1.4798261492539401E+001                  6.9999993725520204E-001                  2.8000006274476819E-001                  2.0000000000029772E-002                  0.0000000000000000E+000                  3.4988081447275281E+008                  3.6278661514295384E+007                  1.2249543031361805E-003                  1.5775728203908095E-009                  0.0000000000000000E+000                  1.7335273458461262E+000                  1.5479469083258324E+010                  2.6846371297109232E-006                  1.1701933505063323E-012                 -2.7855572038116820E+000                  2.1329401768905161E+000                  2.3715008042503474E+000                  2.5220158020823380E+000 
                                     705                  2.7609302122901349E+000                 -6.7078407146324112E-002                  6.7761219750492083E+000                 -8.4680516421658789E-002                  1.4818998944962875E+001                  6.9999993126978244E-001                  2.8000006873017863E-001                  2.0000000000038876E-002                  0.0000000000000000E+000                  3.4974308563407522E+008                  3.6447564912029289E+007                  1.3408759080593307E-003                  2.0613388470302101E-009                  0.0000000000000000E+000                  1.7121054496967321E+000                  1.5468230791456047E+010                  2.7123453722727058E-006                  1.2935032840880774E-012                 -2.7833275055362896E+000                  2.1376397298540089E+000                  2.3762003572138402E+000                  2.5267153550458308E+000 
                                     706                  2.7541497916170470E+000                 -6.9776316186686518E-002                  6.7801628747453639E+000                 -6.7957358891489822E-002                  1.4839738615607246E+001                  6.9999992472398731E-001                  2.8000007527596160E-001                  2.0000000000051088E-002                  0.0000000000000000E+000                  3.4960712977548802E+008                  3.6617379536275752E+007                  1.4675586026059093E-003                  2.6919454835832915E-009                  0.0000000000000000E+000                  1.6910571952961302E+000                  1.5457087465427061E+010                  2.7400393864735375E-006                  1.4296611985618749E-012                 -2.7811215972019996E+000                  2.1423556684431335E+000                  2.3809162958029648E+000                  2.5314312936349554E+000 
                                     707                  2.7471946925245345E+000                 -7.2489425454759004E-002                  6.7842071258157537E+000                 -5.1235777665390690E-002                  1.4860480448422207E+001                  6.9999991756601621E-001                  2.8000008243391733E-001                  2.0000000000066409E-002                  0.0000000000000000E+000                  3.4947296913672823E+008                  3.6788130845466480E+007                  1.6059891602186543E-003                  3.5135903739206453E-009                  0.0000000000000000E+000                  1.6703996844940796E+000                  1.5446071180816288E+010                  2.7676687688671229E-006                  1.5799981878463763E-012                 -2.7789429434625719E+000                  2.1470884053543120E+000                  2.3856490327141429E+000                  2.5361640305461335E+000 
                                     708                  2.7400609004744010E+000                 -7.5217933133426201E-002                  6.7882552427710632E+000                 -3.4516358409992287E-002                  1.4881224384112260E+001                  6.9999990973926962E-001                  2.8000009026064338E-001                  2.0000000000087059E-002                  0.0000000000000000E+000                  3.4934063323813123E+008                  3.6959846705639794E+007                  1.7572451813214842E-003                  4.5836984373433340E-009                  0.0000000000000000E+000                  1.6501478562014360E+000                  1.5435215998495544E+010                  2.7951835095975857E-006                  1.7459840545925717E-012                 -2.7767948372538220E+000                  2.1518383871915665E+000                  2.3903990145513974E+000                  2.5409140123833880E+000 
                                     709                  2.7327443238754081E+000                 -7.7962046805012702E-002                  6.7923077833680123E+000                 -1.7799735881840070E-002                  1.4901970358333264E+001                  6.9999990118190092E-001                  2.8000009881798571E-001                  2.0000000000113372E-002                  0.0000000000000000E+000                  3.4921015272377217E+008                  3.7132557300479986E+007                  1.9225035859287381E-003                  5.9768707668522355E-009                  0.0000000000000000E+000                  1.6303146488088605E+000                  1.5424557804770597E+010                  2.8225339146131278E-006                  1.9292433582080808E-012                 -2.7746804155179987E+000                  2.1566060926152817E+000                  2.3951667199751130E+000                  2.5456817178071036E+000 
                                     710                  2.7252407939176866E+000                 -8.0721983831972099E-002                  6.7963653447352970E+000                 -1.0865914847434472E-003                  1.4922718300157463E+001                  6.9999989182632194E-001                  2.8000010817353010E-001                  2.0000000000147899E-002                  0.0000000000000000E+000                  3.4908155813953894E+008                  3.7306295021992967E+007                  2.1030499168110512E-003                  7.7900136251526152E-009                  0.0000000000000000E+000                  1.6109111646967726E+000                  1.5414134166094198E+010                  2.8496705224356011E-006                  2.1315679655557562E-012                 -2.7726026750062407E+000                  2.1613920309748260E+000                  2.3999526583346573E+000                  2.5504676561666479E+000 
                                     711                  2.7175460645215614E+000                 -8.3497971738825436E-002                  6.8004285598243026E+000                  1.5622348989855655E-002                  1.4943468130721744E+001                  6.9999988159867188E-001                  2.8000011840113515E-001                  2.0000000000192975E-002                  0.0000000000000000E+000                  3.4895488322762775E+008                  3.7481094351918399E+007                  2.3002885319757535E-003                  1.0149001739867458E-008                  0.0000000000000000E+000                  1.5919468270627124E+000                  1.5403984198481911E+010                  2.8765440100008234E-006                  2.3549310057979687E-012                 -2.7705644885257779E+000                  2.1661967407995624E+000                  2.4047573681593937E+000                  2.5552723659913843E+000 
                                     712                  2.7096558123348928E+000                 -8.6290248623387411E-002                  6.8044980818567238E+000                  3.2326329904006294E-002                  1.4964219761798832E+001                  6.9999987041826650E-001                  2.8000012958148218E-001                  2.0000000000251372E-002                  0.0000000000000000E+000                  3.4883016206564838E+008                  3.7656991221920766E+007                  2.5157534595323509E-003                  1.3217328647543627E-008                  0.0000000000000000E+000                  1.5734196911424219E+000                  1.5394148225730177E+010                  2.9031138289446357E-006                  2.6015024662540853E-012                 -2.7685679677346342E+000                  2.1710207853532051E+000                  2.4095814127130359E+000                  2.5600964105450270E+000 
                                     713                  2.7015656370528953E+000                 -8.9099063422079849E-002                  6.8085745338397530E+000                  4.9024615815564172E-002                  1.4984973094109485E+001                  6.9999985819701249E-001                  2.8000014180266009E-001                  2.0000000000327423E-002                  0.0000000000000000E+000                  3.4870742266897637E+008                  3.7834020815633558E+007                  2.7511191793862240E-003                  1.7207306737552690E-008                  0.0000000000000000E+000                  1.5552991433092442E+000                  1.5384666593794271E+010                  2.9293739291722895E-006                  2.8736648631623977E-012                 -2.7666125939456512E+000                  2.1758647362521790E+000                  2.4144253636120099E+000                  2.5649403614440009E+000 
                                     714                  2.6932710619511888E+000                 -9.1924675839119285E-002                  6.8126584674067647E+000                  6.5716531948975102E-002                  1.5005728015781143E+001                  6.9999984483873734E-001                  2.8000015516083621E-001                  2.0000000000426454E-002                  0.0000000000000000E+000                  3.4858668346554166E+008                  3.8012215754093178E+007                  3.0082121149471045E-003                  2.2394570696910580E-008                  0.0000000000000000E+000                  1.5375521139615995E+000                  1.5375578059504179E+010                  2.9553481909246970E-006                  3.1740363671722933E-012                 -2.7646956721986573E+000                  2.1807291503336521E+000                  2.4192897776934834E+000                  2.5698047755254740E+000 
                                     715                  2.6847675344210682E+000                 -9.4767356061856795E-002                  6.8167503622130203E+000                  8.2401463321982643E-002                  1.5026484400977782E+001                  6.9999983023847823E-001                  2.8000016976096676E-001                  2.0000000000555018E-002                  0.0000000000000000E+000                  3.4846795566050905E+008                  3.8191606003788412E+007                  3.2890239243447417E-003                  2.9136889423893581E-008                  0.0000000000000000E+000                  1.5201484347447876E+000                  1.5366919115002449E+010                  2.9810624998761977E-006                  3.5054990504285488E-012                 -2.7628144593055879E+000                  2.1856145588879463E+000                  2.4241751862477772E+000                  2.5746901840797678E+000 
                                     716                  2.6760504266603040E+000                 -9.7627384469553879E-002                  6.8208506321379971E+000                  9.9078846909651769E-002                  1.5047242108443360E+001                  6.9999981428169322E-001                  2.8000018571758428E-001                  2.0000000000722551E-002                  0.0000000000000000E+000                  3.4835124084776211E+008                  3.8372219097044699E+007                  3.5957261033617610E-003                  3.7898547745587343E-008                  0.0000000000000000E+000                  1.5030605961558883E+000                  1.5358724167656956E+010                  3.0065397379830838E-006                  3.8712222864596025E-012                 -2.7609665258156562E+000                  2.1905214688259629E+000                  2.4290820961857942E+000                  2.5795970940177848E+000 
                                     717                  2.6671150365764928E+000                 -1.0050505136625489E-001                  6.8249596309568075E+000                  1.1574816410741608E-001                  1.5068000979820047E+001                  6.9999979684340574E-001                  2.8000020315565427E-001                  2.0000000000939933E-002                  0.0000000000000000E+000                  3.4823653253953892E+008                  3.8554080312741883E+007                  3.9306858336975925E-003                  4.9281933162682266E-008                  0.0000000000000000E+000                  1.4862635278725937E+000                  1.5351025830314837E+010                  3.0317998811943325E-006                  4.2701003568099089E-012                 -2.7591497341983060E+000                  2.1954503654098314E+000                  2.4340109927696627E+000                  2.5845259906016533E+000 
                                     718                  2.6579565890026093E+000                 -1.0340065671057921E-001                  6.8290776575466907E+000                  1.3240893350638941E-001                  1.5088760837842168E+001                  6.9999977778728562E-001                  2.8000022221149179E-001                  2.0000000001222595E-002                  0.0000000000000000E+000                  3.4812382124391866E+008                  3.8737212827170916E+007                  4.2964831782748023E-003                  6.4068444859057888E-008                  0.0000000000000000E+000                  1.4697343983671936E+000                  1.5343855193566917E+010                  3.0568600793976968E-006                  4.6981466596815071E-012                 -2.7573622198152661E+000                  2.2004017145046841E+000                  2.4389623418645154E+000                  2.5894773396965061E+000 
                                     719                  2.6485702370882258E+000                 -1.0631450989218708E-001                  6.8326801561546837E+000                  1.4698702452253495E-001                  1.5106925094230098E+001                  6.9999975983163631E-001                  2.8000024016682934E-001                  2.0000000001534346E-002                  0.0000000000000000E+000                  3.4802603032537520E+008                  3.8898136209800072E+007                  4.6436609911945804E-003                  8.0553095635167171E-008                  0.0000000000000000E+000                  1.4555665490348233E+000                  1.5336888519642838E+010                  3.0816775709390133E-006                  5.1616296646264276E-012                 -2.7556064012525385E+000                  2.2053762706386366E+000                  2.4439368979984679E+000                  2.5944518958304585E+000 
                                     720                  2.6413779556420245E+000                 -1.0851201357854096E-001                  6.8363066790012548E+000                  1.6154330651084015E-001                  1.5125092323086347E+001                  6.9999974009437882E-001                  2.8000025990368527E-001                  2.0000000001935914E-002                  0.0000000000000000E+000                  3.4793133892441773E+008                  3.9060818089952670E+007                  5.0194307456329747E-003                  1.0134893731436319E-007                  0.0000000000000000E+000                  1.4413913561181317E+000                  1.5332318292438866E+010                  3.1002141207002772E-006                  5.6561831413354915E-012                 -2.7543041549816980E+000                  2.2091221791856848E+000                  2.4476828065455156E+000                  2.5981978043775062E+000 
                                     721                  2.6315808983853590E+000                 -1.1145857208595589E-001                  6.8404506759443837E+000                  1.7817830996603121E-001                  1.5145853797987481E+001                  6.9999971578189302E-001                  2.8000028421559053E-001                  2.0000000002516449E-002                  0.0000000000000000E+000                  3.4782402742469746E+008                  3.9247550970716067E+007                  5.4852982157457516E-003                  1.3167257535939741E-007                  0.0000000000000000E+000                  1.4254975499225369E+000                  1.5327101577357899E+010                  3.1248529968101990E-006                  6.2151984522273174E-012                 -2.7525852042280827E+000                  2.2141372680413101E+000                  2.4526978954011409E+000                  2.6032128932331315E+000 
                                     722                  2.6215422515688331E+000                 -1.1442427668879378E-001                  6.8446044109993514E+000                  1.9480318263790622E-001                  1.5166615398543042E+001                  6.9999968922124844E-001                  2.8000031077548126E-001                  2.0000000003270291E-002                  0.0000000000000000E+000                  3.4771863397785497E+008                  3.9435626300505392E+007                  5.9939120004061626E-003                  1.7103042764747180E-007                  0.0000000000000000E+000                  1.4098030228780105E+000                  1.5322167722066633E+010                  3.1492699318202201E-006                  6.8401333128065130E-012                 -2.7508950566496804E+000                  2.2191766954398942E+000                  2.4577373227997250E+000                  2.6082523206317156E+000 
                                     723                  2.6112569149412774E+000                 -1.1740947097700179E-001                  6.8487679822595817E+000                  2.1141753547132014E-001                  1.5187376835318005E+001                  6.9999966020696225E-001                  2.8000033978878880E-001                  2.0000000004248952E-002                  0.0000000000000000E+000                  3.4761513132345152E+008                  3.9625059453612648E+007                  6.5491466021496735E-003                  2.2210278462437474E-007                  0.0000000000000000E+000                  1.3942932926307074E+000                  1.5317895847091904E+010                  3.1735319006867179E-006                  7.5425522337343468E-012                 -2.7492285658764337E+000                  2.2242405921042319E+000                  2.4628012194640632E+000                  2.6133162172960538E+000 
                                     724                  2.6007197259100301E+000                 -1.2041450749205358E-001                  6.8529414576149774E+000                  2.2802098185956449E-001                  1.5208137790669687E+001                  6.9999962851514042E-001                  2.8000037147934015E-001                  2.0000000005519381E-002                  0.0000000000000000E+000                  3.4751348861845344E+008                  3.9815864607699357E+007                  7.1552206322082982E-003                  2.8836140324661420E-007                  0.0000000000000000E+000                  1.3789562811911102E+000                  1.5314312798892387E+010                  3.1976397527167901E-006                  8.3218565912539261E-012                 -2.7475852328058266E+000                  2.2293293540378887E+000                  2.4678899813977200E+000                  2.6184049792297106E+000 
                                     725                  2.5899254621341665E+000                 -1.2343974776094585E-001                  6.8571248947208536E+000                  2.4461311595541804E-001                  1.5228897917520834E+001                  6.9999959390176969E-001                  2.8000040609106241E-001                  2.0000000007167840E-002                  0.0000000000000000E+000                  3.4741367488045043E+008                  4.0008055636822216E+007                  7.8167277775100484E-003                  3.7430223875325642E-007                  0.0000000000000000E+000                  1.3637914690896673E+000                  1.5311445705554064E+010                  3.2215781383735156E-006                  9.1803844460072507E-012                 -2.7459656652563034E+000                  2.2344433760905833E+000                  2.4730040034504146E+000                  2.6235190012824052E+000 
                                     726                  2.5788688441880510E+000                 -1.2648556254105572E-001                  6.8613183668436788E+000                  2.6119348519009178E-001                  1.5249656838312394E+001                  6.9999955610091169E-001                  2.8000044388978174E-001                  2.0000000009306573E-002                  0.0000000000000000E+000                  3.4731566298747313E+008                  4.0201647300025687E+007                  8.5386714091697184E-003                  4.8574668709313828E-007                  0.0000000000000000E+000                  1.3488040209115588E+000                  1.5309322855356770E+010                  3.2453097615146680E-006                  1.0126023856609442E-011                 -2.7443719219593783E+000                  2.2395830636853566E+000                  2.4781436910451875E+000                  2.6286586888771781E+000 
                                     727                  2.5675445385228128E+000                 -1.2955233226364082E-001                  6.8655219703491257E+000                  2.7776158166883969E-001                  1.5270414143949031E+001                  6.9999951482275113E-001                  2.8000048516516851E-001                  2.0000000012080354E-002                  0.0000000000000000E+000                  3.4721942812093019E+008                  4.0396655609732278E+007                  9.3265013936172977E-003                  6.3023107129500524E-007                  0.0000000000000000E+000                  1.3339982093956271E+000                  1.5307974332237514E+010                  3.2687892664025013E-006                  1.1167437645596492E-011                 -2.7428065383926801E+000                  2.2447488416513184E+000                  2.4833094690111497E+000                  2.6338244668431403E+000 
                                     728                  2.5559471607402657E+000                 -1.3264044755362467E-001                  6.8697358221146754E+000                  2.9431684398022806E-001                  1.5291169392925012E+001                  6.9999946975144467E-001                  2.8000053023287808E-001                  2.0000000015677255E-002                  0.0000000000000000E+000                  3.4712494770887834E+008                  4.0593097730814002E+007                  1.0186153464926051E-002                  8.1751007006956757E-007                  0.0000000000000000E+000                  1.3193774266933613E+000                  1.5307432136696754E+010                  3.2919712510651186E-006                  1.2299808322911134E-011                 -2.7412719830783492E+000                  2.2499411559410620E+000                  2.4885017833008933E+000                  2.6390167811328840E+000 
                                     729                  2.5440712789962521E+000                 -1.3575030980835168E-001                  6.8739600571547310E+000                  3.1085865924136102E-001                  1.5311922111001468E+001                  6.9999942054267683E-001                  2.8000057943698248E-001                  2.0000000020340636E-002                  0.0000000000000000E+000                  3.4703220267516613E+008                  4.0790991901053667E+007                  1.1124092044165345E-002                  1.0602075055310389E-006                  0.0000000000000000E+000                  1.3049442721006985E+000                  1.5307730134563173E+010                  3.3148102526649327E-006                  1.3490150419015919E-011                 -2.7397706632795420E+000                  2.2551604729427206E+000                  2.4937211003025519E+000                  2.6442360981345425E+000 
                                     730                  2.5319114172808570E+000                 -1.3888233190038801E-001                  6.8771213805984299E+000                  3.2327099752893584E-001                  1.5327485834782861E+001                  6.9999938087936664E-001                  2.8000061909595531E-001                  2.0000000024678055E-002                  0.0000000000000000E+000                  3.4696252147767693E+008                  4.0939725164456077E+007                  1.1881633980517012E-002                  1.2873837860447536E-006                  0.0000000000000000E+000                  1.2943731702776571E+000                  1.5308186634406199E+010                  3.3371378697003080E-006                  1.4698539881865967E-011                 -2.7383129253191130E+000                  2.2604079228954070E+000                  2.4989685502552379E+000                  2.6494835480872285E+000 
                                     731                  2.5257232714709894E+000                 -1.4045671463303736E-001                  6.8803162950813297E+000                  3.3564456031104378E-001                  1.5343045261993318E+001                  6.9999933813993742E-001                  2.8000066183001265E-001                  2.0000000030049980E-002                  0.0000000000000000E+000                  3.4689631176120704E+008                  4.1090602011345118E+007                  1.2693364033504666E-002                  1.5651761060568541E-006                  0.0000000000000000E+000                  1.2836494683134632E+000                  1.5309122212034424E+010                  3.3481983687863231E-006                  1.5823903205268964E-011                 -2.7375944097603595E+000                  2.2630417061236470E+000                  2.5016023334834778E+000                  2.6521173313154685E+000 
                                     732                  2.5131270845031928E+000                 -1.4362277701547541E-001                  6.8834897829960910E+000                  3.4804052122105333E-001                  1.5358605385764269E+001                  6.9999929290710716E-001                  2.8000070705644492E-001                  2.0000000036447974E-002                  0.0000000000000000E+000                  3.4682855872490436E+008                  4.1241016262263276E+007                  1.3556508176223498E-002                  1.9001191282998384E-006                  0.0000000000000000E+000                  1.2732894728687691E+000                  1.5311678115411110E+010                  3.3699878153117546E-006                  1.6987334704990310E-011                 -2.7361858346908043E+000                  2.2683307604705121E+000                  2.5068913878303429E+000                  2.6574063856623336E+000 
                                     733                  2.5067176507337350E+000                 -1.4521442530387529E-001                  6.8856179907819959E+000                  3.5628925561897284E-001                  1.5368976475639471E+001                  6.9999926092036269E-001                  2.8000073903813455E-001                  2.0000000041502819E-002                  0.0000000000000000E+000                  3.4678474790742368E+008                  4.1342200861283921E+007                  1.4165101659236897E-002                  2.1631788844596691E-006                  0.0000000000000000E+000                  1.2663574818522378E+000                  1.5312966395949350E+010                  3.3806262581740221E-006                  1.8020571515709010E-011                 -2.7355014197908187E+000                  2.2709862513718524E+000                  2.5095468787316837E+000                  2.6600618765636743E+000 
                                     734                  2.5002330584016019E+000                 -1.4681194093439523E-001                  6.8877489518059933E+000                  3.6453394440648279E-001                  1.5379346410734115E+001                  6.9999922750353316E-001                  2.8000077244921057E-001                  2.0000000047256217E-002                  0.0000000000000000E+000                  3.4674135703863591E+008                  4.1443767605572544E+007                  1.4800700647987912E-002                  2.4625309601640883E-006                  0.0000000000000000E+000                  1.2594734296815713E+000                  1.5314860437058100E+010                  3.3911981380646401E-006                  1.8998843149049982E-011                 -2.7348234174444506E+000                  2.2736487066456839E+000                  2.5122093340055147E+000                  2.6627243318375053E+000 
                                     735                  2.4936726064152723E+000                 -1.4841538172848479E-001                  6.8898826904173314E+000                  3.7277448519292899E-001                  1.5389715113686512E+001                  6.9999919259349275E-001                  2.8000080735270255E-001                  2.0000000053804756E-002                  0.0000000000000000E+000                  3.4669838490276212E+008                  4.1545719281017736E+007                  1.5464489582334019E-002                  2.8031664142450446E-006                  0.0000000000000000E+000                  1.2526373132683168E+000                  1.5317008150884462E+010                  3.4016322660191579E-006                  1.9959450381328347E-011                 -2.7341563188289255E+000                  2.2763184964341692E+000                  2.5148791237940000E+000                  2.6653941216259907E+000 
                                     736                  2.4870355919829006E+000                 -1.5002480645768967E-001                  6.8920192315867563E+000                  3.8101077305595238E-001                  1.5400082505239588E+001                  6.9999915612436658E-001                  2.8000084381437612E-001                  2.0000000061257239E-002                  0.0000000000000000E+000                  3.4665583028486985E+008                  4.1648058723235548E+007                  1.6157704350981208E-002                  3.1907607795607800E-006                  0.0000000000000000E+000                  1.2458491038586958E+000                  1.5319414945315001E+010                  3.4119227759856817E-006                  2.0949504523820027E-011                 -2.7335004035152739E+000                  2.2789956921071290E+000                  2.5175563194669603E+000                  2.6680713172989510E+000 
                                     737                  2.4803213107435473E+000                 -1.5164027487369736E-001                  6.8941586008788844E+000                  3.8924270059731803E-001                  1.5410448504267842E+001                  6.9999911802740111E-001                  2.8000088190286049E-001                  2.0000000069738455E-002                  0.0000000000000000E+000                  3.4661369196783018E+008                  4.1750788816748813E+007                  1.6881634520558887E-002                  3.6317677122692098E-006                  0.0000000000000000E+000                  1.2391087488961292E+000                  1.5322086340097788E+010                  3.4220637308950772E-006                  2.1987735332886864E-011                 -2.7328559533123733E+000                  2.2816803663240615E+000                  2.5202409936838928E+000                  2.6707559915158834E+000 
                                     738                  2.4735290569008321E+000                 -1.5326184773940663E-001                  6.8963008244280273E+000                  3.9747015799782515E-001                  1.5420813027806821E+001                  6.9999907823077079E-001                  2.8000092168983959E-001                  2.0000000079389624E-002                  0.0000000000000000E+000                  3.4657196872969252E+008                  4.1853912494316153E+007                  1.7637625664400587E-002                  4.1335254455606267E-006                  0.0000000000000000E+000                  1.2324161738176402E+000                  1.5325027967711559E+010                  3.4320491310512840E-006                  2.3076416177883929E-011                 -2.7322232518464364E+000                  2.2843725930520535E+000                  2.5229332204118848E+000                  2.6734482182438755E+000 
                                     739                  2.4666581233588962E+000                 -1.5488958686105495E-001                  6.8984459289171953E+000                  4.0569303307012322E-001                  1.5431175991084013E+001                  6.9999903665978025E-001                  2.8000096324984752E-001                  2.0000000090372172E-002                  0.0000000000000000E+000                  3.4653065934159499E+008                  4.1957432736413933E+007                  1.8427081795549919E-002                  4.7043777505567804E-006                  0.0000000000000000E+000                  1.2257712837854964E+000                  1.5328245574429199E+010                  3.4418729271384829E-006                  2.4217913405362465E-011                 -2.7316025838638001E+000                  2.2870724475865103E+000                  2.5256330749463416E+000                  2.6761480727783322E+000 
                                     740                  2.4597078018620055E+000                 -1.5652355512116198E-001                  6.9005939415622812E+000                  4.1391121132016007E-001                  1.5441537307564271E+001                  6.9999899323636439E-001                  2.8000100666076677E-001                  2.0000000102868842E-002                  0.0000000000000000E+000                  3.4648976259443974E+008                  4.2061352570850074E+007                  1.9251467910835551E-002                  5.3538114128259619E-006                  0.0000000000000000E+000                  1.2191739645356978E+000                  1.5331745021574566E+010                  3.4515290179444087E-006                  2.5414726285376468E-011                 -2.7309942355141730E+000                  2.2897800065734955E+000                  2.5283406339333268E+000                  2.6788556317653174E+000 
                                     741                  2.4526773831185609E+000                 -1.5816381651676306E-001                  6.9027448900395978E+000                  4.2212457608071191E-001                  1.5451896889016895E+001                  6.9999894787897377E-001                  2.8000105200393838E-001                  2.0000000117087913E-002                  0.0000000000000000E+000                  3.4644927761095369E+008                  4.2165675068060964E+007                  2.0112312640770836E-002                  6.0926124869383885E-006                  0.0000000000000000E+000                  1.2126240113409674E+000                  1.5335532285958118E+010                  3.4610113611249158E-006                  2.6669483800186816E-011                 -2.7303984875436669E+000                  2.2924953480170860E+000                  2.5310559753769168E+000                  2.6815709732089075E+000 
                                     742                  2.4455661569176068E+000                 -1.5981043620067625E-001                  6.9048988023133679E+000                  4.3033300875441666E-001                  1.5462254645577143E+001                  6.9999890050259572E-001                  2.8000109936413825E-001                  2.0000000133266083E-002                  0.0000000000000000E+000                  3.4640920375640678E+008                  4.2270403332773522E+007                  2.1011210999587606E-002                  6.9330438212590099E-006                  0.0000000000000000E+000                  1.2061210891039849E+000                  1.5339613457440441E+010                  3.4703141553827486E-006                  2.7984921486673788E-011                 -2.7298156041357635E+000                  2.2952185512499526E+000                  2.5337791786097839E+000                  2.6842941764417745E+000 
                                     743                  2.4383734122653991E+000                 -1.6146348051898621E-001                  6.9070557065441687E+000                  4.3853638895985603E-001                  1.5472610485793769E+001                  6.9999885101853399E-001                  2.8000114882979377E-001                  2.0000000151672248E-002                  0.0000000000000000E+000                  3.4636954037489027E+008                  4.2375540501651347E+007                  2.1949827270936608E-002                  7.8890467583886905E-006                  0.0000000000000000E+000                  1.1996648702615604E+000                  1.5343994736140629E+010                  3.4794316987280448E-006                  2.9363887051126603E-011                 -2.7292458421447150E+000                  2.2979496969112687E+000                  2.5365103242711000E+000                  2.6870253221030906E+000 
                                     744                  2.4310984375264066E+000                 -1.6312301704880236E-001                  6.9092156311328745E+000                  4.4673459453403824E-001                  1.5482964316675886E+001                  6.9999879933425280E-001                  2.8000120049313498E-001                  2.0000000172612165E-002                  0.0000000000000000E+000                  3.4633028678136313E+008                  4.2481089745899700E+007                  2.2929898052004100E-002                  8.9764704256795476E-006                  0.0000000000000000E+000                  1.1932550491957232E+000                  1.5348682433811216E+010                  3.4883581479915023E-006                  3.0809356716063733E-011                 -2.7286894663262364E+000                  2.3006888669823211E+000                  2.5392494943421524E+000                  2.6897644921741430E+000 
                                     745                  2.4237405205672071E+000                 -1.6478911463729976E-001                  6.9113786047777204E+000                  4.5492750152219280E-001                  1.5493316043740336E+001                  6.9999874535320983E-001                  2.8000125445035567E-001                  2.0000000196434442E-002                  0.0000000000000000E+000                  3.4629144226689506E+008                  4.2587054274390474E+007                  2.3953235444951534E-002                  1.0213332335861747E-005                  0.0000000000000000E+000                  1.1868913413320152E+000                  1.5353682978049433E+010                  3.4970874940517479E-006                  3.2324446022374026E-011                 -2.7281467509445299E+000                  2.3034361448515703E+000                  2.5419967722114012E+000                  2.6925117700433923E+000 
                                     746                  2.4162989489033526E+000                 -1.6646184344205731E-001                  6.9135446565307124E+000                  4.6311498416805486E-001                  1.5503665571058864E+001                  6.9999868897468531E-001                  2.8000131080178037E-001                  2.0000000223534320E-002                  0.0000000000000000E+000                  3.4625300610386163E+008                  4.2693437336800598E+007                  2.5021730401302261E-002                  1.1620114434407939E-005                  0.0000000000000000E+000                  1.1805734822600886E+000                  1.5359002916822937E+010                  3.5056135613903694E-006                  3.3912414197531215E-011                 -2.7276179798606468E+000                  2.3061916153833355E+000                  2.5447522427431668E+000                  2.6952672405751574E+000 
                                     747                  2.4087730098499973E+000                 -1.6814127497261169E-001                  6.9157138158551801E+000                  4.7129691491124698E-001                  1.5514012801313566E+001                  6.9999863009359864E-001                  2.8000136965204048E-001                  2.0000000254360883E-002                  0.0000000000000000E+000                  3.4621497755106968E+008                  4.2800242226852745E+007                  2.6137356230343481E-002                  1.3220099593748781E-005                  0.0000000000000000E+000                  1.1743012268701738E+000                  1.5364648923070803E+010                  3.5139300077126355E-006                  3.5576665719299751E-011                 -2.7271034466290853E+000                  2.3089553649873258E+000                  2.5475159923471571E+000                  2.6980309901791477E+000 
                                     748                  2.4011619906632475E+000                 -1.6982748213613860E-001                  6.9178861126852382E+000                  4.7947316439191828E-001                  1.5524357635864082E+001                  6.9999856860030563E-001                  2.8000143111026810E-001                  2.0000000289426278E-002                  0.0000000000000000E+000                  3.4617735592663670E+008                  4.2907472285486892E+007                  2.7302172282201755E-002                  1.5039754079522230E-005                  0.0000000000000000E+000                  1.1680743484995031E+000                  1.5370627799443947E+010                  3.5220303235987954E-006                  3.7320754953148299E-011                 -2.7266034546053053E+000                  2.3117274816927398E+000                  2.5502881090525706E+000                  2.7008031068845613E+000 
                                     749                  2.3934651786792513E+000                 -1.7152053928566791E-001                  6.9200615774838843E+000                  4.8764360144590790E-001                  1.5534699974810863E+001                  6.9999850438048794E-001                  2.8000149529020096E-001                  2.0000000329311041E-002                  0.0000000000000000E+000                  3.4614014084599191E+008                  4.3015130903533928E+007                  2.8518327813860742E-002                  1.7109162007956497E-005                  0.0000000000000000E+000                  1.1618926380930157E+000                  1.5376946483307394E+010                  3.5299078320362250E-006                  3.9148396793581977E-011                 -2.7261183170738859E+000                  2.3145080552218453E+000                  2.5530686825816766E+000                  2.7035836804136673E+000 
                                     750                  2.3856818614663844E+000                 -1.7322052226748808E-001                  6.9222402412989252E+000                  4.9580809311281882E-001                  1.5545039717050265E+001                  6.9999843731484013E-001                  2.8000156231048368E-001                  2.0000000374676197E-002                  0.0000000000000000E+000                  3.4610333203346467E+008                  4.3123221525301933E+007                  2.9788066052706563E-002                  1.9462519184738219E-005                  0.0000000000000000E+000                  1.1557559034057858E+000                  1.5383612051617058E+010                  3.5375556881743351E-006                  4.1063478871673019E-011                 -2.7256483573767296E+000                  2.3172971770635078E+000                  2.5558578044233391E+000                  2.7063728022553297E+000 
                                     751                  2.3778113269818459E+000                 -1.7492750846977931E-001                  6.9244221358181433E+000                  5.0396650463838577E-001                  1.5555376760328350E+001                  6.9999836727888509E-001                  2.8000163229484226E-001                  2.0000000426272591E-002                  0.0000000000000000E+000                  3.4606692930751324E+008                  4.3231747651132219E+007                  3.1113728469815215E-002                  2.2138694398398673E-005                  0.0000000000000000E+000                  1.1496639682166474E+000                  1.5390631725657562E+010                  3.5449668791488239E-006                  4.3070063980169396E-011                 -2.7251939090514723E+000                  2.3200949405472495E+000                  2.5586555679070804E+000                  2.7091705657390710E+000 
                                     752                  2.3698528637321674E+000                 -1.7664157687259369E-001                  6.9266072934237961E+000                  5.1211869947135280E-001                  1.5565711001293455E+001                  6.9999829414277903E-001                  2.8000170537226671E-001                  2.0000000484954317E-002                  0.0000000000000000E+000                  3.4603093251959866E+008                  4.3340712841672421E+007                  3.2497759276520329E-002                  2.5181867001488396E-005                  0.0000000000000000E+000                  1.1436166715566185E+000                  1.5398012876073084E+010                  3.5521342241750850E-006                  4.5172391695909875E-011                 -2.7247553159685070E+000                  2.3229014409216080E+000                  2.5614620682814393E+000                  2.7119770661134299E+000 
                                     753                  2.3618057609378513E+000                 -1.7836280809929114E-001                  6.9287957472464621E+000                  5.2026453926064231E-001                  1.5576042335547800E+001                  6.9999821777106341E-001                  2.8000178167724504E-001                  2.0000000551691599E-002                  0.0000000000000000E+000                  3.4599534153931165E+008                  4.3450120721504055E+007                  3.3942710162567204E-002                  2.8642251768856534E-005                  0.0000000000000000E+000                  1.1376138669478464E+000                  1.5405763028088724E+010                  3.5590503750797482E-006                  4.7374892419148883E-011                 -2.7243329324571479E+000                  2.3257167754388770E+000                  2.5642774027987083E+000                  2.7147924006306989E+000 
                                     754                  2.3536693087021723E+000                 -1.8009128446949155E-001                  6.9309875312188778E+000                  5.2840388385472914E-001                  1.5586370657700948E+001                  6.9999813802242172E-001                  2.8000186134999056E-001                  2.0000000627587777E-002                  0.0000000000000000E+000                  3.4596015625932074E+008                  4.3559974982516728E+007                  3.5451245293088948E-002                  3.2576922606926588E-005                  0.0000000000000000E+000                  1.1316554216480352E+000                  1.5413889866837999E+010                  3.5657078166907452E-006                  4.9682199789116184E-011                 -2.7239271234571918E+000                  2.3285410434361267E+000                  2.5671016707959575E+000                  2.7176166686279482E+000 
                                     755                  2.3454427981794925E+000                 -1.8182709005456085E-001                  6.9331826801299403E+000                  5.3653659130332565E-001                  1.5596695861425792E+001                  6.9999805474942511E-001                  2.8000194453667793E-001                  2.0000000713896959E-002                  0.0000000000000000E+000                  3.4592537660034269E+008                  4.3670279387342110E+007                  3.7026146583897510E-002                  3.7050748375340728E-005                  0.0000000000000000E+000                  1.1257412159090687E+000                  1.5422401242822905E+010                  3.5720988672621917E-006                  5.2099152388117416E-011                 -2.7235382646856703E+000                  2.3313743464175678E+000                  2.5699349737773991E+000                  2.7204499716093897E+000 
                                     756                  2.3371255217466969E+000                 -1.8357031073496530E-001                  6.9353812296779962E+000                  5.4466251785472097E-001                  1.5607017839513050E+001                  6.9999796779826584E-001                  2.8000203138968982E-001                  2.0000000812044338E-002                  0.0000000000000000E+000                  3.4589100259228855E+008                  4.3781037772584438E+007                  3.8670319278434034E-002                  4.2137457021664619E-005                  0.0000000000000000E+000                  1.1198711422436971E+000                  1.5431305177577221E+010                  3.5782156789433633E-006                  5.4630801837430485E-011                 -2.7231667428189290E+000                  2.3342167881375491E+000                  2.5727774154973804E+000                  2.7232924133293710E+000 
                                     757                  2.3287167731805272E+000                 -1.8532103425895743E-001                  6.9375832165232643E+000                  5.5278151794606423E-001                  1.5617336483923236E+001                  6.9999787700847738E-001                  2.8000212206787201E-001                  2.0000000923650618E-002                  0.0000000000000000E+000                  3.4585703456850570E+008                  4.3892254051743306E+007                  4.0386797847880435E-002                  4.7920844395654705E-005                  0.0000000000000000E+000                  1.1140451046973801E+000                  1.5440609869635900E+010                  3.5840502381870014E-006                  5.7282435842733435E-011                 -2.7228129556971323E+000                  2.3370684746817516E+000                  2.5756291020415829E+000                  2.7261440998735731E+000 
                                     758                  2.3202158478398833E+000                 -1.8707935030296968E-001                  6.9397886783395411E+000                  5.6089344421161313E-001                  1.5627651685836875E+001                  6.9999778221263242E-001                  2.8000221673681053E-001                  2.0000001050556993E-002                  0.0000000000000000E+000                  3.4582347296274453E+008                  4.4003932219262347E+007                  4.2178752246087164E-002                  5.4496148391741597E-005                  0.0000000000000000E+000                  1.1082630181482882E+000                  1.5450323700411808E+010                  3.5895943666150099E-006                  6.0059590595576006E-011                 -2.7224773125205775E+000                  2.3399295145536971E+000                  2.5784901419135280E+000                  2.7290051397455186E+000 
                                     759                  2.3116220428533398E+000                 -1.8884535053364118E-001                  6.9419976538651946E+000                  5.6899814748279121E-001                  1.5637963335702771E+001                  6.9999768323590084E-001                  2.8000231556924221E-001                  2.0000001194856898E-002                  0.0000000000000000E+000                  3.4579031826974446E+008                  4.4116076353953481E+007                  4.4049494548356993E-002                  6.1971611075392415E-005                  0.0000000000000000E+000                  1.1025248076079379E+000                  1.5460455240027554E+010                  3.5948397222212151E-006                  6.2968022068001470E-011                 -2.7221602340461990E+000                  2.3428000187649096E+000                  2.5813606461247409E+000                  2.7318756439567315E+000 
                                     760                  2.3029346573121265E+000                 -1.9061912867156672E-001                  6.9442101829534302E+000                  5.7709547678407347E-001                  1.5648271323284304E+001                  6.9999757989615286E-001                  2.8000241874491760E-001                  2.0000001358929542E-002                  0.0000000000000000E+000                  3.4575757110926515E+008                  4.4228690621572129E+007                  4.6002486004585778E-002                  7.0470253316271870E-005                  0.0000000000000000E+000                  1.0968304075262845E+000                  1.5471013253496420E+010                  3.5997778002598419E-006                  6.6013707044144575E-011                 -2.7218621528245857E+000                  2.3456801009190298E+000                  2.5842407282788606E+000                  2.7347557261108513E+000 
                                     761                  2.2941529924689421E+000                 -1.9240078055686230E-001                  6.9464263066218672E+000                  5.8518527932751874E-001                  1.5658575537703868E+001                  6.9999747200350593E-001                  2.8000252645101464E-001                  2.0000001545479429E-002                  0.0000000000000000E+000                  3.4572523218295604E+008                  4.4341779278982908E+007                  4.8041344552553059E-002                  8.0131893274770934E-005                  0.0000000000000000E+000                  1.0911797611024241E+000                  1.5482006707136391E+010                  3.6043999345923603E-006                  6.9202934310435706E-011                 -2.7215835134316464E+000                  2.3485698773008674E+000                  2.5871305046606983E+000                  2.7376455024926889E+000 
                                     762                  2.2852763519422661E+000                 -1.9419040421664244E-001                  6.9486460671018788E+000                  5.9326740050814353E-001                  1.5668875867487564E+001                  6.9999735935932050E-001                  2.8000263888309912E-001                  2.0000001757580321E-002                  0.0000000000000000E+000                  3.4569330225536233E+008                  4.4455346678031944E+007                  5.0169852832632811E-002                  9.1115439364026184E-005                  0.0000000000000000E+000                  1.0855728195993888E+000                  1.5493444775175467E+010                  3.6086972995535990E-006                  7.2542341505157471E-011                 -2.7213247726924572E+000                  2.3514694669732159E+000                  2.5900300943330468E+000                  2.7405450921650378E+000 
                                     763                  2.2763040419235043E+000                 -1.9598809993514243E-001                  6.9508695079139295E+000                  6.0134168387276599E-001                  1.5679172200610118E+001                  6.9999724175647804E-001                  2.8000275624479520E-001                  2.0000001998726757E-002                  0.0000000000000000E+000                  3.4566178216140354E+008                  4.4569397270476848E+007                  5.2391966762597671E-002                  1.0360149809942114E-004                  0.0000000000000000E+000                  1.0800095675858894E+000                  1.5505336847036377E+010                  3.6126608601504517E-006                  7.6038856605698094E-011                 -2.7210864030352977E+000                  2.3543789918795910E+000                  2.5929396192394218E+000                  2.7434546170714125E+000 
                                     764                  2.2672353713894853E+000                 -1.9779397032615631E-001                  6.9530966750195207E+000                  6.0940796998892210E-001                  1.5689464424538219E+001                  6.9999711897878025E-001                  2.8000287874832969E-001                  2.0000002272890116E-002                  0.0000000000000000E+000                  3.4563067293844074E+008                  4.4683935668482333E+007                  5.4711825236289188E-002                  1.1779534406038369E-004                  0.0000000000000000E+000                  1.0744910540779671E+000                  1.5517692555018883E+010                  3.6162793305552896E-006                  7.9785605076980109E-011                 -2.7208690154487991E+000                  2.3572985772227235E+000                  2.5958592045825548E+000                  2.7463742024145454E+000 
                                     765                  2.2580696523214701E+000                 -1.9960812041227707E-001                  6.9553276193691209E+000                  6.1746609388278750E-001                  1.5699752426272054E+001                  6.9999699080050581E-001                  2.8000300661490796E-001                  2.0000002584586229E-002                  0.0000000000000000E+000                  3.4559997621096855E+008                  4.4798966777956113E+007                  5.7133761317105174E-002                  1.3393030888042662E-004                  0.0000000000000000E+000                  1.0690196970809835E+000                  1.5530521847211838E+010                  3.6195364696026935E-006                  8.4076425179531054E-011                 -2.7206735215819444E+000                  2.3602283524677734E+000                  2.5987889798276047E+000                  2.7493039776595953E+000 
                                     766                  2.2488061999310807E+000                 -2.0143065771731022E-001                  6.9586931675343298E+000                  6.2951716795655155E-001                  1.5715168004880564E+001                  6.9999678703654777E-001                  2.8000320982398114E-001                  2.0000003139471145E-002                  0.0000000000000000E+000                  3.4555579376146674E+008                  4.4973068934827499E+007                  6.0973171524354088E-002                  1.6244860385095962E-004                  0.0000000000000000E+000                  1.0608194339226076E+000                  1.5544211021603586E+010                  3.6224682546980656E-006                  8.9232410396143432E-011                 -2.7204977058779956E+000                  2.3631680968163620E+000                  2.6017287241761928E+000                  2.7522437220081835E+000 
                                     767                  2.2299833735863386E+000                 -2.0510152474835991E-001                  6.9626099888896018E+000                  6.4358806544143254E-001                  1.5733154542431816E+001                  6.9999653406420725E-001                  2.8000346201100068E-001                  2.0000003924792065E-002                  0.0000000000000000E+000                  3.4550353881679088E+008                  4.5176547003801651E+007                  6.5768696020536477E-002                  2.0328079649300129E-004                  0.0000000000000000E+000                  1.0515567488694488E+000                  1.5572695806083588E+010                  3.6270559110783139E-006                  9.5508388823165363E-011                 -2.7202228748585782E+000                  2.3690797257523015E+000                  2.6076403531121328E+000                  2.7581553509441235E+000 
                                     768                  2.2156046640932523E+000                 -2.0787745149963438E-001                  6.9654154045277403E+000                  6.5362211539257520E-001                  1.5745993480926682E+001                  6.9999634060568772E-001                  2.8000365478748585E-001                  2.0000004606826494E-002                  0.0000000000000000E+000                  3.4546701595536935E+008                  4.5322859880358271E+007                  6.9422768039938382E-002                  2.3858446935149188E-004                  0.0000000000000000E+000                  1.0450452785255198E+000                  1.5594574915553596E+010                  3.6292173266729667E-006                  1.0188293294248065E-010                 -2.7200935121867409E+000                  2.3735423201152961E+000                  2.6121029474751269E+000                  2.7626179453071176E+000 
                                     769                  2.2058930360300666E+000                 -2.0973913634148761E-001                  6.9676683253128351E+000                  6.6163210150614316E-001                  1.5756256239214430E+001                  6.9999617821982696E-001                  2.8000381654220036E-001                  2.0000005237972740E-002                  0.0000000000000000E+000                  3.4543863950515437E+008                  4.5440705671169564E+007                  7.2493433361847354E-002                  2.7123591739504040E-004                  0.0000000000000000E+000                  1.0398747727313484E+000                  1.5610017645903465E+010                  3.6301015973356003E-006                  1.0773060959309978E-010                 -2.7200406099964374E+000                  2.3765308857647072E+000                  2.6150915131245380E+000                  2.7656065109565287E+000 
                                     770                  2.1960799767649628E+000                 -2.1160984916933853E-001                  6.9699255108082472E+000                  6.6963268586832470E-001                  1.5766514032173253E+001                  6.9999600870079215E-001                  2.8000398534369209E-001                  2.0000005955515765E-002                  0.0000000000000000E+000                  3.4541069818096358E+008                  4.5559085324713267E+007                  7.5699949495000737E-002                  3.0835277426621279E-004                  0.0000000000000000E+000                  1.0347659422490330E+000                  1.5626196508049921E+010                  3.6305203318244129E-006                  1.1318452413459907E-010                 -2.7200155633709762E+000                  2.3795304509036761E+000                  2.6180910782635074E+000                  2.7686060760954980E+000 
                                     771                  2.1861648284706106E+000                 -2.1348971637929304E-001                  6.9721870593877115E+000                  6.7762365327702523E-001                  1.5776766744658694E+001                  6.9999583173538327E-001                  2.8000416149332047E-001                  2.0000006771296208E-002                  0.0000000000000000E+000                  3.4538319720637745E+008                  4.5678006611584954E+007                  7.9048536047538615E-002                  3.5054650779351213E-004                  0.0000000000000000E+000                  1.0297207811478226E+000                  1.5642937090573780E+010                  3.6304262534594873E-006                  1.1862187575526967E-010                 -2.7200211904217024E+000                  2.3825413633404851E+000                  2.6211019907003159E+000                  2.7716169885323065E+000 
                                     772                  2.1761469384680914E+000                 -2.1537886770583536E-001                  6.9744530755145657E+000                  6.8560478224751786E-001                  1.5787014261419186E+001                  6.9999564699619821E-001                  2.8000434530501811E-001                  2.0000007698783628E-002                  0.0000000000000000E+000                  3.4535614243049979E+008                  4.5797477691788048E+007                  8.2545738473311148E-002                  3.9851268537575784E-004                  0.0000000000000000E+000                  1.0247412318899800E+000                  1.5660253031348761E+010                  3.6297991107937532E-006                  1.2427687185654399E-010                 -2.7200587050422698E+000                  2.3855638037308924E+000                  2.6241244310907237E+000                  2.7746394289227143E+000 
                                     773                  2.1660256595214920E+000                 -2.1727743634706873E-001                  6.9767236697132731E+000                  6.9357584509208836E-001                  1.5797256467135112E+001                  6.9999545414090503E-001                  2.8000453710579182E-001                  2.0000008753303211E-002                  0.0000000000000000E+000                  3.4532954018854064E+008                  4.5917507118333809E+007                  8.6198451210280275E-002                  4.5304263587240000E-004                  0.0000000000000000E+000                  1.0198291899173992E+000                  1.5678158429794266E+010                  3.6286183672835546E-006                  1.3019634255854042E-010                 -2.7201293527278145E+000                  2.3885979592256663E+000                  2.6271585865854976E+000                  2.7776735844174882E+000 
                                     774                  2.1558003501414964E+000                 -2.1918555909395354E-001                  6.9789989585517507E+000                  7.0153660798454609E-001                  1.5807493246459204E+001                  6.9999525281138997E-001                  2.8000473723631658E-001                  2.0000009952293452E-002                  0.0000000000000000E+000                  3.4530339724291229E+008                  4.6038103841281168E+007                  9.0013943264516560E-002                  5.1503675459207315E-004                  0.0000000000000000E+000                  1.0149865083343310E+000                  1.5696667854136822E+010                  3.6268633471934942E-006                  1.3639269955471727E-010                 -2.7202344037203749E+000                  2.3916440235892034E+000                  2.6302046509490347E+000                  2.7807196487810253E+000 
                                     775                  2.1454703748970023E+000                 -2.2110337646403899E-001                  6.9812790646347862E+000                  7.0948683100977794E-001                  1.5817724484057143E+001                  6.9999504263289813E-001                  2.8000494605150111E-001                  2.0000011315600696E-002                  0.0000000000000000E+000                  3.4527772078761321E+008                  4.6159277212244675E+007                  9.3999886571401153E-002                  5.8551967465632999E-004                  0.0000000000000000E+000                  1.0102150026901491E+000                  1.5715796349681091E+010                  3.6245132626776630E-006                  1.4287891373128697E-010                 -2.7203751533776988E+000                  2.3947021973265161E+000                  2.6332628246863470E+000                  2.7837778225183376E+000 
                                     776                  2.1350351047380380E+000                 -2.2303103283939751E-001                  6.9835641166084841E+000                  7.1742626819982291E-001                  1.5827950064646830E+001                  6.9999482321426865E-001                  2.8000516391991714E-001                  2.0000012865814210E-002                  0.0000000000000000E+000                  3.4525251849219263E+008                  4.6281036989035577E+007                  9.8164387510766171E-002                  6.6565758916437034E-004                  0.0000000000000000E+000                  1.0055164558707406E+000                  1.5735559448036139E+010                  3.6215472051344775E-006                  1.4966862118131790E-010                 -2.7205529248028308E+000                  2.3977726878165857E+000                  2.6363333151764166E+000                  2.7868483130084072E+000 
                                     777                  2.1244939173308550E+000                 -2.2496867660894351E-001                  6.9858542491762989E+000                  7.2535466755850908E-001                  1.5838169873036593E+001                  6.9999459414519816E-001                  2.8000539122615120E-001                  2.0000014628650642E-002                  0.0000000000000000E+000                  3.4522779849976254E+008                  4.6403393341583326E+007                  1.0251602212996640E-001                  7.5677801144660879E-004                  0.0000000000000000E+000                  1.0008926231032602E+000                  1.5755973177234573E+010                  3.6179441359805828E-006                  1.5677626136442063E-010                 -2.7207690716433923E+000                  2.4008557094560121E+000                  2.6394163368158434E+000                  2.7899313346478340E+000 
                                     778                  2.1138461974049436E+000                 -2.2691646031553331E-001                  6.9881496031264723E+000                  7.3327177107017294E-001                  1.5848383794159721E+001                  6.9999435499629348E-001                  2.8000562837031645E-001                  2.0000016633390016E-002                  0.0000000000000000E+000                  3.4520356939859462E+008                  4.6526356859044284E+007                  1.0706387548697996E-001                  8.6039235119122451E-004                  0.0000000000000000E+000                  9.9634523708285438E-001                  1.5777054072779339E+010                  3.6136828768565391E-006                  1.6421704304556998E-010                 -2.7210249810721332E+000                  2.4039514838183949E+000                  2.6425121111782262E+000                  2.7930271090102168E+000 
                                     779                  2.1030913371186335E+000                 -2.2887454080700925E-001                  6.9904503253683679E+000                  7.4117731468235504E-001                  1.5858591713092151E+001                  6.9999410531802408E-001                  2.8000587576859959E-001                  2.0000018913376327E-002                  0.0000000000000000E+000                  3.4517984022936910E+008                  4.6649938557004079E+007                  1.1181758580355936E-001                  9.7822168775407378E-004                  0.0000000000000000E+000                  9.9187601323343444E-001                  1.5798819189669216E+010                  3.6087420991020969E-006                  1.7200686686581377E-010                 -2.7213220769723230E+000                  2.4070602398231160E+000                  2.6456208671829473E+000                  2.7961358650149379E+000 
                                     780                  2.0922287364663452E+000                 -2.3084307938744797E-001                  6.9927565689812106E+000                  7.4907102826851790E-001                  1.5868793515066768E+001                  6.9999384463949299E-001                  2.8000613385414647E-001                  2.0000021506360488E-002                  0.0000000000000000E+000                  3.4515662054646343E+008                  4.6774149885344796E+007                  1.1678739415949194E-001                  1.1122262246488295E-003                  0.0000000000000000E+000                  9.8748665510203404E-001                  1.5821286115459702E+010                  3.6031003125191475E-006                  1.8016243613854165E-010                 -2.7216618233423948E+000                  2.4101822139048474E+000                  2.6487428412646787E+000                  2.7992578390966689E+000 
                                     781                  2.0812578036787470E+000                 -2.3282224197795809E-001                  6.9950684932798692E+000                  7.5695263558392500E-001                  1.5878989085502804E+001                  6.9999357246748217E-001                  2.8000640308167207E-001                  2.0000024450845810E-002                  0.0000000000000000E+000                  3.4513392053654402E+008                  4.6899002737070754E+007                  1.2198420056262484E-001                  1.2646389608892011E-003                  0.0000000000000000E+000                  9.8317885988779408E-001                  1.5844472984583378E+010                  3.5967358533312612E-006                  1.8870150080792449E-010                 -2.7220457279427048E+000                  2.4133176502006108E+000                  2.6518782775604421E+000                  2.8023932753924328E+000 
                                     782                  2.0701779556265372E+000                 -2.3481219928548802E-001                  6.9973862638959936E+000                  7.6482185423076421E-001                  1.5889178310040016E+001                  6.9999328828499519E-001                  2.8000668390965416E-001                  2.0000027805350706E-002                  0.0000000000000000E+000                  3.4511175089999515E+008                  4.7024509458507456E+007                  1.2741962741550428E-001                  1.4380041517540701E-003                  0.0000000000000000E+000                  9.7895432413800298E-001                  1.5868398493513937E+010                  3.5896268714369031E-006                  1.9764281613028805E-010                 -2.7224753461980034E+000                  2.4164668007543297E+000                  2.6550274281141606E+000                  2.8055424259461512E+000 
                                     783                  2.0589886182383110E+000                 -2.3681312697801432E-001                  6.9997100528741321E+000                  7.7267839559760643E-001                  1.5899361074573125E+001                  6.9999299154951811E-001                  2.8000697683240861E-001                  2.0000031618073288E-002                  0.0000000000000000E+000                  3.4509012283558625E+008                  4.7150682860433735E+007                  1.3310609154758560E-001                  1.6349890126078825E-003                  2.9642622167516723E-055                  9.7481474962346548E-001                  1.5893081916931425E+010                  3.5817513168808916E-006                  2.0700590692614000E-010                 -2.7229522853819073E+000                  2.4196299257366674E+000                  2.6581905530964982E+000                  2.8087055509284888E+000 
                                     784                  2.0476892269329303E+000                 -2.3882520586663458E-001                  7.0020400379273910E+000                  7.8052196565502685E-001                  1.5909537265287499E+001                  6.9999268169346629E-001                  2.8000728234690309E-001                  2.0000035959630624E-002                  0.0000000000000000E+000                  3.4506904800146842E+008                  4.7277536183182225E+007                  1.3905688496850802E-001                  1.8593282720122039E-003                  1.4348495214908905E-054                  9.7076112316971352E-001                  1.5918543109266581E+010                  3.5730887422881167E-006                  2.1681112126577387E-010                 -2.7234780986987466E+000                  2.4228072934637099E+000                  2.6613679208235408E+000                  2.8118829186555314E+000 
                                     785                  2.0362792270647070E+000                 -2.4084862209123820E-001                  7.0043763966744921E+000                  7.8835227083533110E-001                  1.5919706768678726E+001                  6.9999235812189664E-001                  2.8000760097850663E-001                  2.0000040899596727E-002                  0.0000000000000000E+000                  3.4504853813865006E+008                  4.7405082786148138E+007                  1.4528626066607001E-001                  2.1145871902095927E-003                  2.0196162437130155E-054                  9.6679022798634673E-001                  1.5944802397491398E+010                  3.5636310229961050E-006                  2.2707987729948044E-010                 -2.7240536344966344E+000                  2.4259991789518209E+000                  2.6645598063116518E+000                  2.8150748041436424E+000 
                                     786                  2.0247580744231652E+000                 -2.4288356727864671E-001                  7.0067192998970524E+000                  7.9616902488828079E-001                  1.5929869471551557E+001                  6.9999202021078988E-001                  2.8000793326763423E-001                  2.0000046521575943E-002                  0.0000000000000000E+000                  3.4502860455504709E+008                  4.7533335779318042E+007                  1.5180952828820823E-001                  2.4050602614268672E-003                  2.8433239642073335E-054                  9.6289741315948141E-001                  1.5971880363668114E+010                  3.5533846681755421E-006                  2.3783486569078893E-010                 -2.7246788879210753E+000                  2.4292058609375125E+000                  2.6677664882973438E+000                  2.8182814861293344E+000 
                                     787                  2.0131252357535554E+000                 -2.4493023867369931E-001                  7.0090689099346557E+000                  8.0397195051989423E-001                  1.5940025261029110E+001                  6.9999166730581308E-001                  2.8000827977366943E-001                  2.0000052920517541E-002                  0.0000000000000000E+000                  3.4500925800696880E+008                  4.7662307931619838E+007                  1.5864316928615743E-001                  2.7356436538052095E-003                  4.0039227000294473E-054                  9.5907813560430633E-001                  1.5999797706603924E+010                  3.5423600919629451E-006                  2.4910009777448502E-010                 -2.7253536467559680E+000                  2.4324276199113926E+000                  2.6709882472712234E+000                  2.8215032451032145E+000 
                                     788                  2.0013801892578296E+000                 -2.4698883927414439E-001                  7.0114253809407572E+000                  8.1176077915164968E-001                  1.5950174024574752E+001                  6.9999129872055332E-001                  2.8000864107548251E-001                  2.0000060203964165E-002                  0.0000000000000000E+000                  3.4499050873496842E+008                  4.7792011680286691E+007                  1.6580497115007595E-001                  3.1119201839247376E-003                  5.6396631121411877E-054                  9.5532795238048840E-001                  1.6028575234192423E+010                  3.5305676888384930E-006                  2.6090085347576585E-010                 -2.7260777288489062E+000                  2.4356647379149812E+000                  2.6742253652748125E+000                  2.8247403631068031E+000 
                                     789                  1.9895224251080015E+000                 -2.4905957797261000E-001                  7.0137888591218127E+000                  8.1953525069372724E-001                  1.5960315650011417E+001                  6.9999091373459010E-001                  2.8000901777004245E-001                  2.0000068495367396E-002                  0.0000000000000000E+000                  3.4497236650582850E+008                  4.7922459139425293E+007                  1.7331418138367141E-001                  3.5402563757378526E-003                  7.9457450906941896E-054                  9.5164251144336187E-001                  1.6058233890504993E+010                  3.5180178589497651E-006                  2.7326373238561703E-010                 -2.7268509801050476E+000                  2.4389174988069264E+000                  2.6774781261667577E+000                  2.8279931239987484E+000 
                                     790                  1.9775514459743690E+000                 -2.5114266970556109E-001                  7.0161594829580745E+000                  8.2729511332545680E-001                  1.5970450025537732E+001                  6.9999051159306847E-001                  2.8000941047167777E-001                  2.0000077935253824E-002                  0.0000000000000000E+000                  3.4495484073978657E+008                  4.8053662107610650E+007                  1.8119168402900079E-001                  4.0279133054372434E-003                  1.1197871255063086E-053                  9.4801754290696549E-001                  1.6088794783063196E+010                  3.5047210369101383E-006                  2.8621687437511510E-010                 -2.7276732722940373E+000                  2.4421861885267697E+000                  2.6807468158866010E+000                  2.8312618137185916E+000 
                                     791                  1.9654667675682329E+000                 -2.5323833560967790E-001                  7.0185373834066054E+000                  8.3504012330197774E-001                  1.5980577039739034E+001                  6.9999009150241487E-001                  2.8000981981344913E-001                  2.0000088684136053E-002                  0.0000000000000000E+000                  3.4493794050293136E+008                  4.8185632074751236E+007                  1.8946020313234269E-001                  4.5831731978326238E-003                  1.5785581079593427E-053                  9.4444885079867247E-001                  1.6120279210070061E+010                  3.4906877189223943E-006                  2.9979020066667750E-010                 -2.7285445009746172E+000                  2.4454710953574024E+000                  2.6840317227172337E+000                  2.8345467205492243E+000 
                                     792                  1.9532679192054785E+000                 -2.5534680318485314E-001                  7.0209226840860284E+000                  8.4277004477014550E-001                  1.5990696581587038E+001                  6.9998965262922619E-001                  2.8001024644827133E-001                  2.0000100922502484E-002                  0.0000000000000000E+000                  3.4492167446404183E+008                  4.8318380228154562E+007                  1.9814453628114892E-001                  5.2154840447544495E-003                  2.2259446539786611E-053                  9.4093230526981919E-001                  1.6152708687478354E+010                  3.4759284884375366E-006                  3.1401549647395800E-010                 -2.7294645835162368E+000                  2.4487725101862683E+000                  2.6873331375460991E+000                  2.8378481353780898E+000 
                                     793                  1.9409544444007332E+000                 -2.5746830646254087E-001                  7.0233155014458335E+000                  8.5048464959175507E-001                  1.6000808540436765E+001                  6.9998919409810911E-001                  2.8001069104120135E-001                  2.0000114860689533E-002                  0.0000000000000000E+000                  3.4490605094419152E+008                  4.8451917457453541E+007                  2.0727182341493319E-001                  5.9356247522920217E-003                  3.1397918974059959E-053                  9.3746383522462873E-001                  1.6186104976297277E+010                  3.4604540401063673E-006                  3.2892641977136903E-010                 -2.7304334572255904E+000                  2.4520907267613579E+000                  2.6906513541211892E+000                  2.8411663519531798E+000 
                                     794                  1.9285259014637657E+000                 -2.5960308618477729E-001                  7.0257159449229176E+000                  8.5818371718468256E-001                  1.6010912806028877E+001                  6.9998871498936677E-001                  2.8001115427196022E-001                  2.0000130738673016E-002                  0.0000000000000000E+000                  3.4489107794922638E+008                  4.8586254359058678E+007                  2.1687185609539572E-001                  6.7558937896100664E-003                  4.4302035866606537E-053                  9.3403942134672346E-001                  1.6220490110337362E+010                  3.4442752021585792E-006                  3.4455856265347851E-010                 -2.7314510775633294E+000                  2.4554260419507967E+000                  2.6939866693106280E+000                  2.8445016671426187E+000 
                                     795                  1.9159818641075406E+000                 -2.6175138999266256E-001                  7.0281241170847979E+000                  8.6586703437799262E-001                  1.6021009268491696E+001                  6.9998821433606373E-001                  2.8001163683755526E-001                  2.0000148826381015E-002                  0.0000000000000000E+000                  3.4487676315827525E+008                  4.8721401240284801E+007                  2.2697743335239579E-001                  7.6903246655806905E-003                  6.2529649796805755E-053                  9.3065508950717790E-001                  1.6255886424333523E+010                  3.4274029576453832E-006                  3.6094965534131539E-010                 -2.7325174164174020E+000                  2.4587787560075398E+000                  2.6973393833673711E+000                  2.8478543811993617E+000 
                                     796                  1.9033219220722124E+000                 -2.6391347262400627E-001                  7.0305401137597290E+000                  8.7353439527861076E-001                  1.6031097818341184E+001                  6.9998769112152892E-001                  2.8001213944445480E-001                  2.0000169434016279E-002                  0.0000000000000000E+000                  3.4486311394125068E+008                  4.8857368122513123E+007                  2.3762477049512704E-001                  8.7549319677074338E-003                  8.8285740765224606E-053                  9.2730690453945641E-001                  1.6292316582504515E+010                  3.4098484645166333E-006                  3.7813985319607483E-010                 -2.7336324604284656E+000                  2.4621491728368272E+000                  2.7007098001966585E+000                  2.8512247980286491E+000 
                                     797                  1.8905456817656077E+000                 -2.6608959612050553E-001                  7.0329640241543485E+000                  8.8118560114845312E-001                  1.6041178346479136E+001                  6.9998714427639452E-001                  2.8001266280870113E-001                  2.0000192914904291E-002                  0.0000000000000000E+000                  3.4485013737739706E+008                  4.8994164743697047E+007                  2.4885396842288204E-001                  9.9679923823225488E-003                  1.2469233673179239E-052                  9.2399096436817418E-001                  1.6329803607653395E+010                  3.3916230743590940E-006                  3.9617193420212435E-010                 -2.7347962093724254E+000                  2.4655376002654918E+000                  2.7040982276253231E+000                  2.8546132254573138E+000 
                                     798                  1.8776527669205356E+000                 -2.6828003004495871E-001                  7.0353959309614762E+000                  8.8882046029873996E-001                  1.6051250744197908E+001                  6.9998657267538766E-001                  2.8001320765195947E-001                  2.0000219672652864E-002                  0.0000000000000000E+000                  3.4483784027205390E+008                  4.9131800560316190E+007                  2.6070955138522833E-001                  1.1350365568742806E-002                  1.7617147677672810E-052                  9.2070339448055438E-001                  1.6368370910886404E+010                  3.3727383499895234E-006                  4.1509149722096625E-010                 -2.7360086745822945E+000                  2.4689443503150805E+000                  2.7075049776749118E+000                  2.8580199755069025E+000 
                                     799                  1.8646428192468736E+000                 -2.7048505171271386E-001                  7.0378359104580444E+000                  8.9643878799861287E-001                  1.6061314903189594E+001                  6.9998597513389393E-001                  2.8001377469817484E-001                  2.0000250167931277E-002                  0.0000000000000000E+000                  3.4482622917233461E+008                  4.9270284748801209E+007                  2.7324108167094191E-001                  1.2925860515878237E-002                  2.4898872943873771E-052                  9.1744034273483466E-001                  1.6408042322108173E+010                  3.3532060820105652E-006                  4.3494725483428983E-010                 -2.7372698773968800E+000                  2.4723697394853805E+000                  2.7109303668452114E+000                  2.8614453646772020E+000 
                                     800                  1.8515154991065716E+000                 -2.7270494643322540E-001                  7.0402840325900655E+000                  9.0404040638272420E-001                  1.6071370715544926E+001                  6.9998535040416487E-001                  2.8001436466926616E-001                  2.0000284926569023E-002                  0.0000000000000000E+000                  3.4481531042331600E+008                  4.9409626206180401E+007                  2.8650386008576040E-001                  1.4721653764417728E-002                  3.5202483588191228E-052                  9.1419797450404106E-001                  1.6448842121382555E+010                  3.3330383041941240E-006                  4.5579129350782513E-010                 -2.7385798476394987E+000                  2.4758140890416795E+000                  2.7143747164015108E+000                  2.8648897142335010E+000 
                                     801                  1.8382704862212127E+000                 -2.7494000776066063E-001                  7.0427403610455377E+000                  9.1162514436408626E-001                  1.6081418073743901E+001                  6.9998469717101852E-001                  2.8001497828047095E-001                  2.0000324548510529E-002                  0.0000000000000000E+000                  3.4480509022403055E+008                  4.9549833550001666E+007                  3.0055972114568830E-001                  1.6768766757985248E-002                  4.9787158250975426E-052                  9.1097246815708133E-001                  1.6490795071202534E+010                  3.3122473077914888E-006                  4.7767931602393079E-010                 -2.7399386221151638E+000                  2.4792777253039047E+000                  2.7178383526637355E+000                  2.8683533504957262E+000 
                                     802                  1.8249074803997822E+000                 -2.7719053775637587E-001                  7.0452049533168228E+000                  9.1919283756477743E-001                  1.6091456870643423E+001                  6.9998401404910215E-001                  2.8001561623172000E-001                  2.0000369719177846E-002                  0.0000000000000000E+000                  3.4479557459049237E+008                  4.9690915117707856E+007                  3.1547792972593114E-001                  1.9102610542071050E-002                  7.0438862303184107E-052                  9.0776001088488611E-001                  1.6533926449532679E+010                  3.2908456554499731E-006                  5.0067118424651218E-010                 -2.7413462430761921E+000                  2.4827609799424137E+000                  2.7213216073022446E+000                  2.8718366051342352E+000 
                                     803                  1.8114262022868797E+000                 -2.7945684726388825E-001                  7.0476778607527706E+000                  9.2674332824891237E-001                  1.6101486999461340E+001                  6.9998329957568828E-001                  2.8001627920312877E-001                  2.0000421221182951E-002                  0.0000000000000000E+000                  3.4478676932437503E+008                  4.9832878965437956E+007                  3.3133619012413712E-001                  2.1763607181262627E-002                  9.9691581125267457E-052                  9.0455679486144058E-001                  1.6578262083841070E+010                  3.2688461945113911E-006                  5.2483166992266661E-010                 -2.7428027566639948E+000                  2.4862641902815965E+000                  2.7248248176414274E+000                  2.8753398154734180E+000 
                                     804                  1.7978263941338437E+000                 -2.8173925619663176E-001                  7.0501591286026137E+000                  9.3427646526496289E-001                  1.6111508353763064E+001                  6.9998255220539074E-001                  2.8001696784717411E-001                  2.0000479947435146E-002                  0.0000000000000000E+000                  3.4477868001378536E+008                  4.9975732866274133E+007                  3.4822176840216690E-001                  2.4797898479753638E-002                  1.4114179842427363E-051                  9.0135901398232010E-001                  1.6623828386453522E+010                  3.2462620683941132E-006                  5.5023102322380250E-010                 -2.7443082114071999E+000                  2.4897876996111150E+000                  2.7283483269709459E+000                  2.8788633248029365E+000 
                                     805                  1.7841078205746754E+000                 -2.8403809384241985E-001                  7.0526487975097840E+000                  9.4179210252482448E-001                  1.6121520827457321E+001                  6.9998177030439812E-001                  2.8001768277775047E-001                  2.0000546917851469E-002                  0.0000000000000000E+000                  3.4477131214631218E+008                  5.0119484392250367E+007                  3.6623273528224953E-001                  2.8258155701496982E-002                  1.9989568370534773E-051                  8.9816392991497462E-001                  1.6670652419824347E+010                  3.2231035141137145E-006                  5.7694563379846076E-010                 -2.7458628731689840E+000                  2.4933318578740518E+000                  2.7318924852338826E+000                  2.8824074830658732E+000 
                                     806                  1.7702702694070189E+000                 -2.8635369919327291E-001                  7.0551469098698263E+000                  9.4929009253685059E-001                  1.6131524314785409E+001                  6.9998095214218725E-001                  2.8001842456072645E-001                  2.0000623297086295E-002                  0.0000000000000000E+000                  3.4476467157961839E+008                  5.0264141279793479E+007                  3.8547934336591216E-001                  3.2204510237008148E-002                  2.8320535577472380E-051                  8.9497233244646013E-001                  1.6718762087234022E+010                  3.1993670842564539E-006                  6.0505906613644064E-010                 -2.7474679638090214E+000                  2.4968970239605204E+000                  2.7354576513203517E+000                  2.8859726491523423E+000 
                                     807                  1.7563135524228599E+000                 -2.8868642132136135E-001                  7.0576535157833353E+000                  9.5677028034076350E-001                  1.6141518710298879E+001                  6.9998009588296128E-001                  2.8001919370140399E-001                  2.0000710415634781E-002                  0.0000000000000000E+000                  3.4475876498437697E+008                  5.0409711777809389E+007                  4.0608551228689677E-001                  3.6705619317966620E-002                  4.0137455271517223E-051                  8.9178571292006359E-001                  1.6768186412350540E+010                  3.1750364324035482E-006                  6.3466325839690702E-010                 -2.7491256434850504E+000                  2.5004835691661951E+000                  2.7390441965260259E+000                  2.8895591943580166E+000 
                                     808                  1.7422375062688555E+000                 -2.9103661980534390E-001                  7.0601686740970582E+000                  9.6423250243433878E-001                  1.6151503908838084E+001                  6.9997919957539045E-001                  2.8001999063081096E-001                  2.0000809793798591E-002                  0.0000000000000000E+000                  3.4475359992726135E+008                  5.0556204715205327E+007                  4.2819038116631541E-001                  4.1839878943166500E-002                  5.6904815152744926E-051                  8.8860553310781687E-001                  1.6818955717672127E+010                  3.1500931037385905E-006                  6.6585990833959873E-010                 -2.7508383050349821E+000                  2.5040918793715652E+000                  2.7426525067313965E+000                  2.8931675045633871E+000 
                                     809                  1.7280419933338540E+000                 -2.9340466518340380E-001                  7.0626924524298325E+000                  9.7167658673436497E-001                  1.6161479805513075E+001                  6.9997826114027006E-001                  2.8002081569201337E-001                  2.0000923167716511E-002                  0.0000000000000000E+000                  3.4474918489015561E+008                  5.0703629510186039E+007                  4.5194990111898709E-001                  4.7696807460240291E-002                  8.0704903167402127E-051                  8.8543322934375635E-001                  1.6871101690701664E+010                  3.1245188008883308E-006                  6.9876232178632514E-010                 -2.7526084288736277E+000                  2.5077223557594710E+000                  2.7462829831193023E+000                  2.8967979809512929E+000 
                                     810                  1.7137269026651227E+000                 -2.9579093942873036E-001                  7.0652249272099628E+000                  9.7910235253012678E-001                  1.6171446295687812E+001                  6.9997727835548029E-001                  2.8002166912365128E-001                  2.0001052520868479E-002                  0.0000000000000000E+000                  3.4474552930330175E+008                  5.0851996180361927E+007                  4.7753841383237716E-001                  5.4378624443213168E-002                  1.1449957737670862E-050                  8.8227021677043316E-001                  1.6924657433259296E+010                  3.0982953971971772E-006                  7.3349788176526161E-010                 -2.7544385890829775E+000                  2.5113754153025560E+000                  2.7499360426623869E+000                  2.9004510404943780E+000 
                                     811                  1.6992921509119308E+000                 -2.9819583644933156E-001                  7.0677661837254284E+000                  9.8650961043405538E-001                  1.6181403274972574E+001                  6.9997624883716536E-001                  2.8002255104215451E-001                  2.0001200120680185E-002                  0.0000000000000000E+000                  3.4474264353000432E+008                  5.1001315353531934E+007                  5.0515013432424360E-001                  6.2002051704080109E-002                  1.6250348049878898E-050                  8.7911789369517157E-001                  1.6979657513949596E+010                  3.0714049515430267E-006                  7.7021110010507656E-010                 -2.7563314599604367E+000                  2.5150514912796607E+000                  2.7536121186394920E+000                  2.9041271164714826E+000 
                                     812                  1.6847376832850560E+000                 -3.0061976261575696E-001                  7.0703163161860694E+000                  9.9389816232234218E-001                  1.6191350639221049E+001                  6.9997517001659071E-001                  2.8002346142614193E-001                  2.0001368557267307E-002                  0.0000000000000000E+000                  3.4474053890350991E+008                  5.1151598279350668E+007                  5.3500042327701192E-001                  7.0700366840760698E-002                  2.3071639374402402E-050                  8.7597764605214923E-001                  1.7036138024083340E+010                  3.0438297250277769E-006                  8.0906748322679809E-010                 -2.7582898230514563E+000                  2.5187510338259034E+000                  2.7573116611857347E+000                  2.9078266590177253E+000 
                                     813                  1.6700634745567235E+000                 -3.0306313731451673E-001                  7.0728754277959789E+000                  1.0012678012677467E+000                  1.6201288284524743E+001                  6.9997403911207734E-001                  2.8002440009699553E-001                  2.0001560790927186E-002                  0.0000000000000000E+000                  3.4473922774396062E+008                  5.1302856841712758E+007                  5.6732669515841738E-001                  8.0625742974669595E-002                  3.2768295449736390E-050                  8.7285085197630141E-001                  1.7094136637094881E+010                  3.0155522005041936E-006                  8.5025880752350240E-010                 -2.7603165746519434E+000                  2.5224745105129194E+000                  2.7610351378727502E+000                  2.9115501357047409E+000 
                                     814                  1.6552695300997853E+000                 -3.0552639352936095E-001                  7.0754436308368671E+000                  1.0086183114712073E+000                  1.6211216107207697E+001                  6.9997285308878099E-001                  2.8002536670628353E-001                  2.0001780204935482E-002                  0.0000000000000000E+000                  3.4473872332967484E+008                  5.1455103571745925E+007                  6.0238878570623677E-001                  9.1951912763780300E-002                  4.6557738607866239E-050                  8.6973888648835262E-001                  1.7153692671431026E+010                  2.9865551052030406E-006                  8.9400982354855832E-010                 -2.7624147338177680E+000                  2.5262224069606272E+000                  2.7647830343204580E+000                  2.9152980321524486E+000 
                                     815                  1.6403558869626804E+000                 -3.0800997845303896E-001                  7.0780210467629958E+000                  1.0159494681812202E+000                  1.6221134003823419E+001                  6.9997160861303065E-001                  2.8002636072100479E-001                  2.0002030665964510E-002                  0.0000000000000000E+000                  3.4473903990656465E+008                  5.1608351661615498E+007                  6.4046851762414814E-001                  1.0487719878717883E-001                  6.6175308501457612E-050                  8.6664312628115425E-001                  1.7214847157310566E+010                  2.9568214362139983E-006                  9.4058634719984704E-010                 -2.7645874509612391E+000                  2.5299952274835813E+000                  2.7685558548434126E+000                  2.9190708526754032E+000 
                                     816                  1.6253226149817361E+000                 -3.1051435413156803E-001                  7.0806078063078717E+000                  1.0232610376091080E+000                  1.6231041871154066E+001                  6.9997030199098054E-001                  2.8002738141504174E-001                  2.0002316593977776E-002                  0.0000000000000000E+000                  3.4474019269814259E+008                  5.1762614978930615E+007                  6.8186820503060652E-001                  1.1962795681302933E-001                  9.4095747862899417E-050                  8.6356495459921212E-001                  1.7277642907673531E+010                  2.9263344893186058E-006                  9.9030545426125056E-010                 -2.7668380170679687E+000                  2.5337934957736521E+000                  2.7723541231334834E+000                  2.9228691209654740E+000 
                                     817                  1.6101698179320971E+000                 -3.1303999814320832E-001                  7.0832040496025179E+000                  1.0305527768378466E+000                  1.6240939606209750E+001                  6.9996892909192732E-001                  2.8002842786731413E-001                  2.0002643040758494E-002                  0.0000000000000000E+000                  3.4474219792753398E+008                  5.1917908081923045E+007                  7.2690777301473375E-001                  1.3646248326362470E-001                  1.3384995856345325E-049                  8.6050576621703512E-001                  1.7342124593431931E+010                  2.8950778915827925E-006                  1.0435482840456655E-009                 -2.7691698735797536E+000                  2.5376177556211053E+000                  2.7761783829809361E+000                  2.9266933808129267E+000 
                                     818                  1.5948976347265142E+000                 -3.1558740431316967E-001                  7.0858099263060135E+000                  1.0378244337262879E+000                  1.6250827106228432E+001                  6.9996748525117580E-001                  2.8002949896898988E-001                  2.0003015779834321E-002                  0.0000000000000000E+000                  3.4474507283656567E+008                  5.2074246235205114E+007                  7.7592016691320254E-001                  1.5567544209510528E-001                  1.9047826223322739E-049                  8.5746697250696580E-001                  1.7408338823250790E+010                  2.8630356374679780E-006                  1.1007756303438345E-009                 -2.7715866230448474E+000                  2.5414685716743843E+000                  2.7800291990342152E+000                  2.9305441968662058E+000 
                                     819                  1.5795062406559308E+000                 -3.1815708346782573E-001                  7.0884255957504454E+000                  1.0450757468130352E+000                  1.6260704268680854E+001                  6.9996596514831622E-001                  2.8003059344102987E-001                  2.0003441410653910E-002                  0.0000000000000000E+000                  3.4474883566134387E+008                  5.2231645425751269E+007                  8.2924473887764216E-001                  1.7760287038466294E-001                  2.7117938424405028E-049                  8.5445000658547676E-001                  1.7476334228136021E+010                  2.8301921279950498E-006                  1.1625466614831846E-009                 -2.7740920406661527E+000                  2.5453465302403258E+000                  2.7839071576001566E+000                  2.9344221554321472E+000 
                                     820                  1.5639958486675440E+000                 -3.2074956423213152E-001                  7.0910512271016737E+000                  1.0523064452198017E+000                  1.6270570991280941E+001                  6.9996436265597095E-001                  2.8003170986909864E-001                  2.0003927474930405E-002                  0.0000000000000000E+000                  3.4475350562450308E+008                  5.2390122379729547E+007                  8.8721836662320142E-001                  2.0262782576280494E-001                  3.8624025490119255E-049                  8.5145632852510411E-001                  1.7546161551164024E+010                  2.7965322124556294E-006                  1.2295409400118096E-009                 -2.7766900868964277E+000                  2.5492522401297446E+000                  2.7878128674895755E+000                  2.9383278653215661E+000 
                                     821                  1.5483667106885173E+000                 -3.2336539387207353E-001                  7.0936869995371801E+000                  1.0595162485529894E+000                  1.6280427171999282E+001                  6.9996267065373474E-001                  2.8003284675621248E-001                  2.0004482590052719E-002                  0.0000000000000000E+000                  3.4475910292443824E+008                  5.2549694579962224E+007                  9.5016419362760152E-001                  2.3118674018522778E-001                  5.5036903424805003E-049                  8.4848743061698340E-001                  1.7617873742671768E+010                  2.7620412319105729E-006                  1.3025836691257334E-009                 -2.7793849212679800E+000                  2.5531863335514102E+000                  2.7917469609112411E+000                  2.9422619587432317E+000 
                                     822                  1.5326191189978597E+000                 -3.2600513918518115E-001                  7.0963331024434124E+000                  1.0667048668026464E+000                  1.6290272709080408E+001                  6.9996088080428798E-001                  2.8003400259453759E-001                  2.0005116601174433E-002                  0.0000000000000000E+000                  3.4476564871751738E+008                  5.2710380284082927E+007                  1.0183780795584023E+000                  2.6377654465870415E-001                  7.8460755316744532E-049                  8.4554484266463248E-001                  1.7691526061292820E+010                  2.7267050632687834E-006                  1.3826739799143584E-009                 -2.7821809177035681E+000                  2.5571494670567372E+000                  2.7957100944165680E+000                  2.9462250922485587E+000 
                                     823                  1.5167534076473224E+000                 -3.2866938744266444E-001                  7.0989897356345475E+000                  1.0738720002359969E+000                  1.6300107501060520E+001                  6.9995898328490058E-001                  2.8003517596252508E-001                  2.0005840752574278E-002                  0.0000000000000000E+000                  3.4477316509181958E+008                  5.2872198543375820E+007                  1.0921131906821084E+000                  3.0096262548560049E-001                  1.1190767587752885E-048                  8.4263013728557712E-001                  1.7767176181282433E+010                  2.6905101624432923E-006                  1.4710156164146207E-009                 -2.7850826816108789E+000                  2.5611423225391645E+000                  2.7997029498989954E+000                  2.9502179477309860E+000 
                                     824                  1.5007699539461306E+000                 -3.3135874738473847E-001                  7.1016571093076930E+000                  1.0810173395693135E+000                  1.6309931446779895E+001                  6.9995696647314520E-001                  2.8003636564545098E-001                  2.0006667881403817E-002                  0.0000000000000000E+000                  3.4478167501228189E+008                  5.3035169204903185E+007                  1.1715635128651081E+000                  3.4338766243003738E-001                  1.5969209464693402E-048                  8.3974475158987782E-001                  1.7844884300569054E+010                  2.6534442337932478E-006                  1.5690487363932856E-009                 -2.7880950176521888E+000                  2.5651656082181176E+000                  2.8037262355779489E+000                  2.9542412334099395E+000 
                                     825                  1.4846691800200624E+000                 -3.3407385026982583E-001                  7.1043354400161176E+000                  1.0881405702040061E+000                  1.6319744445401131E+001                  6.9995481658720970E-001                  2.8003757077714558E-001                  2.0007612635644767E-002                  0.0000000000000000E+000                  3.4479120197118717E+008                  5.3199312668839432E+007                  1.2568474130350398E+000                  3.9178132624130169E-001                  2.2799779131070549E-048                  8.3688762857053367E-001                  1.7924713165689129E+010                  2.6155050543669958E-006                  1.6784814173021307E-009                 -2.7912222181888375E+000                  2.5692200586082339E+000                  2.8077806859680647E+000                  2.9582956838000554E+000 
                                     826                  1.4684515544042527E+000                 -3.3681535096311693E-001                  7.1070249438860413E+000                  1.0952413792876603E+000                  1.6329546396438715E+001                  6.9995251727992369E-001                  2.8003879100076307E-001                  2.0008691719313187E-002                  0.0000000000000000E+000                  3.4480176938252652E+008                  5.3364649470398843E+007                  1.3479929071815802E+000                  4.4697080758486923E-001                  3.2569338165943743E-048                  8.3405587811652826E-001                  1.8006727961493217E+010                  2.5767065481314179E-006                  1.8013191741071684E-009                 -2.7944675194370143E+000                  2.5733064328333479E+000                  2.8118670601931792E+000                  2.9623820580251699E+000 
                                     827                  1.4521175936900619E+000                 -3.3958392904580342E-001                  7.1097258336922140E+000                  1.1023194588705565E+000                  1.6339337199788865E+001                  6.9995004919246573E-001                  2.8004002664045136E-001                  2.0009924167082915E-002                  0.0000000000000000E+000                  3.4481340025687730E+008                  5.3531200091078699E+007                  1.4449267392928056E+000                  5.0989222066778561E-001                  4.6550608981715074E-048                  8.3124657787936140E-001                  1.8090996229321438E+010                  2.5370703273885716E-006                  1.9398900399840654E-009                 -2.7978337470013819E+000                  2.5774255132237651E+000                  2.8159861405835964E+000                  2.9665011384155870E+000 
                                     828                  1.4356678642333829E+000                 -3.4238028997076553E-001                  7.1124383188786702E+000                  1.1093745060856173E+000                  1.6349116755756704E+001                  6.9994738947605017E-001                  2.8004127887372332E-001                  2.0011331650226505E-002                  0.0000000000000000E+000                  3.4482611708122551E+008                  5.3698984948135927E+007                  1.5474694152201280E+000                  5.8160281251745161E-001                  6.6571267939307959E-048                  8.2845680878963579E-001                  1.8177587933112576E+010                  2.4966192610419665E-006                  2.0968626432048276E-009                 -2.8013238416469495E+000                  2.5815781056575107E+000                  2.8201387330173420E+000                  2.9706537308493326E+000 
                                     829                  1.4191029839267617E+000                 -3.4520516628754871E-001                  7.1151626056352217E+000                  1.1164062232771157E+000                  1.6358884965079820E+001                  6.9994451129294721E-001                  2.8004254989133598E-001                  2.0012938815716863E-002                  0.0000000000000000E+000                  3.4483994169554806E+008                  5.3868024386778772E+007                  1.6553380866699279E+000                  6.6329376786572747E-001                  9.5257648319515160E-048                  8.2568364872247035E-001                  1.8266575595703876E+010                  2.4553773675632409E-006                  2.2752550922428945E-009                 -2.8049408757917536E+000                  2.5857650407193478E+000                  2.8243256680791791E+000                  2.9748406659111697E+000 
                                     830                  1.4024236240409178E+000                 -3.4805931894166919E-001                  7.1178988969568655E+000                  1.1234143181380689E+000                  1.6368641728940702E+001                  6.9994138331049294E-001                  2.8004384303000096E-001                  2.0014773659506102E-002                  0.0000000000000000E+000                  3.4485489517727268E+008                  5.4038338670889296E+007                  1.7681586745910458E+000                  7.5630333925299231E-001                  1.3638631089495542E-047                  8.2292416651294142E-001                  1.8358034445068333E+010                  2.4133698510990555E-006                  2.4784331503263267E-009                 -2.8086880584855347E+000                  2.5899871749411019E+000                  2.8285478023009327E+000                  2.9790628001329238E+000 
                                     831                  1.3856305111630423E+000                 -3.5094353864952899E-001                  7.1206473926818701E+000                  1.1303985038613260E+000                  1.6378386948972686E+001                  6.9993796920451756E-001                  2.8004516286224185E-001                  2.0016867933240645E-002                  0.0000000000000000E+000                  3.4487099772613013E+008                  5.4209947972309016E+007                  1.8854876360117965E+000                  8.6212986370398914E-001                  1.9539149269541619E-047                  8.2017541640534841E-001                  1.8452042569723671E+010                  2.3706231374754076E-006                  2.7100973451777649E-009                 -2.8125687405823081E+000                  2.5942453921059996E+000                  2.8328060194658309E+000                  2.9833210172978215E+000 
                                     832                  1.3687244291951755E+000                 -3.5385864736169093E-001                  7.1234082895034962E+000                  1.1373584993185004E+000                  1.6388120527270956E+001                  6.9993422718064446E-001                  2.8004651523559487E-001                  2.0019257583760663E-002                  0.0000000000000000E+000                  3.4488826856478608E+008                  5.4382872358739920E+007                  2.0068426276909861E+000                  9.8244404234553417E-001                  2.8009816386468403E-047                  8.1743443303392371E-001                  1.8548681084174053E+010                  2.3271649160520245E-006                  2.9742592587997101E-009                 -2.8165864195312080E+000                  2.5985406046325528E+000                  2.8371012319923836E+000                  2.9876162298243742E+000 
                                     833                  1.3517062214166267E+000                 -3.5680549982092802E-001                  7.1261817809434920E+000                  1.1442940292680979E+000                  1.6397842366404650E+001                  6.9993010953180657E-001                  2.8004790724768436E-001                  2.0021983220509076E-002                  0.0000000000000000E+000                  3.4490672584588277E+008                  5.4557131779676087E+007                  2.1317398308419593E+000                  1.1190995876261833E+000                  4.0178169428965446E-047                  8.1469822705515205E-001                  1.8648034305063076E+010                  2.2830241929676577E-006                  3.2752077437796485E-009                 -2.8207447431561778E+000                  2.6028737550419474E+000                  2.8414343824017787E+000                  2.9919493802337693E+000 
                                     834                  1.3345767926258931E+000                 -3.5978498522003166E-001                  7.1289680572740091E+000                  1.1512048245994546E+000                  1.6407552369426345E+001                  6.9992556223784697E-001                  2.8004934715802671E-001                  2.0025090604126383E-002                  0.0000000000000000E+000                  3.4492638652573574E+008                  5.4732746048978046E+007                  2.2597346317228344E+000                  1.2741410044029255E+000                  5.7670086395092953E-047                  8.1196378156337468E-001                  1.8750189938657074E+010                  2.2382313599606391E-006                  3.6174669105263917E-009                 -2.8250475118169325E+000                  2.6072458175059481E+000                  2.8458064448657794E+000                  2.9963214426977700E+000 
                                     835                  1.3173371113661092E+000                 -3.6279802896700802E-001                  7.1317673053752584E+000                  1.1580906226240804E+000                  1.6417250439878803E+001                  6.9992052461225551E-001                  2.8005084424374543E-001                  2.0028631143998998E-002                  0.0000000000000000E+000                  3.4494726626697099E+008                  5.4909734824342549E+007                  2.3904615529087514E+000                  1.4498068256420349E+000                  8.2831707902884367E-047                  8.0922804943264959E-001                  1.8855239280259941E+010                  2.1928182800103700E-006                  4.0057474537656497E-009                 -2.8294986785202734E+000                  2.6116577994791554E+000                  2.8502184268389863E+000                  3.0007334246709769E+000 
                                     836                  1.2999882122378081E+000                 -3.6584559456583282E-001                  7.1345797085173572E+000                  1.1649511674209323E+000                  1.6426936481797028E+001                  6.9991492900159291E-001                  2.8005240860943709E-001                  2.0032662388969946E-002                  0.0000000000000000E+000                  3.4496937935278237E+008                  5.5088117582754239E+007                  2.5236691927605741E+000                  1.6485260834515232E+000                  1.1905098171313074E-046                  8.0648795173357513E-001                  1.8963277426303780E+010                  2.1468183850956072E-006                  4.4448909507757856E-009                 -2.8341023470615658E+000                  2.6161107434219613E+000                  2.8546713707817926E+000                  3.0051863686137832E+000 
                                     837                  1.2825311983105383E+000                 -3.6892868562053799E-001                  7.1374054460589589E+000                  1.1717862102385481E+000                  1.6436610399704463E+001                  6.9990870054381904E-001                  2.8005405097073166E-001                  2.0037248485449299E-002                  0.0000000000000000E+000                  3.4499273861108059E+008                  5.5267913591516025E+007                  2.6592464930569135E+000                  1.8729050793847986E+000                  1.7122379989114114E-046                  8.0374037737508641E-001                  1.9074403500072411E+010                  2.1002667739114025E-006                  4.9398044384353388E-009                 -2.8388627690427519E+000                  2.6206057286170590E+000                  2.8591663559768898E+000                  3.0096813538088805E+000 
                                     838                  1.2649672436332122E+000                 -3.7204834797306757E-001                  7.1402446930626677E+000                  1.1785955099511634E+000                  1.6446272098607203E+001                  6.9990175699869517E-001                  2.8005578243250778E-001                  2.0042460568796994E-002                  0.0000000000000000E+000                  3.4501735535287374E+008                  5.5449141875178531E+007                  2.7972378273378666E+000                  2.1257007362681444E+000                  2.4643038510146283E-046                  8.0098218411770450E-001                  1.9188720892528584E+010                  2.0532002897517673E-006                  5.4953798070398108E-009                 -2.8437843415613782E+000                  2.6251438730905687E+000                  2.8637045004503996E+000                  3.0142194982823902E+000 
                                     839                  1.2472975958399386E+000                 -3.7520567198715488E-001                  7.1430976198350162E+000                  1.1853788335500015E+000                  1.6455921483985957E+001                  6.9989400867628904E-001                  2.8005761428282439E-001                  2.0048377040886578E-002                  0.0000000000000000E+000                  3.4504323934540313E+008                  5.5631821179619342E+007                  2.9378458865686721E+000                  2.4097757871269807E+000                  3.5491735791438188E-046                  7.9821020109935514E-001                  1.9306337520370975E+010                  2.0056575508955617E-006                  6.1163893284724434E-009                 -2.8488716085521997E+000                  2.6297263356573239E+000                  2.8682869630171552E+000                  3.0188019608491459E+000 
                                     840                  1.2295235788624503E+000                 -3.7840179498906162E-001                  7.1459643914089970E+000                  1.1921359566333132E+000                  1.6465558461783925E+001                  6.9988535850108524E-001                  2.8005955782631492E-001                  2.0055083672599894E-002                  0.0000000000000000E+000                  3.4507039883475590E+008                  5.5815969935422435E+007                  3.0814229759019858E+000                  2.7280299849104210E+000                  5.1152468397954875E-046                  7.9542123300439416E-001                  1.9427366104214050E+010                  1.9576686099760732E-006                  6.7970571513125384E-009                 -2.8541304113837467E+000                  2.6343543181146640E+000                  2.8729149454744949E+000                  3.0234299433064860E+000 
                                     841                  1.2116465957552824E+000                 -3.8163790387844321E-001                  7.1488451670008946E+000                  1.1988666638322221E+000                  1.6475182938389594E+001                  6.9987570227989493E-001                  2.8006162426709041E-001                  2.0062673453014712E-002                  0.0000000000000000E+000                  3.4509884057436663E+008                  5.6001606223617382E+007                  3.2284526024836695E+000                  3.0833003258543612E+000                  7.3776067380706459E-046                  7.9261206599221623E-001                  1.9551924471021683E+010                  1.9092341897088079E-006                  7.5002818745028192E-009                 -2.8595703985427661E+000                  2.6390290676186994E+000                  2.8775896949785307E+000                  3.0281046928105213E+000 
                                     842                  1.1936681316403082E+000                 -3.8491523792441529E-001                  7.1510161788533608E+000                  1.2039081535108342E+000                  1.6482405098415324E+001                  6.9986776297096198E-001                  2.8006325854022796E-001                  2.0068978488810063E-002                  0.0000000000000000E+000                  3.4512086190359992E+008                  5.6141895766023062E+007                  3.3414767610685132E+000                  3.3760703928130864E+000                  9.7160001247435697E-046                  7.9049372301595100E-001                  1.9679882373234085E+010                  1.8603007543262373E-006                  8.1629858782773906E-009                 -2.8652084189164713E+000                  2.6437522040494370E+000                  2.8823128314092679E+000                  3.0328278292412585E+000 
                                     843                  1.1846289442073377E+000                 -3.8657201507074951E-001                  7.1524672448154618E+000                  1.2072535032816072E+000                  1.6487207904536010E+001                  6.9986207023068869E-001                  2.8006439463823118E-001                  2.0073535131080122E-002                  0.0000000000000000E+000                  3.4513604895828623E+008                  5.6235848054519102E+007                  3.4181685502704391E+000                  3.5838362338406462E+000                  1.1674770605723107E-045                  7.8907118053543723E-001                  1.9745361521628544E+010                  1.8359213799380649E-006                  8.7647331107587746E-009                 -2.8680729603119790E+000                  2.6461354541492472E+000                  2.8846960815090781E+000                  3.0352110793410687E+000 
                                     844                  1.1755897567743674E+000                 -3.8823503873370324E-001                  7.1539218734009902E+000                  1.2105920522349749E+000                  1.6492007426591030E+001                  6.9985606105375575E-001                  2.8006556815578498E-001                  2.0078370790459266E-002                  0.0000000000000000E+000                  3.4515155951254642E+008                  5.6330180608368561E+007                  3.4960211193390718E+000                  3.8021952469030169E+000                  1.4030939584468751E-045                  7.8764236869301818E-001                  1.9811749486784092E+010                  1.8114517647382147E-006                  9.2868522634700961E-009                 -2.8709866129253840E+000                  2.6485245272969586E+000                  2.8870851546567899E+000                  3.0376001524887806E+000 
                                     845                  1.1665014432590231E+000                 -3.8991355694045643E-001                  7.1553801298469120E+000                  1.2139239275057663E+000                  1.6496803865677315E+001                  6.9984975681052997E-001                  2.8006677592630580E-001                  2.0083467263164234E-002                  0.0000000000000000E+000                  3.4516740414675421E+008                  5.6424899571129061E+007                  3.5752226916271685E+000                  4.0316209023416016E+000                  1.6865749545448371E-045                  7.8620722714808011E-001                  1.9879298576164230E+010                  1.7867970526704885E-006                  9.7836477048599577E-009                 -2.8739623862851227E+000                  2.6509328055189285E+000                  2.8894934328787598E+000                  3.0400084307107504E+000 
                                     846                  1.1574131297436789E+000                 -3.9159871123139178E-001                  7.1568419856739496E+000                  1.2172489733841059E+000                  1.6501596995881496E+001                  6.9984304897463967E-001                  2.8006802943817261E-001                  2.0088921587187780E-002                  0.0000000000000000E+000                  3.4518355664105004E+008                  5.6520001738351911E+007                  3.6558068035881837E+000                  4.2715840543557881E+000                  2.0276955902612541E-045                  7.8476570163042070E-001                  1.9947662352034256E+010                  1.7621344258657031E-006                  1.0293946283570192E-008                 -2.8769804820752527E+000                  2.6533475037882459E+000                  2.8919081311480772E+000                  3.0424231289800678E+000 
                                     847                  1.1482765652749813E+000                 -3.9329966836261604E-001                  7.1583075085315153E+000                  1.2205672841646866E+000                  1.6506387021830129E+001                  6.9983604642603447E-001                  2.8006931697177251E-001                  2.0094636602193017E-002                  0.0000000000000000E+000                  3.4520005370121723E+008                  5.6615495652451120E+007                  3.7378921086023160E+000                  4.5231302187399596E+000                  2.4382656778731174E-045                  7.8331774354049866E-001                  2.0017223799405754E+010                  1.7373388539031615E-006                  1.0824305985478604E-008                 -2.8800577338311526E+000                  2.6557816893475881E+000                  2.8943423167074194E+000                  3.0448573145394100E+000 
                                     848                  1.1391400008062840E+000                 -3.9500767076070320E-001                  7.1597757306464906E+000                  1.2238766109085077E+000                  1.6511170670601111E+001                  6.9982861816197117E-001                  2.8007065162079858E-001                  2.0100730217230245E-002                  0.0000000000000000E+000                  3.4521685016140050E+008                  5.6711316077946462E+007                  3.8215128728633836E+000                  4.7851233055514948E+000                  2.9321555870101288E-045                  7.8186423331879917E-001                  2.0087635690215633E+010                  1.7125508465258335E-006                  1.1379080353180067E-008                 -2.8831782626074700E+000                  2.6582227576548911E+000                  2.8967833850147224E+000                  3.0472983828467131E+000 
                                     849                  1.1299678210013220E+000                 -3.9672959338567249E-001                  7.1612485944674740E+000                  1.2271812618434483E+000                  1.6515954223563416E+001                  6.9982081218823866E-001                  2.8007202886592325E-001                  2.0107158945838144E-002                  0.0000000000000000E+000                  3.4523398986017746E+008                  5.6807592656114407E+007                  3.9068663702186166E+000                  5.0584314289254309E+000                  3.5271662461361256E-045                  7.8040324383293069E-001                  2.0159191766307915E+010                  1.6876681342018196E-006                  1.1952583600101484E-008                 -2.8863564748429438E+000                  2.6606804616426998E+000                  2.8992410890025311E+000                  3.0497560868345217E+000 
                                     850                  1.1207722153858839E+000                 -3.9846339864065927E-001                  7.1627251600381747E+000                  1.2304790425844698E+000                  1.6520734529829525E+001                  6.9981259964698361E-001                  2.8007345127584160E-001                  2.0113949077174786E-002                  0.0000000000000000E+000                  3.4525145767632169E+008                  5.6904264672640413E+007                  3.9939927694304096E+000                  5.3425500911638082E+000                  4.2437103011778383E-045                  7.7893566753393095E-001                  2.0231820044058289E+010                  1.6627206484431032E-006                  1.2538867936841695E-008                 -2.8895903549544553E+000                  2.6631518175332145E+000                  2.9017124448930458E+000                  3.0522274427250364E+000 
                                     851                  1.1115534301067791E+000                 -4.0020928267975420E-001                  7.1642054476084116E+000                  1.2337699265642350E+000                  1.6525511577969240E+001                  6.9980396610861428E-001                  2.8007492031250725E-001                  2.0121113578878469E-002                  0.0000000000000000E+000                  3.4526925499666166E+008                  5.7001334527035564E+007                  4.0829831657347944E+000                  5.6371801873225476E+000                  5.1067755222242046E-045                  7.7746145459779981E-001                  2.0305540647235027E+010                  1.6377202900030810E-006                  1.3147062090409107E-008                 -2.8928801351953792E+000                  2.6656370264765452E+000                  2.9041976538363761E+000                  3.0547126516683667E+000 
                                     852                  1.1023117177243720E+000                 -4.0196744631775827E-001                  7.1656894777969820E+000                  1.2370538866007723E+000                  1.6530285356568040E+001                  6.9979489775836523E-001                  2.8007643748358402E-001                  2.0128664758050752E-002                  0.0000000000000000E+000                  3.4528738351177460E+008                  5.7098804672830015E+007                  4.1739273664682521E+000                  5.9418867589565076E+000                  6.1465216910158303E-045                  7.7598055510763631E-001                  2.0380374264376656E+010                  1.6126800704848041E-006                  1.3787578740682584E-008                 -2.8962258905163729E+000                  2.6681362965873983E+000                  2.9066969239472291E+000                  3.0572119217792197E+000 
                                     853                  1.0930473373360960E+000                 -4.0373809517965525E-001                  7.1671772716509503E+000                  1.2403309121768540E+000                  1.6535055854226353E+001                  6.9978533605868687E-001                  2.8007801262249310E-001                  2.0136651318820031E-002                  0.0000000000000000E+000                  3.4530583195911354E+008                  5.7196676479757488E+007                  4.2668262795604823E+000                  6.2555530149940237E+000                  7.3993597595983481E-045                  7.7449291169227108E-001                  2.0456341766163010E+010                  1.5876000472904592E-006                  1.4457998177610528E-008                 -2.8996294484141876E+000                  2.6706498367770628E+000                  2.9092104641368941E+000                  3.0597254619688847E+000 
                                     854                  1.0837605547031548E+000                 -4.0552143978463756E-001                  7.1686688507858207E+000                  1.2436009634236365E+000                  1.6539823059555729E+001                  6.9977529771939884E-001                  2.8007964169209953E-001                  2.0145060588501629E-002                  0.0000000000000000E+000                  3.4532461122327048E+008                  5.7294953260151930E+007                  4.3618463066622084E+000                  6.5776541317966117E+000                  8.9092531205408676E-045                  7.7299847729391369E-001                  2.0533464907791050E+010                  1.5624982897277706E-006                  1.5174408010684581E-008                 -2.9030902246758470E+000                  2.6731778640156869E+000                  2.9117384913755182E+000                  3.0622534892075088E+000 
                                     855                  1.0744516423795329E+000                 -4.0731769582449467E-001                  7.1701642374612744E+000                  1.2468640130298625E+000                  1.6544586961180993E+001                  6.9976476426088563E-001                  2.8008133134107549E-001                  2.0153904398038880E-002                  0.0000000000000000E+000                  3.4534372219402349E+008                  5.7393637515818059E+007                  4.4590741826975080E+000                  6.9071361737853136E+000                  1.0729298834080868E-044                  7.7149719763199243E-001                  2.0611766436234764E+010                  1.5377366217975722E-006                  1.6296875486788320E-008                 -2.9065590213098913E+000                  2.6757206046444244E+000                  2.9142812320042553E+000                  3.0647962298362459E+000 
                                     856                  1.0651208798427727E+000                 -4.0912708427890959E-001                  7.1716634546492131E+000                  1.2501201519696115E+000                  1.6549347547739881E+001                  6.9975338758983197E-001                  2.8008326911940595E-001                  2.0163343290762081E-002                  0.0000000000000000E+000                  3.4536307372228575E+008                  5.7492723931925938E+007                  4.5583581281604610E+000                  7.2400603748943810E+000                  1.2923669754512964E-044                  7.6998896140799411E-001                  2.0691266603391083E+010                  1.5161242023659620E-006                  2.0632743863949894E-008                 -2.9096326097105933E+000                  2.6782782575795623E+000                  2.9168388849393936E+000                  3.0673538827713842E+000 
                                     857                  1.0557685536293648E+000                 -4.1094983108813810E-001                  7.1731665258908803E+000                  1.2533704854520260E+000                  1.6554104807860643E+001                  6.9973788000236870E-001                  2.8008805177224383E-001                  2.0174068225387476E-002                  0.0000000000000000E+000                  3.4538178058137745E+008                  5.7592139902067162E+007                  4.6590177049658452E+000                  7.5610397966804017E+000                  1.5570397623526169E-044                  7.6847313959015795E-001                  2.0771959171185436E+010                  1.5096731371653887E-006                  4.0189794829823433E-008                 -2.9105585363175792E+000                  2.6808507436098705E+000                  2.9194113709697018E+000                  3.0699263688016925E+000 
                                     858                  1.0463949574736096E+000                 -4.1278616299515636E-001                  7.1746734729293919E+000                  1.2566228400719914E+000                  1.6558858729950927E+001                  6.9969546436387897E-001                  2.8011439603058702E-001                  2.0190139605533952E-002                  0.0000000000000000E+000                  3.4539369650509703E+008                  5.7691365863209888E+007                  4.7565526531736522E+000                  7.7795009964743986E+000                  1.8767929936222965E-044                  7.6694567863024987E-001                  2.0853652473622253E+010                  1.5447650220351580E-006                  1.0132373575069394E-007                 -2.9055687864026201E+000                  2.6834360506921682E+000                  2.9219966780519990E+000                  3.0725116758839897E+000 
                                     859                  1.0370003924499027E+000                 -4.1463627870619790E-001                  7.1761843127348897E+000                  1.2599011053211835E+000                  1.6563609300726593E+001                  6.9955664271548723E-001                  2.8022053818648746E-001                  2.0222819098025369E-002                  0.0000000000000000E+000                  3.4538009162716532E+008                  5.7788809856741354E+007                  4.8381037864058865E+000                  7.6156927552098166E+000                  2.2649339699560211E-044                  7.6539426636215446E-001                  2.0935605524214947E+010                  1.6413549584780118E-006                  2.2391894688805613E-007                 -2.8923987442576689E+000                  2.6860264426924054E+000                  2.9245870700522363E+000                  3.0751020678842269E+000 
                                     860                  1.0275851671185194E+000                 -4.1650027822466390E-001                  7.1776990749137166E+000                  1.2632299258278203E+000                  1.6568356500680302E+001                  6.9924946371018815E-001                  2.8046818218784092E-001                  2.0282354101970990E-002                  0.0000000000000000E+000                  3.4532161950143677E+008                  5.7882818557791963E+007                  4.8898489492662227E+000                  6.7352617981448262E+000                  2.7387632466085084E-044                  7.6380602016408750E-001                  2.1016669846720081E+010                  1.7661089586333380E-006                  3.7462300581039766E-007                 -2.8764912532462983E+000                  2.6886098773387843E+000                  2.9271705046986152E+000                  3.0776855025306058E+000 
                                     861                  1.0181495976750539E+000                 -4.1837815522225658E-001                  7.1792178541404255E+000                  1.2665909528837807E+000                  1.6573100299275161E+001                  6.9882654504588615E-001                  2.8081556549398284E-001                  2.0357889460131062E-002                  0.0000000000000000E+000                  3.4523255053018904E+008                  5.7974597185995825E+007                  4.9196803580064907E+000                  5.2677320398224223E+000                  3.3165324491005036E-044                  7.6218981026934218E-001                  2.1096718962262272E+010                  1.8266943517907239E-006                  4.6136605299678470E-007                 -2.8691670570394998E+000                  2.6911847582003681E+000                  2.9297453855601989E+000                  3.0802603833921895E+000 
                                     862                  1.0086940081036038E+000                 -4.2026998092479800E-001                  7.1815026727297360E+000                  1.2715808554169410E+000                  1.6580198805546274E+001                  6.9827151569791324E-001                  2.8127621873189196E-001                  2.0452265570194861E-002                  0.0000000000000000E+000                  3.4512168332102263E+008                  5.8114829199408352E+007                  4.9836108274387074E+000                  3.1317576539208067E+000                  4.4171121411365745E-044                  7.5976195367098964E-001                  2.1177771473779354E+010                  1.7539507701475716E-006                  4.1547456910014143E-007                 -2.8779913002835356E+000                  2.6937701477166334E+000                  2.9323307750764642E+000                  3.0828457729084553E+000 
                                     863                  9.8972410440219594E-001                 -4.2409678405856505E-001                  7.1845667471192582E+000                  1.2780941457038943E+000                  1.6589665505843048E+001                  6.9789069931540582E-001                  2.8159424734660504E-001                  2.0515053337989198E-002                  0.0000000000000000E+000                  3.4507273076458460E+008                  5.8311838246055551E+007                  5.1710722908111046E+000                  1.5209104584652458E+000                  6.4557667569827218E-044                  7.5656019219133031E-001                  2.1348134965506912E+010                  1.5524696277151309E-006                  2.7048547722915046E-007                 -2.9044884437704570E+000                  2.6990309120787326E+000                  2.9375915394385634E+000                  3.0881065372705541E+000 
                                     864                  9.7067820972824181E-001                 -4.2798391873318903E-001                  7.1876503321306995E+000                  1.2844858313308365E+000                  1.6599118047953787E+001                  6.9776383721896151E-001                  2.8170027425275385E-001                  2.0535888528284696E-002                  0.0000000000000000E+000                  3.4509478121085185E+008                  5.8516723470342502E+007                  5.4429261979287196E+000                  9.5701131381299687E-001                  9.4209652093938472E-044                  7.5336476687823761E-001                  2.1529406890921070E+010                  1.3505009363577264E-006                  1.2765907662574861E-007                 -2.9347525551811184E+000                  2.7044146204285431E+000                  2.9429752477883744E+000                  3.0934902456203650E+000 
                                     865                  9.5155921289913914E-001                 -4.3193447020734188E-001                  7.1903664472045152E+000                  1.2900264769707968E+000                  1.6607384499711873E+001                  6.9773779293290827E-001                  2.8172117382961887E-001                  2.0541033237472917E-002                  0.0000000000000000E+000                  3.4513907188768470E+008                  5.8699776973974206E+007                  5.7117477288065688E+000                  8.6521390808176157E-001                  1.3117259477634577E-043                  7.5055089965968824E-001                  2.1719798391401169E+010                  1.2076323063959919E-006                  4.5341910258556457E-008                 -2.9590326386567662E+000                  2.7099021138136390E+000                  2.9484627411734698E+000                  3.0989777390054605E+000 
                                     866                  9.3717169285397139E-001                 -4.3494109584101553E-001                  7.1930962816507575E+000                  1.2955240319675225E+000                  1.6615626510488163E+001                  6.9772508441470871E-001                  2.8173093926244225E-001                  2.0543976322848989E-002                  0.0000000000000000E+000                  3.4518916284188855E+008                  5.8884641651042245E+007                  5.9918794477001276E+000                  8.4064914971875537E-001                  1.8273306863880714E-043                  7.4770622593313985E-001                  2.1867740419473831E+010                  1.1308650647336162E-006                  1.4474867883008668E-008                 -2.9732946060861893E+000                  2.7140754734964849E+000                  2.9526361008563162E+000                  3.1031510986883069E+000 
                                     867                  9.1793224787216776E-001                 -4.3900921847650654E-001                  7.1962373075418444E+000                  1.3017760637423641E+000                  1.6625039527675771E+001                  6.9771870603534836E-001                  2.8173576759796670E-001                  2.0545526366684941E-002                  0.0000000000000000E+000                  3.4525122003106302E+008                  5.9098262032139041E+007                  6.3263147525931309E+000                  8.8707889751970370E-001                  2.6725363888069972E-043                  7.4441657773262526E-001                  2.2071298587611073E+010                  1.0604145736111034E-006                  5.6842658999969107E-009                 -2.9872621561261150E+000                  2.7197101152963721E+000                  2.9582707426562034E+000                  3.1087857404881940E+000 
                                     868                  8.9862839352363399E-001                 -4.4314829826355051E-001                  7.1994003285528709E+000                  1.3079901292599485E+000                  1.6634438043644582E+001                  6.9771521230865963E-001                  2.8173850283116691E-001                  2.0546284860173403E-002                  0.0000000000000000E+000                  3.4531701541453952E+008                  5.9314224723679207E+007                  6.6730878384324175E+000                  9.7889485854071057E-001                  3.9138605649586967E-043                  7.4108227899694579E-001                  2.2281946329142555E+010                  9.9656309995806731E-007                  3.9651067979880837E-009                 -3.0007475988098937E+000                  2.7254276817511580E+000                  2.9639883091109889E+000                  3.1145033069429795E+000 
                                     869                  8.7926357815642109E-001                 -4.4736125090388001E-001                  7.2025859450070904E+000                  1.3141662911448471E+000                  1.6643821990827814E+001                  6.9771247694417826E-001                  2.8174071632488373E-001                  2.0546806730938005E-002                  0.0000000000000000E+000                  3.4538608874836999E+008                  5.9532539517844200E+007                  7.0312590857793706E+000                  1.0959607813944201E+000                  5.7397220707519463E-043                  7.3770118652390104E-001                  2.2500107055986446E+010                  9.4696817842467741E-007                  1.6912739037148447E-008                 -3.0118323073129174E+000                  2.7312305638083898E+000                  2.9697911911682207E+000                  3.1203061890002113E+000 
                                     870                  8.5984141493143529E-001                 -4.5165116293067925E-001                  7.2057947814115968E+000                  1.3203131316476702E+000                  1.6653191308293067E+001                  6.9768283807682707E-001                  2.8176982634994630E-001                  2.0547335573226633E-002                  0.0000000000000000E+000                  3.4545124692103058E+008                  5.9752630639510445E+007                  7.3728135744444616E+000                  1.2033342534112603E+000                  8.4323107140327681E-043                  7.3426737282971699E-001                  2.2725884420473186E+010                  9.3436983222654536E-007                  6.7213061560289865E-008                 -3.0147405959832638E+000                  2.7371196443817447E+000                  2.9756802717415756E+000                  3.1261952695735662E+000 
                                     871                  8.4036568916850751E-001                 -4.5602121839117715E-001                  7.2090274190158787E+000                  1.3265090450289887E+000                  1.6662545934478477E+001                  6.9739018183627643E-001                  2.8206317842571710E-001                  2.0546639738006522E-002                  0.0000000000000000E+000                  3.4545022652353042E+008                  5.9969093711836189E+007                  7.2443095973440785E+000                  1.1733840703334084E+000                  1.2446643939380688E-042                  7.3073685969393076E-001                  2.2957324933108940E+010                  9.4881697621360687E-007                  1.4467311824522434E-007                 -3.0114087767612294E+000                  2.7430763136308101E+000                  2.9816369409906414E+000                  3.1321519388226320E+000 
                                     872                  8.2084036613490741E-001                 -4.6047397753575514E-001                  7.2114716898730684E+000                  1.3311790782413437E+000                  1.6669566850244518E+001                  6.9705614324228160E-001                  2.8239948904744266E-001                  2.0544367710275679E-002                  0.0000000000000000E+000                  3.4542147094202793E+008                  6.0130671609522969E+007                  6.0309925573099719E+000                  1.1825468599058513E+000                  1.6716561869304858E-042                  7.2803365568907119E-001                  2.3193466243490311E+010                  9.2800626658230616E-007                  1.8732295751185454E-007                 -3.0162245455473968E+000                  2.7490933808403555E+000                  2.9876540082001863E+000                  3.1381690060321774E+000 
                                     873                  8.1105498271303789E-001                 -4.6273351709997518E-001                  7.2131068142421570E+000                  1.3342455582809174E+000                  1.6674233058816924E+001                  6.9691319842651156E-001                  2.8254361291290669E-001                  2.0543188660581801E-002                  0.0000000000000000E+000                  3.4542450958032900E+008                  6.0240870815861501E+007                  5.2666029380124542E+000                  1.2378850991851000E+000                  2.0333537938081026E-042                  7.2623174715668659E-001                  2.3315043716627224E+010                  8.7023996022404429E-007                  1.6204974362461633E-007                 -3.0301804891895752E+000                  2.7521404731083430E+000                  2.9907011004681738E+000                  3.1412160983001645E+000 
                                     874                  8.0126959929116870E-001                 -4.6501260637158726E-001                  7.2147485739595369E+000                  1.3372800200159516E+000                  1.6678895360089147E+001                  6.9683397898226329E-001                  2.8262356642319042E-001                  2.0542454594546289E-002                  0.0000000000000000E+000                  3.4544532695315558E+008                  6.0353213959996536E+007                  4.8139159002754770E+000                  1.3224552121990529E+000                  2.4724261380830072E-042                  7.2442863622825004E-001                  2.3440272859459686E+010                  7.7888636009985612E-007                  1.0373903714126056E-007                 -3.0542629507411938E+000                  2.7552213183924703E+000                  2.9937819457523012E+000                  3.1442969435842918E+000 
                                     875                  7.9146366918296396E-001                 -4.6731676617278084E-001                  7.2163972671371210E+000                  1.3402907397423380E+000                  1.6683554052444102E+001                  6.9679375633735974E-001                  2.8266419110563279E-001                  2.0542052557007473E-002                  0.0000000000000000E+000                  3.4547742409966618E+008                  6.0467156540500641E+007                  4.6201550912622302E+000                  1.4234169679554498E+000                  3.0062292649887977E-042                  7.2261936697414453E-001                  2.3568981530608368E+010                  6.9730563008541794E-007                  5.5649501588502512E-008                 -3.0782884141312574E+000                  2.7583400598019092E+000                  2.9969006871617401E+000                  3.1474156849937307E+000 
                                     876                  7.8165773907475922E-001                 -4.6964188800732370E-001                  7.2188791917299202E+000                  1.3447648690749354E+000                  1.6690519767489665E+001                  6.9676475360029111E-001                  2.8269349932810917E-001                  2.0541747071599725E-002                  0.0000000000000000E+000                  3.4553569932087964E+008                  6.0639822659617379E+007                  4.5568058487110283E+000                  1.5947162519021896E+000                  4.0304386143059048E-042                  7.1988926712313150E-001                  2.3700749238162022E+010                  6.3429793251811271E-007                  2.6356859320224740E-008                 -3.0988533520873616E+000                  2.7614872327898112E+000                  3.0000478601496425E+000                  3.1505628579816332E+000 
                                     877                  7.6200934227127726E-001                 -4.7436654156338343E-001                  7.2222195624571057E+000                  1.3506954346267614E+000                  1.6699814418250828E+001                  6.9675673652694070E-001                  2.8270160689396751E-001                  2.0541656579091794E-002                  0.0000000000000000E+000                  3.4562521627020186E+008                  6.0873708018929929E+007                  4.7198556431362038E+000                  1.8588122512373164E+000                  5.9703344524338053E-042                  7.1620260824045534E-001                  2.3972830439017628E+010                  5.5009403943277932E-007                  1.0096444207650012E-008                 -3.1297815304204790E+000                  2.7678736367354033E+000                  3.0064342640952346E+000                  3.1569492619272252E+000 
                                     878                  7.4232918201266984E-001                 -4.7919117157961028E-001                  7.2251695937392171E+000                  1.3558511190647222E+000                  1.6707943334142762E+001                  6.9675541336021674E-001                  2.8270294568692139E-001                  2.0541640952861817E-002                  0.0000000000000000E+000                  3.4570868444653392E+008                  6.1081139746341221E+007                  4.9271188740382588E+000                  2.1266317994299793E+000                  8.4360278461173646E-042                  7.1293016371203366E-001                  2.4255584568291546E+010                  4.7446955416884369E-007                  2.8018240993765447E-009                 -3.1618958251069524E+000                  2.7743784647320973E+000                  3.0129390920919286E+000                  3.1634540899239192E+000 
                                     879                  7.2755193124484141E-001                 -4.8287796531224064E-001                  7.2275035217313048E+000                  1.3598748876963938E+000                  1.6714319869324274E+001                  6.9675512852167276E-001                  2.8270323397990521E-001                  2.0541637498421972E-002                  0.0000000000000000E+000                  3.4577692820599174E+008                  6.1245762984671094E+007                  5.1078587530618984E+000                  2.3647027433196670E+000                  1.1080482813291832E-041                  7.1032939985293519E-001                  2.4475088363140923E+010                  4.2082564657704329E-007                  5.8159423510585761E-010                 -3.1879489003165555E+000                  2.7793358594150517E+000                  3.0178964867748825E+000                  3.1684114846068732E+000 
                                     880                  7.1522287073899948E-001                 -4.8599811302848606E-001                  7.2296371452479056E+000                  1.3635107744306205E+000                  1.6720106839449890E+001                  6.9675504258369159E-001                  2.8270332098060824E-001                  2.0541636435700172E-002                  0.0000000000000000E+000                  3.4584094062002003E+008                  6.1396645521645427E+007                  5.2824391087578588E+000                  2.6049162872873444E+000                  1.4208176379697646E-041                  7.0794312852035035E-001                  2.4663295481738335E+010                  3.7742012431963723E-007                  1.4076604191075827E-010                 -3.2115874733256629E+000                  2.7835219142795271E+000                  3.0220825416393584E+000                  3.1725975394713490E+000 
                                     881                  7.0289381023315756E-001                 -4.8916011595371672E-001                  7.2317833196194536E+000                  1.3671274773851227E+000                  1.6725887473492556E+001                  6.9675501457226185E-001                  2.8270334934469316E-001                  2.0541636083045045E-002                  0.0000000000000000E+000                  3.4590688097311717E+008                  6.1548787582709216E+007                  5.4662294457749621E+000                  2.8704896193945411E+000                  1.8234217798339369E-041                  7.0553501035394151E-001                  2.4856259467977898E+010                  3.3430975400502279E-007                  4.3052059712210503E-011                 -3.2379254760041047E+000                  2.7877553857003732E+000                  3.0263160130602040E+000                  3.1768310108921947E+000 
                                     882                  6.9055272737386464E-001                 -4.9236878257400818E-001                  7.2348037835705776E+000                  1.3721466133293583E+000                  1.6733952380204617E+001                  6.9675500200789064E-001                  2.8270336206994540E-001                  2.0541635922163959E-002                  0.0000000000000000E+000                  3.4600239903171659E+008                  6.1763539720120944E+007                  5.7386093437856385E+000                  3.2894443579496260E+000                  2.5877288232478057E-041                  7.0213258904214670E-001                  2.5054521604770466E+010                  2.9118334997704649E-007                  1.3554906163360020E-011                 -3.2679167309223311E+000                  2.7920421724055973E+000                  3.0306027997654281E+000                  3.1811177975974188E+000 
                                     883                  6.6833334679044976E-001                 -4.9826149317656232E-001                  7.2376454043449989E+000                  1.3767983059625231E+000                  1.6741469823874699E+001                  6.9675500056210216E-001                  2.8270336353479125E-001                  2.0541635903106537E-002                  0.0000000000000000E+000                  3.4609506818995655E+008                  6.1966252591098368E+007                  6.0103737606959404E+000                  3.7377477088839055E+000                  3.5931421099143276E-041                  6.9892087364275879E-001                  2.5424027110525650E+010                  2.1350754813845099E-007                  3.7513099174335205E-012                 -3.3352933833711611E+000                  2.7998923930281117E+000                  3.0384530203879425E+000                  3.1889680182199331E+000 
                                     884                  6.5845504906632824E-001                 -5.0093130837186040E-001                  7.2401670308840300E+000                  1.3808635317000373E+000                  1.6748078370048031E+001                  6.9675500006392177E-001                  2.8270336403962182E-001                  2.0541635896456412E-002                  0.0000000000000000E+000                  3.4617977513004619E+008                  6.2146688173125930E+007                  6.2648777434915850E+000                  4.1850544085931398E+000                  4.8037531237266680E-041                  6.9606063322987288E-001                  2.5593919176840912E+010                  1.7895002367077577E-007                  8.3880831183564207E-013                 -3.3736341199136390E+000                  2.8034392644443553E+000                  3.0419998918041866E+000                  3.1925148896361772E+000 
                                     885                  6.3993069644213663E-001                 -5.0602587468016380E-001                  7.2436015012450907E+000                  1.3863104551627665E+000                  1.6756989730844015E+001                  6.9675499995206713E-001                  2.8270336415300523E-001                  2.0541635894927635E-002                  0.0000000000000000E+000                  3.4629883987182319E+008                  6.2393277686430804E+007                  6.6334443658424238E+000                  4.8791608273369835E+000                  7.1244223072975193E-041                  6.9215334039060983E-001                  2.5922883517530960E+010                  1.1413207987425246E-007                  1.6778387128942126E-013                 -3.4712961341704363E+000                  2.8101900809338458E+000                  3.0487507082936771E+000                  3.1992657061256677E+000 
                                     886                  6.2017475438126923E-001                 -5.1159263657161513E-001                  7.2471853294124431E+000                  1.3918820649893309E+000                  1.6766176972943200E+001                  6.9675499993556000E-001                  2.8270336416974384E-001                  2.0541635894696153E-002                  0.0000000000000000E+000                  3.4642777661230350E+008                  6.2651621236651979E+007                  7.0474614288863817E+000                  5.7229181325356686E+000                  1.0730902873291737E-040                  6.8806360745072792E-001                  2.6288506828843067E+010                  4.5024302717794768E-008                  3.9245747488034598E-014                 -3.6732765021432643E+000                  2.8175419736129741E+000                  3.0561026009728054E+000                  3.2066175988047960E+000 
                                     887                  6.0042879523145865E-001                 -5.1730383245968248E-001                  7.2498940704986268E+000                  1.3960476687670842E+000                  1.6773075632869489E+001                  6.9675499993385381E-001                  2.8270336417147462E-001                  2.0541635894671506E-002                  0.0000000000000000E+000                  3.4652764724002117E+008                  6.2847586472821981E+007                  7.3827486725466240E+000                  6.4539328215164620E+000                  1.4610305245693488E-040                  6.8497849498749996E-001                  2.6669715181266216E+010                 -1.0968107209343312E-014                  6.1983867553370258E-015                 -9.8999999999999986E+001                  2.8250541959584985E+000                  3.0636148233183293E+000                  3.2141298211503200E+000 
                                     888                  5.9056431981021562E-001                 -5.2021530068170996E-001                  7.2516962945739403E+000                  1.3988120453149371E+000                  1.6777658500347144E+001                  6.9675499993295942E-001                  2.8270336417238195E-001                  2.0541635894658627E-002                  0.0000000000000000E+000                  3.4659486334601593E+008                  6.2978306819147199E+007                  7.6176169388487507E+000                  6.9904153334154930E+000                  1.7933137282405149E-040                  6.8293521581142569E-001                  2.6866161278822735E+010                 -2.9548271297838164E-014                  1.3335059402308793E-015                 -9.8999999999999986E+001                  2.8288684534568236E+000                  3.0674290808166549E+000                  3.2179440786486455E+000 
                                     889                  5.8069984438897260E-001                 -5.2316748143846881E-001                  7.2534968979538856E+000                  1.4015742465178780E+000                  1.6782237610288810E+001                  6.9675499993216039E-001                  2.8270336417319286E-001                  2.0541635894646748E-002                  0.0000000000000000E+000                  3.4666247020412844E+008                  6.3109180084164292E+007                  7.8623983941954378E+000                  7.5702720149872409E+000                  2.2001259693339547E-040                  6.8090332583239743E-001                  2.7066681098199425E+010                 -4.1159292474661494E-014                  7.9156332589495834E-016                 -9.8999999999999986E+001                  2.8327228793638994E+000                  3.0712835067237307E+000                  3.2217985045557214E+000 
                                     890                  5.7084756118174329E-001                 -5.2615807643658186E-001                  7.2552960582589803E+000                  1.4043345274783805E+000                  1.6786813397378165E+001                  6.9675499993141288E-001                  2.8270336417395164E-001                  2.0541635894635535E-002                  0.0000000000000000E+000                  3.4673047616042244E+008                  6.3240219053663902E+007                  8.1176564983864008E+000                  8.1969726146236574E+000                  2.6980018164972035E-040                  6.7888199534338212E-001                  2.7270997009772915E+010                 -5.0931002951652053E-014                  7.1668268051107868E-016                 -9.8999999999999986E+001                  2.8366143878361245E+000                  3.0751750151959558E+000                  3.2256900130279460E+000 
                                     891                  5.6099527797451398E-001                 -5.2919220642303200E-001                  7.2570936130054422E+000                  1.4070926612202068E+000                  1.6791385470906661E+001                  6.9675499993069734E-001                  2.8270336417467795E-001                  2.0541635894624655E-002                  0.0000000000000000E+000                  3.4679887564238548E+008                  6.3371411774734810E+007                  8.3839407305375655E+000                  8.8741346684201421E+000                  3.3069897251698197E-040                  6.7687079740530298E-001                  2.7479520906581161E+010                 -5.9781107287195258E-014                  6.6980201182919113E-016                 -9.8999999999999986E+001                  2.8405493068726808E+000                  3.0791099342325121E+000                  3.2296249320645027E+000 
                                     892                  5.5115906109676871E-001                 -5.3226638798579606E-001                  7.2588897464545274E+000                  1.4098489072909428E+000                  1.6795954276735326E+001                  6.9675499993000278E-001                  2.8270336417538316E-001                  2.0541635894613997E-002                  0.0000000000000000E+000                  3.4686767751896948E+008                  6.3502771577216007E+007                  8.6618846222816170E+000                  9.6057818171744547E+000                  4.0516207053731364E-040                  6.7486890104189001E-001                  2.7692078352544495E+010                 -6.7940299280256394E-014                  6.4082482446274741E-016                 -9.8999999999999986E+001                  2.8445227782913260E+000                  3.0830834056511569E+000                  3.2335984034831475E+000 
                                     893                  5.4132284421902366E-001                 -5.3538718474013869E-001                  7.2606847951294178E+000                  1.4126038063431718E+000                  1.6800520695362980E+001                  6.9675499992932255E-001                  2.8270336417607417E-001                  2.0541635894603338E-002                  0.0000000000000000E+000                  3.4693689539688993E+008                  6.3634323075099729E+007                  8.9521892489277608E+000                  1.0396332942492407E+001                  4.9618884798892888E-040                  6.7287533111833675E-001                  2.7909191916044079E+010                 -7.5565150091814930E-014                  6.2498660110538587E-016                 -9.8999999999999986E+001                  2.8485429311265582E+000                  3.0871035584863895E+000                  3.2376185563183801E+000 
                                     894                  5.3150120583341720E-001                 -5.3855160399278956E-001                  7.2624779394559473E+000                  1.4153560879763778E+000                  1.6805082629634637E+001                  6.9675499992865197E-001                  2.8270336417675529E-001                  2.0541635894592680E-002                  0.0000000000000000E+000                  3.4700649926378489E+008                  6.3766006094129920E+007                  9.2554039673429926E+000                  1.1250008053079728E+001                  6.0736212755235516E-040                  6.7089038228718312E-001                  2.8130726198361069E+010                 -8.2742054302034676E-014                  6.1404556521230732E-016                 -9.8999999999999986E+001                  2.8526055387934885E+000                  3.0911661661533194E+000                  3.2416811639853100E+000 
                                     895                  5.2169068669275631E-001                 -5.4176239730219311E-001                  7.2642696011150765E+000                  1.4181064037888755E+000                  1.6809641156977506E+001                  6.9675499992798795E-001                  2.8270336417743008E-001                  2.0541635894582022E-002                  0.0000000000000000E+000                  3.4707650646337730E+008                  6.3897851399747044E+007                  9.5723186757360530E+000                  1.2171914295624983E+001                  7.4310810965816985E-040                  6.6891297885084644E-001                  2.8356949119565823E+010                 -8.9543230734970045E-014                  6.0055084937853519E-016                 -9.8999999999999986E+001                  2.8567137698238070E+000                  3.0952743971836378E+000                  3.2457893950156285E+000 
                                     896                  5.1189237067560867E-001                 -5.4502095371621895E-001                  7.2660597883454523E+000                  1.4208547674863865E+000                  1.6814196299708211E+001                  6.9675499992732814E-001                  2.8270336417810071E-001                  2.0541635894571142E-002                  0.0000000000000000E+000                  3.4714691855559641E+008                  6.4029859492916070E+007                  9.9037012978306525E+000                  1.3167357384821878E+001                  9.0878411048857863E-040                  6.6694250544786848E-001                  2.8588038551508415E+010                 -9.6012525677819297E-014                  5.8456934024273957E-016                 -9.8999999999999986E+001                  2.8608690176669080E+000                  3.0994296450267389E+000                  3.2499446428587295E+000 
                                     897                  5.0210736966985092E-001                 -5.4832872540623045E-001                  7.2678485091677958E+000                  1.4236011924462952E+000                  1.6818748079595910E+001                  6.9675499992667056E-001                  2.8270336417876929E-001                  2.0541635894560151E-002                  0.0000000000000000E+000                  3.4721773709856242E+008                  6.4162030862547830E+007                  1.0250365749435078E+001                  1.4242044089253582E+001                  1.1108992036827203E-039                  6.6497834844231019E-001                  2.8824181979967167E+010                 -1.0217527162727223E-013                  5.7330559359918177E-016                 -9.8999999999999986E+001                  2.8650727386820329E+000                  3.1036333660418638E+000                  3.2541483638738544E+000 
                                     898                  4.9233682450259580E-001                 -5.5168723155526500E-001                  7.2696357713786632E+000                  1.4263456917080295E+000                  1.6823296517846373E+001                  6.9675499992601386E-001                  2.8270336417943703E-001                  2.0541635894549160E-002                  0.0000000000000000E+000                  3.4728896364809912E+008                  6.4294365984888211E+007                  1.0613174625643866E+001                  1.5402111734109509E+001                  1.3573586189652606E-039                  6.6301989571139097E-001                  2.9065577085983589E+010                 -1.0805479627988025E-013                  5.6810445522345214E-016                 -9.8999999999999986E+001                  2.8693264561316183E+000                  3.1078870834914492E+000                  3.2584020813234398E+000 
                                     899                  4.8258190591566463E-001                 -5.5509806255016636E-001                  7.2714215825435620E+000                  1.4290882779623806E+000                  1.6827841635084273E+001                  6.9675499992535705E-001                  2.8270336418010522E-001                  2.0541635894537724E-002                  0.0000000000000000E+000                  3.4736059975720870E+008                  6.4426865322846420E+007                  1.0993042017552158E+001                  1.6654159674284315E+001                  1.6577587957256206E-039                  6.6106653647112623E-001                  2.9312432470946957E+010                 -1.1367675277494648E-013                  5.6231039222293113E-016                 -9.8999999999999986E+001                  2.8736317643703013E+000                  3.1121923917301326E+000                  3.2627073895621233E+000 
                                     900                  4.7284381558973904E-001                 -5.5856288450658531E-001                  7.2732059499893253E+000                  1.4318289635396990E+000                  1.6832383451333722E+001                  6.9675499992469914E-001                  2.8270336418077474E-001                  2.0541635894526067E-002                  0.0000000000000000E+000                  3.4743264697550088E+008                  6.4559529325269856E+007                  1.1390936488744497E+001                  1.8005283088476457E+001                  2.0237442285653301E-039                  6.5911766113911341E-001                  2.9564968445748394E+010                 -1.1905594731175198E-013                  5.5595006037837238E-016                 -9.8999999999999986E+001                  2.8779903333664674E+000                  3.1165509607262982E+000                  3.2670659585582893E+000 
                                     901                  4.6312378722058656E-001                 -5.6208344415906308E-001                  7.2749888807957239E+000                  1.4345677603969691E+000                  1.6836921985996792E+001                  6.9675499992403911E-001                  2.8270336418144637E-001                  2.0541635894514521E-002                  0.0000000000000000E+000                  3.4750510684857380E+008                  6.4692358426146649E+007                  1.1807884205634402E+001                  1.9463109137090456E+001                  2.4694385148823831E-039                  6.5717266123355322E-001                  2.9823417890802685E+010                 -1.2420157722157028E-013                  5.5145169266200265E-016                 -9.8999999999999986E+001                  2.8824039135885045E+000                  3.1209645409483353E+000                  3.2714795387803259E+000 
                                     902                  4.5342308765030731E-001                 -5.6566157415236828E-001                  7.2767703817862781E+000                  1.4373046801035361E+000                  1.6841457257829987E+001                  6.9675499992337686E-001                  2.8270336418212078E-001                  2.0541635894502308E-002                  0.0000000000000000E+000                  3.4757798091734821E+008                  6.4825353043746762E+007                  1.2244972226252790E+001                  2.1035835618805120E+001                  3.0119643969327543E-039                  6.5523092930758275E-001                  3.0088027194607147E+010                 -1.2912761834321345E-013                  5.4396578000434940E-016                 -9.8999999999999986E+001                  2.8868743412919700E+000                  3.1254349686518013E+000                  3.2759499664837919E+000 
                                     903                  4.4374301805821348E-001                 -5.6929919877397639E-001                  7.2785504595180113E+000                  1.4400397338253066E+000                  1.6845989284918073E+001                  6.9675499992271139E-001                  2.8270336418279851E-001                  2.0541635894490096E-002                  0.0000000000000000E+000                  3.4765127071733391E+008                  6.4958513579671651E+007                  1.2703351973676137E+001                  2.2732272477593064E+001                  3.6720723064026010E-039                  6.5329185891841079E-001                  3.0359057279442345E+010                 -1.3384165988980223E-013                  5.3307888781134208E-016                 -9.8999999999999986E+001                  2.8914035442474564E+000                  3.1299641716072872E+000                  3.2804791694392779E+000 
                                     904                  4.3408491521592207E-001                 -5.7299834017244666E-001                  7.2803291202701335E+000                  1.4427729323072542E+000                  1.6850518084645081E+001                  6.9675499992204248E-001                  2.8270336418348008E-001                  2.0541635894477439E-002                  0.0000000000000000E+000                  3.4772497777788758E+008                  6.5091840417810701E+007                  1.3184242867728129E+001                  2.4561886025915172E+001                  4.4748972300409014E-039                  6.5135484463038962E-001                  3.0636784723935532E+010                 -1.3834408541957859E-013                  5.2396296853971571E-016                 -9.8999999999999986E+001                  2.8959935479538093E+000                  3.1345541753136406E+000                  3.2850691731456312E+000 
                                     905                  4.2445015281100446E-001                 -5.7676112511211808E-001                  7.2816634536764235E+000                  1.4448262833445027E+000                  1.6853918506733869E+001                  6.9675499992153767E-001                  2.8270336418399467E-001                  2.0541635894467669E-002                  0.0000000000000000E+000                  3.4778050187932742E+008                  6.5192040129108772E+007                  1.3560907412245111E+001                  2.6029183657953368E+001                  5.1895485788097261E-039                  6.4990268592510514E-001                  3.0921401681133282E+010                 -1.4263846696239942E-013                  5.1682534333962125E-016                 -9.8999999999999986E+001                  2.9006465973357671E+000                  3.1392072246955984E+000                  3.2897222225275891E+000 
                                     906                  4.1964358973142829E-001                 -5.7866641422100840E-001                  7.2825517403753892E+000                  1.4461914998809056E+000                  1.6856180514384640E+001                  6.9675499992120016E-001                  2.8270336418433867E-001                  2.0541635894461230E-002                  0.0000000000000000E+000                  3.4781767093341553E+008                  6.5258829725281931E+007                  1.3819450622493109E+001                  2.7053424266049667E+001                  5.7269654346277676E-039                  6.4893513726691177E-001                  3.1066379778424530E+010                 -1.4470466966155286E-013                  5.1731111409013731E-016                 -9.8999999999999986E+001                  2.9029965961232280E+000                  3.1415572234830593E+000                  3.2920722213150500E+000 
                                     907                  4.1484014284431808E-001                 -5.8058975794518264E-001                  7.2837716029592583E+000                  1.4480645915804371E+000                  1.6859285178201471E+001                  6.9675499992073486E-001                  2.8270336418481307E-001                  2.0541635894452126E-002                  0.0000000000000000E+000                  3.4786896748251092E+008                  6.5350661264193356E+007                  1.4185047956211838E+001                  2.8524862749577505E+001                  6.5560298159802298E-039                  6.4760539903423575E-001                  3.1213411922962547E+010                 -1.4671696704527486E-013                  5.2319921730425210E-016                 -9.8999999999999986E+001                  2.9053646726572935E+000                  3.1439253000171248E+000                  3.2944402978491154E+000 
                                     908                  4.0645390053739811E-001                 -5.8399528799856359E-001                  7.2854346956569893E+000                  1.4506202269259838E+000                  1.6863519909576148E+001                  6.9675499992009648E-001                  2.8270336418546416E-001                  2.0541635894439358E-002                  0.0000000000000000E+000                  3.4793921541602045E+008                  6.5476066967865996E+007                  1.4704134981981605E+001                  3.0658846322326383E+001                  7.8814064011158506E-039                  6.4579215374739318E-001                  3.1475236914380898E+010                 -1.5012569999358312E-013                  5.2466253668704183E-016                 -9.8999999999999986E+001                  2.9095476792744530E+000                  3.1481083066342839E+000                  3.2986233044662745E+000 
                                     909                  3.9689430658809088E-001                 -5.8795390813501935E-001                  7.2872079074108047E+000                  1.4533463110066942E+000                  1.6868036322953969E+001                  6.9675499991941059E-001                  2.8270336418616393E-001                  2.0541635894425481E-002                  0.0000000000000000E+000                  3.4801455342295623E+008                  6.5610040540901884E+007                  1.5285149675618158E+001                  3.3107602044905065E+001                  9.5884182280421759E-039                  6.4385742215799258E-001                  3.1781882968733463E+010                 -1.5384011244354105E-013                  5.2140450671137598E-016                 -9.8999999999999986E+001                  2.9143943814560749E+000                  3.1529550088159057E+000                  3.3034700066478964E+000 
                                     910                  3.8736375346479612E-001                 -5.9198554387213320E-001                  7.2889797279334232E+000                  1.4560705848416509E+000                  1.6872549581422501E+001                  6.9675499991871959E-001                  2.8270336418686925E-001                  2.0541635894411159E-002                  0.0000000000000000E+000                  3.4809031621468198E+008                  6.5744181952465408E+007                  1.5895725238783060E+001                  3.5746743905348694E+001                  1.1660143795017337E-038                  6.4192181240158785E-001                  3.2096817304113445E+010                 -1.5735777360353932E-013                  5.1664358004151597E-016                 -9.8999999999999986E+001                  2.9193134259514757E+000                  3.1578740533113070E+000                  3.3083890511432976E+000 
                                     911                  3.7786381645296363E-001                 -5.9609295014664976E-001                  7.2907501615441141E+000                  1.4587930561984550E+000                  1.6877059697411809E+001                  6.9675499991802337E-001                  2.8270336418758024E-001                  2.0541635894396393E-002                  0.0000000000000000E+000                  3.4816650531936926E+008                  6.5878491451997012E+007                  1.6537564505955434E+001                  3.8590667904602242E+001                  1.4173435340281249E-038                  6.3998472679331386E-001                  3.2420463596329330E+010                 -1.6067996670281723E-013                  5.0941400856469026E-016                 -9.8999999999999986E+001                  2.9243075413643935E+000                  3.1628681687242248E+000                  3.3133831665562155E+000 
                                     912                  3.6839611722474097E-001                 -6.0027904051260983E-001                  7.2925192121632083E+000                  1.4615137322369296E+000                  1.6881566682341798E+001                  6.9675499991732159E-001                  2.8270336418829717E-001                  2.0541635894381294E-002                  0.0000000000000000E+000                  3.4824312225122893E+008                  6.6012969260399334E+007                  1.7212468843369873E+001                  4.1654827112902801E+001                  1.7221114636901396E-038                  6.3804556955265568E-001                  3.2753246747782513E+010                 -1.6380283562283766E-013                  5.0321766366432837E-016                 -9.8999999999999986E+001                  2.9293796434751398E+000                  3.1679402708349711E+000                  3.3184552686669617E+000 
                                     913                  3.5896232580253046E-001                 -6.0454689955956875E-001                  7.2942868832861780E+000                  1.4642326194690480E+000                  1.6886070546555874E+001                  6.9675499991661427E-001                  2.8270336418902015E-001                  2.0541635894365529E-002                  0.0000000000000000E+000                  3.4832016850882500E+008                  6.6147615567759909E+007                  1.7922343469446957E+001                  4.4955806585280001E+001                  2.0915239968911752E-038                  6.3610374705551720E-001                  3.3095621157513748E+010                 -1.6672214096725668E-013                  5.0145386744576333E-016                 -9.8999999999999986E+001                  2.9345328189000366E+000                  3.1730934462598679E+000                  3.3236084440918585E+000 
                                     914                  3.4956416264846207E-001                 -6.0889979656970206E-001                  7.2960531779547111E+000                  1.4669497237142828E+000                  1.6890571299247053E+001                  6.9675499991590106E-001                  2.8270336418974951E-001                  2.0541635894349430E-002                  0.0000000000000000E+000                  3.4839764557320398E+008                  6.6282430530821159E+007                  1.8669203071035152E+001                  4.8511403811120523E+001                  2.5391040807226042E-038                  6.3415866811644028E-001                  3.3448073410183743E+010                 -1.6944008048015095E-013                  5.0064081598666624E-016                 -9.8999999999999986E+001                  2.9397703387354426E+000                  3.1783309660952734E+000                  3.3288459639272641E+000 
                                     915                  3.4020340089025775E-001                 -6.1334120056532937E-001                  7.2978180987247336E+000                  1.4696650500501987E+000                  1.6895068948376192E+001                  6.9675499991518175E-001                  2.8270336419048536E-001                  2.0541635894332888E-002                  0.0000000000000000E+000                  3.4847555490583146E+008                  6.6417414270186573E+007                  1.9455177640970593E+001                  5.2340714149122071E+001                  3.0811634051955892E-038                  6.3220974430046184E-001                  3.3811125271069096E+010                 -1.7195823224778752E-013                  4.9751589163481315E-016                 -9.8999999999999986E+001                  2.9450956735906941E+000                  3.1836563009505250E+000                  3.3341712987825156E+000 
                                     916                  3.3088186869228386E-001                 -6.1787479692185809E-001                  7.2995816476307587E+000                  1.4723786027574821E+000                  1.6899563500580893E+001                  6.9675499991445633E-001                  2.8270336419122788E-001                  2.0541635894315791E-002                  0.0000000000000000E+000                  3.4855389794629925E+008                  6.6552566867211938E+007                  2.0282518639759243E+001                  5.6464222560084416E+001                  3.7373699383188042E-038                  6.3025639026487212E-001                  3.4185337029260540E+010                 -1.7427325885355717E-013                  4.9336083700137250E-016                 -9.8999999999999986E+001                  2.9505125101850616E+000                  3.1890731375448929E+000                  3.3395881353768835E+000 
                                     917                  3.2160145179038863E-001                 -6.2250450574293759E-001                  7.3013438261516166E+000                  1.4750903115689731E+000                  1.6904054961072355E+001                  6.9675499991372469E-001                  2.8270336419197722E-001                  2.0541635894298027E-002                  0.0000000000000000E+000                  3.4863272762488478E+008                  6.6687894036759071E+007                  2.1153601754570129E+001                  6.0903890237162749E+001                  4.5314261507263807E-038                  6.2829807856678110E-001                  3.4571314186670464E+010                 -1.7638156137662531E-013                  4.8937148458801723E-016                 -9.8999999999999986E+001                  2.9560247882494299E+000                  3.1945854156092612E+000                  3.3451004134412519E+000 
                                     918                  3.1236409620589012E-001                 -6.2723450304272921E-001                  7.3031046352324367E+000                  1.4777995155718726E+000                  1.6908543333552419E+001                  6.9675499991298662E-001                  2.8270336419273356E-001                  2.0541635894279819E-002                  0.0000000000000000E+000                  3.4871250952716416E+008                  6.6823447014657721E+007                  2.2070906253587491E+001                  6.5683173672203381E+001                  5.4918708558166854E-038                  6.2633474583590698E-001                  3.4969735534904297E+010                 -1.7828266219998466E-013                  4.8324483912231085E-016                 -9.8999999999999986E+001                  2.9616368700084101E+000                  3.2001974973682414E+000                  3.3507124952002321E+000 
                                     919                  3.0317181115421837E-001                 -6.3206925014599968E-001                  7.3048640754205723E+000                  1.4805053389157483E+000                  1.6913028620393959E+001                  6.9675499991224210E-001                  2.8270336419349695E-001                  2.0541635894260946E-002                  0.0000000000000000E+000                  3.4879386028287631E+008                  6.6959293976222098E+007                  2.3037035566833122E+001                  7.0827163018433097E+001                  6.6530525885371135E-038                  6.2436657960090269E-001                  3.5381363880761848E+010                 -1.7997256437552708E-013                  4.7583335947558181E-016                 -9.8999999999999986E+001                  2.9673536041050288E+000                  3.2059142314648601E+000                  3.3564292292968507E+000 
                                     920                  2.9402667216689565E-001                 -6.3701352231589492E-001                  7.3066221469911516E+000                  1.4832070074663251E+000                  1.6917510822941118E+001                  6.9675499991149081E-001                  2.8270336419426761E-001                  2.0541635894241628E-002                  0.0000000000000000E+000                  3.4887732636619294E+008                  6.7095495688902356E+007                  2.4054739239213163E+001                  7.6362739208142941E+001                  8.0563014166671665E-038                  6.2239379584659715E-001                  3.5807024289483002E+010                 -1.8144376329849845E-013                  4.7121772183372355E-016                 -9.8999999999999986E+001                  2.9731801806966986E+000                  3.2117408080565299E+000                  3.3622558058885206E+000 
                                     921                  2.8493082444815354E-001                 -6.4207243707563721E-001                  7.3083788500402660E+000                  1.4859038466683714E+000                  1.6921989941792866E+001                  6.9675499991073298E-001                  2.8270336419504560E-001                  2.0541635894221422E-002                  0.0000000000000000E+000                  3.4896338549651116E+008                  6.7232105622521296E+007                  2.5126920747066020E+001                  8.2318698748908929E+001                  9.7513251246225284E-038                  6.2041663512907130E-001                  3.6247597461530113E+010                 -1.8269422908076832E-013                  4.6778627342931713E-016                 -9.8999999999999986E+001                  2.9791220812955395E+000                  3.2176827086553708E+000                  3.3681977064873614E+000 
                                     922                  2.7588648649015413E-001                 -6.4725148592523418E-001                  7.3101341845720595E+000                  1.4885952771658462E+000                  1.6926465977068787E+001                  6.9675499990996825E-001                  2.8270336419583098E-001                  2.0541635894200772E-002                  0.0000000000000000E+000                  3.4905244964850694E+008                  6.7369170228963360E+007                  2.6256645637821293E+001                  8.8725887150403267E+001                  1.1797881837646225E-037                  6.1843536045038039E-001                  3.6704026457281311E+010                 -1.8372336243330056E-013                  4.6229158663524069E-016                 -9.8999999999999986E+001                  2.9851851122419548E+000                  3.2237457396017857E+000                  3.3742607374337763E+000 
                                     923                  2.6689595397393967E-001                 -6.5255656997846090E-001                  7.3118881505797537E+000                  1.4912808104619646E+000                  1.6930938928657636E+001                  6.9675499990919665E-001                  2.8270336419662401E-001                  2.0541635894179344E-002                  0.0000000000000000E+000                  3.4914486795055723E+008                  6.7506729236111075E+007                  2.7447150066784847E+001                  9.5617341246480322E+001                  1.4267780246895115E-037                  6.1645025526905650E-001                  3.7177324414257713E+010                 -1.8452668208351334E-013                  4.5518380851783857E-016                 -9.8999999999999986E+001                  2.9913754426692343E+000                  3.2299360700290651E+000                  3.3804510678610558E+000 
                                     924                  2.5796160398676959E-001                 -6.5799404010940754E-001                  7.3136407481208030E+000                  1.4939600446158465E+000                  1.6935408796448797E+001                  6.9675499990841827E-001                  2.8270336419742464E-001                  2.0541635894157029E-002                  0.0000000000000000E+000                  3.4924092963947064E+008                  6.7644815926576197E+007                  2.8701849804737471E+001                  1.0302844158548652E+002                  1.7247273224375663E-037                  6.1446162164631146E-001                  3.7668583314059212E+010                 -1.8509856108510011E-013                  4.4789479657872908E-016                 -9.8999999999999986E+001                  2.9976996469488557E+000                  3.2362602743086866E+000                  3.3867752721406772E+000 
                                     925                  2.4908589959074273E-001                 -6.6357074230383961E-001                  7.3153919773862279E+000                  1.4966326599778053E+000                  1.6939875580547003E+001                  6.9675499990763290E-001                  2.8270336419823305E-001                  2.0541635894134047E-002                  0.0000000000000000E+000                  3.4934086696023685E+008                  6.7783457426298380E+007                  3.0024349703181493E+001                  1.1099707511380731E+002                  2.0839919077934944E-037                  6.1246977852904660E-001                  3.8178983975207092E+010                 -1.8543201686566126E-013                  4.4305960090258291E-016                 -9.8999999999999986E+001                  3.0041647522993369E+000                  3.2427253796591677E+000                  3.3932403774911584E+000 
                                     926                  2.4027139478246809E-001                 -6.6929406903912003E-001                  7.3171418387648099E+000                  1.4992984149631969E+000                  1.6944339281470345E+001                  6.9675499990684031E-001                  2.8270336419904923E-001                  2.0541635894110399E-002                  0.0000000000000000E+000                  3.4944485824557728E+008                  6.7922674957635254E+007                  3.1418453680486515E+001                  1.1956380925342248E+002                  2.5170002273838760E-037                  6.1047506016820141E-001                  3.8709807483149269E+010                 -1.8552243224434727E-013                  4.4081604119015721E-016                 -9.8999999999999986E+001                  3.0107782923178128E+000                  3.2493389196776441E+000                  3.3998539175096347E+000 
                                     927                  2.3152073988947608E-001                 -6.7517201767247559E-001                  7.3188903329008452E+000                  1.5019571418617699E+000                  1.6948799900332034E+001                  6.9675499990604073E-001                  2.8270336419987341E-001                  2.0541635894085863E-002                  0.0000000000000000E+000                  3.4955303029338169E+008                  6.8062484190785393E+007                  3.2888175230400513E+001                  1.2877207781321272E+002                  3.0386620363742432E-037                  6.0847781467256701E-001                  3.9262448312272499E+010                 -1.8537076291211700E-013                  4.3560978769938951E-016                 -9.8999999999999986E+001                  3.0175483677005066E+000                  3.2561089950603375E+000                  3.4066239928923281E+000 
                                     928                  2.2283668745476851E-001                 -6.8121325700930879E-001                  7.3206374607461902E+000                  1.5046087426829922E+000                  1.6953257439006290E+001                  6.9675499990523415E-001                  2.8270336420070541E-001                  2.0541635894060439E-002                  0.0000000000000000E+000                  3.4966546159569836E+008                  6.8202895470020458E+007                  3.4437748513297066E+001                  1.3866837985386886E+002                  3.6668566358012543E-037                  6.0647840269559705E-001                  3.9838429448466209E+010                 -1.8497427412138219E-013                  4.2547501266565578E-016                 -9.8999999999999986E+001                  3.0244837150316126E+000                  3.2630443423914435E+000                  3.4135593402234341E+000 
                                     929                  2.1422209866930489E-001                 -6.8742720345794306E-001                  7.3223832236080915E+000                  1.5072531850404356E+000                  1.6957711900277971E+001                  6.9675499990442036E-001                  2.8270336420154540E-001                  2.0541635894034238E-002                  0.0000000000000000E+000                  3.4978218523071504E+008                  6.8343914089886203E+007                  3.6071640040694724E+001                  1.4930249208123507E+002                  4.4230158334506289E-037                  6.0447719624979346E-001                  4.0439419887302162E+010                 -1.8432184919551147E-013                  4.1674179605372215E-016                 -9.8999999999999986E+001                  3.0315937848992953E+000                  3.2701544122591266E+000                  3.4206694100911172E+000 
                                     930                  2.0567995042364509E-001                 -6.9382410846617404E-001                  7.3241276231914760E+000                  1.5098904980793202E+000                  1.6962163287976047E+001                  6.9675499990359957E-001                  2.8270336420239339E-001                  2.0541635894007038E-002                  0.0000000000000000E+000                  3.4990319164176214E+008                  6.8485540573016584E+007                  3.7794561022486711E+001                  1.6072769605837362E+002                  5.3328199921956160E-037                  6.0247457764966106E-001                  4.1067254966237442E+010                 -1.8340437270093131E-013                  4.1366491729080824E-016                 -9.8999999999999986E+001                  3.0388888314378946E+000                  3.2774494587977259E+000                  3.4279644566297165E+000 
                                     931                  1.9721334305911944E-001                 -7.0041515929727904E-001                  7.3258706616326172E+000                  1.5125207684288648E+000                  1.6966611607090442E+001                  6.9675499990277168E-001                  2.8270336420324943E-001                  2.0541635893978949E-002                  0.0000000000000000E+000                  3.5002843070536107E+008                  6.8627771058462277E+007                  3.9611480374585845E+001                  1.7300102073209126E+002                  6.4270285061055599E-037                  6.0047093857889444E-001                  4.1723960095789001E+010                 -1.8222138808452897E-013                  4.1179897529892912E-016                 -9.8999999999999986E+001                  3.0463800155458252E+000                  3.2849406429056560E+000                  3.4354556407376466E+000 
                                     932                  1.8882550891225178E-001                 -7.0721259565510064E-001                  7.3276123415276491E+000                  1.5151441362000075E+000                  1.6971056863872686E+001                  6.9675499990193679E-001                  2.8270336420411346E-001                  2.0541635893949750E-002                  0.0000000000000000E+000                  3.5015781526140225E+008                  6.8770597455391094E+007                  4.1527638487682871E+001                  1.8618350198776230E+002                  7.7424710605378921E-037                  5.9846667927766029E-001                  4.2411778587607758E+010                 -1.8077251642669784E-013                  4.0658418867640167E-016                 -9.8999999999999986E+001                  3.0540795235306701E+000                  3.2926401508905014E+000                  3.4431551487224921E+000 
                                     933                  1.8051982176268039E-001                 -7.1422984523608546E-001                  7.3293526659599628E+000                  1.5177607910188049E+000                  1.6975499065920033E+001                  6.9675499990109480E-001                  2.8270336420498549E-001                  2.0541635893919663E-002                  0.0000000000000000E+000                  3.5029122403641939E+008                  6.8914007685581028E+007                  4.3548561737036700E+001                  2.0034045950185140E+002                  9.3232293432219897E-037                  5.9646220783535964E-001                  4.3133204447790405E+010                 -1.7905338894524689E-013                  3.9744544821826087E-016                 -9.8999999999999986E+001                  3.0620007042058726E+000                  3.3005613315657039E+000                  3.4510763293976945E+000 
                                     934                  1.7229980731435629E-001                 -7.2148168200703411E-001                  7.3310916385187941E+000                  1.5203709681091813E+000                  1.6979938222242115E+001                  6.9675499990024603E-001                  2.8270336420586556E-001                  2.0541635893888355E-002                  0.0000000000000000E+000                  3.5042850361270320E+008                  6.9057986080161318E+007                  4.5680077873556442E+001                  2.1554179324526390E+002                  1.1222047398869787E-036                  5.9445793959975113E-001                  4.3891021223731216E+010                 -1.7706059981520854E-013                  3.8286251339617593E-016                 -9.8999999999999986E+001                  3.0701582294660676E+000                  3.3087188568258989E+000                  3.4592338546578896E+000 
                                     935                  1.6416915486360259E-001                 -7.2898441192777841E-001                  7.3328292633064560E+000                  1.5229749443874792E+000                  1.6984374343310137E+001                  6.9675499989939038E-001                  2.8270336420675340E-001                  2.0541635893856158E-002                  0.0000000000000000E+000                  3.5056947056164473E+008                  6.9202513727239028E+007                  4.7928332216043010E+001                  2.3186229923468903E+002                  1.3502011380917919E-036                  5.9245429668909233E-001                  4.4688348279236084E+010                 -1.7478651626385280E-013                  3.6559115873085472E-016                 -9.8999999999999986E+001                  3.0785682826119030E+000                  3.3171289099717338E+000                  3.4676439078037244E+000 
                                     936                  1.5613173033674149E-001                 -7.3675609202318626E-001                  7.3345655449418379E+000                  1.5255730346172736E+000                  1.6988807441086838E+001                  6.9675499989852807E-001                  2.8270336420764913E-001                  2.0541635893822852E-002                  0.0000000000000000E+000                  3.5071391548258108E+008                  6.9347568553125724E+007                  5.0299804875567631E+001                  2.4938200806138374E+002                  1.6238554503636632E-036                  5.9045170760323218E-001                  4.5528696243319351E+010                 -1.7222143500289897E-013                  3.5053944146896385E-016                 -9.8999999999999986E+001                  3.0872487790044110E+000                  3.3258094063642423E+000                  3.4763244041962329E+000 
                                     937                  1.4819159091591760E-001                 -7.4481679024540515E-001                  7.3363004885629044E+000                  1.5281655875923408E+000                  1.6993237529036730E+001                  6.9675499989765921E-001                  2.8270336420855241E-001                  2.0541635893788435E-002                  0.0000000000000000E+000                  3.5086160620571017E+008                  6.9493125506766349E+007                  5.2801328867767559E+001                  2.6818654492143742E+002                  1.9521842684216525E-036                  5.8845060691293405E-001                  4.6416033869303703E+010                 -1.6936134880647939E-013                  3.3704156857837243E-016                 -9.8999999999999986E+001                  3.0962196269916675E+000                  3.3347802543514984E+000                  3.4852952521834890E+000 
                                     938                  1.4035300151637478E-001                 -7.5318889558010937E-001                  7.3380340998145952E+000                  1.5307529823678641E+000                  1.6997664622113401E+001                  6.9675499989678402E-001                  2.8270336420946329E-001                  2.0541635893752686E-002                  0.0000000000000000E+000                  3.5101228777981436E+008                  6.9639157203163132E+007                  5.5440109414652191E+001                  2.8836751591719963E+002                  2.3459622674018106E-036                  5.8645143504818409E-001                  4.7354869196255493E+010                 -1.6620394854073680E-013                  3.2290071666793885E-016                 -9.8999999999999986E+001                  3.1055030408364117E+000                  3.3440636681962426E+000                  3.4945786660282332E+000 
                                     939                  1.3262045343432438E-001                 -7.6189749050952360E-001                  7.3397663848225454E+000                  1.5333356244864722E+000                  1.7002088736722598E+001                  6.9675499989590273E-001                  2.8270336421038150E-001                  2.0541635893715826E-002                  0.0000000000000000E+000                  3.5116568590987992E+008                  6.9785634064440355E+007                  5.8223744190178756E+001                  3.1002291804215128E+002                  2.8180607959964978E-036                  5.8445463816192056E-001                  4.8350348786005768E+010                 -1.6274575539893703E-013                  3.0731310506192133E-016                 -9.8999999999999986E+001                  3.1151239158202713E+000                  3.3536845431801026E+000                  3.5041995410120932E+000 
                                     940                  1.2499868555497198E-001                 -7.7097080149642760E-001                  7.3414973501607603E+000                  1.5359139422776114E+000                  1.7006509890655295E+001                  6.9675499989501544E-001                  2.8270336421130671E-001                  2.0541635893677856E-002                  0.0000000000000000E+000                  3.5132151091303170E+008                  6.9932524432096675E+007                  6.1160244944653456E+001                  3.3325757942142246E+002                  3.3838521884800609E-036                  5.8246066807216113E-001                  4.9408380001656654E+010                 -1.5897411312315188E-013                  2.9893351862455575E-016                 -9.8999999999999986E+001                  3.1251102797026880E+000                  3.3636709070625193E+000                  3.5141859048945099E+000 
                                     941                  1.1749270860055525E-001                 -7.8044074794304819E-001                  7.3432270028143272E+000                  1.5384883831708860E+000                  1.7010928102987741E+001                  6.9675499989412282E-001                  2.8270336421223874E-001                  2.0541635893638444E-002                  0.0000000000000000E+000                  3.5147946076251411E+008                  7.0079794687159121E+007                  6.4258060185309986E+001                  3.5818362611453830E+002                  4.0616901418197471E-036                  5.8046998225619739E-001                  5.0535782938991333E+010                 -1.5488134278294830E-013                  3.0180522873093145E-016                 -9.8999999999999986E+001                  3.1354938425908454E+000                  3.3740544699506763E+000                  3.5245694677826669E+000 
                                     942                  1.1010783301296388E-001                 -7.9034361662418950E-001                  7.3449553501137688E+000                  1.5410594100387460E+000                  1.7015343393938636E+001                  6.9675499989322498E-001                  2.8270336421317716E-001                  2.0541635893597920E-002                  0.0000000000000000E+000                  3.5163922002224505E+008                  7.0227410124971271E+007                  6.7526099362310774E+001                  3.8492098282514343E+002                  4.8734832846597435E-036                  5.7848304393133154E-001                  5.1740480916448654E+010                 -1.5048344720502914E-013                  2.9673461368262334E-016                 -9.8999999999999986E+001                  3.1463106746689187E+000                  3.3848713020287495E+000                  3.5353862998607402E+000 
                                     943                  1.0284970121527802E-001                 -8.0072089764553411E-001                  7.3466823996439103E+000                  1.5436274975144273E+000                  1.7019755784674619E+001                  6.9675499989232248E-001                  2.8270336421412162E-001                  2.0541635893555954E-002                  0.0000000000000000E+000                  3.5180046518233478E+008                  7.0375334753669053E+007                  7.0973758202316745E+001                  4.1359790332724987E+002                  5.8453766395846461E-036                  5.7650032219490843E-001                  5.3031741663821609E+010                 -1.4578269357598158E-013                  2.7881794937061589E-016                 -9.8999999999999986E+001                  3.1576020443946207E+000                  3.3961626717544515E+000                  3.5466776695864421E+000 
                                     944                  9.5724325194063431E-002                 -8.1162033067319739E-001                  7.3484081591361932E+000                  1.5461931283712449E+000                  1.7024165297047759E+001                  6.9675499989141565E-001                  2.8270336421507153E-001                  2.0541635893512877E-002                  0.0000000000000000E+000                  3.5196286597454566E+008                  7.0523531708467290E+007                  7.4610945668939820E+001                  4.4435153828127090E+002                  7.0085648074012131E-036                  5.7452229222734597E-001                  5.4420485979273109E+010                 -1.4075873912539395E-013                  2.6644065753162260E-016                 -9.8999999999999986E+001                  3.1694154655890445E+000                  3.4079760929488758E+000                  3.5584910907808665E+000 
                                     945                  8.8738130605980930E-002                 -8.2309722825391429E-001                  7.3501326363322539E+000                  1.5487567898784986E+000                  1.7028571953243596E+001                  6.9675499989050538E-001                  2.8270336421602643E-001                  2.0541635893468246E-002                  0.0000000000000000E+000                  3.5212609066293889E+008                  7.0671963076634809E+007                  7.8448112251099545E+001                  4.7732853727379501E+002                  8.4002588128880664E-036                  5.7254943660322954E-001                  5.5919687373130653E+010                 -1.3541053958173270E-013                  2.5951747335841550E-016                 -9.8999999999999986E+001                  3.1818060216956070E+000                  3.4203666490554379E+000                  3.5708816468874285E+000 
                                     946                  8.1898008964932573E-002                 -8.3521616921294328E-001                  7.3518558387791444E+000                  1.5513189701271999E+000                  1.7032975775305314E+001                  6.9675499988959211E-001                  2.8270336421698555E-001                  2.0541635893422283E-002                  0.0000000000000000E+000                  3.5228980252922404E+008                  7.0820591140066460E+007                  8.2496279776794736E+001                  5.1268568958574531E+002                  1.0064838480591989E-035                  5.7058221343218540E-001                  5.7544896219740578E+010                 -1.2974315687932896E-013                  2.5286546369549167E-016                 -9.8999999999999986E+001                  3.1948380627656228E+000                  3.4333986901254541E+000                  3.5839136879574447E+000 
                                     947                  7.5211379948385892E-002                 -8.4805319368986531E-001                  7.3535777735560881E+000                  1.5538801542606149E+000                  1.7037376784486533E+001                  6.9675499988867673E-001                  2.8270336421794801E-001                  2.0541635893375210E-002                  0.0000000000000000E+000                  3.5245366742071694E+008                  7.0969377702338591E+007                  8.6767072654762586E+001                  5.5059060358588920E+002                  1.2055224329971350E-035                  5.6862095120468903E-001                  5.9314937042842819E+010                 -1.2375116134851159E-013                  2.5301135043539176E-016                 -9.8999999999999986E+001                  3.2085874024885368E+000                  3.4471480298483681E+000                  3.5976630276803587E+000 
                                     948                  6.8686266531917325E-002                 -8.6169868939244698E-001                  7.3552984469087788E+000                  1.5564408206644187E+000                  1.7041775000353720E+001                  6.9675499988776013E-001                  2.8270336421891296E-001                  2.0541635893326915E-002                  0.0000000000000000E+000                  3.5261735369822735E+008                  7.1118284846563503E+007                  9.1272750429948076E+001                  5.9122242460984467E+002                  1.4434510225504027E-035                  5.6666595013789101E-001                  6.1252850869432076E+010                 -1.1744234260440644E-013                  2.5475067566473919E-016                 -9.8999999999999986E+001                  3.2231442051563182E+000                  3.4617048325161490E+000                  3.6122198303481396E+000 
                                     949                  6.2331386609787494E-002                 -8.7626124788364357E-001                  7.3570178637362824E+000                  1.5590014369824592E+000                  1.7046170439520633E+001                  6.9675499988684364E-001                  2.8270336421987924E-001                  2.0541635893277066E-002                  0.0000000000000000E+000                  3.5278053888221836E+008                  7.1267274401603609E+007                  9.6026241687918017E+001                  6.3477259443584842E+002                  1.7277909864818376E-035                  5.6471750804209597E-001                  6.3387191444104263E+010                 -1.1082858286364880E-013                  2.5060952263815659E-016                 -9.8999999999999986E+001                  3.2386168431570725E+000                  3.4771774705169038E+000                  3.6276924683488945E+000 
                                     950                  5.6156266128975729E-002                 -8.9187291044486960E-001                  7.3587360268349045E+000                  1.5615624558026788E+000                  1.7050563113817716E+001                  6.9675499988592826E-001                  2.8270336422084552E-001                  2.0541635893226218E-002                  0.0000000000000000E+000                  3.5294290210989910E+008                  7.1416309641108796E+007                  1.0104117846551533E+002                  6.8144564286223169E+002                  2.0675069633711407E-035                  5.6277591847782760E-001                  6.5753843933082092E+010                 -1.0392308268496418E-013                  2.3402328285201612E-016                 -9.8999999999999986E+001                  3.2551371473020843E+000                  3.4936977746619156E+000                  3.6442127724939062E+000 
                                     951                  5.0171380785823935E-002                 -9.0869645131560539E-001                  7.3604529357882669E+000                  1.5641243098688713E+000                  1.7054953027594141E+001                  6.9675499988501555E-001                  2.8270336422181025E-001                  2.0541635893174259E-002                  0.0000000000000000E+000                  3.5310413617864931E+008                  7.1565353998577565E+007                  1.0633193110078702E+002                  7.3146001487040053E+002                  2.4732827927380962E-035                  5.6084146946126989E-001                  6.8398634817310005E+010                 -9.6740138402183050E-014                  2.0006542410267033E-016                 -9.8999999999999986E+001                  3.2728676923904256E+000                  3.5114283197502569E+000                  3.6619433175822476E+000 
                                     952                  4.4388336344124237E-002                 -9.2693572851626793E-001                  7.3621685852666028E+000                  1.5666874065163312E+000                  1.7059340173533350E+001                  6.9675499988410405E-001                  2.8270336422277509E-001                  2.0541635893120858E-002                  0.0000000000000000E+000                  3.5326394517988241E+008                  7.1714371948605388E+007                  1.1191364157632778E+002                  7.8504891044627016E+002                  2.9578490117093872E-035                  5.5891444298940540E-001                  7.1120034412771332E+010                 -8.9274816160451656E-014                  1.6641795043210211E-016                 -9.8999999999999986E+001                  3.2920121487497869E+000                  3.5305727761096182E+000                  3.6810877739416088E+000 
                                     953                  3.8820102683169252E-002                 -9.4685079552201112E-001                  7.3638829623168940E+000                  1.5692521207110479E+000                  1.7063724525971491E+001                  6.9675499988315515E-001                  2.8270336422378090E-001                  2.0541635893063903E-002                  0.0000000000000000E+000                  3.5342205064549857E+008                  7.1863328309626266E+007                  1.1780225343456482E+002                  8.4246112226579839E+002                  3.5363729402090457E-035                  5.5699511583824846E-001                  7.1059230317331512E+010                 -8.1526802365880316E-014                  1.5035314781092461E-016                 -9.8999999999999986E+001                  3.3128303973354885E+000                  3.5513910246953198E+000                  3.7019060225273104E+000 
                                     954                  3.3481323931581118E-002                 -9.6878067124101330E-001                  7.3655960418737543E+000                  1.5718187855080807E+000                  1.7068106029866229E+001                  6.9675499988216583E-001                  2.8270336422483100E-001                  2.0541635893003174E-002                  0.0000000000000000E+000                  3.5357818450522578E+008                  7.2012189638170511E+007                  1.2401453389825726E+002                  9.0396181274482262E+002                  4.2269209298387085E-035                  5.5508376245687996E-001                  7.0997940291329346E+010                 -7.3519232967999451E-014                  1.5099907937116572E-016                 -9.8999999999999986E+001                  3.3356613068255627E+000                  3.5742219341853940E+000                  3.7247369320173846E+000 
                                     955                  2.8388740332894680E-002                 -9.9317895556543689E-001                  7.3671028162795071E+000                  1.5740812918179758E+000                  1.7071961709463039E+001                  6.9675499988125622E-001                  2.8270336422579811E-001                  2.0541635892945664E-002                  0.0000000000000000E+000                  3.5371372870120084E+008                  7.2143114792116776E+007                  1.2976492951811670E+002                  9.6170610722741412E+002                  4.9444849232147314E-035                  5.5340855571339254E-001                  7.0936013581427765E+010                 -6.5294907849172185E-014                  1.5444385904066834E-016                 -9.8999999999999986E+001                  3.3609584703249324E+000                  3.5995190976847633E+000                  3.7500340955167539E+000 
                                     956                  2.4751604096864062E-002                 -1.0134102198582240E+000                  7.3685864056980570E+000                  1.5763094044331167E+000                  1.7075755443726027E+001                  6.9675499988032807E-001                  2.8270336422678582E-001                  2.0541635892886045E-002                  0.0000000000000000E+000                  3.5384557363272220E+008                  7.2271997778482497E+007                  1.3570077614019331E+002                  1.0221057015337802E+003                  5.7693750127442148E-035                  5.5176359645627404E-001                  7.0889396770333664E+010                 -5.9033615286884479E-014                  1.4604205431899726E-016                 -9.8999999999999986E+001                  3.3818601869425069E+000                  3.6204208143023378E+000                  3.7709358121343284E+000 
                                     957                  2.0139600747151352E-002                 -1.0437754980042049E+000                  7.3702949128330566E+000                  1.5788815991630325E+000                  1.7080126613830885E+001                  6.9675499987920531E-001                  2.8270336422798259E-001                  2.0541635892812105E-002                  0.0000000000000000E+000                  3.5399502120269322E+008                  7.2420364577086911E+007                  1.4289240279843546E+002                  1.0963138537720465E+003                  6.8906632496767796E-035                  5.4987638300917951E-001                  7.0826582508776962E+010                 -5.0570648868420503E-014                  1.1574508711545561E-016                 -9.8999999999999986E+001                  3.4131196791158684E+000                  3.6516803064756997E+000                  3.8021953043076904E+000 
                                     958                  1.5836760298259662E-002                 -1.0790860256468995E+000                  7.3720014085788357E+000                  1.5814558062019739E+000                  1.7084493176047257E+001                  6.9675499987802203E-001                  2.8270336422924564E-001                  2.0541635892732391E-002                  0.0000000000000000E+000                  3.5414164591658753E+008                  7.2568476567367792E+007                  1.5047575142159292E+002                  1.1757363509297102E+003                  8.2275110474637883E-035                  5.4799867687052184E-001                  7.0762981191135666E+010                 -4.2027776001190506E-014                  8.7684133275348356E-017                 -9.8999999999999986E+001                  3.4493221022377334E+000                  3.6878827295975647E+000                  3.8383977274295553E+000 
                                     959                  1.1876045248095671E-002                 -1.1212681097433039E+000                  7.3737052385083173E+000                  1.5840312712563307E+000                  1.7088853497584211E+001                  6.9675499987676870E-001                  2.8270336423058567E-001                  2.0541635892645571E-002                  0.0000000000000000E+000                  3.5428524661703873E+008                  7.2716257741249323E+007                  1.5846881240063553E+002                  1.2606940197359668E+003                  9.8203939666740452E-035                  5.4613133955582782E-001                  7.0698629592092377E+010                 -3.3474397067786021E-014                  7.6101004062840688E-017                 -9.8999999999999986E+001                  3.4923937799505129E+000                  3.7309544073103442E+000                  3.8814694051423348E+000 
                                     960                  8.3001612395184037E-003                 -1.1736493948833631E+000                  7.3754049078369492E+000                  1.5866059475584737E+000                  1.7093203826558792E+001                  6.9675499987543166E-001                  2.8270336423201753E-001                  2.0541635892550758E-002                  0.0000000000000000E+000                  3.5442558516227013E+008                  7.2863563322038472E+007                  1.6688574413048585E+002                  1.3514749578935107E+003                  1.1716094167088132E-034                  5.4427611945246646E-001                  7.0633455475089264E+010                 -2.5037898058635750E-014                  7.0236163664933329E-017                 -9.8999999999999986E+001                  3.5456627754118535E+000                  3.7842234027716848E+000                  3.9347384006036754E+000 
                                     961                  5.1680231222666516E-003                 -1.2427604768949247E+000                  7.3770961728413793E+000                  1.5891736293191676E+000                  1.7097533454950430E+001                  6.9675499987398981E-001                  2.8270336423356401E-001                  2.0541635892446175E-002                  0.0000000000000000E+000                  3.5456224843085200E+008                  7.3010013960024744E+007                  1.7572542890111677E+002                  1.4482051768862880E+003                  1.3965211974190838E-034                  5.4243771460725509E-001                  7.0567330635893463E+010                 -1.6904270203562345E-014                  5.6267900793238956E-017                 -9.8999999999999986E+001                  3.6156608648065838E+000                  3.8542214921664146E+000                  4.0047364899984048E+000 
                                     962                  2.5698168458691234E-003                 -1.3444368776285152E+000                  7.3784862885418381E+000                  1.5912906475066420E+000                  1.7101094940651237E+001                  6.9675499987267253E-001                  2.8270336423497927E-001                  2.0541635892348253E-002                  0.0000000000000000E+000                  3.5467220919065964E+008                  7.3130287680388987E+007                  1.8335718287949007E+002                  1.5328112368634172E+003                  1.6133752647289564E-034                  5.4093298007113755E-001                  7.0499768727448166E+010                 -9.3521105817259404E-015                  3.6682156022465878E-017                 -9.8999999999999986E+001                  3.7182278575387810E+000                  3.9567884848986119E+000                  4.1073034827306021E+000 
                                     963                  1.4180948997998492E-003                 -1.4307937597763047E+000                  7.3793177158769740E+000                  1.5925573040481229E+000                  1.7103223920248048E+001                  6.9675499987181733E-001                  2.8270336423589887E-001                  2.0541635892283860E-002                  0.0000000000000000E+000                  3.5473705035523206E+008                  7.3202178607524872E+007                  1.8808534724712720E+002                  1.5857213549262106E+003                  1.7588452476188076E-034                  5.4003514378446726E-001                  7.0462490181681335E+010                 -5.6005994632530301E-015                  2.3755712847852020E-017                 -9.8999999999999986E+001                  3.8050704845378891E+000                  4.0436311118977200E+000                  4.1941461097297106E+000 
                                     964                  7.2404911970438360E-004                 -1.5283239690791237E+000                  7.3799031607811179E+000                  1.5934499756538352E+000                  1.7104723064961497E+001                  6.9675499987116085E-001                  2.8270336423660536E-001                  2.0541635892233789E-002                  0.0000000000000000E+000                  3.5478226638511062E+008                  7.3252780203179687E+007                  1.9149061890707833E+002                  1.6240550350239066E+003                  1.8690843353505804E-034                  5.3940404389547325E-001                  7.0434668342805939E+010                 -3.1180959067044191E-015                  1.3718050523449964E-017                 -9.8999999999999986E+001                  3.9029611953107639E+000                  4.1415218226705948E+000                  4.2920368205025854E+000 
                                     965                  3.7702622965665077E-004                 -1.6229249688961704E+000                  7.3802664854946558E+000                  1.5940041666094464E+000                  1.7105653329624651E+001                  6.9675499987071965E-001                  2.8270336423708042E-001                  2.0541635892199928E-002                  0.0000000000000000E+000                  3.5481014935969347E+008                  7.3284174981451616E+007                  1.9363604118640532E+002                  1.6483026652938152E+003                  1.9409481380922131E-034                  5.3901281796623501E-001                  7.0417296982789719E+010                 -1.7577751637211745E-015                  8.8136880034801069E-018                 -9.8999999999999986E+001                  3.9977862766671231E+000                  4.2363469040269539E+000                  4.3868619018589445E+000 
                                     966                  2.0351478463278435E-004                 -1.7122669921259046E+000                  7.3804893988834799E+000                  1.5943442592191528E+000                  1.7106224043699985E+001                  6.9675499987042844E-001                  2.8270336423739406E-001                  2.0541635892177501E-002                  0.0000000000000000E+000                  3.5482718936416739E+008                  7.3303433687555432E+007                  1.9496467037579001E+002                  1.6633557916362845E+003                  1.9864014443383024E-034                  5.3877294986685831E-001                  7.0406564558928772E+010                 -1.0190051567564235E-015                  6.9107197394091738E-018                 -9.8999999999999986E+001                  4.0872664015037543E+000                  4.3258270288635856E+000                  4.4763420266955762E+000 
                                     967                  1.1675906212085112E-004                 -1.7927526545436145E+000                  7.3806234607028740E+000                  1.5945488204635552E+000                  1.7106567260805917E+001                  6.9675499987024148E-001                  2.8270336423759534E-001                  2.0541635892163179E-002                  0.0000000000000000E+000                  3.5483741277421582E+008                  7.3315014862498984E+007                  1.9576826884998704E+002                  1.6724740305965922E+003                  2.0142488470555963E-034                  5.3862875118205888E-001                  7.0400044290358139E+010                 -6.2000361505320508E-016                  7.8037472041460347E-018                 -9.8999999999999986E+001                  4.1678358392925450E+000                  4.4063964666523754E+000                  4.5569114644843660E+000 
                                     968                  7.3381200864884507E-005                 -1.8600176837159392E+000                  7.3807016900238098E+000                  1.5946681974080266E+000                  1.7106767533400998E+001                  6.9675499987012657E-001                  2.8270336423771919E-001                  2.0541635892154186E-002                  0.0000000000000000E+000                  3.5484336994726849E+008                  7.3321772443954721E+007                  1.9623878043177902E+002                  1.6778175575438588E+003                  2.0306788769816226E-034                  5.3854462735675379E-001                  7.0396184063562714E+010                 -4.0637418780812574E-016                  9.7686288875062504E-018                 -9.8999999999999986E+001                  4.2351504224485028E+000                  4.4737110498083341E+000                  4.6242260476403247E+000 
                                     969                  5.1692270236734661E-005                 -1.9107543405227685E+000                  7.3807602916120238E+000                  1.5947576231337477E+000                  1.7106917551114460E+001                  6.9675499987003697E-001                  2.8270336423781572E-001                  2.0541635892147303E-002                  0.0000000000000000E+000                  3.5484782854948831E+008                  7.3326834352402687E+007                  1.9659200707918745E+002                  1.6818313998715944E+003                  2.0430744077988959E-034                  5.3848161921299020E-001                  7.0393975978482025E+010                 -2.9467629776623830E-016                  1.0388524034038598E-017                 -9.8999999999999986E+001                  4.2859154123895840E+000                  4.5244760397494153E+000                  4.6749910375814059E+000 
                                     970                  3.0003339608746158E-005                 -1.9895261765347407E+000                  7.3808197025105375E+000                  1.5948482935636663E+000                  1.7107069644212316E+001                  6.9675499986994027E-001                  2.8270336423791981E-001                  2.0541635892139976E-002                  0.0000000000000000E+000                  3.5485234487955505E+008                  7.3331966000135601E+007                  1.9695078772813051E+002                  1.6859103607787513E+003                  2.0557185107747278E-034                  5.3841775111253620E-001                  7.0391406432377274E+010                 -1.7973340292491689E-016                  8.5708655741832595E-018                 -9.8999999999999986E+001                  4.3647202048471758E+000                  4.6032808322070071E+000                  4.7537958300389977E+000 
                                     971                  1.5001669800689290E-005                 -2.0898865520790268E+000                  7.3808656026349899E+000                  1.5949183499806405E+000                  1.7107187150811001E+001                  6.9675499986985956E-001                  2.8270336423800685E-001                  2.0541635892133536E-002                  0.0000000000000000E+000                  3.5485583153989112E+008                  7.3335930531251684E+007                  1.9722844342559924E+002                  1.6890684032719412E+003                  2.0655408347220083E-034                  5.3836841416848102E-001                  7.0389215910619141E+010                 -9.5280292043016367E-017                  6.5053258637206471E-018                 -9.8999999999999986E+001                  4.4651086591056615E+000                  4.7036692864654928E+000                  4.8541842842974834E+000 
                                     972                  7.5008349008241938E-006                 -2.1902406178497138E+000                  7.3808945146149583E+000                  1.5949624790296368E+000                  1.7107261166326175E+001                  6.9675499986980460E-001                  2.8270336423806602E-001                  2.0541635892129317E-002                  0.0000000000000000E+000                  3.5485802663670212E+008                  7.3338427693527877E+007                  1.9740354401936941E+002                  1.6910606123065754E+003                  2.0717519130488288E-034                  5.3833734009879652E-001                  7.0387835749366058E+010                 -5.1358934488376635E-017                  3.6409072109510989E-018                 -9.8999999999999986E+001                  4.5654804095794530E+000                  4.8040410369392843E+000                  4.9545560347712749E+000 
                                     973                  3.7504174508916454E-006                 -2.2905907073396992E+000                  7.3809127267163861E+000                  1.5949902771081717E+000                  1.7107307789605176E+001                  6.9675499986976719E-001                  2.8270336423810627E-001                  2.0541635892126542E-002                  0.0000000000000000E+000                  3.5485940892738301E+008                  7.3340000672752067E+007                  1.9751392531865574E+002                  1.6923167245127268E+003                  2.0756739622962044E-034                  5.3831776714503743E-001                  7.0386966252890564E+010                 -2.7739090586093182E-017                  1.9735426263627138E-018                 -9.8999999999999986E+001                  4.6658416381709760E+000                  4.9044022655308073E+000                  5.0549172633627979E+000 
                                     974                  1.8752087259253713E-006                 -2.3909382882147776E+000                  7.3809241991028420E+000                  1.5950077882116696E+000                  1.7107337159010282E+001                  6.9675499986974176E-001                  2.8270336423813369E-001                  2.0541635892124543E-002                  0.0000000000000000E+000                  3.5486027949564761E+008                  7.3340991535462424E+007                  1.9758349088127522E+002                  1.6931084620507247E+003                  2.0781484020501620E-034                  5.3830543794317220E-001                  7.0386418484883469E+010                 -1.2835838190702038E-017                  3.2136308533896910E-018                 -9.8999999999999986E+001                  4.7661962356225649E+000                  5.0047568629823962E+000                  5.1552718608143868E+000 
                                     975                  9.3760436344223397E-007                 -2.4912842809666422E+000                  7.3809314260466268E+000                  1.5950188192804109E+000                  1.7107355660009983E+001                  6.9675499986972456E-001                  2.8270336423815234E-001                  2.0541635892123100E-002                  0.0000000000000000E+000                  3.5486082784028661E+008                  7.3341615718064636E+007                  1.9762732621862105E+002                  1.6936073986466408E+003                  2.0797086727039500E-034                  5.3829767142522278E-001                  7.0386073404949432E+010                 -5.4115437700326419E-018                  3.2569174959801234E-018                 -9.8999999999999986E+001                  4.8665466482935757E+000                  5.1051072756534071E+000                  5.2556222734853977E+000 
                                     976                  4.6880218220066543E-007                 -2.5916292575292386E+000                  7.3809359786525377E+000                  1.5950257683229145E+000                  1.7107367314681390E+001                  6.9675499986971268E-001                  2.8270336423816500E-001                  2.0541635892122323E-002                  0.0000000000000000E+000                  3.5486117323848599E+008                  7.3342008920723900E+007                  1.9765494541450275E+002                  1.6939217776704209E+003                  2.0806921656590957E-034                  5.3829277898268835E-001                  7.0385856015203690E+010                 -3.4839961007117545E-018                  1.1976547695028896E-018                 -9.8999999999999986E+001                  4.9668944091340954E+000                  5.2054550364939267E+000                  5.3559700343259173E+000 
                                     977                  2.3440109177969906E-007                 -2.6919735622833856E+000                  7.3809398025513300E+000                  1.5950316050789102E+000                  1.7107377103838015E+001                  6.9675499986970202E-001                  2.8270336423817660E-001                  2.0541635892121324E-002                  0.0000000000000000E+000                  3.5486146333705187E+008                  7.3342339184739888E+007                  1.9767814685677499E+002                  1.6941858804098204E+003                  2.0815185966789213E-034                  5.3828866967919697E-001                  7.0385719067947906E+010                 -3.4711918158692333E-018                 -9.4283208933197678E-019                 -9.8999999999999986E+001                  5.0672404678326322E+000                  5.3058010951924626E+000                  5.4563160930244532E+000 
