                                       1                                        2                                        3                                        4                                        5                                        6                                        7                                        8                                        9                                       10                                       11                                       12                                       13                                       14                                       15                                       16                                       17                                       18                                       19                                       20                                       21                                       22                                       23                                       24                                       25                                       26                                       27                                       28                                       29                                       30                                       31                                       32                                       33                                       34                                       35                                       36                                       37                                       38                                       39                                       40                                       41                                       42                                       43                                       44                                       45                                       46                                       47                                       48                                       49 
                            model_number                                num_zones                             initial_mass                                initial_z                                 star_age                                time_step                                     Teff                            photosphere_L                            photosphere_r                               center_eta                                center_h1                               center_he3                               center_he4                               center_c12                               center_n14                               center_o16                              center_ne20                                star_mass                                star_mdot                             star_mass_h1                            star_mass_he3                            star_mass_he4                            star_mass_c12                            star_mass_n14                            star_mass_o16                           star_mass_ne20                             he_core_mass                             co_core_mass                             fe_core_mass                   neutron_rich_core_mass                             dynamic_time                             kh_timescale                            nuc_timescale                           power_nuc_burn                             power_h_burn                            power_he_burn                                power_neu                                burn_min1                                burn_min2                             time_seconds                           version_number                                 compiler                                    build                         MESA_SDK_version                             math_backend                                     date                                     msun                                     rsun                                     lsun 
                                     100                                      954                  3.0000000000000000E+000                  2.0000000000000000E-002                  3.8384211419096684E+008                  1.4148726859728158E+006                  8.5023688466230942E+003                  1.5299951391027878E+002                  5.7005702697232383E+000                 -3.7926026217381179E+000                  2.8820971424187009E-002                  2.3482324138467081E-010                  9.5172787270484238E-001                  1.2520500156258327E-004                  1.2602850979952044E-002                  5.6085340147966119E-004                  2.0850244238826750E-003                  2.9990173643407307E+000                 -1.0398727738050857E-011                  1.6738047161113718E+000                  3.6681473674284899E-004                  1.2649105616691600E+000                  5.5372856555219513E-003                  1.4545510891324930E-002                  2.1371791760102010E-002                  6.2530244522834557E-003                  4.1964436877955363E-001                  0.0000000000000000E+000                  0.0000000000000000E+000                  0.0000000000000000E+000                  7.8658384303837593E+004                  2.4284575391134110E+005                  1.9601482956994227E+008                  1.5294381079317648E+002                  1.5294381079317654E+002                  1.9737854526410176E-030                  1.0396133604855329E+001                  5.0000000000000000E+001                  1.0000000000000000E+003                  1.2113135902792856E+016                               "r24.03.1"                               "gfortran"                                  "9.2.0"                    "x86_64-linux-20.3.1"                                 "CRMATH"                               "20260220"                  1.9884098706980504E+033                  6.9570000000000000E+010                  3.8280000000000003E+033 

                                       1                                        2                                        3                                        4                                        5                                        6                                        7                                        8                                        9                                       10                                       11                                       12                                       13                                       14                                       15                                       16                                       17                                       18                                       19                                       20                                       21                                       22                                       23 
                                    zone                                     mass                                     logR                                     logT                                   logRho                                     logP                        x_mass_fraction_H                       y_mass_fraction_He                   z_mass_fraction_metals                                 velocity                                       cp                                   csound                                       pp                                      cno                                tri_alpha                                  opacity                        mlt_mixing_length                                 brunt_N2                brunt_N2_composition_term                              log_brunt_N                             log_lamb_Sl1                             log_lamb_Sl2                             log_lamb_Sl3 
                                       1                  2.9990173643407307E+000                  7.5591830349805555E-001                  3.9297954672225996E+000                 -9.1256883814977829E+000                  2.6941608293737871E+000                  6.9999999999759532E-001                  2.8000000000240483E-001                  1.9999999999999796E-002                  0.0000000000000000E+000                  2.7658180136703744E+009                  8.5631400036922318E+005                  1.0978983689165697E-028                  0.0000000000000000E+000                  0.0000000000000000E+000                  3.4739840304419602E+000                  5.2199844094176251E+008                 -1.3418308831096310E-006                  0.0000000000000000E+000                 -9.8999999999999986E+001                 -3.1337213277217763E-001                 -7.4811505412346574E-002                  7.5703492419644025E-002 
                                       2                  2.9990173643389317E+000                  7.5591565571730224E-001                  3.9304592254615431E+000                 -9.1217729366892772E+000                  2.6993268320567982E+000                  6.9999999999759532E-001                  2.8000000000240483E-001                  1.9999999999999796E-002                  0.0000000000000000E+000                  2.7809922129271760E+009                  8.5758274830972403E+005                  1.1078416495429584E-028                  0.0000000000000000E+000                  0.0000000000000000E+000                  3.5489981943800277E+000                  5.2257797664473897E+008                 -1.3780080324720164E-006                  0.0000000000000000E+000                 -9.8999999999999986E+001                 -3.1312047219994049E-001                 -7.4559844840109413E-002                  7.5955152991881228E-002 
                                       3                  2.9990173643360825E+000                  7.5591150092675563E-001                  3.9311467420210415E+000                 -9.1179019747964833E+000                  2.7045141566164581E+000                  6.9999999999759532E-001                  2.8000000000240483E-001                  1.9999999999999796E-002                  0.0000000000000000E+000                  2.7971480603431339E+009                  8.5891684285903431E+005                  1.1177604878633346E-028                  0.0000000000000000E+000                  0.0000000000000000E+000                  3.6278986073395183E+000                  5.2444921227147341E+008                 -1.4944035994488803E-006                  0.0000000000000000E+000                 -9.8999999999999986E+001                 -3.1231502030934205E-001                 -7.3754392949510930E-002                  7.6760604882479655E-002 
                                       4                  2.9990173643342084E+000                  7.5590879170296121E-001                  3.9318647387945092E+000                 -9.1140066750564426E+000                  2.7098021306675646E+000                  6.9999999999759532E-001                  2.8000000000240483E-001                  1.9999999999999796E-002                  0.0000000000000000E+000                  2.8143620816248341E+009                  8.6032811181253463E+005                  1.1278313372623236E-028                  0.0000000000000000E+000                  0.0000000000000000E+000                  3.7116936119019859E+000                  5.2572210250772804E+008                 -1.5730910268762391E-006                  0.0000000000000000E+000                 -9.8999999999999986E+001                 -3.1177017914234223E-001                 -7.3209551782511123E-002                  7.7305446049479476E-002 
                                       5                  2.9990173643312090E+000                  7.5590449554667383E-001                  3.9325694397334234E+000                 -9.1103706662642434E+000                  2.7148269105784566E+000                  6.9999999999759532E-001                  2.8000000000240483E-001                  1.9999999999999796E-002                  0.0000000000000000E+000                  2.8317016136471419E+009                  8.6173450752700737E+005                  1.1373136824861522E-028                  0.0000000000000000E+000                  0.0000000000000000E+000                  3.7952506098957195E+000                  5.2782892314717168E+008                 -1.7025611637206400E-006                  0.0000000000000000E+000                 -9.8999999999999986E+001                 -3.1087312497942687E-001                 -7.2312497619595684E-002                  7.8202500212394929E-002 
                                       6                  2.9990173643295224E+000                  7.5590209905110939E-001                  3.9332534145118072E+000                 -9.1069644602047699E+000                  2.7195967176073919E+000                  6.9999999999759532E-001                  2.8000000000240483E-001                  1.9999999999999796E-002                  0.0000000000000000E+000                  2.8488136628970895E+009                  8.6311588306200842E+005                  1.1462690383728308E-028                  0.0000000000000000E+000                  0.0000000000000000E+000                  3.8776934720871830E+000                  5.2905341883829910E+008                 -1.7773853007442910E-006                  0.0000000000000000E+000                 -9.8999999999999986E+001                 -3.1035449894559064E-001                 -7.1793871585759533E-002                  7.8721126246231135E-002 
                                       7                  2.9990173643267108E+000                  7.5589813600877387E-001                  3.9343862950386970E+000                 -9.1016190357278095E+000                  2.7272379095352912E+000                  6.9999999999759532E-001                  2.8000000000240483E-001                  1.9999999999999796E-002                  0.0000000000000000E+000                  2.8778458203497362E+009                  8.6544224570684438E+005                  1.1604652266767321E-028                  0.0000000000000000E+000                  0.0000000000000000E+000                  4.0171011667527328E+000                  5.3116807381948149E+008                 -1.9056578198224739E-006                  0.0000000000000000E+000                 -9.8999999999999986E+001                 -3.0946592023325925E-001                 -7.0905292873428200E-002                  7.9609704958562441E-002 
                                       8                  2.9990173643222118E+000                  7.5589187248673340E-001                  3.9363635052116481E+000                 -9.0930978259027189E+000                  2.7398712589966712E+000                  6.9999999999759532E-001                  2.8000000000240483E-001                  1.9999999999999796E-002                  0.0000000000000000E+000                  2.9303744325269032E+009                  8.6961420944368676E+005                  1.1834599738270873E-028                  0.0000000000000000E+000                  0.0000000000000000E+000                  4.2690813060211701E+000                  5.3473997859393448E+008                 -2.1201912358329291E-006                  0.0000000000000000E+000                 -9.8999999999999986E+001                 -3.0798002493189880E-001                 -6.9419397572067609E-002                  8.1095600259922976E-002 
                                       9                  2.9990173643143399E+000                  7.5588112366235394E-001                  3.9383289226985361E+000                 -9.0857925156561397E+000                  2.7514143879788060E+000                  6.9999999999759532E-001                  2.8000000000240483E-001                  1.9999999999999796E-002                  0.0000000000000000E+000                  2.9853050513476310E+009                  8.7391931252912304E+005                  1.2035360013777608E-028                  0.0000000000000000E+000                  0.0000000000000000E+000                  4.5300870300867588E+000                  5.4150879792966187E+008                 -2.5221081003568919E-006                  0.0000000000000000E+000                 -9.8999999999999986E+001                 -3.0518734589737551E-001                 -6.6626718537544358E-002                  8.3888279294446283E-002 
                                      10                  2.9990173643105904E+000                  7.5587609027868574E-001                  3.9402793370544633E+000                 -9.0792156665321055E+000                  2.7623009267084155E+000                  6.9999999999759532E-001                  2.8000000000240483E-001                  1.9999999999999796E-002                  0.0000000000000000E+000                  3.0412359049877868E+009                  8.7831494160396687E+005                  1.2219012746567320E-028                  0.0000000000000000E+000                  0.0000000000000000E+000                  4.8004521336563739E+000                  5.4500232622941649E+008                 -2.7266615091919446E-006                  0.0000000000000000E+000                 -9.8999999999999986E+001                 -3.0376410063056791E-001                 -6.5203473270736792E-002                  8.5311524561253849E-002 
                                      11                  2.9990173643030937E+000                  7.5586617429950764E-001                  3.9433702140410585E+000                 -9.0704567394166062E+000                  2.7781369730178365E+000                  6.9999999999759532E-001                  2.8000000000240483E-001                  1.9999999999999796E-002                  0.0000000000000000E+000                  3.1333679415291424E+009                  8.8556795604432723E+005                  1.2467956852747783E-028                  0.0000000000000000E+000                  0.0000000000000000E+000                  5.2510909740560123E+000                  5.5262085843109834E+008                 -3.1646900044189545E-006                  0.0000000000000000E+000                 -9.8999999999999986E+001                 -3.0071176214801770E-001                 -6.2151134788186610E-002                  8.8363863043804031E-002 
                                      12                  2.9990173642937212E+000                  7.5585402587977324E-001                  3.9463172337106389E+000                 -9.0638703045361080E+000                  2.7917459849984247E+000                  6.9999999999759532E-001                  2.8000000000240483E-001                  1.9999999999999796E-002                  0.0000000000000000E+000                  3.2244686053811359E+009                  8.9281420818029856E+005                  1.2658490264835825E-028                  0.0000000000000000E+000                  0.0000000000000000E+000                  5.7056801712211538E+000                  5.6326454428202081E+008                 -3.7620449721093039E-006                  0.0000000000000000E+000                 -9.8999999999999986E+001                 -2.9650362901676780E-001                 -5.7943001656936791E-002                  9.2571996175053878E-002 
                                      13                  2.9990173642880986E+000                  7.5584684605911090E-001                  3.9490026134616993E+000                 -9.0588881775377583E+000                  2.8033145504687647E+000                  6.9999999999759532E-001                  2.8000000000240483E-001                  1.9999999999999796E-002                  0.0000000000000000E+000                  3.3085481155650010E+009                  8.9966657388642826E+005                  1.2804545888263270E-028                  0.0000000000000000E+000                  0.0000000000000000E+000                  6.1417043725611959E+000                  5.7035717250465763E+008                 -4.1488151156035871E-006                  0.0000000000000000E+000                 -9.8999999999999986E+001                 -2.9374644913084641E-001                 -5.5185821771015366E-002                  9.5329176060975310E-002 
                                      14                  2.9990173642806011E+000                  7.5583738161365865E-001                  3.9538693748661675E+000                 -9.0521181598864153E+000                  2.8224580883208006E+000                  6.9999999999759532E-001                  2.8000000000240483E-001                  1.9999999999999796E-002                  0.0000000000000000E+000                  3.4614393302536850E+009                  9.1269434458815027E+005                  1.3005719785914623E-028                  0.0000000000000000E+000                  0.0000000000000000E+000                  6.9828621915833367E+000                  5.8085516270196784E+008                 -4.7008518975200897E-006                  0.0000000000000000E+000                 -9.8999999999999986E+001                 -2.8975142247038760E-001                 -5.1190795110556506E-002                  9.9324202721434149E-002 
                                      15                  2.9990173642656059E+000                  7.5581874369964297E-001                  3.9607020474934918E+000                 -9.0476587485088462E+000                  2.8452624583586816E+000                  6.9999999999759532E-001                  2.8000000000240483E-001                  1.9999999999999796E-002                  0.0000000000000000E+000                  3.6720910398867197E+009                  9.3238796122942364E+005                  1.3139956661102888E-028                  0.0000000000000000E+000                  0.0000000000000000E+000                  8.2641833584261466E+000                  6.0551405455905032E+008                 -5.8998985216474924E-006                  0.0000000000000000E+000                 -9.8999999999999986E+001                 -2.8061094759095317E-001                 -4.2050320231122068E-002                  1.0846467760086852E-001 
                                      16                  2.9990173642524858E+000                  7.5580260018404100E-001                  3.9662231781572106E+000                 -9.0471679550623474E+000                  2.8612583803507134E+000                  6.9999999999759532E-001                  2.8000000000240483E-001                  1.9999999999999796E-002                  0.0000000000000000E+000                  3.8289461315143323E+009                  9.4941829194259376E+005                  1.3154814867130681E-028                  0.0000000000000000E+000                  0.0000000000000000E+000                  9.3774354257634123E+000                  6.3160355721051073E+008                 -7.0051146911244191E-006                  0.0000000000000000E+000                 -9.8999999999999986E+001                 -2.7127396631280032E-001                 -3.2713338952969177E-002                  1.1780165887902140E-001 
                                      17                  2.9990173642449878E+000                  7.5579338492996340E-001                  3.9701858271405186E+000                 -9.0480019061992891E+000                  2.8718372949102258E+000                  6.9999999999759532E-001                  2.8000000000240483E-001                  1.9999999999999796E-002                  0.0000000000000000E+000                  3.9286175625207601E+009                  9.6219557654563349E+005                  1.3129577927809935E-028                  0.0000000000000000E+000                  0.0000000000000000E+000                  1.0213718502605369E+001                  6.4880652022684455E+008                 -7.6318654723017850E-006                  0.0000000000000000E+000                 -9.8999999999999986E+001                 -2.6531660248458411E-001                 -2.6755975124753039E-002                  1.2375902270723758E-001 
                                      18                  2.9990173642384277E+000                  7.5578530560158774E-001                  3.9740512964313357E+000                 -9.0496783414181170E+000                  2.8814844437688643E+000                  6.9999999999759532E-001                  2.8000000000240483E-001                  1.9999999999999796E-002                  0.0000000000000000E+000                  4.0121818739913998E+009                  9.7508241693332815E+005                  1.3078992222496487E-028                  0.0000000000000000E+000                  0.0000000000000000E+000                  1.1053026171086671E+001                  6.6539720135880959E+008                 -8.1544949825555539E-006                  0.0000000000000000E+000                 -9.8999999999999986E+001                 -2.5971023002587695E-001                 -2.1149602666045885E-002                  1.2936539516594475E-001 
                                      19                  2.9990173642318672E+000                  7.5577719457209303E-001                  3.9795136570379874E+000                 -9.0531415773281747E+000                  2.8942443293632696E+000                  6.9999999999759532E-001                  2.8000000000240483E-001                  1.9999999999999796E-002                  0.0000000000000000E+000                  4.1011149928430591E+009                  9.9392633497521072E+005                  1.2975106935448427E-028                  0.0000000000000000E+000                  0.0000000000000000E+000                  1.2266623939041539E+001                  6.8346773728354526E+008                 -8.6290024808186256E-006                  0.0000000000000000E+000                 -9.8999999999999986E+001                 -2.5374156288414540E-001                 -1.5180935524314286E-002                  1.3533406230767631E-001 
                                      20                  2.9990173642206210E+000                  7.5576317755462308E-001                  3.9856607757301532E+000                 -9.0585633729957209E+000                  2.9072843594083242E+000                  6.9999999999759532E-001                  2.8000000000240483E-001                  1.9999999999999796E-002                  0.0000000000000000E+000                  4.1518125102753706E+009                  1.0159407967308162E+006                  1.2814126137120099E-028                  0.0000000000000000E+000                  0.0000000000000000E+000                  1.3636390429690971E+001                  7.1781330683524597E+008                 -9.2657435758169034E-006                  0.0000000000000000E+000                 -9.8999999999999986E+001                 -2.4276235740051647E-001                 -4.2017300406853334E-003                  1.4631326779130527E-001 
                                      21                  2.9990173642131235E+000                  7.5575371471736674E-001                  3.9894809459039200E+000                 -9.0623970722420157E+000                  2.9149251447487390E+000                  6.9999999999759532E-001                  2.8000000000240483E-001                  1.9999999999999796E-002                  0.0000000000000000E+000                  4.1533136579334288E+009                  1.0299543655867778E+006                  1.2701505076290040E-028                  0.0000000000000000E+000                  0.0000000000000000E+000                  1.4472060190925408E+001                  7.4301802513913298E+008                 -9.5226539045536512E-006                  0.0000000000000000E+000                 -9.8999999999999986E+001                 -2.3499675757477909E-001                  3.5638697850519357E-003                  1.5407886761704262E-001 
                                      22                  2.9990173642093749E+000                  7.5574894111291813E-001                  3.9920617537902441E+000                 -9.0650927598241218E+000                  2.9199455459400316E+000                  6.9999999999759532E-001                  2.8000000000240483E-001                  1.9999999999999796E-002                  0.0000000000000000E+000                  4.1404874080855656E+009                  1.0395307966603411E+006                  1.2622908145590063E-028                  0.0000000000000000E+000                  0.0000000000000000E+000                  1.5023078765368943E+001                  7.5625227563171101E+008                 -9.5842341533794371E-006                  0.0000000000000000E+000                 -9.8999999999999986E+001                 -2.3100349370852913E-001                  7.5571336513019461E-003                  1.5807213148329255E-001 
                                      23                  2.9990173642056255E+000                  7.5574413762743597E-001                  3.9959751754059747E+000                 -9.0692743937018765E+000                  2.9273693063416206E+000                  6.9999999999759532E-001                  2.8000000000240483E-001                  1.9999999999999796E-002                  0.0000000000000000E+000                  4.0991219331353164E+009                  1.0541798982383267E+006                  1.2501947468873395E-028                  0.0000000000000000E+000                  0.0000000000000000E+000                  1.5828287359572373E+001                  7.6981805326709843E+008                 -9.5924458904791200E-006                  0.0000000000000000E+000                 -9.8999999999999986E+001                 -2.2695839723180483E-001                  1.1602230128026263E-002                  1.6211722796001690E-001 
                                      24                  2.9990173641981284E+000                  7.5573443722241174E-001                  4.0026097114963735E+000                 -9.0764595640663970E+000                  2.9394680833685323E+000                  6.9999999999759532E-001                  2.8000000000240483E-001                  1.9999999999999796E-002                  0.0000000000000000E+000                  3.9679041290240030E+009                  1.0792305102561009E+006                  1.2296805317596469E-028                  0.0000000000000000E+000                  0.0000000000000000E+000                  1.7075009974312703E+001                  7.9769305831942427E+008                 -9.4536708988824583E-006                  0.0000000000000000E+000                 -9.8999999999999986E+001                 -2.1879799814138806E-001                  1.9762629218442993E-002                  1.7027762705043364E-001 
                                      25                  2.9990173641868818E+000                  7.5571964262881308E-001                  4.0106418947893330E+000                 -9.0847673038877694E+000                  2.9535571740063498E+000                  6.9999999999759532E-001                  2.8000000000240483E-001                  1.9999999999999796E-002                  0.0000000000000000E+000                  3.7143688346344886E+009                  1.1096142762770404E+006                  1.2063805483855435E-028                  0.0000000000000000E+000                  0.0000000000000000E+000                  1.8329887952605425E+001                  8.4059345121601319E+008                 -8.9114945752772555E-006                  0.0000000000000000E+000                 -9.8999999999999986E+001                 -2.0662154583116696E-001                  3.1939081528664114E-002                  1.8245407936065478E-001 
                                      26                  2.9990173641756357E+000                  7.5570456074487846E-001                  4.0172620727175223E+000                 -9.0908255174541654E+000                  2.9649602632635657E+000                  6.9999999999759532E-001                  2.8000000000240483E-001                  1.9999999999999796E-002                  0.0000000000000000E+000                  3.4445630595580859E+009                  1.1344816677072879E+006                  1.1896684521854963E-028                  0.0000000000000000E+000                  0.0000000000000000E+000                  1.9135188680909753E+001                  8.8352630381214988E+008                 -8.0795234946381294E-006                  0.0000000000000000E+000                 -9.8999999999999986E+001                 -1.9481856923511445E-001                  4.3742058124716626E-002                  1.9425705595670728E-001 
                                      27                  2.9990173641681377E+000                  7.5569436402551493E-001                  4.0224529044528907E+000                 -9.0948780258373816E+000                  2.9738727798081963E+000                  6.9999999999759532E-001                  2.8000000000240483E-001                  1.9999999999999796E-002                  0.0000000000000000E+000                  3.2070170117817073E+009                  1.1537738508374265E+006                  1.1786186945078340E-028                  0.0000000000000000E+000                  0.0000000000000000E+000                  1.9621565990295494E+001                  9.1129407092743802E+008                 -7.4319997520556553E-006                  0.0000000000000000E+000                 -9.8999999999999986E+001                 -1.8730671515770242E-001                  5.1253912202128583E-002                  2.0176891003411926E-001 
                                      28                  2.9990173641606410E+000                  7.5568407098434542E-001                  4.0287661422827643E+000                 -9.0988508761160301E+000                  2.9847632413890679E+000                  6.9999999999759532E-001                  2.8000000000240483E-001                  1.9999999999999796E-002                  0.0000000000000000E+000                  2.9018385657814870E+009                  1.1769725754698119E+006                  1.1678857687574637E-028                  0.0000000000000000E+000                  0.0000000000000000E+000                  2.0049575752877018E+001                  9.3772636541129303E+008                 -6.7626093753387658E-006                  0.0000000000000000E+000                 -9.8999999999999986E+001                 -1.8017131179378285E-001                  5.8389315566048261E-002                  2.0890431339803883E-001 
                                      29                  2.9990173641493940E+000                  7.5566848814357857E-001                  4.0348019807871722E+000                 -9.1015062980338133E+000                  2.9953887851150029E+000                  6.9999999999759532E-001                  2.8000000000240483E-001                  1.9999999999999796E-002                  0.0000000000000000E+000                  2.6072678324844947E+009                  1.1989290299864179E+006                  1.1607665169785346E-028                  0.0000000000000000E+000                  0.0000000000000000E+000                  2.0298571436685126E+001                  9.7483756579115355E+008                 -5.7990003487741067E-006                  0.0000000000000000E+000                 -9.8999999999999986E+001                 -1.7015495717003842E-001                  6.8405670189792600E-002                  2.1892066802178331E-001 
                                      30                  2.9990173641418969E+000                  7.5565803492937444E-001                  4.0394510365224283E+000                 -9.1028224645116040E+000                  3.0037067181228272E+000                  6.9999999999759532E-001                  2.8000000000240483E-001                  1.9999999999999796E-002                  0.0000000000000000E+000                  2.3864698832151928E+009                  1.2157596300700854E+006                  1.1572539448048600E-028                  0.0000000000000000E+000                  0.0000000000000000E+000                  2.0383280286176010E+001                  9.9777129569253337E+008                 -5.2078427276249240E-006                  0.0000000000000000E+000                 -9.8999999999999986E+001                 -1.6391376190968077E-001                  7.4646865450150299E-002                  2.2516186328214091E-001 
                                      31                  2.9990173641343993E+000                  7.5564754922945887E-001                  4.0461314607730552E+000                 -9.1036213212744954E+000                  3.0158934893110199E+000                  6.9999999999759532E-001                  2.8000000000240483E-001                  1.9999999999999796E-002                  0.0000000000000000E+000                  2.0886335604558187E+009                  1.2399443892093052E+006                  1.1551271495252684E-028                  0.0000000000000000E+000                  0.0000000000000000E+000                  2.0346586815577005E+001                  1.0189999514057596E+009                 -4.6689307910739154E-006                  0.0000000000000000E+000                 -9.8999999999999986E+001                 -1.5801644515698740E-001                  8.0544182202843748E-002                  2.3105918003483444E-001 
                                      32                  2.9990173641194038E+000                  7.5562653693278992E-001                  4.0543218334259112E+000                 -9.1025327446468758E+000                  3.0316311335043027E+000                  6.9999999999759532E-001                  2.8000000000240483E-001                  1.9999999999999796E-002                  0.0000000000000000E+000                  1.7641609342171438E+009                  1.2698138451166840E+006                  1.1580262328331516E-028                  0.0000000000000000E+000                  0.0000000000000000E+000                  2.0076342477745300E+001                  1.0571746666375585E+009                 -3.7531366489954112E-006                  0.0000000000000000E+000                 -9.8999999999999986E+001                 -1.4711151868683492E-001                  9.1449108672996174E-002                  2.4196410650498681E-001 
                                      33                  2.9990173641044091E+000                  7.5560557419945307E-001                  4.0599540541564485E+000                 -9.1004496706584277E+000                  3.0430732445962896E+000                  6.9999999999759532E-001                  2.8000000000240483E-001                  1.9999999999999796E-002                  0.0000000000000000E+000                  1.5702738151985459E+009                  1.2906623062406443E+006                  1.1635941475976856E-028                  0.0000000000000000E+000                  0.0000000000000000E+000                  1.9770610407389189E+001                  1.0905110230459208E+009                 -3.0289630888226812E-006                  0.0000000000000000E+000                 -9.8999999999999986E+001                 -1.3722456997869650E-001                  1.0133605738113459E-001                  2.5185105521312523E-001 
                                      34                  2.9990173640969116E+000                  7.5559514185463927E-001                  4.0653154218064547E+000                 -9.0977587736304049E+000                  3.0542226768271838E+000                  6.9999999999759532E-001                  2.8000000000240483E-001                  1.9999999999999796E-002                  0.0000000000000000E+000                  1.4083619571961215E+009                  1.3108904675055256E+006                  1.1708263791591245E-028                  0.0000000000000000E+000                  0.0000000000000000E+000                  1.9399615099044627E+001                  1.1054679065507801E+009                 -2.7286740102097277E-006                  0.0000000000000000E+000                 -9.8999999999999986E+001                 -1.3260643951166518E-001                  1.0595418784816592E-001                  2.5646918568015648E-001 
                                      35                  2.9990173640819160E+000                  7.5557440381085805E-001                  4.0712587089257486E+000                 -9.0935521163151147E+000                  3.0673262997121489E+000                  6.9999999999759532E-001                  2.8000000000240483E-001                  1.9999999999999796E-002                  0.0000000000000000E+000                  1.2539891635549724E+009                  1.3336784822672685E+006                  1.1822226378850647E-028                  0.0000000000000000E+000                  0.0000000000000000E+000                  1.8933491636143593E+001                  1.1325727777499516E+009                 -2.2281166898945314E-006                  0.0000000000000000E+000                 -9.8999999999999986E+001                 -1.2394941919542035E-001                  1.1461120816441075E-001                  2.6512620599640135E-001 
                                      36                  2.9990173640697328E+000                  7.5555771441404984E-001                  4.0775524360546704E+000                 -9.0880747476910351E+000                  3.0817738739406177E+000                  6.9999999999759532E-001                  2.8000000000240483E-001                  1.9999999999999796E-002                  0.0000000000000000E+000                  1.1163613116964571E+009                  1.3582470789755550E+006                  1.1972277943515275E-028                  0.0000000000000000E+000                  0.0000000000000000E+000                  1.8385229846066494E+001                  1.1522857836553316E+009                 -1.9006466990531763E-006                  0.0000000000000000E+000                 -9.8999999999999986E+001                 -1.1745313901814829E-001                  1.2110748834168285E-001                  2.7162248617367346E-001 
                                      37                  2.9990173640509892E+000                  7.5553235653150053E-001                  4.0835968335069497E+000                 -9.0814778879728220E+000                  3.0965927814336993E+000                  6.9999999999759532E-001                  2.8000000000240483E-001                  1.9999999999999796E-002                  0.0000000000000000E+000                  1.0070046394334241E+009                  1.3821120099999607E+006                  1.2155528148425058E-028                  0.0000000000000000E+000                  0.0000000000000000E+000                  1.7837320405829278E+001                  1.1793550943734517E+009                 -1.4997165302759589E-006                  0.0000000000000000E+000                 -9.8999999999999986E+001                 -1.0830178162461047E-001                  1.3025884573522065E-001                  2.8077384356721125E-001 
                                      38                  2.9990173640369315E+000                  7.5551362197017002E-001                  4.0876159159041450E+000                 -9.0764818044096192E+000                  3.1068781970826835E+000                  6.9999999999759532E-001                  2.8000000000240483E-001                  1.9999999999999796E-002                  0.0000000000000000E+000                  9.4524029491517246E+008                  1.3980335782562268E+006                  1.2296175593212520E-028                  0.0000000000000000E+000                  0.0000000000000000E+000                  1.7464886778289785E+001                  1.1975046075609019E+009                 -1.2611758889165151E-006                  0.0000000000000000E+000                 -9.8999999999999986E+001                 -1.0206580617323691E-001                  1.3649482118659417E-001                  2.8700981901858491E-001 
                                      39                  2.9990173640275590E+000                  7.5550127379418841E-001                  4.0914489390809434E+000                 -9.0713661166528148E+000                  3.1169267772968010E+000                  6.9999999999759532E-001                  2.8000000000240483E-001                  1.9999999999999796E-002                  0.0000000000000000E+000                  8.9361770371700215E+008                  1.4131627830699317E+006                  1.2441876547309617E-028                  0.0000000000000000E+000                  0.0000000000000000E+000                  1.7104568639270955E+001                  1.2087592207033191E+009                 -1.1255711376049741E-006                  0.0000000000000000E+000                 -9.8999999999999986E+001                 -9.8194667446715941E-002                  1.4036595991311512E-001                  2.9088095774510581E-001 
                                      40                  2.9990173640135014E+000                  7.5548296649139712E-001                  4.0957619044675218E+000                 -9.0650285491948974E+000                  3.1286879524504347E+000                  6.9999999999759532E-001                  2.8000000000240483E-001                  1.9999999999999796E-002                  0.0000000000000000E+000                  8.4335847620318353E+008                  1.4299638831800863E+006                  1.2624774639009332E-028                  0.0000000000000000E+000                  0.0000000000000000E+000                  1.6703714373254950E+001                  1.2245662072118809E+009                 -9.5056811486184142E-007                  0.0000000000000000E+000                 -9.8999999999999986E+001                 -9.2803627341323219E-002                  1.4575700001850786E-001                  2.9627199785049857E-001 
                                      41                  2.9990173639994437E+000                  7.5546492213798178E-001                  4.1018312106823940E+000                 -9.0554129166886561E+000                  3.1457560393387611E+000                  6.9999999999759532E-001                  2.8000000000240483E-001                  1.9999999999999796E-002                  0.0000000000000000E+000                  7.8491442615015197E+008                  1.4530345523111296E+006                  1.2907422949300265E-028                  0.0000000000000000E+000                  0.0000000000000000E+000                  1.6144197132078528E+001                  1.2392674032729728E+009                 -8.0407469728359200E-007                  0.0000000000000000E+000                 -9.8999999999999986E+001                 -8.7897386906760952E-002                  1.5066324045307017E-001                  3.0117823828506080E-001 
                                      42                  2.9990173639713280E+000                  7.5542961717902501E-001                  4.1078776408374909E+000                 -9.0444084133355194E+000                  3.1639714071256573E+000                  6.9999999999759532E-001                  2.8000000000240483E-001                  1.9999999999999796E-002                  0.0000000000000000E+000                  7.3942115018309784E+008                  1.4748401690895758E+006                  1.3238670170070227E-028                  0.0000000000000000E+000                  0.0000000000000000E+000                  1.5620475005817163E+001                  1.2658904132744453E+009                 -5.7453182893996359E-007                  0.0000000000000000E+000                 -9.8999999999999986E+001                 -7.9347588303043032E-002                  1.5921303905678805E-001                  3.0972803688877870E-001 
                                      43                  2.9990173639525843E+000                  7.5540666481965435E-001                  4.1112655403042346E+000                 -9.0378008522854856E+000                  3.1745470457782012E+000                  6.9999999999759532E-001                  2.8000000000240483E-001                  1.9999999999999796E-002                  0.0000000000000000E+000                  7.1887811656147552E+008                  1.4863991404790203E+006                  1.3441635549728346E-028                  0.0000000000000000E+000                  0.0000000000000000E+000                  1.5336212659987616E+001                  1.2818562013940105E+009                 -4.5746650196119265E-007                  0.0000000000000000E+000                 -9.8999999999999986E+001                 -7.4485317351596206E-002                  1.6407531000823489E-001                  3.1459030784022551E-001 
                                      44                  2.9990173639432127E+000                  7.5539536058501056E-001                  4.1145368955100334E+000                 -9.0312717624839038E+000                  3.1848723263762286E+000                  6.9999999999759532E-001                  2.8000000000240483E-001                  1.9999999999999796E-002                  0.0000000000000000E+000                  7.0213262217140520E+008                  1.4970392021827116E+006                  1.3645246878339277E-028                  0.0000000000000000E+000                  0.0000000000000000E+000                  1.5063196540066984E+001                  1.2894479829831026E+009                 -4.0789924307367016E-007                  0.0000000000000000E+000                 -9.8999999999999986E+001                 -7.2311756091917645E-002                  1.6624887126791341E-001                  3.1676386909990401E-001 
                                      45                  2.9990173639244686E+000                  7.5537308688141358E-001                  4.1191525780667186E+000                 -9.0215146464194405E+000                  3.1999171015312462E+000                  6.9999999999759532E-001                  2.8000000000240483E-001                  1.9999999999999796E-002                  0.0000000000000000E+000                  6.8334439173339856E+008                  1.5109751198836050E+006                  1.3955287982361315E-028                  0.0000000000000000E+000                  0.0000000000000000E+000                  1.4690322264693991E+001                  1.3039503617040682E+009                 -3.2334784560456708E-007                  0.0000000000000000E+000                 -9.8999999999999986E+001                 -6.8433675995278692E-002                  1.7012695136455239E-001                  3.2064194919654304E-001 
                                      46                  2.9990173639010389E+000                  7.5534585864042414E-001                  4.1234522036007348E+000                 -9.0118305002215155E+000                  3.2144616872007554E+000                  6.9999999999759532E-001                  2.8000000000240483E-001                  1.9999999999999796E-002                  0.0000000000000000E+000                  6.7052491753080142E+008                  1.5226736017940347E+006                  1.4269975901385413E-028                  0.0000000000000000E+000                  0.0000000000000000E+000                  1.4356412987124804E+001                  1.3208105189265370E+009                 -2.3921650108806533E-007                  0.0000000000000000E+000                 -9.8999999999999986E+001                 -6.4311394667229765E-002                  1.7424923269260134E-001                  3.2476423052459197E-001 
                                      47                  2.9990173638822948E+000                  7.5532455282168698E-001                  4.1270713372430432E+000                 -9.0033506132380410E+000                  3.2269959800769734E+000                  6.9999999999759532E-001                  2.8000000000240483E-001                  1.9999999999999796E-002                  0.0000000000000000E+000                  6.6305992424454784E+008                  1.5315393548884266E+006                  1.4551353245343219E-028                  0.0000000000000000E+000                  0.0000000000000000E+000                  1.4081615581663895E+001                  1.3334489858067169E+009                 -1.8612618629921650E-007                  0.0000000000000000E+000                 -9.8999999999999986E+001                 -6.1542107171081030E-002                  1.7701852018875014E-001                  3.2753351802074071E-001 
                                      48                  2.9990173638635511E+000                  7.5530365593224535E-001                  4.1309381759658717E+000                 -8.9939660204605012E+000                  3.2406803164429747E+000                  6.9999999999759532E-001                  2.8000000000240483E-001                  1.9999999999999796E-002                  0.0000000000000000E+000                  6.5835303444255900E+008                  1.5400133724327025E+006                  1.4869222623617651E-028                  0.0000000000000000E+000                  0.0000000000000000E+000                  1.3795579101168618E+001                  1.3454777729975924E+009                 -1.4351010368230756E-007                  0.0000000000000000E+000                 -9.8999999999999986E+001                 -5.9195700080413458E-002                  1.7936492727941764E-001                  3.2987992511140835E-001 
                                      49                  2.9990173638401210E+000                  7.5527808910949501E-001                  4.1345830873997249E+000                 -8.9847179050318697E+000                  3.2539496841534397E+000                  6.9999999999759532E-001                  2.8000000000240483E-001                  1.9999999999999796E-002                  0.0000000000000000E+000                  6.5690737171601009E+008                  1.5470352060742422E+006                  1.5189261724863578E-028                  0.0000000000000000E+000                  0.0000000000000000E+000                  1.3538277343037777E+001                  1.3597079398488722E+009                 -1.0198717566522979E-007                  0.0000000000000000E+000                 -9.8999999999999986E+001                 -5.6741747624310078E-002                  1.8181887973552094E-001                  3.3233387756751159E-001 
                                      50                  2.9990173638213773E+000                  7.5525806344106905E-001                  4.1376784048606554E+000                 -8.9766505415951858E+000                  3.2654157484493131E+000                  6.9999999999759532E-001                  2.8000000000240483E-001                  1.9999999999999796E-002                  0.0000000000000000E+000                  6.5791241335106289E+008                  1.5522628272389241E+006                  1.5474060163732631E-028                  0.0000000000000000E+000                  0.0000000000000000E+000                  1.3327946836822941E+001                  1.3705205815014014E+009                 -7.6716236009009366E-008                  0.0000000000000000E+000                 -9.8999999999999986E+001                 -5.5111592309452950E-002                  1.8344903505037818E-001                  3.3396403288236881E-001 
                                      51                  2.9990173638026332E+000                  7.5523840363697314E-001                  4.1413820932837400E+000                 -8.9667811818867040E+000                  3.2793377920307201E+000                  6.9999999999759532E-001                  2.8000000000240483E-001                  1.9999999999999796E-002                  0.0000000000000000E+000                  6.6175364479276943E+008                  1.5576141459047128E+006                  1.5829746224267316E-028                  0.0000000000000000E+000                  0.0000000000000000E+000                  1.3086719917485583E+001                  1.3809382931960804E+009                 -5.7744580324760158E-008                  0.0000000000000000E+000                 -9.8999999999999986E+001                 -5.3761552635916664E-002                  1.8479907472391449E-001                  3.3531407255590501E-001 
                                      52                  2.9990173637745179E+000                  7.5520957169983183E-001                  4.1462645154726738E+000                 -8.9533263902883409E+000                  3.2981129046427382E+000                  6.9999999999759532E-001                  2.8000000000240483E-001                  1.9999999999999796E-002                  0.0000000000000000E+000                  6.7105295816162992E+008                  1.5632469498032886E+006                  1.6327856497085119E-028                  0.0000000000000000E+000                  0.0000000000000000E+000                  1.2791529140962449E+001                  1.3958865213124168E+009                 -3.8856778862379375E-008                  0.0000000000000000E+000                 -9.8999999999999986E+001                 -5.2163995278613130E-002                  1.8639663208121796E-001                  3.3691162991320855E-001 
                                      53                  2.9990173637370301E+000                  7.5517229332829183E-001                  4.1501622048625304E+000                 -8.9420759233125331E+000                  3.3135893050599674E+000                  6.9999999999759532E-001                  2.8000000000240483E-001                  1.9999999999999796E-002                  0.0000000000000000E+000                  6.8174895090918648E+008                  1.5667768502387691E+006                  1.6756372527780750E-028                  0.0000000000000000E+000                  0.0000000000000000E+000                  1.2580852864130868E+001                  1.4145337179526813E+009                 -2.6429488493174979E-008                  0.0000000000000000E+000                 -9.8999999999999986E+001                 -5.0578294433234521E-002                  1.8798233292659655E-001                  3.3849733075858718E-001 
                                      54                  2.9990173637182864E+000                  7.5515412731459497E-001                  4.1526700549269258E+000                 -8.9347756434655636E+000                  3.3236104178631987E+000                  6.9999999999759532E-001                  2.8000000000240483E-001                  1.9999999999999796E-002                  0.0000000000000000E+000                  6.9019280564142394E+008                  1.5686888623340023E+006                  1.7040429091454615E-028                  0.0000000000000000E+000                  0.0000000000000000E+000                  1.2452881362432155E+001                  1.4234127506749229E+009                 -2.4601341553489563E-008                  0.0000000000000000E+000                 -9.8999999999999986E+001                 -4.9968940888874401E-002                  1.8859168647095675E-001                  3.3910668430294738E-001 
                                      55                  2.9990173636995423E+000                  7.5513626188743521E-001                  4.1563067860441230E+000                 -8.9241133160620549E+000                  3.3382237943574857E+000                  6.9999999999759532E-001                  2.8000000000240483E-001                  1.9999999999999796E-002                  0.0000000000000000E+000                  7.0458111195597196E+008                  1.5710605226466949E+006                  1.7463979277623053E-028                  0.0000000000000000E+000                  0.0000000000000000E+000                  1.2276857627389065E+001                  1.4321373232844789E+009                 -2.5295233188441085E-008                  0.0000000000000000E+000                 -9.8999999999999986E+001                 -4.9467511609914451E-002                  1.8909311574991672E-001                  3.3960811358190723E-001 
                                      56                  2.9990173636620545E+000                  7.5510139122672237E-001                  4.1608762050538699E+000                 -8.9103206855976325E+000                  3.3569793978091989E+000                  6.9999999999759532E-001                  2.8000000000240483E-001                  1.9999999999999796E-002                  0.0000000000000000E+000                  7.2604334882445765E+008                  1.5735365230514447E+006                  1.8027533100156823E-028                  0.0000000000000000E+000                  0.0000000000000000E+000                  1.2076540796075475E+001                  1.4489428486513774E+009                 -3.1458014135788527E-008                  0.0000000000000000E+000                 -9.8999999999999986E+001                 -4.8653258701214966E-002                  1.8990736865861615E-001                  3.4042236649060670E-001 
                                      57                  2.9990173636245667E+000                  7.5506760260048555E-001                  4.1641202825334229E+000                 -8.9002898628475631E+000                  3.3705371255426124E+000                  6.9999999999759532E-001                  2.8000000000240483E-001                  1.9999999999999796E-002                  0.0000000000000000E+000                  7.4343149735638452E+008                  1.5750774740998081E+006                  1.8448772114346040E-028                  0.0000000000000000E+000                  0.0000000000000000E+000                  1.1945996268311399E+001                  1.4648431803225834E+009                 -4.1842278715614337E-008                  0.0000000000000000E+000                 -9.8999999999999986E+001                 -4.7994207357479717E-002                  1.9056642000235136E-001                  3.4108141783434204E-001 
                                      58                  2.9990173636058230E+000                  7.5505109115225288E-001                  4.1672714726941100E+000                 -8.8905834481621344E+000                  3.3836863615024613E+000                  6.9999999999759532E-001                  2.8000000000240483E-001                  1.9999999999999796E-002                  0.0000000000000000E+000                  7.6189058492242110E+008                  1.5764918318068851E+006                  1.8865756108302706E-028                  0.0000000000000000E+000                  0.0000000000000000E+000                  1.1821512758833331E+001                  1.4725850455868773E+009                 -4.8154644123619571E-008                  0.0000000000000000E+000                 -9.8999999999999986E+001                 -4.7706070853609284E-002                  1.9085455650622174E-001                  3.4136955433821237E-001 
                                      59                  2.9990173635683353E+000                  7.5501879268132943E-001                  4.1707721882498303E+000                 -8.8795549159582112E+000                  3.3985446285129459E+000                  6.9999999999759532E-001                  2.8000000000240483E-001                  1.9999999999999796E-002                  0.0000000000000000E+000                  7.8370963326810217E+008                  1.5780615856412582E+006                  1.9350987513883092E-028                  0.0000000000000000E+000                  0.0000000000000000E+000                  1.1692204217518082E+001                  1.4876716724681411E+009                 -6.1882166004165765E-008                  0.0000000000000000E+000                 -9.8999999999999986E+001                 -4.7166904343029739E-002                  1.9139372301680138E-001                  3.4190872084879209E-001 
                                      60                  2.9990173635402195E+000                  7.5499517166535990E-001                  4.1736647401247033E+000                 -8.8703864906262169E+000                  3.4108904604555415E+000                  6.9999999999759532E-001                  2.8000000000240483E-001                  1.9999999999999796E-002                  0.0000000000000000E+000                  8.0264988339762306E+008                  1.5794345158122105E+006                  1.9763865135221072E-028                  0.0000000000000000E+000                  0.0000000000000000E+000                  1.1588144119590515E+001                  1.4985859400862930E+009                 -7.2584017276627215E-008                  0.0000000000000000E+000                 -9.8999999999999986E+001                 -4.6769218206900207E-002                  1.9179140915293091E-001                  3.4230640698492149E-001 
                                      61                  2.9990173635121042E+000                  7.5497204035282828E-001                  4.1764586526774927E+000                 -8.8614593882358506E+000                  3.4228975354749926E+000                  6.9999999999759532E-001                  2.8000000000240483E-001                  1.9999999999999796E-002                  0.0000000000000000E+000                  8.2154122090287960E+008                  1.5808919127523312E+006                  2.0174338455015817E-028                  0.0000000000000000E+000                  0.0000000000000000E+000                  1.1490005909303802E+001                  1.5092561812657371E+009                 -8.3149415703678612E-008                  0.0000000000000000E+000                 -9.8999999999999986E+001                 -4.6356966901614317E-002                  1.9220366045821682E-001                  3.4271865829020742E-001 
                                      62                  2.9990173634839885E+000                  7.5494937607593371E-001                  4.1791607627740923E+000                 -8.8527631008706447E+000                  3.4345839653555994E+000                  6.9999999999759532E-001                  2.8000000000240483E-001                  1.9999999999999796E-002                  0.0000000000000000E+000                  8.4023870773684669E+008                  1.5824831419761244E+006                  2.0582394746680635E-028                  0.0000000000000000E+000                  0.0000000000000000E+000                  1.1397165793745145E+001                  1.5196783503683021E+009                 -9.3299686324460425E-008                  0.0000000000000000E+000                 -9.8999999999999986E+001                 -4.5915560017579078E-002                  1.9264506734225198E-001                  3.4316006517424258E-001 
                                      63                  2.9990173634558728E+000                  7.5492715766964169E-001                  4.1830794016335142E+000                 -8.8401639208144172E+000                  3.4515477357045881E+000                  6.9999999999759532E-001                  2.8000000000240483E-001                  1.9999999999999796E-002                  0.0000000000000000E+000                  8.6790963700456774E+008                  1.5852174865988463E+006                  2.1188272164948446E-028                  0.0000000000000000E+000                  0.0000000000000000E+000                  1.1264041550688930E+001                  1.5299344750996792E+009                 -1.0270249255164889E-007                  0.0000000000000000E+000                 -9.8999999999999986E+001                 -4.5424874755066437E-002                  1.9313575260476470E-001                  3.4365075043675525E-001 
                                      64                  2.9990173633996409E+000                  7.5488398172879168E-001                  4.1871855490114411E+000                 -8.8266434749967519E+000                  3.4696574655882957E+000                  6.9999999999759532E-001                  2.8000000000240483E-001                  1.9999999999999796E-002                  0.0000000000000000E+000                  8.9658038874296081E+008                  1.5886848410180607E+006                  2.1858305387832385E-028                  0.0000000000000000E+000                  0.0000000000000000E+000                  1.1135688521698288E+001                  1.5497317713833315E+009                 -1.1957916758497785E-007                  0.0000000000000000E+000                 -9.8999999999999986E+001                 -4.4312414138502884E-002                  1.9424821322132821E-001                  3.4476321105331886E-001 
                                      65                  2.9990173633621531E+000                  7.5485607321351222E-001                  4.1903441024477228E+000                 -8.8162286095703752E+000                  3.4836239859446865E+000                  6.9999999999759532E-001                  2.8000000000240483E-001                  1.9999999999999796E-002                  0.0000000000000000E+000                  9.1794473162059069E+008                  1.5917977193623136E+006                  2.2388847888442829E-028                  0.0000000000000000E+000                  0.0000000000000000E+000                  1.1040576682405177E+001                  1.5624179682072585E+009                 -1.2945909741087054E-007                  0.0000000000000000E+000                 -9.8999999999999986E+001                 -4.3479924219989828E-002                  1.9508070313984119E-001                  3.4559570097183190E-001 
                                      66                  2.9990173633246657E+000                  7.5482882082267111E-001                  4.1933892506710100E+000                 -8.8061324376144103E+000                  3.4971586590482993E+000                  6.9999999999759532E-001                  2.8000000000240483E-001                  1.9999999999999796E-002                  0.0000000000000000E+000                  9.3747346931400311E+008                  1.5951869652693123E+006                  2.2915445310007955E-028                  0.0000000000000000E+000                  0.0000000000000000E+000                  1.0953530322726705E+001                  1.5748393629928474E+009                 -1.3798303447205913E-007                  0.0000000000000000E+000                 -9.8999999999999986E+001                 -4.2565713936529082E-002                  1.9599491342330200E-001                  3.4650991125529262E-001 
                                      67                  2.9990173632871779E+000                  7.5480218971306012E-001                  4.1963299164463326E+000                 -8.7963373901171629E+000                  3.5102874163051290E+000                  6.9999999999759532E-001                  2.8000000000240483E-001                  1.9999999999999796E-002                  0.0000000000000000E+000                  9.5496683709313858E+008                  1.5988420371606266E+006                  2.3438171356208756E-028                  0.0000000000000000E+000                  0.0000000000000000E+000                  1.0874174260610102E+001                  1.5869663338562775E+009                 -1.4528184150664995E-007                  0.0000000000000000E+000                 -9.8999999999999986E+001                 -4.1580203958633585E-002                  1.9698042340119748E-001                  3.4749542123318816E-001 
                                      68                  2.9990173632496901E+000                  7.5477614777964142E-001                  4.1991741026226803E+000                 -8.7868275218681138E+000                  3.5230339208251245E+000                  6.9999999999759532E-001                  2.8000000000240483E-001                  1.9999999999999796E-002                  0.0000000000000000E+000                  9.7028566203290176E+008                  1.6027551386485274E+006                  2.3957084394801143E-028                  0.0000000000000000E+000                  0.0000000000000000E+000                  1.0802139180195297E+001                  1.5988198836552799E+009                 -1.5136183732537624E-007                  0.0000000000000000E+000                 -9.8999999999999986E+001                 -4.0526329134661296E-002                  1.9803429822516977E-001                  3.4854929605716040E-001 
                                      69                  2.9990173632122028E+000                  7.5475066536122315E-001                  4.2019290022075335E+000                 -8.7775881674462344E+000                  3.5354198245332906E+000                  6.9999999999759532E-001                  2.8000000000240483E-001                  1.9999999999999796E-002                  0.0000000000000000E+000                  9.8334870474790382E+008                  1.6069193235152559E+006                  2.4472237573258859E-028                  0.0000000000000000E+000                  0.0000000000000000E+000                  1.0737029473736698E+001                  1.6104194981140521E+009                 -1.5623010375830102E-007                  0.0000000000000000E+000                 -9.8999999999999986E+001                 -3.9406548128810365E-002                  1.9915407923102069E-001                  3.4966907706301131E-001 
                                      70                  2.9990173631747150E+000                  7.5472571499427177E-001                  4.2059308142532519E+000                 -8.7642382431666608E+000                  3.5533645682629027E+000                  6.9999999999759532E-001                  2.8000000000240483E-001                  1.9999999999999796E-002                  0.0000000000000000E+000                  9.9901392362895024E+008                  1.6136402812301116E+006                  2.5236210164353320E-028                  0.0000000000000000E+000                  0.0000000000000000E+000                  1.0647685700878734E+001                  1.6218527624966335E+009                 -1.5971105938612304E-007                  0.0000000000000000E+000                 -9.8999999999999986E+001                 -3.8213456819006786E-002                  2.0034717054082435E-001                  3.5086216837281492E-001 
                                      71                  2.9990173630997399E+000                  7.5467731257867077E-001                  4.2106622489859049E+000                 -8.7482353953110845E+000                  3.5748098926779237E+000                  6.9999999999759532E-001                  2.8000000000240483E-001                  1.9999999999999796E-002                  0.0000000000000000E+000                  1.0119128129602597E+009                  1.6225857721338551E+006                  2.6183495888999970E-028                  0.0000000000000000E+000                  0.0000000000000000E+000                  1.0556107698884075E+001                  1.6439998973862095E+009                 -1.6345692234345575E-007                  0.0000000000000000E+000                 -9.8999999999999986E+001                 -3.5675308605744485E-002                  2.0288531875408658E-001                  3.5340031658607723E-001 
                                      72                  2.9990173630341359E+000                  7.5463648006703421E-001                  4.2136752117849356E+000                 -8.7379698825440038E+000                  3.5885452627970649E+000                  6.9999999999759532E-001                  2.8000000000240483E-001                  1.9999999999999796E-002                  0.0000000000000000E+000                  1.0167546990673246E+009                  1.6288417535682472E+006                  2.6809799456888024E-028                  0.0000000000000000E+000                  0.0000000000000000E+000                  1.0503871276451221E+001                  1.6624575261707635E+009                 -1.6406253461570175E-007                  0.0000000000000000E+000                 -9.8999999999999986E+001                 -3.3345154558459218E-002                  2.0521547280137184E-001                  3.5573047063336255E-001 
                                      73                  2.9990173630060202E+000                  7.5461938579197452E-001                  4.2163287670109746E+000                 -8.7290320640707115E+000                  3.6005481684732819E+000                  6.9999999999759532E-001                  2.8000000000240483E-001                  1.9999999999999796E-002                  0.0000000000000000E+000                  1.0187607816061672E+009                  1.6347212731954115E+006                  2.7367287531924156E-028                  0.0000000000000000E+000                  0.0000000000000000E+000                  1.0458050703562126E+001                  1.6702269542828457E+009                 -1.6331497865642314E-007                  0.0000000000000000E+000                 -9.8999999999999986E+001                 -3.2305132549551113E-002                  2.0625549481027991E-001                  3.5677049264227056E-001 
                                      74                  2.9990173629497887E+000                  7.5458588780166025E-001                  4.2203070340617099E+000                 -8.7155850951297626E+000                  3.6185894104979077E+000                  6.9999999999759532E-001                  2.8000000000240483E-001                  1.9999999999999796E-002                  0.0000000000000000E+000                  1.0173691732068695E+009                  1.6441635445325891E+006                  2.8227946769540391E-028                  0.0000000000000000E+000                  0.0000000000000000E+000                  1.0394065573992870E+001                  1.6855640536004145E+009                 -1.5999557037111600E-007                  0.0000000000000000E+000                 -9.8999999999999986E+001                 -3.0155297089847034E-002                  2.0840533026998412E-001                  3.5892032810197472E-001 
                                      75                  2.9990173628748131E+000                  7.5454257405646818E-001                  4.2246471239273493E+000                 -8.7008416676160145E+000                  3.6383377531147518E+000                  6.9999999999759532E-001                  2.8000000000240483E-001                  1.9999999999999796E-002                  0.0000000000000000E+000                  1.0096423828211696E+009                  1.6553127407716226E+006                  2.9202722916205666E-028                  0.0000000000000000E+000                  0.0000000000000000E+000                  1.0329878956409630E+001                  1.7052779611186874E+009                 -1.5309360579204540E-007                  0.0000000000000000E+000                 -9.8999999999999986E+001                 -2.7214432348280339E-002                  2.1134619501155077E-001                  3.6186119284354146E-001 
                                      76                  2.9990173627998380E+000                  7.5450069372589923E-001                  4.2277640414350124E+000                 -8.6901775089770652E+000                  3.6525865696892863E+000                  6.9999999999759532E-001                  2.8000000000240483E-001                  1.9999999999999796E-002                  0.0000000000000000E+000                  1.0004896780362291E+009                  1.6638522188307110E+006                  2.9928708003178492E-028                  0.0000000000000000E+000                  0.0000000000000000E+000                  1.0287401066716724E+001                  1.7241565853834639E+009                 -1.4393218593771900E-007                  0.0000000000000000E+000                 -9.8999999999999986E+001                 -2.4216437970677119E-002                  2.1434418938915395E-001                  3.6485918722114458E-001 
                                      77                  2.9990173627623502E+000                  7.5448025708925748E-001                  4.2303018066144045E+000                 -8.6815658698388329E+000                  3.6641157131268050E+000                  6.9999999999759532E-001                  2.8000000000240483E-001                  1.9999999999999796E-002                  0.0000000000000000E+000                  9.9109925212270725E+008                  1.6711423468295713E+006                  3.0528114793493439E-028                  0.0000000000000000E+000                  0.0000000000000000E+000                  1.0252492534846459E+001                  1.7333699220532830E+009                 -1.3845290445288162E-007                  0.0000000000000000E+000                 -9.8999999999999986E+001                 -2.2691906695552062E-002                  2.1586872066427906E-001                  3.6638371849626972E-001 
                                      78                  2.9990173627061192E+000                  7.5445019876361064E-001                  4.2332551142515777E+000                 -8.6715046209825086E+000                  3.6775621170782626E+000                  6.9999999999759532E-001                  2.8000000000240483E-001                  1.9999999999999796E-002                  0.0000000000000000E+000                  9.7817967297109365E+008                  1.6799880462194439E+006                  3.1243644032930253E-028                  0.0000000000000000E+000                  0.0000000000000000E+000                  1.0214189617913835E+001                  1.7469515040458117E+009                 -1.2921771846835874E-007                  0.0000000000000000E+000                 -9.8999999999999986E+001                 -2.0375741675757321E-002                  2.1818488568407371E-001                  3.6869988351606442E-001 
                                      79                  2.9990173626498873E+000                  7.5442082276168876E-001                  4.2365964830436695E+000                 -8.6601401472170689E+000                  3.6927448897716535E+000                  6.9999999999759532E-001                  2.8000000000240483E-001                  1.9999999999999796E-002                  0.0000000000000000E+000                  9.6127403905677629E+008                  1.6904674288007086E+006                  3.2072045925189205E-028                  0.0000000000000000E+000                  0.0000000000000000E+000                  1.0172544132118787E+001                  1.7601789632884464E+009                 -1.1917907214590205E-007                  0.0000000000000000E+000                 -9.8999999999999986E+001                 -1.8042041351231736E-002                  2.2051858600859930E-001                  3.7103358384058999E-001 
                                      80                  2.9990173625749121E+000                  7.5438265749845546E-001                  4.2402727205482025E+000                 -8.6475875253917955E+000                  3.7094763497903784E+000                  6.9999999999759532E-001                  2.8000000000240483E-001                  1.9999999999999796E-002                  0.0000000000000000E+000                  9.4021441707958758E+008                  1.7025546991660560E+006                  3.3012609773124975E-028                  0.0000000000000000E+000                  0.0000000000000000E+000                  1.0130566441418987E+001                  1.7772903296322007E+009                 -1.0481668810168555E-007                  0.0000000000000000E+000                 -9.8999999999999986E+001                 -1.4912835092656736E-002                  2.2364779226717432E-001                  3.7416279009916498E-001 
                                      81                  2.9990173624999366E+000                  7.5434556991644641E-001                  4.2438160998467112E+000                 -8.6354761475368367E+000                  3.7255924642155582E+000                  6.9999999999759532E-001                  2.8000000000240483E-001                  1.9999999999999796E-002                  0.0000000000000000E+000                  9.1784235623958075E+008                  1.7147478785875172E+006                  3.3946249222384444E-028                  0.0000000000000000E+000                  0.0000000000000000E+000                  1.0093413464516280E+001                  1.7937970491596413E+009                 -8.9725102113500553E-008                  0.0000000000000000E+000                 -9.8999999999999986E+001                 -1.1779005286176997E-002                  2.2678162207365415E-001                  3.7729661990564478E-001 
                                      82                  2.9990173624249610E+000                  7.5430949320952767E-001                  4.2468108621358924E+000                 -8.6252097785351456E+000                  3.7392240364590710E+000                  6.9999999999759532E-001                  2.8000000000240483E-001                  1.9999999999999796E-002                  0.0000000000000000E+000                  8.9766921079109478E+008                  1.7254443563900485E+006                  3.4758309376597359E-028                  0.0000000000000000E+000                  0.0000000000000000E+000                  1.0065182830803865E+001                  1.8097416782783074E+009                 -7.4183288596169088E-008                  0.0000000000000000E+000                 -9.8999999999999986E+001                 -8.6507889497152157E-003                  2.2990983841011592E-001                  3.8042483624210655E-001 
                                      83                  2.9990173623687295E+000                  7.5428306209083329E-001                  4.2493122203135858E+000                 -8.6166530184341728E+000                  3.7505798085562745E+000                  6.9999999999759532E-001                  2.8000000000240483E-001                  1.9999999999999796E-002                  0.0000000000000000E+000                  8.8014287942667413E+008                  1.7346466570580413E+006                  3.5449964865199180E-028                  0.0000000000000000E+000                  0.0000000000000000E+000                  1.0043149403937699E+001                  1.8213729177836981E+009                 -6.2361544337747505E-008                  0.0000000000000000E+000                 -9.8999999999999986E+001                 -6.3124091121618481E-003                  2.3224821824766920E-001                  3.8276321607965985E-001 
                                      84                  2.9990173623124976E+000                  7.5425714195269411E-001                  4.2517528048891178E+000                 -8.6083035255300011E+000                  3.7616488133870125E+000                  6.9999999999759532E-001                  2.8000000000240483E-001                  1.9999999999999796E-002                  0.0000000000000000E+000                  8.6261594045719266E+008                  1.7438482840210232E+006                  3.6138132056689479E-028                  0.0000000000000000E+000                  0.0000000000000000E+000                  1.0023457675412692E+001                  1.8327593937098234E+009                 -5.0469572959078595E-008                  0.0000000000000000E+000                 -9.8999999999999986E+001                 -3.9826354189829447E-003                  2.3457799194084814E-001                  3.8509298977283885E-001 
                                      85                  2.9990173622562661E+000                  7.5423171087025487E-001                  4.2541359087371271E+000                 -8.6001514503215812E+000                  3.7724451938481516E+000                  6.9999999999759532E-001                  2.8000000000240483E-001                  1.9999999999999796E-002                  0.0000000000000000E+000                  8.4524466872014499E+008                  1.7530379882133431E+006                  3.6822915270995744E-028                  0.0000000000000000E+000                  0.0000000000000000E+000                  1.0005965354252316E+001                  1.8438930294996130E+009                 -3.8627936916258720E-008                  0.0000000000000000E+000                 -9.8999999999999986E+001                 -1.6670722563812395E-003                  2.3689355510344981E-001                  3.8740855293544046E-001 
                                      86                  2.9990173622000347E+000                  7.5420674835398693E-001                  4.2576241256402474E+000                 -8.5882944251687281E+000                  3.7881561679979141E+000                  6.9999999999759532E-001                  2.8000000000240483E-001                  1.9999999999999796E-002                  0.0000000000000000E+000                  8.1965799390753019E+008                  1.7668542275147166E+006                  3.7842147294647332E-028                  0.0000000000000000E+000                  0.0000000000000000E+000                  9.9819529446907804E+000                  1.8548359479407525E+009                 -2.6811018718426089E-008                  0.0000000000000000E+000                 -9.8999999999999986E+001                  6.3714579757145418E-004                  2.3919777315740254E-001                  3.8971277098939311E-001 
                                      87                  2.9990173620875713E+000                  7.5415815558327004E-001                  4.2620795551937283E+000                 -8.5730653080841979E+000                  3.8082661022213702E+000                  6.9999999999759532E-001                  2.8000000000240483E-001                  1.9999999999999796E-002                  0.0000000000000000E+000                  7.8737807507476771E+008                  1.7850580491321331E+006                  3.9192741487667843E-028                  0.0000000000000000E+000                  0.0000000000000000E+000                  9.9584700372636892E+000                  1.8760324190767407E+009                 -3.6688502836183761E-009                  0.0000000000000000E+000                 -9.8999999999999986E+001                  5.1872061200583909E-003                  2.4374783347988949E-001                  3.9426283131188006E-001 
                                      88                  2.9990173619751084E+000                  7.5411122177057999E-001                  4.2656434292430605E+000                 -8.5608560131543197E+000                  3.8243479240979030E+000                  6.9999999999759532E-001                  2.8000000000240483E-001                  1.9999999999999796E-002                  0.0000000000000000E+000                  7.6225089216320181E+008                  1.8000279298134283E+006                  4.0310255606638058E-028                  0.0000000000000000E+000                  0.0000000000000000E+000                  9.9446600252205339E+000                  1.8962296314897537E+009                  1.8419255047626607E-008                  0.0000000000000000E+000                 -3.8673639692424238E+000                  9.6340207749968151E-003                  2.4819464813482792E-001                  3.9870964596681852E-001 
                                      89                  2.9990173619001328E+000                  7.5408079181428722E-001                  4.2684173461978352E+000                 -8.5514014522854929E+000                  3.8368013619483183E+000                  6.9999999999759532E-001                  2.8000000000240483E-001                  1.9999999999999796E-002                  0.0000000000000000E+000                  7.4319628929001844E+008                  1.8119054059062388E+006                  4.1197474577615452E-028                  0.0000000000000000E+000                  0.0000000000000000E+000                  9.9356233555657454E+000                  1.9092695951505477E+009                  3.2595814447705137E-008                  0.0000000000000000E+000                 -3.7434190815452890E+000                  1.2542064721212670E-002                  2.5110269208104369E-001                  4.0161768991303443E-001 
                                      90                  2.9990173618251572E+000                  7.5405101096464522E-001                  4.2715416112448201E+000                 -8.5407915802065322E+000                  3.8507728864603887E+000                  6.9999999999759532E-001                  2.8000000000240483E-001                  1.9999999999999796E-002                  0.0000000000000000E+000                  7.2234594190807307E+008                  1.8254813506594389E+006                  4.2216382212311012E-028                  0.0000000000000000E+000                  0.0000000000000000E+000                  9.9274721977658977E+000                  1.9220527617167151E+009                  4.6325582503947923E-008                  0.0000000000000000E+000                 -3.6670895555494889E+000                  1.5402500550001287E-002                  2.5396312790983239E-001                  4.0447812574182301E-001 
                                      91                  2.9990173617267519E+000                  7.5401285798822293E-001                  4.2749761766099539E+000                 -8.5291273131568630E+000                  3.8661114637905460E+000                  6.9999999999759532E-001                  2.8000000000240483E-001                  1.9999999999999796E-002                  0.0000000000000000E+000                  7.0029118608933699E+008                  1.8405952355773945E+006                  4.3365652851703229E-028                  0.0000000000000000E+000                  0.0000000000000000E+000                  9.9219474860357888E+000                  1.9383816094402418E+009                  6.3501397636004990E-008                  0.0000000000000000E+000                 -3.5986083579923984E+000                  1.9071805821431885E-002                  2.5763243318126300E-001                  4.0814743101325368E-001 
                                      92                  2.9990173616283471E+000                  7.5397570642313883E-001                  4.2790151347450358E+000                 -8.5154937734410705E+000                  3.8840427468533907E+000                  6.9999999999759532E-001                  2.8000000000240483E-001                  1.9999999999999796E-002                  0.0000000000000000E+000                  6.7570640589386690E+008                  1.8585815687229701E+006                  4.4748671914106891E-028                  0.0000000000000000E+000                  0.0000000000000000E+000                  9.9181073089430960E+000                  1.9542547887673197E+009                  7.9677873156444904E-008                  0.0000000000000000E+000                 -3.5493311335318096E+000                  2.2639709185234121E-002                  2.6120033654506519E-001                  4.1171533437705582E-001 
                                      93                  2.9990173614877675E+000                  7.5392425724586920E-001                  4.2828162605223872E+000                 -8.5026132230504015E+000                  3.9009396209887126E+000                  6.9999999999759532E-001                  2.8000000000240483E-001                  1.9999999999999796E-002                  0.0000000000000000E+000                  6.5412679173628426E+008                  1.8756263105365834E+006                  4.6095803903718532E-028                  0.0000000000000000E+000                  0.0000000000000000E+000                  9.9190187090070161E+000                  1.9761101376913922E+009                  1.0102829617335585E-007                  0.0000000000000000E+000                 -3.4977784856292584E+000                  2.7553649602064512E-002                  2.6611427696189549E-001                  4.1662927479388617E-001 
                                      94                  2.9990173613940487E+000                  7.5389095038060383E-001                  4.2865088738833892E+000                 -8.4902295782578516E+000                  3.9172085400293102E+000                  6.9999999999759532E-001                  2.8000000000240483E-001                  1.9999999999999796E-002                  0.0000000000000000E+000                  6.3463160485313177E+008                  1.8922766693456438E+006                  4.7429190647572681E-028                  0.0000000000000000E+000                  0.0000000000000000E+000                  9.9196482011482594E+000                  1.9902292387059433E+009                  1.1417159402687710E-007                  0.0000000000000000E+000                 -3.4712209677120081E+000                  3.0707892569114919E-002                  2.6926851992894607E-001                  4.1978351776093670E-001 
                                      95                  2.9990173612534696E+000                  7.5384238081848887E-001                  4.2904186992857145E+000                 -8.4770930545009797E+000                  3.9344349554909406E+000                  6.9999999999759532E-001                  2.8000000000240483E-001                  1.9999999999999796E-002                  0.0000000000000000E+000                  6.1551290281205666E+008                  1.9099004294775138E+006                  4.8885826790088311E-028                  0.0000000000000000E+000                  0.0000000000000000E+000                  9.9224868340265289E+000                  2.0108167998789852E+009                  1.3240756056417119E-007                  0.0000000000000000E+000                 -3.4390436078350457E+000                  3.5256055624830800E-002                  2.7381668298466194E-001                  4.2433168081665257E-001 
                                      96                  2.9990173611363207E+000                  7.5380310021113150E-001                  4.2945460900782635E+000                 -8.4633416812400331E+000                  3.9524858673813954E+000                  6.9999999999759532E-001                  2.8000000000240483E-001                  1.9999999999999796E-002                  0.0000000000000000E+000                  5.9696403170347738E+008                  1.9284540952586273E+006                  5.0458590051735360E-028                  0.0000000000000000E+000                  0.0000000000000000E+000                  9.9239609071314661E+000                  2.0274373788513532E+009                  1.4630208493836268E-007                  0.0000000000000000E+000                 -3.4173747423687386E+000                  3.8875095677888577E-002                  2.7743572303771963E-001                  4.2795072086971031E-001 
                                      97                  2.9990173609723119E+000                  7.5374980432097649E-001                  4.2981782919755522E+000                 -8.4511843512210891E+000                  3.9684059463710444E+000                  6.9999999999759532E-001                  2.8000000000240483E-001                  1.9999999999999796E-002                  0.0000000000000000E+000                  5.8198906664981961E+008                  1.9446338010662100E+006                  5.1891130785977862E-028                  0.0000000000000000E+000                  0.0000000000000000E+000                  9.9262925614557069E+000                  2.0499017297988794E+009                  1.6391177966826321E-007                  0.0000000000000000E+000                 -3.3926949171711458E+000                  4.3685193475621734E-002                  2.8224582083545285E-001                  4.3276081866744354E-001 
                                      98                  2.9990173608785926E+000                  7.5372018175189603E-001                  4.3001124440529788E+000                 -8.4447366618708202E+000                  3.9768520547863901E+000                  6.9999999999759532E-001                  2.8000000000240483E-001                  1.9999999999999796E-002                  0.0000000000000000E+000                  5.7451973435409176E+008                  1.9531822016547848E+006                  5.2667317125101027E-028                  0.0000000000000000E+000                  0.0000000000000000E+000                  9.9266969256968967E+000                  2.0623098777338490E+009                  1.7304523307206450E-007                  0.0000000000000000E+000                 -3.3809201799214557E+000                  4.6301654473927714E-002                  2.8486228183375878E-001                  4.3537727966574946E-001 
                                      99                  2.9990173608317332E+000                  7.5370558650778197E-001                  4.3020213196303549E+000                 -8.4384209351124753E+000                  3.9851381361745655E+000                  6.9999999999759532E-001                  2.8000000000240483E-001                  1.9999999999999796E-002                  0.0000000000000000E+000                  5.6748796332700121E+008                  1.9615694204461291E+006                  5.3438872893795336E-028                  0.0000000000000000E+000                  0.0000000000000000E+000                  9.9258182222348417E+000                  2.0684615126585364E+009                  1.7737487998759835E-007                 -6.9709825746165323E-021                 -3.3755539426896912E+000                  4.7571492285692574E-002                  2.8613211964552365E-001                  4.3664711747751428E-001 
                                     100                  2.9990173607380139E+000                  7.5367681314082202E-001                  4.3057493045484003E+000                 -8.4261436069561668E+000                  4.0012547792797912E+000                  6.9999999999759532E-001                  2.8000000000240483E-001                  1.9999999999999796E-002                  0.0000000000000000E+000                  5.5468904286515915E+008                  1.9777781567217023E+006                  5.4971215342624095E-028                  0.0000000000000000E+000                  0.0000000000000000E+000                  9.9223967223919214E+000                  2.0806733242150207E+009                  1.8556460229394973E-007                 -1.9231935126701535E-020                 -3.3657524324167980E+000                  5.0034564145077114E-002                  2.8859519150490820E-001                  4.3911018933689894E-001 
                                     101                  2.9990173605505754E+000                  7.5362085407591639E-001                  4.3099174232739941E+000                 -8.4123298280247614E+000                  4.0193405714365564E+000                  6.9999999999759543E-001                  2.8000000000240477E-001                  1.9999999999999796E-002                  0.0000000000000000E+000                  5.4174348600001025E+008                  1.9955742753317070E+006                  5.6747919127423736E-028                  0.0000000000000000E+000                  0.0000000000000000E+000                  9.9203516118930786E+000                  2.1042772049170702E+009                  2.0016846113587981E-007                 -7.7161770755605611E-021                 -3.3493021748011498E+000                  5.4697153927835265E-002                  2.9325778128766633E-001                  4.4377277911965696E-001 
                                     102                  2.9990173604099968E+000                  7.5358018513372838E-001                  4.3133745623120108E+000                 -8.4009339300907975E+000                  4.0342704265937677E+000                  6.9999999999759532E-001                  2.8000000000240483E-001                  1.9999999999999796E-002                  0.0000000000000000E+000                  5.3202491403484136E+008                  2.0100813954720455E+006                  5.8256786962752714E-028                  0.0000000000000000E+000                  0.0000000000000000E+000                  9.9181454547928833E+000                  2.1213284290305798E+009                  2.0966443131064993E-007                  2.2109822320356734E-020                 -3.3392376197595137E+000                  5.7976559597840531E-002                  2.9653718695767162E-001                  4.4705218478966224E-001 
                                     103                  2.9990173602694177E+000                  7.5354055847798729E-001                  4.3172815260295003E+000                 -8.3881192962841933E+000                  4.0510697052173459E+000                  6.9999999999759532E-001                  2.8000000000240483E-001                  1.9999999999999796E-002                  0.0000000000000000E+000                  5.2206695842924231E+008                  2.0261695279477171E+006                  6.0001477949009362E-028                  0.0000000000000000E+000                  0.0000000000000000E+000                  9.9159846558892220E+000                  2.1380109042380960E+009                  2.1799189677104838E-007                  2.5631074705130337E-020                 -3.3307798248789506E+000                  6.1073364828923352E-002                  2.9963399218875442E-001                  4.5014899002074510E-001 
                                     104                  2.9990173600819792E+000                  7.5348924305217968E-001                  4.3205053822838266E+000                 -8.3774900706279158E+000                  4.0649757923160132E+000                  6.9999999999759532E-001                  2.8000000000240483E-001                  1.9999999999999796E-002                  0.0000000000000000E+000                  5.1459406653204298E+008                  2.0391544830308205E+006                  6.1488207735085900E-028                  0.0000000000000000E+000                  0.0000000000000000E+000                  9.9172606450473229E+000                  2.1595134916716623E+009                  2.2743974841986419E-007                  7.9529537326828799E-021                 -3.3215668168538586E+000                  6.4951196404458192E-002                  3.0351182376428931E-001                  4.5402682159627994E-001 
                                     105                  2.9990173599882599E+000                  7.5346419907747497E-001                  4.3236599406583096E+000                 -8.3672177222114019E+000                  4.0784534485523309E+000                  6.9999999999759532E-001                  2.8000000000240483E-001                  1.9999999999999796E-002                  0.0000000000000000E+000                  5.0790241180613029E+008                  2.0516255927694719E+006                  6.2960015899131595E-028                  0.0000000000000000E+000                  0.0000000000000000E+000                  9.9180381937199478E+000                  2.1700295632206030E+009                  2.3147183971107034E-007                  0.0000000000000000E+000                 -3.3177509183100287E+000                  6.6783510476941879E-002                  3.0534413783677300E-001                  4.5585913566876363E-001 
                                     106                  2.9990173598008210E+000                  7.5341526945525816E-001                  4.3277169574817522E+000                 -8.3539786287986022E+000                  4.0958043912181514E+000                  6.9999999999759532E-001                  2.8000000000240483E-001                  1.9999999999999796E-002                  0.0000000000000000E+000                  5.0011149409986115E+008                  2.0672914655153947E+006                  6.4908977324802094E-028                  0.0000000000000000E+000                  0.0000000000000000E+000                  9.9234608466927536E+000                  2.1906713173700542E+009                  2.3828558048663597E-007                  0.0000000000000000E+000                 -3.3114511187859814E+000                  7.0250907750229796E-002                  3.0881153511006082E-001                  4.5932653294205150E-001 
                                     107                  2.9990173596133824E+000                  7.5336779309920010E-001                  4.3316321822984296E+000                 -8.3412483575138463E+000                  4.1124958363856168E+000                  6.9999999999759532E-001                  2.8000000000240483E-001                  1.9999999999999796E-002                  0.0000000000000000E+000                  4.9340130744079477E+008                  2.0820400985632339E+006                  6.6839910839821515E-028                  0.0000000000000000E+000                  0.0000000000000000E+000                  9.9319039136260692E+000                  2.2106303225513158E+009                  2.4367889331917607E-007                  0.0000000000000000E+000                 -3.3065910431876717E+000                  7.3493477097990118E-002                  3.1205410445782128E-001                  4.6256910228981191E-001 
                                     108                  2.9990173594259439E+000                  7.5332167329006261E-001                  4.3354162907993414E+000                 -8.3289910293903855E+000                  4.1285761480671210E+000                  6.9999999999759532E-001                  2.8000000000240483E-001                  1.9999999999999796E-002                  0.0000000000000000E+000                  4.8760056787848502E+008                  2.0959609048460210E+006                  6.8753370720172661E-028                  0.0000000000000000E+000                  0.0000000000000000E+000                  9.9426762946355733E+000                  2.2300448590808978E+009                  2.4786561138959595E-007                  0.0000000000000000E+000                 -3.3028918613028759E+000                  7.6529997108781569E-002                  3.1509062446861263E-001                  4.6560562230060326E-001 
                                     109                  2.9990173592385050E+000                  7.5327682285825415E-001                  4.3390786411524038E+000                 -8.3171742890005422E+000                  4.1440885563011269E+000                  6.9999999999759532E-001                  2.8000000000240483E-001                  1.9999999999999796E-002                  0.0000000000000000E+000                  4.8256292702810955E+008                  2.1091284995666938E+006                  7.0649895198320060E-028                  0.0000000000000000E+000                  0.0000000000000000E+000                  9.9552087757048024E+000                  2.2489568010568891E+009                  2.5105119271183304E-007                  0.0000000000000000E+000                 -3.3001188555038348E+000                  7.9381541361770946E-002                  3.1794216872160203E-001                  4.6845716655359271E-001 
                                     110                  2.9990173590510669E+000                  7.5323316296657616E-001                  4.3426274928549624E+000                 -8.3057688501370777E+000                  4.1590718591380025E+000                  6.9999999999759532E-001                  2.8000000000240483E-001                  1.9999999999999796E-002                  0.0000000000000000E+000                  4.7816428395950121E+008                  2.1216068996294597E+006                  7.2530008831842495E-028                  0.0000000000000000E+000                  0.0000000000000000E+000                  9.9690356524767569E+000                  2.2674027279067392E+009                  2.5340119460985342E-007                  0.0000000000000000E+000                 -3.2980956710261218E+000                  8.2065831800071418E-002                  3.2062645915990251E-001                  4.7114145699189314E-001 
                                     111                  2.9990173588636284E+000                  7.5319062208199461E-001                  4.3469264531191536E+000                 -8.2920643694425920E+000                  4.1771090057264271E+000                  6.9999999999759532E-001                  2.8000000000240483E-001                  1.9999999999999796E-002                  0.0000000000000000E+000                  4.7342177555229843E+008                  2.1363809714125968E+006                  7.4855402362734757E-028                  0.0000000000000000E+000                  0.0000000000000000E+000                  9.9865489067527626E+000                  2.2854753645092187E+009                  2.5505086180550530E-007                  0.0000000000000000E+000                 -3.2966866023342991E+000                  8.4595446769776872E-002                  3.2315607412960801E-001                  4.7367107196159858E-001 
                                     112                  2.9990173585824702E+000                  7.5312877063256189E-001                  4.3510496093293503E+000                 -8.2788850096155873E+000                  4.1944364829421810E+000                  6.9999999999759532E-001                  2.8000000000240483E-001                  1.9999999999999796E-002                  0.0000000000000000E+000                  4.6939221191878498E+008                  2.1502105374805997E+006                  7.7161990995848374E-028                  0.0000000000000000E+000                  0.0000000000000000E+000                  1.0006920328692495E+001                  2.3117348220387430E+009                  2.5650294464143903E-007                  0.0000000000000000E+000                 -3.2954538224219152E+000                  8.8146596308507422E-002                  3.2670722366833843E-001                  4.7722222150032911E-001 
                                     113                  2.9990173583950317E+000                  7.5308875478081894E-001                  4.3542541526676866E+000                 -8.2687231563390089E+000                  4.2078221624746552E+000                  6.9999999999759532E-001                  2.8000000000240483E-001                  1.9999999999999796E-002                  0.0000000000000000E+000                  4.6659405366504222E+008                  2.1607634243240543E+006                  7.8988886992089907E-028                  0.0000000000000000E+000                  0.0000000000000000E+000                  1.0022830698682263E+001                  2.3287139904059825E+009                  2.5691471719029643E-007                  0.0000000000000000E+000                 -3.2951055083739069E+000                  9.0369775403367950E-002                  3.2893040276319901E-001                  4.7944540059518964E-001 
                                     114                  2.9990173582075927E+000                  7.5304965368871291E-001                  4.3581489454313811E+000                 -8.2564637717003837E+000                  4.2239998790881508E+000                  6.9999999999759532E-001                  2.8000000000240483E-001                  1.9999999999999796E-002                  0.0000000000000000E+000                  4.6354237381811267E+008                  2.1733807698866487E+006                  8.1250539607639554E-028                  0.0000000000000000E+000                  0.0000000000000000E+000                  1.0042534018231473E+001                  2.3454503015759187E+009                  2.5697309142142175E-007                  0.0000000000000000E+000                 -3.2950561754141687E+000                  9.2483899738040512E-002                  3.3104452709787158E-001                  4.8155952492986231E-001 
                                     115                  2.9990173579264350E+000                  7.5299261559935049E-001                  4.3619005178387402E+000                 -8.2446287464878836E+000                  4.2396045964180988E+000                  6.9999999999759532E-001                  2.8000000000240483E-001                  1.9999999999999796E-002                  0.0000000000000000E+000                  4.6089536195547551E+008                  2.1853267079906343E+006                  8.3495320396078643E-028                  0.0000000000000000E+000                  0.0000000000000000E+000                  1.0064704739721993E+001                  2.3698593662802939E+009                  2.5650975887299502E-007                  0.0000000000000000E+000                 -3.2954480537866688E+000                  9.5486227948502658E-002                  3.3404685530833383E-001                  4.8456185314032441E-001 
                                     116                  2.9990173577389969E+000                  7.5295560042780207E-001                  4.3662791629456876E+000                 -8.2310126210738535E+000                  4.2576250140761651E+000                  6.9999999999759532E-001                  2.8000000000240483E-001                  1.9999999999999796E-002                  0.0000000000000000E+000                  4.5817029400331986E+008                  2.1990663268179316E+006                  8.6154756794614621E-028                  0.0000000000000000E+000                  0.0000000000000000E+000                  1.0089985486679138E+001                  2.3857882398000526E+009                  2.5589156386398838E-007                  0.0000000000000000E+000                 -3.2959720157662753E+000                  9.7383114386703162E-002                  3.3594374174653424E-001                  4.8645873957852492E-001 
                                     117                  2.9990173573641195E+000                  7.5288382813591026E-001                  4.3711588160073136E+000                 -8.2157807332125774E+000                  4.2777582766329552E+000                  6.9999999999759532E-001                  2.8000000000240483E-001                  1.9999999999999796E-002                  0.0000000000000000E+000                  4.5548007373759627E+008                  2.2141275211986741E+006                  8.9230286173797713E-028                  0.0000000000000000E+000                  0.0000000000000000E+000                  1.0124443646356374E+001                  2.4167859583643584E+009                  2.5407943088781166E-007                  0.0000000000000000E+000                 -3.2975152460137780E+000                  1.0096398983349197E-001                  3.3952461719332300E-001                  4.9003961502531368E-001 
                                     118                  2.9990173570829612E+000                  7.5283183190723002E-001                  4.3751967280061699E+000                 -8.2032862351024374E+000                  4.2943100839664234E+000                  6.9999999999759532E-001                  2.8000000000240483E-001                  1.9999999999999796E-002                  0.0000000000000000E+000                  4.5352334904046965E+008                  2.2264408564703735E+006                  9.1834894564035164E-028                  0.0000000000000000E+000                  0.0000000000000000E+000                  1.0155028913725182E+001                  2.4392068671447535E+009                  2.5228901188559889E-007                  0.0000000000000000E+000                 -3.2990508320962864E+000                  1.0348986043600351E-001                  3.4205048779583463E-001                  4.9256548562782532E-001 
                                     119                  2.9990173568018035E+000                  7.5278129238282310E-001                  4.3797510522857177E+000                 -8.1893103654629034E+000                  4.3128639656423733E+000                  6.9999999999759532E-001                  2.8000000000240483E-001                  1.9999999999999796E-002                  0.0000000000000000E+000                  4.5156185977341825E+008                  2.2402045414148383E+006                  9.4838500293450925E-028                  0.0000000000000000E+000                  0.0000000000000000E+000                  1.0191945288732077E+001                  2.4611971004546289E+009                  2.5025015571995401E-007                  7.1492452449070033E-021                 -3.3008128218028516E+000                  1.0589209294609717E-001                  3.4445272030592827E-001                  4.9496771813791896E-001 
                                     120                  2.9990173564269265E+000                  7.5271601424712509E-001                  4.3841240027473614E+000                 -8.1758996643562565E+000                  4.3306680453463589E+000                  6.9999999999759543E-001                  2.8000000000240477E-001                  1.9999999999999796E-002                  0.0000000000000000E+000                  4.4985607459149206E+008                  2.2533219000055459E+006                  9.7812965954918641E-028                  0.0000000000000000E+000                  0.0000000000000000E+000                  1.0231236417674367E+001                  2.4896529557803111E+009                  2.4727671432896702E-007                  2.8249916400267071E-020                 -3.3034083892810928E+000                  1.0893549124264199E-001                  3.4749611860247315E-001                  4.9801111643446372E-001 
                                     121                  2.9990173561457687E+000                  7.5266852585596389E-001                  4.3877577930358385E+000                 -8.1648455695892661E+000                  4.3453748029941108E+000                  6.9999999999759532E-001                  2.8000000000240483E-001                  1.9999999999999796E-002                  0.0000000000000000E+000                  4.4857471585717028E+008                  2.2641688171317112E+006                  1.0033475625349101E-027                  0.0000000000000000E+000                  0.0000000000000000E+000                  1.0264143368534572E+001                  2.5103921196995740E+009                  2.4495399010287099E-007                  4.2005154313164564E-020                 -3.3054577409216543E+000                  1.1111187341083111E-001                  3.4967250077066214E-001                  5.0018749860265277E-001 
                                     122                  2.9990173558646105E+000                  7.5262221593291267E-001                  4.3918715458439905E+000                 -8.1524245437226881E+000                  4.3619329210236186E+000                  6.9999999999759532E-001                  2.8000000000240483E-001                  1.9999999999999796E-002                  0.0000000000000000E+000                  4.4726009366577357E+008                  2.2763994449415780E+006                  1.0324604510790114E-027                  0.0000000000000000E+000                  0.0000000000000000E+000                  1.0300921587806901E+001                  2.5307841974335389E+009                  2.4265514900847457E-007                  2.7768585816844163E-020                 -3.3075052443807307E+000                  1.1320397291312710E-001                  3.5176460027295825E-001                  5.0227959810494882E-001 
                                     123                  2.9990173554897330E+000                  7.5256218829210053E-001                  4.3964009187306194E+000                 -8.1387878146522112E+000                  4.3801241858154158E+000                  6.9999999999759532E-001                  2.8000000000240483E-001                  1.9999999999999796E-002                  0.0000000000000000E+000                  4.4594508437918311E+008                  2.2898141452988554E+006                  1.0653965033965502E-027                  0.0000000000000000E+000                  0.0000000000000000E+000                  1.0341395792509527E+001                  2.5573149474070501E+009                  2.3966922219246787E-007                  6.8677172479809303E-021                 -3.3101938667758235E+000                  1.1587716444648237E-001                  3.5443779180631352E-001                  5.0495278963830414E-001 
                                     124                  2.9990173551148565E+000                  7.5250399246009780E-001                  4.4002239621340591E+000                 -8.1273083387077509E+000                  4.3954476025285798E+000                  6.9999999999759532E-001                  2.8000000000240483E-001                  1.9999999999999796E-002                  0.0000000000000000E+000                  4.4492758804906529E+008                  2.3011085992032322E+006                  1.0939354438022648E-027                  0.0000000000000000E+000                  0.0000000000000000E+000                  1.0374669098420259E+001                  2.5830266950089755E+009                  2.3680521463744242E-007                  0.0000000000000000E+000                 -3.3128043691685387E+000                  1.1843172983233283E-001                  3.5699235719216393E-001                  5.0750735502415456E-001 
                                     125                  2.9990173548336982E+000                  7.5246146937665115E-001                  4.4034123543540540E+000                 -8.1177933334735108E+000                  4.4081698281319666E+000                  6.9999999999759532E-001                  2.8000000000240483E-001                  1.9999999999999796E-002                  0.0000000000000000E+000                  4.4414398475062424E+008                  2.3105190094051608E+006                  1.1181691259544410E-027                  0.0000000000000000E+000                  0.0000000000000000E+000                  1.0400556636958161E+001                  2.6018748661597342E+009                  2.3479173612200138E-007                  0.0000000000000000E+000                 -3.3146585964289335E+000                  1.2027589160282998E-001                  3.5883651896266111E-001                  5.0935151679465174E-001 
                                     126                  2.9990173545525400E+000                  7.5241985571337711E-001                  4.4070337675766282E+000                 -8.1070457280103465E+000                  4.4225616237626202E+000                  6.9999999999759532E-001                  2.8000000000240483E-001                  1.9999999999999796E-002                  0.0000000000000000E+000                  4.4332315859941846E+008                  2.3211967334206244E+006                  1.1461884125894777E-027                  0.0000000000000000E+000                  0.0000000000000000E+000                  1.0428426462028987E+001                  2.6204383123182878E+009                  2.3291261627431702E-007                  0.0000000000000000E+000                 -3.3164034931093900E+000                  1.2206212058485338E-001                  3.6062274794468452E-001                  5.1113774577667515E-001 
                                     127                  2.9990173541776630E+000                  7.5236570917226497E-001                  4.4110366034748365E+000                 -8.0951811503037909E+000                  4.4384535771748856E+000                  6.9999999999759532E-001                  2.8000000000240483E-001                  1.9999999999999796E-002                  0.0000000000000000E+000                  4.4248752055566937E+008                  2.3329790402806732E+006                  1.1779357717993956E-027                  0.0000000000000000E+000                  0.0000000000000000E+000                  1.0459423887917577E+001                  2.6446488720530686E+009                  2.3051480974619290E-007                  0.0000000000000000E+000                 -3.3186505837609497E+000                  1.2436020248831930E-001                  3.6292082984815038E-001                  5.1343582768014095E-001 
                                     128                  2.9990173538027860E+000                  7.5231300239995347E-001                  4.4144278701492929E+000                 -8.0851424880061629E+000                  4.4519038753123361E+000                  6.9999999999759532E-001                  2.8000000000240483E-001                  1.9999999999999796E-002                  0.0000000000000000E+000                  4.4183853921257675E+008                  2.3429430850791642E+006                  1.2054831560352271E-027                  0.0000000000000000E+000                  0.0000000000000000E+000                  1.0486486087422405E+001                  2.6681864662243972E+009                  2.2815482120452643E-007                  0.0000000000000000E+000                 -3.3208851747969654E+000                  1.2656958464051860E-001                  3.6513021200034967E-001                  5.1564520983234030E-001 
                                     129                  2.9990173535216282E+000                  7.5227436338534004E-001                  4.4172644736875322E+000                 -8.0767869618377297E+000                  4.4631141101542777E+000                  6.9999999999759532E-001                  2.8000000000240483E-001                  1.9999999999999796E-002                  0.0000000000000000E+000                  4.4134493544617653E+008                  2.3512659101588679E+006                  1.2289024422560547E-027                  0.0000000000000000E+000                  0.0000000000000000E+000                  1.0509401944333357E+001                  2.6854799209780450E+009                  2.2639730741880164E-007                  0.0000000000000000E+000                 -3.3225643712951300E+000                  1.2817118838786432E-001                  3.6673181574769548E-001                  5.1724681357968605E-001 
                                     130                  2.9990173532404700E+000                  7.5223645063038369E-001                  4.4214147266868427E+000                 -8.0646708634300541E+000                  4.4794104808772230E+000                  6.9999999999759532E-001                  2.8000000000240483E-001                  1.9999999999999796E-002                  0.0000000000000000E+000                  4.4071327108902800E+008                  2.3634254513452877E+006                  1.2636726431921909E-027                  0.0000000000000000E+000                  0.0000000000000000E+000                  1.0543179188658724E+001                  2.7025973021786551E+009                  2.2465437211178743E-007                  0.0000000000000000E+000                 -3.3242425624826248E+000                  1.2972642766389161E-001                  3.6828705502372278E-001                  5.1880205285571335E-001 
                                     131                  2.9990173526781545E+000                  7.5216268284279442E-001                  4.4258360335555231E+000                 -8.0516908017526614E+000                  4.4968396633023593E+000                  6.9999999999759532E-001                  2.8000000000240483E-001                  1.9999999999999796E-002                  0.0000000000000000E+000                  4.4010546478714329E+008                  2.3763387347077341E+006                  1.3020144885278496E-027                  0.0000000000000000E+000                  0.0000000000000000E+000                  1.0585421948483678E+001                  2.7358785859573627E+009                  2.2106658565074614E-007                  0.0000000000000000E+000                 -3.3277384481682768E+000                  1.3271376156482803E-001                  3.7127438892465914E-001                  5.2178938675664976E-001 
                                     132                  2.9990173523032770E+000                  7.5211493236539984E-001                  4.4284145101782260E+000                 -8.0441504624897657E+000                  4.5069754179027539E+000                  6.9999999999759532E-001                  2.8000000000240483E-001                  1.9999999999999796E-002                  0.0000000000000000E+000                  4.3979922051288849E+008                  2.3838521940685771E+006                  1.3248199059211677E-027                  0.0000000000000000E+000                  0.0000000000000000E+000                  1.0612008050101943E+001                  2.7573106186015115E+009                  2.1855616871337251E-007                  0.0000000000000000E+000                 -3.3302184655540592E+000                  1.3462100640620220E-001                  3.7318163376603336E-001                  5.2369663159802393E-001 
                                     133                  2.9990173521158385E+000                  7.5209146230456692E-001                  4.4309525959507416E+000                 -8.0368012032607297E+000                  4.5168821217115553E+000                  6.9999999999759532E-001                  2.8000000000240483E-001                  1.9999999999999796E-002                  0.0000000000000000E+000                  4.3954640969581372E+008                  2.3912369104752159E+006                  1.3474317642026939E-027                  0.0000000000000000E+000                  0.0000000000000000E+000                  1.0638486553238927E+001                  2.7679357462742758E+009                  2.1728164733690332E-007                  0.0000000000000000E+000                 -3.3314884773756637E+000                  1.3554921042682330E-001                  3.7410983778665441E-001                  5.2462483561864504E-001 
                                     134                  2.9990173517409611E+000                  7.5204529873310866E-001                  4.4346603633885593E+000                 -8.0260825869724126E+000                  4.5313369748410208E+000                  6.9999999999759532E-001                  2.8000000000240483E-001                  1.9999999999999796E-002                  0.0000000000000000E+000                  4.3923679165793794E+008                  2.4019953197878567E+006                  1.3811040381995519E-027                  0.0000000000000000E+000                  0.0000000000000000E+000                  1.0680374329008908E+001                  2.7889751214210410E+009                  2.1469248405204351E-007                  0.0000000000000000E+000                 -3.3340915795328265E+000                  1.3735798090007548E-001                  3.7591860825990653E-001                  5.2643360609189715E-001 
                                     135                  2.9990173512723648E+000                  7.5198898108388934E-001                  4.4390478390256094E+000                 -8.0134591899776400E+000                  4.5483832976961036E+000                  6.9999999999759532E-001                  2.8000000000240483E-001                  1.9999999999999796E-002                  0.0000000000000000E+000                  4.3897282639731252E+008                  2.4146774782422939E+006                  1.4218408349511702E-027                  0.0000000000000000E+000                  0.0000000000000000E+000                  1.0734265340954410E+001                  2.8146788366331372E+009                  2.1135866825694789E-007                  0.0000000000000000E+000                 -3.3374899680765475E+000                  1.3953732898130031E-001                  3.7809795634113141E-001                  5.2861295417312204E-001 
                                     136                  2.9990173507100488E+000                  7.5192330831125476E-001                  4.4440444695092074E+000                 -7.9991682168801042E+000                  4.5677139978322705E+000                  6.9999999999759532E-001                  2.8000000000240483E-001                  1.9999999999999796E-002                  0.0000000000000000E+000                  4.3881325621977013E+008                  2.4290476886267634E+006                  1.4694111302509003E-027                  0.0000000000000000E+000                  0.0000000000000000E+000                  1.0801501356297107E+001                  2.8447694152628717E+009                  2.0724014391397140E-007                  0.0000000000000000E+000                 -3.3417630573986394E+000                  1.4204019249243380E-001                  3.8060081985226485E-001                  5.3111581768425542E-001 
                                     137                  2.9990173500540140E+000                  7.5184913444145940E-001                  4.4495783054892089E+000                 -7.9834542515726286E+000                  4.5890134979814103E+000                  6.9999999999759532E-001                  2.8000000000240483E-001                  1.9999999999999796E-002                  0.0000000000000000E+000                  4.3882398307403141E+008                  2.4448563433804004E+006                  1.5235574041356614E-027                  0.0000000000000000E+000                  0.0000000000000000E+000                  1.0883501956328576E+001                  2.8789211642843676E+009                  2.0229318159023367E-007                  0.0000000000000000E+000                 -3.3470093775657608E+000                  1.4481704964040659E-001                  3.8337767700023767E-001                  5.3389267483222835E-001 
                                     138                  2.9990173493042591E+000                  7.5176733263739370E-001                  4.4538229369465956E+000                 -7.9714083654845469E+000                  4.6053436312510350E+000                  6.9999999999759532E-001                  2.8000000000240483E-001                  1.9999999999999796E-002                  0.0000000000000000E+000                  4.3895425379823416E+008                  2.4568897057566196E+006                  1.5664116379404163E-027                  0.0000000000000000E+000                  0.0000000000000000E+000                  1.0953824917095464E+001                  2.9165733295886974E+009                  1.9646388374454104E-007                  0.0000000000000000E+000                 -3.3533586374841540E+000                  1.4782184507497154E-001                  3.8638247243480256E-001                  5.3689747026679324E-001 
                                     139                  2.9990173489293825E+000                  7.5172753388984204E-001                  4.4579655910082208E+000                 -7.9598540010861658E+000                  4.6210875806899798E+000                  6.9999999999759532E-001                  2.8000000000240483E-001                  1.9999999999999796E-002                  0.0000000000000000E+000                  4.3924121484882617E+008                  2.4685569086281345E+006                  1.6086494893738414E-027                  0.0000000000000000E+000                  0.0000000000000000E+000                  1.1024218876254739E+001                  2.9350560299692025E+009                  1.9349282416961472E-007                  0.0000000000000000E+000                 -3.3566675682458582E+000                  1.4925816414994103E-001                  3.8781879150977211E-001                  5.3833378934176279E-001 
                                     140                  2.9990173481796276E+000                  7.5164999473918892E-001                  4.4619565157961079E+000                 -7.9486847788390218E+000                  4.6362913608709695E+000                  6.9999999999759532E-001                  2.8000000000240483E-001                  1.9999999999999796E-002                  0.0000000000000000E+000                  4.3961196731138217E+008                  2.4797045901604621E+006                  1.6505617769167287E-027                  0.0000000000000000E+000                  0.0000000000000000E+000                  1.1099203233267456E+001                  2.9712674766257758E+009                  1.8746429884601419E-007                  0.0000000000000000E+000                 -3.3635407140760432E+000                  1.5201178903584453E-001                  3.9057241639567564E-001                  5.4108741422766626E-001 
                                     141                  2.9990173478047506E+000                  7.5161219447504202E-001                  4.4658590124157920E+000                 -7.9379430835488360E+000                  4.6509858705322955E+000                  6.9999999999759532E-001                  2.8000000000240483E-001                  1.9999999999999796E-002                  0.0000000000000000E+000                  4.4013047038295931E+008                  2.4905161185002900E+006                  1.6918995903750781E-027                  0.0000000000000000E+000                  0.0000000000000000E+000                  1.1174289613130499E+001                  2.9890100327419658E+009                  1.8440129001357447E-007                  0.0000000000000000E+000                 -3.3671180225419066E+000                  1.5333159497553367E-001                  3.9189222233536475E-001                  5.4240722016735532E-001 
                                     142                  2.9990173470549961E+000                  7.5153841246117858E-001                  4.4696299293094492E+000                 -7.9275388257841346E+000                  4.6652089211148526E+000                  6.9999999999759532E-001                  2.8000000000240483E-001                  1.9999999999999796E-002                  0.0000000000000000E+000                  4.4073763141835797E+008                  2.5008545610432550E+006                  1.7329256408076344E-027                  0.0000000000000000E+000                  0.0000000000000000E+000                  1.1253287465755404E+001                  3.0238411778972893E+009                  1.7819921787585752E-007                  0.0000000000000000E+000                 -3.3745471032161953E+000                  1.5586428413531811E-001                  3.9442491149514930E-001                  5.4493990932713987E-001 
                                     143                  2.9990173466801187E+000                  7.5150238107459433E-001                  4.4733233566433945E+000                 -7.9175098364610808E+000                  4.6789854026230708E+000                  6.9999999999759532E-001                  2.8000000000240483E-001                  1.9999999999999796E-002                  0.0000000000000000E+000                  4.4149460775378257E+008                  2.5108709144698051E+006                  1.7734133559340417E-027                  0.0000000000000000E+000                  0.0000000000000000E+000                  1.1332442199094594E+001                  3.0409409837085791E+009                  1.7505163770574484E-007                  0.0000000000000000E+000                 -3.3784169109063695E+000                  1.5707860218795291E-001                  3.9563922954778402E-001                  5.4615422737977459E-001 
                                     144                  2.9990173459303646E+000                  7.5143193745049019E-001                  4.4780876343180411E+000                 -7.9046213159508643E+000                  4.6967107988132186E+000                  6.9999999999759532E-001                  2.8000000000240483E-001                  1.9999999999999796E-002                  0.0000000000000000E+000                  4.4267364725782061E+008                  2.5235994901051018E+006                  1.8268373108056066E-027                  0.0000000000000000E+000                  0.0000000000000000E+000                  1.1441886701403792E+001                  3.0747057328974781E+009                  1.6867473853483979E-007                  0.0000000000000000E+000                 -3.3864749771891627E+000                  1.5940498517686305E-001                  3.9796561253669416E-001                  5.4848061036868478E-001 
                                     145                  2.9990173451806106E+000                  7.5136352085472158E-001                  4.4815500272276960E+000                 -7.8952961067592780E+000                  4.7095536390953594E+000                  6.9999999999759532E-001                  2.8000000000240483E-001                  1.9999999999999796E-002                  0.0000000000000000E+000                  4.4368674874163908E+008                  2.5326986037717150E+006                  1.8664918227638411E-027                  0.0000000000000000E+000                  0.0000000000000000E+000                  1.1526483440978259E+001                  3.1074739650135126E+009                  1.6219402887574360E-007                  0.0000000000000000E+000                 -3.3949825691254678E+000                  1.6161271438509794E-001                  4.0017334174492902E-001                  5.5068833957691965E-001 
                                     146                  2.9990173448057331E+000                  7.5133002746335142E-001                  4.4849489712429920E+000                 -7.8862780605339875E+000                  4.7220313711622222E+000                  6.9999999999759532E-001                  2.8000000000240483E-001                  1.9999999999999796E-002                  0.0000000000000000E+000                  4.4485157446828598E+008                  2.5414946436953847E+006                  1.9056587107607056E-027                  0.0000000000000000E+000                  0.0000000000000000E+000                  1.1611109995823567E+001                  3.1236727245942001E+009                  1.5891194849264051E-007                  0.0000000000000000E+000                 -3.3994217236136453E+000                  1.6266908577728256E-001                  4.0122971313711364E-001                  5.5174471096910427E-001 
                                     147                  2.9990173440559782E+000                  7.5126439484053253E-001                  4.4893495435993396E+000                 -7.8746531293302793E+000                  4.7381390973515547E+000                  6.9999999999759532E-001                  2.8000000000240483E-001                  1.9999999999999796E-002                  0.0000000000000000E+000                  4.4659574858375210E+008                  2.5526461384711019E+006                  1.9573628552420463E-027                  0.0000000000000000E+000                  0.0000000000000000E+000                  1.1726660706184282E+001                  3.1557223729427519E+009                  1.5226876233248617E-007                  0.0000000000000000E+000                 -3.4086945911359496E+000                  1.6468967860939066E-001                  4.0325030596922179E-001                  5.5376530380121236E-001 
                                     148                  2.9990173433062242E+000                  7.5120046712730970E-001                  4.4936225221730313E+000                 -7.8634717784373560E+000                  4.7536796877167031E+000                  6.9999999999759532E-001                  2.8000000000240483E-001                  1.9999999999999796E-002                  0.0000000000000000E+000                  4.4859122121311796E+008                  2.5631845381505624E+006                  2.0084172716527766E-027                  0.0000000000000000E+000                  0.0000000000000000E+000                  1.1843972332503048E+001                  3.1870560162834806E+009                  1.4552538075433671E-007                 -4.5140411730207491E-021                 -3.4185306278741741E+000                  1.6659882512338015E-001                  4.0515945248321117E-001                  5.5567445031520180E-001 
                                     149                  2.9990173425564701E+000                  7.5113813711605804E-001                  4.4977764143759540E+000                 -7.8527038957051634E+000                  4.7686918077001792E+000                  6.9999999999759532E-001                  2.8000000000240483E-001                  1.9999999999999796E-002                  0.0000000000000000E+000                  4.5084850395678031E+008                  2.5731184918068196E+006                  2.0588421615984721E-027                  0.0000000000000000E+000                  0.0000000000000000E+000                  1.1962728378628134E+001                  3.2178421815934777E+009                  1.3867432111826358E-007                 -1.3255080559039260E-020                 -3.4290019757687804E+000                  1.6839563151927575E-001                  4.0695625887910697E-001                  5.5747125671109754E-001 
                                     150                  2.9990173418067152E+000                  7.5107730764193648E-001                  4.5028234628887986E+000                 -7.8397981503032685E+000                  4.7867653308035480E+000                  6.9999999999759543E-001                  2.8000000000240477E-001                  1.9999999999999796E-002                  0.0000000000000000E+000                  4.5407063182842886E+008                  2.5847238395311045E+006                  2.1209492880046280E-027                  0.0000000000000000E+000                  0.0000000000000000E+000                  1.2112029038627089E+001                  3.2482183212478461E+009                  1.3170237587913132E-007                 -8.1876645747094577E-021                 -3.4402031951998620E+000                  1.7007840507301653E-001                  4.0863903243284760E-001                  5.5915403026483823E-001 
                                     151                  2.9990173406820837E+000                  7.5098868927475482E-001                  4.5076883626416322E+000                 -7.8274211814575994E+000                  4.8041305523233238E+000                  6.9999999999759532E-001                  2.8000000000240483E-001                  1.9999999999999796E-002                  0.0000000000000000E+000                  4.5770651716350746E+008                  2.5953653691984294E+006                  2.1822710904028155E-027                  0.0000000000000000E+000                  0.0000000000000000E+000                  1.2263836610770579E+001                  3.2927446382627635E+009                  1.2106040695293956E-007                  9.8137961614739627E-021                 -3.4584989352550215E+000                  1.7241007897344282E-001                  4.1097070633327393E-001                  5.6148570416526455E-001 
                                     152                  2.9990173399323297E+000                  7.5093124131369893E-001                  4.5124228366925561E+000                 -7.8155834969119979E+000                  4.8208367103080576E+000                  6.9999999999759532E-001                  2.8000000000240483E-001                  1.9999999999999796E-002                  0.0000000000000000E+000                  4.6187474116034973E+008                  2.6051479428632450E+006                  2.2425791817575683E-027                  0.0000000000000000E+000                  0.0000000000000000E+000                  1.2414587225699851E+001                  3.3218767808657703E+009                  1.1382872173454521E-007                  1.3762973225121699E-020                 -3.4718740705654443E+000                  1.7383468239839395E-001                  4.1239530975822503E-001                  5.6291030759021565E-001 
                                     153                  2.9990173388076982E+000                  7.5084734551629995E-001                  4.5179087937753915E+000                 -7.8019884187824129E+000                  4.8400856621920765E+000                  6.9999999999759532E-001                  2.8000000000240483E-001                  1.9999999999999796E-002                  0.0000000000000000E+000                  4.6754482040482581E+008                  2.6156907400245974E+006                  2.3138995332185379E-027                  0.0000000000000000E+000                  0.0000000000000000E+000                  1.2595757501004291E+001                  3.3649504067855406E+009                  1.0276852793428832E-007                  4.4852675522614533E-021                 -3.4940699321506279E+000                  1.7577605922040024E-001                  4.1433668658023143E-001                  5.6485168441222200E-001 
                                     154                  2.9990173376830658E+000                  7.5076598887573165E-001                  4.5227691818360070E+000                 -7.7900730709128752E+000                  4.8570235233785795E+000                  6.9999999999759532E-001                  2.8000000000240483E-001                  1.9999999999999796E-002                  0.0000000000000000E+000                  4.7342383654742444E+008                  2.6242446632847367E+006                  2.3782707780514753E-027                  0.0000000000000000E+000                  0.0000000000000000E+000                  1.2760973652784932E+001                  3.4069856298952384E+009                  9.1496998026330609E-008                  0.0000000000000000E+000                 -3.5192965773492171E+000                  1.7750752113630203E-001                  4.1606814849613311E-001                  5.6658314632812368E-001 
                                     155                  2.9990173367458732E+000                  7.5069999290153344E-001                  4.5270643866436489E+000                 -7.7796704214342416E+000                  4.8718774182582401E+000                  6.9999999999759532E-001                  2.8000000000240483E-001                  1.9999999999999796E-002                  0.0000000000000000E+000                  4.7938972562720770E+008                  2.6311491471550139E+006                  2.4359324137292050E-027                  0.0000000000000000E+000                  0.0000000000000000E+000                  1.2909606666525534E+001                  3.4414221563633618E+009                  8.1921670589868468E-008                  0.0000000000000000E+000                 -3.5433005999580254E+000                  1.7878840278513861E-001                  4.1734903014496966E-001                  5.6786402797696023E-001 
                                     156                  2.9990173358086802E+000                  7.5063552990595350E-001                  4.5322843707309044E+000                 -7.7672082516203576E+000                  4.8897680795212670E+000                  6.9999999999759532E-001                  2.8000000000240483E-001                  1.9999999999999796E-002                  0.0000000000000000E+000                  4.8776010733101803E+008                  2.6386854665461113E+006                  2.5068535553569900E-027                  0.0000000000000000E+000                  0.0000000000000000E+000                  1.3094582713646979E+001                  3.4755166423562627E+009                  7.2127108605549786E-008                  0.0000000000000000E+000                 -3.5709507386174559E+000                  1.7992035275191948E-001                  4.1848098011175056E-001                  5.6899597794374124E-001 
                                     157                  2.9990173344028905E+000                  7.5054151920757184E-001                  4.5383182965356017E+000                 -7.7529507636612225E+000                  4.9103246301598693E+000                  6.9999999999759532E-001                  2.8000000000240483E-001                  1.9999999999999796E-002                  0.0000000000000000E+000                  4.9913529429650992E+008                  2.6461864644332244E+006                  2.5905278433440349E-027                  0.0000000000000000E+000                  0.0000000000000000E+000                  1.3322329270995077E+001                  3.5257815671649361E+009                  5.6946321195164265E-008                  0.0000000000000000E+000                 -3.6222671633275172E+000                  1.8137607869835598E-001                  4.1993670605818700E-001                  5.7045170389017763E-001 
                                     158                  2.9990173329971013E+000                  7.5045048652169966E-001                  4.5441373810137380E+000                 -7.7394124968375859E+000                  4.9299680858393211E+000                  6.9999999999759532E-001                  2.8000000000240483E-001                  1.9999999999999796E-002                  0.0000000000000000E+000                  5.1208529936607963E+008                  2.6521483455511276E+006                  2.6725650205745285E-027                  0.0000000000000000E+000                  0.0000000000000000E+000                  1.3560575422106416E+001                  3.5749556130476813E+009                  4.1038260258845583E-008                  0.0000000000000000E+000                 -3.6934055293087238E+000                  1.8257204249998188E-001                  4.2113266985981296E-001                  5.7164766769180353E-001 
                                     159                  2.9990173315913116E+000                  7.5036219315457686E-001                  4.5483633675304276E+000                 -7.7296841636801421E+000                  4.9441500807767156E+000                  6.9999999999759532E-001                  2.8000000000240483E-001                  1.9999999999999796E-002                  0.0000000000000000E+000                  5.2283145925330240E+008                  2.6557466323202001E+006                  2.7331148790658630E-027                  0.0000000000000000E+000                  0.0000000000000000E+000                  1.3749408259769586E+001                  3.6231355833449383E+009                  2.4342455405065975E-008                  0.0000000000000000E+000                 -3.8068178084702473E+000                  1.8354138537103468E-001                  4.2210201273086573E-001                  5.7261701056285641E-001 
                                     160                  2.9990173308884174E+000                  7.5031900476818902E-001                  4.5520504559493729E+000                 -7.7213557379632967E+000                  4.9563836924707392E+000                  6.9999999999759532E-001                  2.8000000000240483E-001                  1.9999999999999796E-002                  0.0000000000000000E+000                  5.3325122995137066E+008                  2.6584390512465509E+006                  2.7860404250845056E-027                  0.0000000000000000E+000                  0.0000000000000000E+000                  1.3924573485524139E+001                  3.6470508861956463E+009                  1.5633466987691892E-008                  0.0000000000000000E+000                 -3.9029723495491249E+000                  1.8394583871821102E-001                  4.2250646607804221E-001                  5.7302146391003272E-001 
                                     161                  2.9990173297169260E+000                  7.5024836357215363E-001                  4.5565492251349626E+000                 -7.7113109459183820E+000                  4.9712159610530922E+000                  6.9999999999759532E-001                  2.8000000000240483E-001                  1.9999999999999796E-002                  0.0000000000000000E+000                  5.4734009335836351E+008                  2.6612350686889929E+006                  2.8512385111724338E-027                  0.0000000000000000E+000                  0.0000000000000000E+000                  1.4153217296924414E+001                  3.6867829104637251E+009                  6.3108844941411238E-010                  0.0000000000000000E+000                 -4.5999548842444291E+000                  1.8451979536900659E-001                  4.2308042272883772E-001                  5.7359542056082835E-001 
                                     162                  2.9990173285454351E+000                  7.5017930417183953E-001                  4.5613783881035044E+000                 -7.7007217975179572E+000                  4.9869767249163308E+000                  6.9999999999759532E-001                  2.8000000000240483E-001                  1.9999999999999796E-002                  0.0000000000000000E+000                  5.6429537148038352E+008                  2.6637288504539956E+006                  2.9216226917491527E-027                  0.0000000000000000E+000                  0.0000000000000000E+000                  1.4411465626826072E+001                  3.7261350558734689E+009                 -1.4697837137311437E-008                  0.0000000000000000E+000                 -9.8999999999999986E+001                  1.8500200546713838E-001                  4.2356263282696954E-001                  5.7407763065896011E-001 
                                     163                  2.9990173271396454E+000                  7.5009838715496036E-001                  4.5660812288293950E+000                 -7.6905721060156944E+000                  5.0021966389249162E+000                  6.9999999999759532E-001                  2.8000000000240483E-001                  1.9999999999999796E-002                  0.0000000000000000E+000                  5.8269007098401093E+008                  2.6657933462715712E+006                  2.9907162447018167E-027                  0.0000000000000000E+000                  0.0000000000000000E+000                  1.4672018588413136E+001                  3.7729489640334463E+009                 -3.3236784374099459E-008                  0.0000000000000000E+000                 -9.8999999999999986E+001                  1.8548831222217807E-001                  4.2404893958200923E-001                  5.7456393741399980E-001 
                                     164                  2.9990173259681545E+000                  7.5003248051617455E-001                  4.5706760270222340E+000                 -7.6808499265514438E+000                  5.0169099583375045E+000                  6.9999999999759532E-001                  2.8000000000240483E-001                  1.9999999999999796E-002                  0.0000000000000000E+000                  6.0245394706050503E+008                  2.6676589486845974E+006                  3.0584313388671806E-027                  0.0000000000000000E+000                  0.0000000000000000E+000                  1.4929462873856808E+001                  3.8117170556471634E+009                 -4.8543074442764302E-008                  0.0000000000000000E+000                 -9.8999999999999986E+001                  1.8584525434093566E-001                  4.2440588170076671E-001                  5.7492087953275739E-001 
                                     165                  2.9990173245623648E+000                  7.4995510507261742E-001                  4.5763691520228837E+000                 -7.6690435083327149E+000                  5.0349553245656207E+000                  6.9999999999759532E-001                  2.8000000000240483E-001                  1.9999999999999796E-002                  0.0000000000000000E+000                  6.2933762989267159E+008                  2.6700788358628131E+006                  3.1427280963059252E-027                  0.0000000000000000E+000                  0.0000000000000000E+000                  1.5246231158159370E+001                  3.8581575706059594E+009                 -6.6375476508477945E-008                  0.0000000000000000E+000                 -9.8999999999999986E+001                  1.8625713275437306E-001                  4.2481776011420413E-001                  5.7533275794619476E-001 
                                     166                  2.9990173226879784E+000                  7.4985464297941085E-001                  4.5826578631688504E+000                 -7.6562462298144167E+000                  5.0547181560282857E+000                  6.9999999999759532E-001                  2.8000000000240483E-001                  1.9999999999999796E-002                  0.0000000000000000E+000                  6.6199523910672021E+008                  2.6733677193704224E+006                  3.2367257728854586E-027                  0.0000000000000000E+000                  0.0000000000000000E+000                  1.5587506566703698E+001                  3.9195802388567681E+009                 -8.8760733803326637E-008                  0.0000000000000000E+000                 -9.8999999999999986E+001                  1.8684995743895810E-001                  4.2541058479878924E-001                  5.7592558263077986E-001 
                                     167                  2.9990173208135928E+000                  7.4975703123917370E-001                  4.5887183130632314E+000                 -7.6441560278001726E+000                  5.0736003433168939E+000                  6.9999999999759532E-001                  2.8000000000240483E-001                  1.9999999999999796E-002                  0.0000000000000000E+000                  6.9590833039140749E+008                  2.6776231415863368E+006                  3.3281113745291723E-027                  0.0000000000000000E+000                  0.0000000000000000E+000                  1.5903345117713956E+001                  3.9803858021238122E+009                 -1.0917795706590877E-007                  0.0000000000000000E+000                 -9.8999999999999986E+001                  1.8756099947818725E-001                  4.2612162683801830E-001                  5.7663662467000887E-001 
                                     168                  2.9990173189466924E+000                  7.4966241573244574E-001                  4.5945329250480293E+000                 -7.6327502491131698E+000                  5.0915980269310479E+000                  6.9999999999759532E-001                  2.8000000000240483E-001                  1.9999999999999796E-002                  0.0000000000000000E+000                  7.2975168315813041E+008                  2.6831020892247357E+006                  3.4166878021640304E-027                  0.0000000000000000E+000                  0.0000000000000000E+000                  1.6190908592786968E+001                  4.0404602129204464E+009                 -1.2718969050942724E-007                  0.0000000000000000E+000                 -9.8999999999999986E+001                  1.8844621621742100E-001                  4.2700684357725216E-001                  5.7752184140924268E-001 
                                     169                  2.9990173170961563E+000                  7.4957100186222569E-001                  4.6000965435246597E+000                 -7.6219867577930858E+000                  5.1087397870530999E+000                  6.9999999999759532E-001                  2.8000000000240483E-001                  1.9999999999999796E-002                  0.0000000000000000E+000                  7.6245753627070880E+008                  2.6899859792216211E+006                  3.5024374009523506E-027                  0.0000000000000000E+000                  0.0000000000000000E+000                  1.6448320176332466E+001                  4.0994828473264189E+009                 -1.4245642648096624E-007                  0.0000000000000000E+000                 -9.8999999999999986E+001                  1.8953871256926497E-001                  4.2809933992909605E-001                  5.7861433776108662E-001 
                                     170                  2.9990173152629982E+000                  7.4948260832402447E-001                  4.6067310866164757E+000                 -7.6093604796617047E+000                  5.1290657648118962E+000                  6.9999999999759532E-001                  2.8000000000240483E-001                  1.9999999999999796E-002                  0.0000000000000000E+000                  8.0059764431900299E+008                  2.7007218717072508E+006                  3.6057744278573084E-027                  0.0000000000000000E+000                  0.0000000000000000E+000                  1.6725993059897053E+001                  4.1576036701725378E+009                 -1.5465082793792195E-007                  0.0000000000000000E+000                 -9.8999999999999986E+001                  1.9087724496902522E-001                  4.2943787232885627E-001                  5.7995287016084696E-001 
                                     171                  2.9990173125392370E+000                  7.4935493870030678E-001                  4.6136243000186656E+000                 -7.5962477931647081E+000                  5.1502663108381102E+000                  6.9999999999759532E-001                  2.8000000000240483E-001                  1.9999999999999796E-002                  0.0000000000000000E+000                  8.3690728422732282E+008                  2.7150458667379762E+006                  3.7163211545607509E-027                  0.0000000000000000E+000                  0.0000000000000000E+000                  1.6984086911894483E+001                  4.2425031060530829E+009                 -1.6774030976457374E-007                  0.0000000000000000E+000                 -9.8999999999999986E+001                  1.9329606315280906E-001                  4.3185669051264020E-001                  5.8237168834463082E-001 
                                     172                  2.9990173102830711E+000                  7.4925225007167662E-001                  4.6207152764824775E+000                 -7.5829046931303239E+000                  5.1720211813520347E+000                  6.9999999999759532E-001                  2.8000000000240483E-001                  1.9999999999999796E-002                  0.0000000000000000E+000                  8.6824252942670846E+008                  2.7333920965298931E+006                  3.8322903037917570E-027                  0.0000000000000000E+000                  0.0000000000000000E+000                  1.7208859086151381E+001                  4.3114473164900217E+009                 -1.7414590807993480E-007                  0.0000000000000000E+000                 -9.8999999999999986E+001                  1.9567060334591674E-001                  4.3423123070574782E-001                  5.8474622853773850E-001 
                                     173                  2.9990173071750768E+000                  7.4911495707745201E-001                  4.6278826923467946E+000                 -7.5692792809539906E+000                  5.1942121566373949E+000                  6.9999999999759532E-001                  2.8000000000240483E-001                  1.9999999999999796E-002                  0.0000000000000000E+000                  8.9116441896540070E+008                  2.7558178821487362E+006                  3.9544487535933039E-027                  0.0000000000000000E+000                  0.0000000000000000E+000                  1.7401657375619092E+001                  4.4041072767824688E+009                 -1.7711127206026236E-007                  0.0000000000000000E+000                 -9.8999999999999986E+001                  1.9942231664070997E-001                  4.3798294400054111E-001                  5.8849794183253168E-001 
                                     174                  2.9990173045346680E+000                  7.4900182400196202E-001                  4.6341109049405409E+000                 -7.5573904958119291E+000                  5.2135805632700611E+000                  6.9999999999759532E-001                  2.8000000000240483E-001                  1.9999999999999796E-002                  0.0000000000000000E+000                  9.0307881964634097E+008                  2.7784685099188760E+006                  4.0642145950441473E-027                  0.0000000000000000E+000                  0.0000000000000000E+000                  1.7534120478216995E+001                  4.4802489248123341E+009                 -1.7533315112890101E-007                  0.0000000000000000E+000                 -9.8999999999999986E+001                  2.0295081376226920E-001                  4.4151144112210039E-001                  5.9202643895409091E-001 
                                     175                  2.9990173019175610E+000                  7.4889263355351665E-001                  4.6390183492589250E+000                 -7.5478882260870224E+000                  5.2289817455564416E+000                  6.9999999999759532E-001                  2.8000000000240483E-001                  1.9999999999999796E-002                  0.0000000000000000E+000                  9.0675792996368313E+008                  2.7983419956610394E+006                  4.1541333494440975E-027                  0.0000000000000000E+000                  0.0000000000000000E+000                  1.7613487372071056E+001                  4.5533566640873384E+009                 -1.7034317832435736E-007                  0.0000000000000000E+000                 -9.8999999999999986E+001                  2.0669220250723985E-001                  4.4525282986707099E-001                  5.9576782769906167E-001 
                                     176                  2.9990173001878095E+000                  7.4882198318228799E-001                  4.6427962164175955E+000                 -7.5405439509815997E+000                  5.2408678750047946E+000                  6.9999999999759532E-001                  2.8000000000240483E-001                  1.9999999999999796E-002                  0.0000000000000000E+000                  9.0602783552902830E+008                  2.8148453379522655E+006                  4.2249921330546164E-027                  0.0000000000000000E+000                  0.0000000000000000E+000                  1.7654680875574545E+001                  4.6003767551265659E+009                 -1.6553185058243334E-007                  0.0000000000000000E+000                 -9.8999999999999986E+001                  2.0927068380584207E-001                  4.4783131116567321E-001                  5.9834630899766372E-001 
                                     177                  2.9990172984580572E+000                  7.4875248388751692E-001                  4.6473424513638699E+000                 -7.5316515400231125E+000                  5.2552199121417091E+000                  6.9999999999759532E-001                  2.8000000000240483E-001                  1.9999999999999796E-002                  0.0000000000000000E+000                  9.0124802903221142E+008                  2.8360516953969132E+006                  4.3124073476106479E-027                  0.0000000000000000E+000                  0.0000000000000000E+000                  1.7678935340712531E+001                  4.6465465875386810E+009                 -1.5953071997593361E-007                  0.0000000000000000E+000                 -9.8999999999999986E+001                  2.1192855431101379E-001                  4.5048918167084490E-001                  6.0100417950283547E-001 
                                     178                  2.9990172958851775E+000                  7.4865114410531908E-001                  4.6516605936828075E+000                 -7.5230014548528166E+000                  5.2690348529508597E+000                  6.9999999999759532E-001                  2.8000000000240483E-001                  1.9999999999999796E-002                  0.0000000000000000E+000                  8.9314513828140640E+008                  2.8574694201618060E+006                  4.3991756094188357E-027                  0.0000000000000000E+000                  0.0000000000000000E+000                  1.7678962597487882E+001                  4.7130075320851355E+009                 -1.4926099622598878E-007                  0.0000000000000000E+000                 -9.8999999999999986E+001                  2.1594596689157311E-001                  4.5450659425140433E-001                  6.0502159208339490E-001 
                                     179                  2.9990172941839415E+000                  7.4858541985823290E-001                  4.6549911050779444E+000                 -7.5162749544687459E+000                  5.2797330600016110E+000                  6.9999999999759532E-001                  2.8000000000240483E-001                  1.9999999999999796E-002                  0.0000000000000000E+000                  8.8484057660762179E+008                  2.8748188348041223E+006                  4.4678535177406538E-027                  0.0000000000000000E+000                  0.0000000000000000E+000                  1.7660046433940344E+001                  4.7555014384125166E+009                 -1.4177793968996120E-007                  0.0000000000000000E+000                 -9.8999999999999986E+001                  2.1862573188551340E-001                  4.5718635924534445E-001                  6.0770135707733519E-001 
                                     180                  2.9990172924827045E+000                  7.4852067655989096E-001                  4.6582094846618674E+000                 -7.5096906530687839E+000                  5.2901406248441987E+000                  6.9999999999759532E-001                  2.8000000000240483E-001                  1.9999999999999796E-002                  0.0000000000000000E+000                  8.7531098924542427E+008                  2.8922337114377604E+006                  4.5361179506957313E-027                  0.0000000000000000E+000                  0.0000000000000000E+000                  1.7628563994232412E+001                  4.7970081126927862E+009                 -1.3377790434444687E-007                  0.0000000000000000E+000                 -9.8999999999999986E+001                  2.2132141058690624E-001                  4.5988203794673732E-001                  6.1039703577872784E-001 
                                     181                  2.9990172907945158E+000                  7.4845736849144706E-001                  4.6628680484641487E+000                 -7.5000907627939224E+000                  5.3052500734163548E+000                  6.9999999999759532E-001                  2.8000000000240483E-001                  1.9999999999999796E-002                  0.0000000000000000E+000                  8.5929105007808006E+008                  2.9185411358287721E+006                  4.6375207375295255E-027                  0.0000000000000000E+000                  0.0000000000000000E+000                  1.7559271135443762E+001                  4.8372766841962976E+009                 -1.2544403262780812E-007                  0.0000000000000000E+000                 -9.8999999999999986E+001                  2.2400391352111396E-001                  4.6256454088094501E-001                  6.1307953871293563E-001 
                                     182                  2.9990172874181371E+000                  7.4833344032816174E-001                  4.6672657316866957E+000                 -7.4906610230100457E+000                  5.3198320767246603E+000                  6.9999999999759532E-001                  2.8000000000240483E-001                  1.9999999999999796E-002                  0.0000000000000000E+000                  8.4218019327458215E+008                  2.9443888669272610E+006                  4.7393330440708198E-027                  0.0000000000000000E+000                  0.0000000000000000E+000                  1.7481640236240533E+001                  4.9143485483851786E+009                 -1.0855593052706938E-007                  0.0000000000000000E+000                 -9.8999999999999986E+001                  2.2930851550495346E-001                  4.6786914286478465E-001                  6.1838414069677516E-001 
                                     183                  2.9990172857425605E+000                  7.4827322186883183E-001                  4.6714840325126721E+000                 -7.4815983470286378E+000                  5.3338117509465457E+000                  6.9999999999759532E-001                  2.8000000000240483E-001                  1.9999999999999796E-002                  0.0000000000000000E+000                  8.2452269715329361E+008                  2.9700996991618499E+006                  4.8392881482193627E-027                  0.0000000000000000E+000                  0.0000000000000000E+000                  1.7386809788146021E+001                  4.9510703979225893E+009                 -1.0015544434423352E-007                  0.0000000000000000E+000                 -9.8999999999999986E+001                  2.3190347500360925E-001                  4.7046410236344044E-001                  6.2097910019543090E-001 
                                     184                  2.9990172824157457E+000                  7.4815605701051835E-001                  4.6767820795876318E+000                 -7.4698332633379430E+000                  5.3516917704656333E+000                  6.9999999999759532E-001                  2.8000000000240483E-001                  1.9999999999999796E-002                  0.0000000000000000E+000                  8.0128034051793599E+008                  3.0033929414755460E+006                  4.9722005664887692E-027                  0.0000000000000000E+000                  0.0000000000000000E+000                  1.7256589395918560E+001                  5.0214146550980520E+009                 -8.3635205237816143E-008                  0.0000000000000000E+000                 -9.8999999999999986E+001                  2.3696398744488537E-001                  4.7552461480471642E-001                  6.2603961263670704E-001 
                                     185                  2.9990172791124361E+000                  7.4804273905134433E-001                  4.6817881750812411E+000                 -7.4584226070556827E+000                  5.3688225069784341E+000                  6.9999999999759532E-001                  2.8000000000240483E-001                  1.9999999999999796E-002                  0.0000000000000000E+000                  7.7900741788290942E+008                  3.0357414401751710E+006                  5.1045954869452817E-027                  0.0000000000000000E+000                  0.0000000000000000E+000                  1.7120159717204253E+001                  5.0874591812300348E+009                 -6.8006720055909678E-008                  0.0000000000000000E+000                 -9.8999999999999986E+001                  2.4181508495358706E-001                  4.8037571231341808E-001                  6.3089071014540876E-001 
                                     186                  2.9990172758091260E+000                  7.4793227428894760E-001                  4.6859397850599098E+000                 -7.4486927476983373E+000                  5.3832494540325166E+000                  6.9999999999759532E-001                  2.8000000000240483E-001                  1.9999999999999796E-002                  0.0000000000000000E+000                  7.6073663328383422E+008                  3.0630736147521259E+006                  5.2202698064557878E-027                  0.0000000000000000E+000                  0.0000000000000000E+000                  1.6997793137620818E+001                  5.1501150787149487E+009                 -5.3213352515212476E-008                  0.0000000000000000E+000                 -9.8999999999999986E+001                  2.4648084149260419E-001                  4.8504146885243532E-001                  6.3555646668442589E-001 
                                     187                  2.9990172733486671E+000                  7.4785176479844195E-001                  4.6893408984686689E+000                 -7.4405949349747615E+000                  5.3951678519931097E+000                  6.9999999999759532E-001                  2.8000000000240483E-001                  1.9999999999999796E-002                  0.0000000000000000E+000                  7.4605155029997778E+008                  3.0857386719597764E+006                  5.3185376866749343E-027                  0.0000000000000000E+000                  0.0000000000000000E+000                  1.6888552187414728E+001                  5.1947880207141237E+009                 -4.2750923883813548E-008                  0.0000000000000000E+000                 -9.8999999999999986E+001                  2.4982796086356593E-001                  4.8838858822339698E-001                  6.3890358605538766E-001 
                                     188                  2.9990172709046305E+000                  7.4777322687244385E-001                  4.6942142541643852E+000                 -7.4288605520793043E+000                  5.4123390909170270E+000                  6.9999999999759532E-001                  2.8000000000240483E-001                  1.9999999999999796E-002                  0.0000000000000000E+000                  7.2566344406368351E+008                  3.1185371601721714E+006                  5.4642277271704776E-027                  0.0000000000000000E+000                  0.0000000000000000E+000                  1.6714343145799379E+001                  5.2378491896620493E+009                 -3.2771781672200017E-008                  0.0000000000000000E+000                 -9.8999999999999986E+001                  2.5304142427881732E-001                  4.9160205163864845E-001                  6.4211704947063908E-001 
                                     189                  2.9990172660469780E+000                  7.4762116869496364E-001                  4.6992679878513757E+000                 -7.4161239553239584E+000                  5.4306420293305049E+000                  6.9999999999759532E-001                  2.8000000000240483E-001                  1.9999999999999796E-002                  0.0000000000000000E+000                  7.0554646547891462E+008                  3.1526122048768578E+006                  5.6268815448825519E-027                  0.0000000000000000E+000                  0.0000000000000000E+000                  1.6525170808320770E+001                  5.3187888614085693E+009                 -1.4469513867086075E-008                  0.0000000000000000E+000                 -9.8999999999999986E+001                  2.5908080860657523E-001                  4.9764143596640642E-001                  6.4815643379839705E-001 
                                     190                  2.9990172628085423E+000                  7.4752264111511224E-001                  4.7031175837541905E+000                 -7.4062530865567009E+000                  5.4447192176573056E+000                  6.9999999999759532E-001                  2.8000000000240483E-001                  1.9999999999999796E-002                  0.0000000000000000E+000                  6.9113065831810820E+008                  3.1785787553945286E+006                  5.7562614847461864E-027                  0.0000000000000000E+000                  0.0000000000000000E+000                  1.6366642384828985E+001                  5.3694917924282656E+009                 -3.4006632795492278E-009                  0.0000000000000000E+000                 -9.8999999999999986E+001                  2.6285129150961617E-001                  5.0141191886944725E-001                  6.5192691670143788E-001 
                                     191                  2.9990172595896447E+000                  7.4742684446106578E-001                  4.7067817492927588E+000                 -7.3966594652594031E+000                  5.4582863933259889E+000                  6.9999999999759532E-001                  2.8000000000240483E-001                  1.9999999999999796E-002                  0.0000000000000000E+000                  6.7816792668788671E+008                  3.2032079712705147E+006                  5.8848578360443970E-027                  0.0000000000000000E+000                  0.0000000000000000E+000                  1.6207876605263571E+001                  5.4178688815018864E+009                  6.8117890237615537E-009                  0.0000000000000000E+000                 -4.0833694057830119E+000                  2.6640349164781763E-001                  5.0496411900764870E-001                  6.5547911683963944E-001 
                                     192                  2.9990172563895867E+000                  7.4733362836556017E-001                  4.7111566803483464E+000                 -7.3850207675102615E+000                  5.4746368166411923E+000                  6.9999999999759532E-001                  2.8000000000240483E-001                  1.9999999999999796E-002                  0.0000000000000000E+000                  6.6365630104029334E+008                  3.2324587412256692E+006                  6.0447303718957562E-027                  0.0000000000000000E+000                  0.0000000000000000E+000                  1.6008694647959761E+001                  5.4640889904481440E+009                  1.6180454234867578E-008                  0.0000000000000000E+000                 -3.8955046452887134E+000                  2.6974808484521356E-001                  5.0830871220504459E-001                  6.5882371003703522E-001 
                                     193                  2.9990172515895002E+000                  7.4719739369783478E-001                  4.7160904842229323E+000                 -7.3714700698666267E+000                  5.4934487022483722E+000                  6.9999999999759532E-001                  2.8000000000240483E-001                  1.9999999999999796E-002                  0.0000000000000000E+000                  6.4849925411568952E+008                  3.2650643801014335E+006                  6.2363474181370768E-027                  0.0000000000000000E+000                  0.0000000000000000E+000                  1.5781949551773062E+001                  5.5299709382067060E+009                  2.8807876102149463E-008                  0.0000000000000000E+000                 -3.7702443797302938E+000                  2.7443976850643503E-001                  5.1300039586626611E-001                  6.6351539369825674E-001 
                                     194                  2.9990172468166394E+000                  7.4706597168434918E-001                  4.7199590150646138E+000                 -7.3605381477097085E+000                  5.5084690790075355E+000                  6.9999999999759532E-001                  2.8000000000240483E-001                  1.9999999999999796E-002                  0.0000000000000000E+000                  6.3749981070914340E+008                  3.2902728638247228E+006                  6.3953513302223991E-027                  0.0000000000000000E+000                  0.0000000000000000E+000                  1.5604981009206579E+001                  5.5914157912301435E+009                  3.9761178892511739E-008                  0.0000000000000000E+000                 -3.7002703737706302E+000                  2.7875049392256873E-001                  5.1731112128239987E-001                  6.6782611911439049E-001 
                                     195                  2.9990172436522093E+000                  7.4698094061302878E-001                  4.7229239523816222E+000                 -7.3520623489217103E+000                  5.5200627341215611E+000                  6.9999999999759532E-001                  2.8000000000240483E-001                  1.9999999999999796E-002                  0.0000000000000000E+000                  6.2960814075956607E+008                  3.3093761235126844E+006                  6.5214162123261819E-027                  0.0000000000000000E+000                  0.0000000000000000E+000                  1.5468262696767118E+001                  5.6303268047732267E+009                  4.6236229711025987E-008                  0.0000000000000000E+000                 -3.6675087936351942E+000                  2.8142637658604308E-001                  5.1998700394587416E-001                  6.7050200177786479E-001 
                                     196                  2.9990172405045961E+000                  7.4689794794132236E-001                  4.7261359913735692E+000                 -7.3427645047842693E+000                  5.5327222526900952E+000                  6.9999999999759532E-001                  2.8000000000240483E-001                  1.9999999999999796E-002                  0.0000000000000000E+000                  6.2155921091177976E+008                  3.3298388800869072E+006                  6.6625680944370680E-027                  0.0000000000000000E+000                  0.0000000000000000E+000                  1.5320920623523151E+001                  5.6678646932003832E+009                  5.2117784364365266E-008                  0.0000000000000000E+000                 -3.6415070276652899E+000                  2.8395316326697501E-001                  5.2251379062680614E-001                  6.7302878845879677E-001 
                                     197                  2.9990172365700789E+000                  7.4679633972844950E-001                  4.7302305858290499E+000                 -7.3307324403401610E+000                  5.5490160555898118E+000                  6.9999999999759532E-001                  2.8000000000240483E-001                  1.9999999999999796E-002                  0.0000000000000000E+000                  6.1200754526338506E+008                  3.3555624469163190E+006                  6.8497735048181605E-027                  0.0000000000000000E+000                  0.0000000000000000E+000                  1.5135483672969231E+001                  5.7131758960262451E+009                  5.8753624065640319E-008                  0.0000000000000000E+000                 -3.6154826699479656E+000                  2.8693970369182442E-001                  5.2550033105165550E-001                  6.7601532888364624E-001 
                                     198                  2.9990172310889633E+000                  7.4665854474260451E-001                  4.7344154255277200E+000                 -7.3181169114491995E+000                  5.5659541193328019E+000                  6.9999999999759532E-001                  2.8000000000240483E-001                  1.9999999999999796E-002                  0.0000000000000000E+000                  6.0298120632919705E+008                  3.3813807460689270E+006                  7.0517090300998430E-027                  0.0000000000000000E+000                  0.0000000000000000E+000                  1.4952776094690664E+001                  5.7732202764365797E+009                  6.6834595332419022E-008                  0.0000000000000000E+000                 -3.5874993385770084E+000                  2.9081943187383735E-001                  5.2938005923366849E-001                  6.7989505706565911E-001 
                                     199                  2.9990172264132626E+000                  7.4654426381493277E-001                  4.7380990518483417E+000                 -7.3068547994511954E+000                  5.5810012331817838E+000                  6.9999999999759532E-001                  2.8000000000240483E-001                  1.9999999999999796E-002                  0.0000000000000000E+000                  5.9563141971199596E+008                  3.4037375447590146E+006                  7.2370052669104615E-027                  0.0000000000000000E+000                  0.0000000000000000E+000                  1.4794272144153572E+001                  5.8218917578743572E+009                  7.2807566065986871E-008                  0.0000000000000000E+000                 -3.5689117435167734E+000                  2.9389629012990137E-001                  5.3245691748973245E-001                  6.8297191532172308E-001 
                                     200                  2.9990172217375619E+000                  7.4643282147288492E-001                  4.7416210091820217E+000                 -7.2959311362584041E+000                  5.5955261256097408E+000                  6.9999999999759532E-001                  2.8000000000240483E-001                  1.9999999999999796E-002                  0.0000000000000000E+000                  5.8908408004340494E+008                  3.4247689900900163E+006                  7.4213839794779770E-027                  0.0000000000000000E+000                  0.0000000000000000E+000                  1.4645569661280895E+001                  5.8686232650594940E+009                  7.8068407420835762E-008                  0.0000000000000000E+000                 -3.5537623400307194E+000                  2.9677912654924504E-001                  5.3533975390907618E-001                  6.8585475174106680E-001 
                                     201                  2.9990172170834013E+000                  7.4632456578070561E-001                  4.7444346905376280E+000                 -7.2870659424171329E+000                  5.6072545918062504E+000                  6.9999999999759532E-001                  2.8000000000240483E-001                  1.9999999999999796E-002                  0.0000000000000000E+000                  5.8416000391555512E+008                  3.4413179151450321E+006                  7.5744660888233199E-027                  0.0000000000000000E+000                  0.0000000000000000E+000                  1.4529818545981335E+001                  5.9132197577650299E+009                  8.2687486126860873E-008                  0.0000000000000000E+000                 -3.5412801056667336E+000                  2.9947716117760020E-001                  5.3803778853743134E-001                  6.8855278636942197E-001 
                                     202                  2.9990172139806273E+000                  7.4625380985592815E-001                  4.7477080884879257E+000                 -7.2767545679182151E+000                  5.6208918494711346E+000                  6.9999999999759532E-001                  2.8000000000240483E-001                  1.9999999999999796E-002                  0.0000000000000000E+000                  5.7879642505425525E+008                  3.4603480682804775E+006                  7.7564977163862697E-027                  0.0000000000000000E+000                  0.0000000000000000E+000                  1.4393668766090169E+001                  5.9421552295557079E+009                  8.5471636448244226E-008                  0.0000000000000000E+000                 -3.5340889904584856E+000                  3.0118628887088134E-001                  5.3974691623071236E-001                  6.9026191406270310E-001 
                                     203                  2.9990172078027082E+000                  7.4611613449582337E-001                  4.7518499180881246E+000                 -7.2634377666696084E+000                  5.6383925324853941E+000                  6.9999999999759532E-001                  2.8000000000240483E-001                  1.9999999999999796E-002                  0.0000000000000000E+000                  5.7245448768403554E+008                  3.4840081418233034E+006                  7.9980744122457781E-027                  0.0000000000000000E+000                  0.0000000000000000E+000                  1.4228059374918683E+001                  5.9978506513308668E+009                  9.0412155506233181E-008                  0.0000000000000000E+000                 -3.5218865883331567E+000                  3.0440217164458810E-001                  5.4296279900441913E-001                  6.9347779683640975E-001 
                                     204                  2.9990172016513341E+000                  7.4598306595411257E-001                  4.7548102881337142E+000                 -7.2537466501701342E+000                  5.6510586367137625E+000                  6.9999999999759532E-001                  2.8000000000240483E-001                  1.9999999999999796E-002                  0.0000000000000000E+000                  5.6820197398197341E+008                  3.5006465035373974E+006                  8.1785958364609355E-027                  0.0000000000000000E+000                  0.0000000000000000E+000                  1.4114031428453181E+001                  6.0503445955795918E+009                  9.4613119207565195E-008                  0.0000000000000000E+000                 -3.5120243197250280E+000                  3.0738971381810837E-001                  5.4595034117793950E-001                  6.9646533900993013E-001 
                                     205                  2.9990171985756477E+000                  7.4591795537386973E-001                  4.7576896681896210E+000                 -7.2443584826502727E+000                  5.6633392297015135E+000                  6.9999999999759532E-001                  2.8000000000240483E-001                  1.9999999999999796E-002                  0.0000000000000000E+000                  5.6432537015837955E+008                  3.5166701894266838E+006                  8.3573590287294894E-027                  0.0000000000000000E+000                  0.0000000000000000E+000                  1.4001358166325922E+001                  6.0758573501455736E+009                  9.6489861474415144E-008                  0.0000000000000000E+000                 -3.5077591585458903E+000                  3.0880741146230173E-001                  5.4736803882213281E-001                  6.9788303665412355E-001 
                                     206                  2.9990171924499833E+000                  7.4579096738129735E-001                  4.7618204956434367E+000                 -7.2307016528410948E+000                  5.6811285984306190E+000                  6.9999999999759532E-001                  2.8000000000240477E-001                  1.9999999999999907E-002                  0.0000000000000000E+000                  5.5909888767681003E+008                  3.5393137623722581E+006                  8.6244031874323763E-027                  0.0000000000000000E+000                  0.0000000000000000E+000                  1.3844996914687004E+001                  6.1254324703781729E+009                  9.9851680892857460E-008                  0.0000000000000000E+000                 -3.5003223099317005E+000                  3.1149486341187532E-001                  5.5005549077170646E-001                  7.0057048860369708E-001 
                                     207                  2.9990171847929021E+000                  7.4563699696919283E-001                  4.7653066551849506E+000                 -7.2189518397143093E+000                  5.6963478289833702E+000                  6.9999999999759532E-001                  2.8000000000240483E-001                  1.9999999999999796E-002                  0.0000000000000000E+000                  5.5495003017193854E+008                  3.5581059636295964E+006                  8.8609773175170854E-027                  0.0000000000000000E+000                  0.0000000000000000E+000                  1.3719776173435193E+001                  6.1842186507966747E+009                  1.0339855705833503E-007                  0.0000000000000000E+000                 -3.4927427609207253E+000                  3.1463643672098873E-001                  5.5319706408081970E-001                  7.0371206191281033E-001 
                                     208                  2.9990171802193708E+000                  7.4554741075505804E-001                  4.7682473791432454E+000                 -7.2090431848245426E+000                  5.7091802968346617E+000                  6.9999999999759532E-001                  2.8000000000240483E-001                  1.9999999999999796E-002                  0.0000000000000000E+000                  5.5167390226791203E+008                  3.5737887585333358E+006                  9.0655182512425857E-027                  0.0000000000000000E+000                  0.0000000000000000E+000                  1.3614294643050005E+001                  6.2180360134684238E+009                  1.0522350630735721E-007                  0.0000000000000000E+000                 -3.4889436152659816E+000                  3.1640646228753277E-001                  5.5496708964736385E-001                  7.0548208747935448E-001 
                                     209                  2.9990171741508163E+000                  7.4543113879900591E-001                  4.7714783887828203E+000                 -7.1980441554351646E+000                  5.7233820877851471E+000                  6.9999999999759532E-001                  2.8000000000240483E-001                  1.9999999999999796E-002                  0.0000000000000000E+000                  5.4825720083724737E+008                  3.5908201163715278E+006                  9.2981021639320925E-027                  0.0000000000000000E+000                  0.0000000000000000E+000                  1.3502295802381553E+001                  6.2617220337335129E+009                  1.0736557338742365E-007                  0.0000000000000000E+000                 -3.4845674760997518E+000                  3.1864447834654630E-001                  5.5720510570637738E-001                  7.0772010353836812E-001 
                                     210                  2.9990171680822608E+000                  7.4531768460912251E-001                  4.7745864866284968E+000                 -7.1873865240437089E+000                  5.7371134038733116E+000                  6.9999999999759532E-001                  2.8000000000240483E-001                  1.9999999999999796E-002                  0.0000000000000000E+000                  5.4514783765198529E+008                  3.6070256194521766E+006                  9.5291583255453719E-027                  0.0000000000000000E+000                  0.0000000000000000E+000                  1.3397626761091896E+001                  6.3038723714824257E+009                  1.0921532090986830E-007                  0.0000000000000000E+000                 -3.4808582168967326E+000                  3.2077050413434133E-001                  5.5933113149417246E-001                  7.0984612932616298E-001 
                                     211                  2.9990171620449511E+000                  7.4520746558117323E-001                  4.7779539206295425E+000                 -7.1757880873816440E+000                  5.7520362897648250E+000                  6.9999999999759532E-001                  2.8000000000240483E-001                  1.9999999999999796E-002                  0.0000000000000000E+000                  5.4197008488278759E+008                  3.6244055468735085E+006                  9.7871409445778674E-027                  0.0000000000000000E+000                  0.0000000000000000E+000                  1.3286875135335826E+001                  6.3445513093545637E+009                  1.1080878837207282E-007                  0.0000000000000000E+000                 -3.4777128969241144E+000                  3.2278393073181494E-001                  5.6134455809164607E-001                  7.1185955592363670E-001 
                                     212                  2.9990171544983144E+000                  7.4507320922345366E-001                  4.7808237976826096E+000                 -7.1657733904918359E+000                  5.7648745723791155E+000                  6.9999999999759532E-001                  2.8000000000240483E-001                  1.9999999999999796E-002                  0.0000000000000000E+000                  5.3937499825938106E+008                  3.6390585440995190E+006                  1.0015509393303422E-026                  0.0000000000000000E+000                  0.0000000000000000E+000                  1.3197216703985669E+001                  6.3935161132412739E+009                  1.1249619191461271E-007                  0.0000000000000000E+000                 -3.4744310892583612E+000                  3.2517484951545850E-001                  5.6373547687528958E-001                  7.1425047470728020E-001 
                                     213                  2.9990171499940903E+000                  7.4499484719884412E-001                  4.7832648091966377E+000                 -7.1572721050967356E+000                  5.7757772460880519E+000                  6.9999999999759532E-001                  2.8000000000240483E-001                  1.9999999999999796E-002                  0.0000000000000000E+000                  5.3728010185543001E+008                  3.6514387806008151E+006                  1.0213544265761286E-026                  0.0000000000000000E+000                  0.0000000000000000E+000                  1.3121147838059070E+001                  6.4218979676468019E+009                  1.1336460108610519E-007                  0.0000000000000000E+000                 -3.4727612679286612E+000                  3.2654006969781890E-001                  5.6510069705765009E-001                  7.1561569488964072E-001 
                                     214                  2.9990171439884579E+000                  7.4489232582420639E-001                  4.7859635526194673E+000                 -7.1478098688602554E+000                  5.7878894204845599E+000                  6.9999999999759532E-001                  2.8000000000240483E-001                  1.9999999999999796E-002                  0.0000000000000000E+000                  5.3505029037689650E+008                  3.6650233543405700E+006                  1.0438572855159768E-026                  0.0000000000000000E+000                  0.0000000000000000E+000                  1.3039572480978537E+001                  6.4589588870107584E+009                  1.1439079275962134E-007                  0.0000000000000000E+000                 -3.4708044651080803E+000                  3.2829417036485464E-001                  5.6685479772468572E-001                  7.1736979555667635E-001 
                                     215                  2.9990171380160464E+000                  7.4479249912909240E-001                  4.7899620067951441E+000                 -7.1338344127211295E+000                  5.8057913506429157E+000                  6.9999999999759532E-001                  2.8000000000240483E-001                  1.9999999999999796E-002                  0.0000000000000000E+000                  5.3195953732482010E+008                  3.6850009530664571E+006                  1.0780035670800501E-026                  0.0000000000000000E+000                  0.0000000000000000E+000                  1.2918851131191850E+001                  6.4950175835095606E+009                  1.1528014628881064E-007                  0.0000000000000000E+000                 -3.4691227405402025E+000                  3.2996885702778816E-001                  5.6852948438761930E-001                  7.1904448221960993E-001 
                                     216                  2.9990171256784701E+000                  7.4459260459227194E-001                  4.7938193705868262E+000                 -7.1200502621141561E+000                  5.8233435059448260E+000                  6.9999999999759532E-001                  2.8000000000240483E-001                  1.9999999999999796E-002                  0.0000000000000000E+000                  5.2907813356975931E+008                  3.7040437993616001E+006                  1.1127765661611710E-026                  0.0000000000000000E+000                  0.0000000000000000E+000                  1.2812333675857467E+001                  6.5662170370344734E+009                  1.1674396099899574E-007                  0.0000000000000000E+000                 -3.4663827878119555E+000                  3.3323901617657181E-001                  5.7179964353640289E-001                  7.2231464136839363E-001 
                                     217                  2.9990171193503188E+000                  7.4449317565623341E-001                  4.7963506699679614E+000                 -7.1110365561637314E+000                  5.8348306928051796E+000                  6.9999999999759532E-001                  2.8000000000240483E-001                  1.9999999999999796E-002                  0.0000000000000000E+000                  5.2730056860145611E+008                  3.7164679316748674E+006                  1.1361196659202059E-026                  0.0000000000000000E+000                  0.0000000000000000E+000                  1.2742312324339172E+001                  6.6011334002970133E+009                  1.1732186105066380E-007                  0.0000000000000000E+000                 -3.4653105282598946E+000                  3.3482594635928081E-001                  5.7338657371911184E-001                  7.2390157155110257E-001 
                                     218                  2.9990171130592294E+000                  7.4439629378175820E-001                  4.7994179904442609E+000                 -7.1001165934153851E+000                  5.8487470683701952E+000                  6.9999999999759532E-001                  2.8000000000240483E-001                  1.9999999999999796E-002                  0.0000000000000000E+000                  5.2524752041245663E+008                  3.7314466198544214E+006                  1.1650564842608101E-026                  0.0000000000000000E+000                  0.0000000000000000E+000                  1.2658221816827936E+001                  6.6353287783405771E+009                  1.1782217516128130E-007                  0.0000000000000000E+000                 -3.4643864819228192E+000                  3.3634680284594004E-001                  5.7490743020577106E-001                  7.2542242803776180E-001 
                                     219                  2.9990171036225961E+000                  7.4425446254508432E-001                  4.8029474416912254E+000                 -7.0874541313170152E+000                  5.8648506132743963E+000                  6.9999999999759532E-001                  2.8000000000240483E-001                  1.9999999999999796E-002                  0.0000000000000000E+000                  5.2297523722927260E+008                  3.7485681743931873E+006                  1.1995349337321835E-026                  0.0000000000000000E+000                  0.0000000000000000E+000                  1.2565256521795220E+001                  6.6851375113543434E+009                  1.1843129084739352E-007                  0.0000000000000000E+000                 -3.4632667685406751E+000                  3.3853418971133586E-001                  5.7709481707116694E-001                  7.2760981490315768E-001 
                                     220                  2.9990170942439733E+000                  7.4411742180864149E-001                  4.8057730390308553E+000                 -7.0772496545466490E+000                  5.8778053017905867E+000                  6.9999999999759532E-001                  2.8000000000240483E-001                  1.9999999999999796E-002                  0.0000000000000000E+000                  5.2122195471714979E+008                  3.7621964652940375E+006                  1.2280617356734302E-026                  0.0000000000000000E+000                  0.0000000000000000E+000                  1.2493666348093241E+001                  6.7327221675033178E+009                  1.1887868596209538E-007                  0.0000000000000000E+000                 -3.4624480020380695E+000                  3.4060743858685899E-001                  5.7916806594669001E-001                  7.2968306377868064E-001 
                                     221                  2.9990170879915587E+000                  7.4402811316752127E-001                  4.8079708732174309E+000                 -7.0693202401383459E+000                  5.8878739341441131E+000                  6.9999999999759532E-001                  2.8000000000240483E-001                  1.9999999999999796E-002                  0.0000000000000000E+000                  5.1991336558929312E+008                  3.7727616444646441E+006                  1.2506961999586044E-026                  0.0000000000000000E+000                  0.0000000000000000E+000                  1.2438511063351838E+001                  6.7636129996819992E+009                  1.1910632187666626E-007                  0.0000000000000000E+000                 -3.4620325933002301E+000                  3.4193782346986029E-001                  5.8049845082969143E-001                  7.3101344866168205E-001 
                                     222                  2.9990170817793449E+000                  7.4394093104623749E-001                  4.8111766981779889E+000                 -7.0577991327359024E+000                  5.9025172922802103E+000                  6.9999999999759532E-001                  2.8000000000240483E-001                  1.9999999999999796E-002                  0.0000000000000000E+000                  5.1809828369652677E+008                  3.7881280116278683E+006                  1.2843287187493270E-026                  0.0000000000000000E+000                  0.0000000000000000E+000                  1.2358223834049969E+001                  6.7939323831243687E+009                  1.1929277859687521E-007                  0.0000000000000000E+000                 -3.4616929228020976E+000                  3.4322078703823861E-001                  5.8178141439806963E-001                  7.3229641223006026E-001 
                                     223                  2.9990170693549163E+000                  7.4377098072083314E-001                  4.8147484208956470E+000                 -7.0448046927703123E+000                  5.9189805969932339E+000                  6.9999999999759532E-001                  2.8000000000240483E-001                  1.9999999999999796E-002                  0.0000000000000000E+000                  5.1611964247621399E+008                  3.8051546493757456E+006                  1.3233488928538341E-026                  0.0000000000000000E+000                  0.0000000000000000E+000                  1.2275105671856052E+001                  6.8526441724055548E+009                  1.1952912907274925E-007                  0.0000000000000000E+000                 -3.4612631224459260E+000                  3.4568386963284459E-001                  5.8424449699267567E-001                  7.3475949482466629E-001 
                                     224                  2.9990170600961648E+000                  7.4364794164369707E-001                  4.8186798954332666E+000                 -7.0305907200883118E+000                  5.9370170962636397E+000                  6.9999999999759532E-001                  2.8000000000240483E-001                  1.9999999999999796E-002                  0.0000000000000000E+000                  5.1408594676823777E+008                  3.8238464001426511E+006                  1.3673902193117337E-026                  0.0000000000000000E+000                  0.0000000000000000E+000                  1.2184271404884001E+001                  6.8949555261068230E+009                  1.1960107057956546E-007                  0.0000000000000000E+000                 -3.4611324664249876E+000                  3.4743676663944101E-001                  5.8599739399927209E-001                  7.3651239183126271E-001 
                                     225                  2.9990170446649129E+000                  7.4344925878329537E-001                  4.8228773342184423E+000                 -7.0152488918830231E+000                  5.9564300441716131E+000                  6.9999999999759532E-001                  2.8000000000240483E-001                  1.9999999999999796E-002                  0.0000000000000000E+000                  5.1197018619636446E+008                  3.8437145244504367E+006                  1.4165726093429004E-026                  0.0000000000000000E+000                  0.0000000000000000E+000                  1.2095525001422178E+001                  6.9630299387351227E+009                  1.1956557574900341E-007                  0.0000000000000000E+000                 -3.4611969202666879E+000                  3.5021981179563200E-001                  5.8878043915546308E-001                  7.3929543698745370E-001 
                                     226                  2.9990170324015502E+000                  7.4329665899849595E-001                  4.8260573753296052E+000                 -7.0036154211699024E+000                  5.9711469394404242E+000                  6.9999999999759532E-001                  2.8000000000240483E-001                  1.9999999999999796E-002                  0.0000000000000000E+000                  5.1043626161815679E+008                  3.8587330110791419E+006                  1.4550429368743210E-026                  0.0000000000000000E+000                  0.0000000000000000E+000                  1.2031530578754277E+001                  7.0147597930108728E+009                  1.1940108472706519E-007                  0.0000000000000000E+000                 -3.4614958638694935E+000                  3.5232089942503597E-001                  5.9088152678486705E-001                  7.4139652461685779E-001 
                                     227                  2.9990170228597570E+000                  7.4318095634558434E-001                  4.8287516573637346E+000                 -6.9937726326680343E+000                  5.9836027095496460E+000                  6.9999999999759532E-001                  2.8000000000240483E-001                  1.9999999999999796E-002                  0.0000000000000000E+000                  5.0918743567208934E+008                  3.8714418633000301E+006                  1.4884066238170618E-026                  0.0000000000000000E+000                  0.0000000000000000E+000                  1.1979076865331177E+001                  7.0539970748862314E+009                  1.1921468188971524E-007                  0.0000000000000000E+000                 -3.4618351278724018E+000                  3.5389384572564586E-001                  5.9245447308547694E-001                  7.4296947091746757E-001 
                                     228                  2.9990170133806435E+000                  7.4306850089657550E-001                  4.8320145232468823E+000                 -6.9818887923345061E+000                  5.9986527333067876E+000                  6.9999999999759532E-001                  2.8000000000240483E-001                  1.9999999999999796E-002                  0.0000000000000000E+000                  5.0774066393430698E+008                  3.8868213377603898E+006                  1.5297099711538649E-026                  0.0000000000000000E+000                  0.0000000000000000E+000                  1.1917182985391145E+001                  7.0922802935840578E+009                  1.1899159533207957E-007                  0.0000000000000000E+000                 -3.4622418564037547E+000                  3.5540692107382682E-001                  5.9396754843365795E-001                  7.4448254626564847E-001 
                                     229                  2.9990169991619733E+000                  7.4290421396289230E-001                  4.8360775563415395E+000                 -6.9670521073310976E+000                  6.0174296849203914E+000                  6.9999999999759532E-001                  2.8000000000240483E-001                  1.9999999999999796E-002                  0.0000000000000000E+000                  5.0599912763081354E+008                  3.9059487236557617E+006                  1.5828888740384803E-026                  0.0000000000000000E+000                  0.0000000000000000E+000                  1.1844852570400269E+001                  7.1481984544585466E+009                  1.1859249402491239E-007                  0.0000000000000000E+000                 -3.4629713987688446E+000                  3.5759237525626159E-001                  5.9615300261609261E-001                  7.4666800044808324E-001 
                                     230                  2.9990169826858959E+000                  7.4272001638837382E-001                  4.8402397980423641E+000                 -6.9518250460550588E+000                  6.0366915191853749E+000                  6.9999999999759532E-001                  2.8000000000240483E-001                  1.9999999999999796E-002                  0.0000000000000000E+000                  5.0428089964646751E+008                  3.9255313363749725E+006                  1.6393902077462958E-026                  0.0000000000000000E+000                  0.0000000000000000E+000                  1.1775645449183411E+001                  7.2105684655539227E+009                  1.1804298921820350E-007                  0.0000000000000000E+000                 -3.4639799006681566E+000                  3.6001062450825932E-001                  5.9857125186809046E-001                  7.4908624970008109E-001 
                                     231                  2.9990169663206241E+000                  7.4254314081427109E-001                  4.8433701489921761E+000                 -6.9403250637034049E+000                  6.0512233562915743E+000                  6.9999999999759532E-001                  2.8000000000240483E-001                  1.9999999999999796E-002                  0.0000000000000000E+000                  5.0301648460450447E+008                  3.9402548816263680E+006                  1.6833950179860027E-026                  0.0000000000000000E+000                  0.0000000000000000E+000                  1.1727486463882153E+001                  7.2700365421837578E+009                  1.1742348289518295E-007                  0.0000000000000000E+000                 -3.4651225210844143E+000                  3.6230378063708896E-001                  6.0086440799692009E-001                  7.5137940582891072E-001 
                                     232                  2.9990169569690401E+000                  7.4244461660687178E-001                  4.8466853433007575E+000                 -6.9282817257401774E+000                  6.0664848846798369E+000                  6.9999999999759532E-001                  2.8000000000240483E-001                  1.9999999999999796E-002                  0.0000000000000000E+000                  5.0176538837807554E+008                  3.9558738658707952E+006                  1.7307459443199467E-026                  0.0000000000000000E+000                  0.0000000000000000E+000                  1.1675652058603575E+001                  7.3033387881901217E+009                  1.1705531571489580E-007                  0.0000000000000000E+000                 -3.4658044296713029E+000                  3.6356894111230126E-001                  6.0212956847213228E-001                  7.5264456630412291E-001 
                                     233                  2.9990169383951821E+000                  7.4225409242723450E-001                  4.8503865930267418E+000                 -6.9147255478290015E+000                  6.0836280897072736E+000                  6.9999999999759532E-001                  2.8000000000240477E-001                  1.9999999999999907E-002                  0.0000000000000000E+000                  5.0037461471994603E+008                  3.9733057561004264E+006                  1.7856404238074999E-026                  0.0000000000000000E+000                  0.0000000000000000E+000                  1.1623465233996754E+001                  7.3678188771479053E+009                  1.1629797032351076E-007                  0.0000000000000000E+000                 -3.4672139323390914E+000                  3.6599366904183839E-001                  6.0455429640166947E-001                  7.5506929423366009E-001 
                                     234                  2.9990169244647884E+000                  7.4211543313606776E-001                  4.8529421995388820E+000                 -6.9053759958870664E+000                  6.0954549859686171E+000                  6.9999999999759532E-001                  2.8000000000240488E-001                  1.9999999999999796E-002                  0.0000000000000000E+000                  4.9944447122613752E+008                  3.9853520257045715E+006                  1.8245119471065680E-026                  0.0000000000000000E+000                  0.0000000000000000E+000                  1.1588988711594832E+001                  7.4143457934081936E+009                  1.1569309085502610E-007                  0.0000000000000000E+000                 -3.4683462880830378E+000                  3.6774111927979936E-001                  6.0630174663963043E-001                  7.5681674447162117E-001 
                                     235                  2.9990169152407260E+000                  7.4202550384754429E-001                  4.8554338971016193E+000                 -6.8963180532846344E+000                  6.1069314281854439E+000                  6.9999999999759532E-001                  2.8000000000240483E-001                  1.9999999999999796E-002                  0.0000000000000000E+000                  4.9857749147103631E+008                  3.9971135926588173E+006                  1.8629780532484251E-026                  0.0000000000000000E+000                  0.0000000000000000E+000                  1.1555385429617406E+001                  7.4446896304459276E+009                  1.1529122525440538E-007                  0.0000000000000000E+000                 -3.4691018726692500E+000                  3.6886668429315012E-001                  6.0742731165298114E-001                  7.5794230948497177E-001 
                                     236                  2.9990169014046328E+000                  7.4189329282129779E-001                  4.8588215891191595E+000                 -6.8840142678592606E+000                  6.1225240424133673E+000                  6.9999999999759532E-001                  2.8000000000240483E-001                  1.9999999999999796E-002                  0.0000000000000000E+000                  4.9743125444938552E+008                  4.0131222426797291E+006                  1.9165306351428584E-026                  0.0000000000000000E+000                  0.0000000000000000E+000                  1.1511604738384118E+001                  7.4895365678968706E+009                  1.1468974763366455E-007                  0.0000000000000000E+000                 -3.4702377014466257E+000                  3.7051113001335306E-001                  6.0907175737318409E-001                  7.5958675520517482E-001 
                                     237                  2.9990168829565080E+000                  7.4172175565184384E-001                  4.8625484659598373E+000                 -6.8704632207863146E+000                  6.1396925108886977E+000                  6.9999999999759532E-001                  2.8000000000240483E-001                  1.9999999999999796E-002                  0.0000000000000000E+000                  4.9619947703801066E+008                  4.0307579441780252E+006                  1.9772953907800445E-026                  0.0000000000000000E+000                  0.0000000000000000E+000                  1.1466615035240117E+001                  7.5475842668405781E+009                  1.1387464353806177E-007                  0.0000000000000000E+000                 -3.4717864847446869E+000                  3.7262802088247465E-001                  6.1118864824230568E-001                  7.6170364607429641E-001 
                                     238                  2.9990168645491386E+000                  7.4155566195400624E-001                  4.8652449522292125E+000                 -6.8606287201034792E+000                  6.1521428360111932E+000                  6.9999999999759532E-001                  2.8000000000240483E-001                  1.9999999999999796E-002                  0.0000000000000000E+000                  4.9531926101638997E+008                  4.0435325026431964E+006                  2.0225978530655920E-026                  0.0000000000000000E+000                  0.0000000000000000E+000                  1.1436541674391277E+001                  7.6034246812524548E+009                  1.1304478558826969E-007                  0.0000000000000000E+000                 -3.4733747327693032E+000                  3.7466081227938886E-001                  6.1322143963922005E-001                  7.6373643747121067E-001 
                                     239                  2.9990168553454537E+000                  7.4147440515654495E-001                  4.8678786347684984E+000                 -6.8511258422890737E+000                  6.1642060541965877E+000                  6.9999999999759532E-001                  2.8000000000240483E-001                  1.9999999999999796E-002                  0.0000000000000000E+000                  4.9451256996604604E+008                  4.0560386651008413E+006                  2.0673586564347912E-026                  0.0000000000000000E+000                  0.0000000000000000E+000                  1.1406123372081371E+001                  7.6308867257802353E+009                  1.1263477217893408E-007                  0.0000000000000000E+000                 -3.4741637575213020E+000                  3.7564901289236718E-001                  6.1420964025219826E-001                  7.6472463808418900E-001 
                                     240                  2.9990168370514412E+000                  7.4131625736370521E-001                  4.8712703126085914E+000                 -6.8388503873389448E+000                  6.1797768954780015E+000                  6.9999999999759532E-001                  2.8000000000240483E-001                  1.9999999999999796E-002                  0.0000000000000000E+000                  4.9348481565706062E+008                  4.0721618820814695E+006                  2.1266486186232304E-026                  0.0000000000000000E+000                  0.0000000000000000E+000                  1.1369779156074202E+001                  7.6846125966441965E+009                  1.1183373104829872E-007                  0.0000000000000000E+000                 -3.4757135928639231E+000                  3.7756128351314749E-001                  6.1612191087297852E-001                  7.6663690870496926E-001 
                                     241                  2.9990168187574295E+000                  7.4116235128890184E-001                  4.8753560713812245E+000                 -6.8241549870391722E+000                  6.1984470154430316E+000                  6.9999999999759532E-001                  2.8000000000240483E-001                  1.9999999999999796E-002                  0.0000000000000000E+000                  4.9231385063853705E+008                  4.0916316941707856E+006                  2.1998676673005525E-026                  0.0000000000000000E+000                  0.0000000000000000E+000                  1.1326588841804833E+001                  7.7369160452089863E+009                  1.1103903533790058E-007                  0.0000000000000000E+000                 -3.4772621599235656E+000                  3.7940857810140627E-001                  6.1796920546123724E-001                  7.6848420329322797E-001 
                                     242                  2.9990167914803925E+000                  7.4094021851910707E-001                  4.8796428159438978E+000                 -6.8086787302303788E+000                  6.2180907798441103E+000                  6.9999999999759532E-001                  2.8000000000240483E-001                  1.9999999999999796E-002                  0.0000000000000000E+000                  4.9110440745286578E+008                  4.1120950735874260E+006                  2.2797048274358312E-026                  0.0000000000000000E+000                  0.0000000000000000E+000                  1.1285821514719418E+001                  7.8123338171705551E+009                  1.0986940421048166E-007                  0.0000000000000000E+000                 -3.4795616152646409E+000                  3.8205257036336759E-001                  6.2061319772319867E-001                  7.7112819555518930E-001 
                                     243                  2.9990167687495277E+000                  7.4076134063050869E-001                  4.8826430906906761E+000                 -6.7978539882650191E+000                  6.2318328899981754E+000                  6.9999999999759532E-001                  2.8000000000240483E-001                  1.9999999999999796E-002                  0.0000000000000000E+000                  4.9028302268646985E+008                  4.1264463343836768E+006                  2.3372624559663985E-026                  0.0000000000000000E+000                  0.0000000000000000E+000                  1.1259294884124401E+001                  7.8726707209373617E+009                  1.0889456095685011E-007                  0.0000000000000000E+000                 -3.4814969058770151E+000                  3.8416319193657883E-001                  6.2272381929640996E-001                  7.7323881712840048E-001 
                                     244                  2.9990167551871418E+000                  7.4065713847317904E-001                  4.8859289460537614E+000                 -6.7861362614487772E+000                  6.2467528429920183E+000                  6.9999999999759532E-001                  2.8000000000240483E-001                  1.9999999999999796E-002                  0.0000000000000000E+000                  4.8945104346626109E+008                  4.1422087917519608E+006                  2.4012077139340422E-026                  0.0000000000000000E+000                  0.0000000000000000E+000                  1.1229358191343854E+001                  7.9081331769663858E+009                  1.0832719618682972E-007                  0.0000000000000000E+000                 -3.4826312487366717E+000                  3.8538481897384236E-001                  6.2394544633367333E-001                  7.7446044416566406E-001 
                                     245                  2.9990167280623696E+000                  7.4045406655826251E-001                  4.8894334058469422E+000                 -6.7735528863742180E+000                  6.2627473047225752E+000                  6.9999999999759532E-001                  2.8000000000240483E-001                  1.9999999999999796E-002                  0.0000000000000000E+000                  4.8855668120680356E+008                  4.1590425909239911E+006                  2.4718267450305029E-026                  0.0000000000000000E+000                  0.0000000000000000E+000                  1.1202342931148010E+001                  7.9773466432615366E+009                  1.0720379165830957E-007                  0.0000000000000000E+000                 -3.4848949269710645E+000                  3.8775094072974020E-001                  6.2631156808957134E-001                  7.7682656592156196E-001 
                                     246                  2.9990167100735254E+000                  7.4032308662919066E-001                  4.8921541135133459E+000                 -6.7638433336396311E+000                  6.2751082404230143E+000                  6.9999999999759532E-001                  2.8000000000240483E-001                  1.9999999999999796E-002                  0.0000000000000000E+000                  4.8789819996019280E+008                  4.1721436790629346E+006                  2.5277343277083501E-026                  0.0000000000000000E+000                  0.0000000000000000E+000                  1.1182245145309105E+001                  8.0218101664272270E+009                  1.0645490318759666E-007                  0.0000000000000000E+000                 -3.4864171653360478E+000                  3.8926688842658524E-001                  6.2782751578641627E-001                  7.7834251361840701E-001 
                                     247                  2.9990166920846812E+000                  7.4019488782715614E-001                  4.8948002414814749E+000                 -6.7544203752401408E+000                  6.2871110543205875E+000                  6.9999999999759532E-001                  2.8000000000240488E-001                  1.9999999999999796E-002                  0.0000000000000000E+000                  4.8727722686286908E+008                  4.1849094550540745E+006                  2.5832007555103273E-026                  0.0000000000000000E+000                  0.0000000000000000E+000                  1.1164256520713602E+001                  8.0655491559577112E+009                  1.0571362685342161E-007                  0.0000000000000000E+000                 -3.4879345135090083E+000                  3.9074308851568151E-001                  6.2930371587551270E-001                  7.7981871370750322E-001 
                                     248                  2.9990166741868500E+000                  7.4006996614113407E-001                  4.8986581092804062E+000                 -6.7408075237505782E+000                  6.3044916370898187E+000                  6.9999999999759532E-001                  2.8000000000240483E-001                  1.9999999999999796E-002                  0.0000000000000000E+000                  4.8643559508381730E+008                  4.2035748755790507E+006                  2.6654867950872895E-026                  0.0000000000000000E+000                  0.0000000000000000E+000                  1.1138998971404138E+001                  8.1085054441250315E+009                  1.0498449401001564E-007                  0.0000000000000000E+000                 -3.4894374202896654E+000                  3.9217442267586561E-001                  6.3073505003569674E-001                  7.8125004786768737E-001 
                                     249                  2.9990166383911876E+000                  7.3982752518507422E-001                  4.9035629051733149E+000                 -6.7234563133838190E+000                  6.3266311982230512E+000                  6.9999999999759532E-001                  2.8000000000240488E-001                  1.9999999999999796E-002                  0.0000000000000000E+000                  4.8538486509033102E+008                  4.2273695803722069E+006                  2.7741817713843542E-026                  0.0000000000000000E+000                  0.0000000000000000E+000                  1.1114892251556100E+001                  8.1920379266253414E+009                  1.0353007018772586E-007                  0.0000000000000000E+000                 -3.4924667457804208E+000                  3.9493473166362519E-001                  6.3349535902345633E-001                  7.8401035685544695E-001 
                                     250                  2.9990166027644078E+000                  7.3959529806136559E-001                  4.9073810410991605E+000                 -6.7099555297439615E+000                  6.3438600896124502E+000                  6.9999999999759532E-001                  2.8000000000240488E-001                  1.9999999999999796E-002                  0.0000000000000000E+000                  4.8459225938638413E+008                  4.2459534845882645E+006                  2.8618138031084739E-026                  0.0000000000000000E+000                  0.0000000000000000E+000                  1.1101128594207699E+001                  8.2714476406088924E+009                  1.0207057683826668E-007                  0.0000000000000000E+000                 -3.4955497154323596E+000                  3.9755857566811409E-001                  6.3611920302794522E-001                  7.8663420085993585E-001 
                                     251                  2.9990165803602218E+000                  7.3945354718194978E-001                  4.9105345126411892E+000                 -6.6989104850005559E+000                  6.3579896622322414E+000                  6.9999999999759532E-001                  2.8000000000240488E-001                  1.9999999999999796E-002                  0.0000000000000000E+000                  4.8398571374396360E+008                  4.2613594535148283E+006                  2.9355611301025135E-026                  0.0000000000000000E+000                  0.0000000000000000E+000                  1.1090409898845314E+001                  8.3201440724733067E+009                  1.0116722606375434E-007                  0.0000000000000000E+000                 -3.4974800789504199E+000                  3.9915068218624017E-001                  6.3771130954607125E-001                  7.8822630737806187E-001 
                                     252                  2.9990165534885271E+000                  7.3928762360215283E-001                  4.9130395667436870E+000                 -6.6901173767160698E+000                  6.3692322320422283E+000                  6.9999999999759532E-001                  2.8000000000240488E-001                  1.9999999999999796E-002                  0.0000000000000000E+000                  4.8350430248967588E+008                  4.2736268528364012E+006                  2.9956290200252888E-026                  0.0000000000000000E+000                  0.0000000000000000E+000                  1.1084121141706198E+001                  8.3773060372489376E+009                  1.0010507260184972E-007                  0.0000000000000000E+000                 -3.4997719575281967E+000                  4.0100635724889333E-001                  6.3956698460872441E-001                  7.9008198244071504E-001 
                                     253                  2.9990165400526800E+000                  7.3920625516750937E-001                  4.9155028734367168E+000                 -6.6815637057335842E+000                  6.3801992076937184E+000                  6.9999999999759532E-001                  2.8000000000240488E-001                  1.9999999999999796E-002                  0.0000000000000000E+000                  4.8306690671633649E+008                  4.2857295467655584E+006                  3.0552406659577763E-026                  0.0000000000000000E+000                  0.0000000000000000E+000                  1.1077261364006354E+001                  8.4054730292985563E+009                  9.9585591930425168E-008                  0.0000000000000000E+000                 -3.5009017454354727E+000                  4.0191324372376186E-001                  6.4047387108359299E-001                  7.9098886891558362E-001 
                                     254                  2.9990165131809854E+000                  7.3904655923080931E-001                  4.9186893631566138E+000                 -6.6704897397320915E+000                  6.3943946718996161E+000                  6.9999999999759532E-001                  2.8000000000240488E-001                  1.9999999999999796E-002                  0.0000000000000000E+000                  4.8250402694697851E+008                  4.3014296140741371E+006                  3.1341824186566397E-026                  0.0000000000000000E+000                  0.0000000000000000E+000                  1.1070517686178665E+001                  8.4610901722901325E+009                  9.8575680884433051E-008                  0.0000000000000000E+000                 -3.5031151072372815E+000                  4.0368777816283435E-001                  6.4224840552266549E-001                  7.9276340335465623E-001 
                                     255                  2.9990164864237334E+000                  7.3889137818547412E-001                  4.9225506222920066E+000                 -6.6571736095293446E+000                  6.4114985335597252E+000                  6.9999999999759532E-001                  2.8000000000240488E-001                  1.9999999999999796E-002                  0.0000000000000000E+000                  4.8186292203684610E+008                  4.3205392022903627E+006                  3.2318139299367139E-026                  0.0000000000000000E+000                  0.0000000000000000E+000                  1.1062642151413968E+001                  8.5152562573926353E+009                  9.7600472033485163E-008                  0.0000000000000000E+000                 -3.5052740409563969E+000                  4.0540564475296892E-001                  6.4396627211280000E-001                  7.9448126994479062E-001 
                                     256                  2.9990164462878544E+000                  7.3866533802320844E-001                  4.9262594259886257E+000                 -6.6443465333582106E+000                  6.4279622005780928E+000                  6.9999999999759532E-001                  2.8000000000240488E-001                  1.9999999999999796E-002                  0.0000000000000000E+000                  4.8123917581108159E+008                  4.3389712509652423E+006                  3.3287351410461765E-026                  0.0000000000000000E+000                  0.0000000000000000E+000                  1.1058273706058582E+001                  8.5941131997655659E+009                  9.6192037626590909E-008                  0.0000000000000000E+000                 -3.5084304377750146E+000                  4.0789773908188603E-001                  6.4645836644171706E-001                  7.9697336427370780E-001 
                                     257                  2.9990164196368050E+000                  7.3851942366190149E-001                  4.9295001865587169E+000                 -6.6332421965211488E+000                  6.4422493830862155E+000                  6.9999999999759532E-001                  2.8000000000240488E-001                  1.9999999999999796E-002                  0.0000000000000000E+000                  4.8072925798029280E+008                  4.3551592475744365E+006                  3.4149840691422054E-026                  0.0000000000000000E+000                  0.0000000000000000E+000                  1.1054007869659600E+001                  8.6450739777685299E+009                  9.5293997659883805E-008                  0.0000000000000000E+000                 -3.5104672268334429E+000                  4.0950000407115639E-001                  6.4806063143098747E-001                  7.9857562926297809E-001 
                                     258                  2.9990163863229933E+000                  7.3834143613915959E-001                  4.9329912898828843E+000                 -6.6213053676849682E+000                  6.4576162709265317E+000                  6.9999999999759532E-001                  2.8000000000240488E-001                  1.9999999999999796E-002                  0.0000000000000000E+000                  4.8018638115723574E+008                  4.3726793682364272E+006                  3.5101936055175988E-026                  0.0000000000000000E+000                  0.0000000000000000E+000                  1.1051208062323731E+001                  8.7076299486801414E+009                  9.4219382879664006E-008                  0.0000000000000000E+000                 -3.5129298723203544E+000                  4.1144840154153761E-001                  6.5000902890136880E-001                  8.0052402673335943E-001 
                                     259                  2.9990163530091816E+000                  7.3816806381513833E-001                  4.9367078194868892E+000                 -6.6086701592274979E+000                  6.4739066307751090E+000                  6.9999999999759532E-001                  2.8000000000240488E-001                  1.9999999999999796E-002                  0.0000000000000000E+000                  4.7962687010375077E+008                  4.3914354886510568E+006                  3.6138676850244538E-026                  0.0000000000000000E+000                  0.0000000000000000E+000                  1.1049771176523400E+001                  8.7687249956757679E+009                  9.3180664075377599E-008                  0.0000000000000000E+000                 -3.5153370993840984E+000                  4.1334039740837314E-001                  6.5190102476820422E-001                  8.0241602260019484E-001 
                                     260                  2.9990163131860128E+000                  7.3796649727413166E-001                  4.9402937604120662E+000                 -6.5964947541479635E+000                  6.4896096183698235E+000                  6.9999999999759532E-001                  2.8000000000240488E-001                  1.9999999999999796E-002                  0.0000000000000000E+000                  4.7908380453516066E+008                  4.4096358234671373E+006                  3.7166655840411936E-026                  0.0000000000000000E+000                  0.0000000000000000E+000                  1.1051589571256388E+001                  8.8398620705549736E+009                  9.1975037112184329E-008                  0.0000000000000000E+000                 -3.5181650141288818E+000                  4.1553381155626795E-001                  6.5409443891609909E-001                  8.0460943674808960E-001 
                                     261                  2.9990162800000388E+000                  7.3780296274846657E-001                  4.9440860453459310E+000                 -6.5837334944300707E+000                  6.5061070250394675E+000                  6.9999999999759532E-001                  2.8000000000240488E-001                  1.9999999999999796E-002                  0.0000000000000000E+000                  4.7853513910918546E+008                  4.4290109889585329E+006                  3.8275506623953797E-026                  0.0000000000000000E+000                  0.0000000000000000E+000                  1.1055235463304138E+001                  8.8978384110603065E+009                  9.0997371316704269E-008                  0.0000000000000000E+000                 -3.5204855765819758E+000                  4.1730890811185051E-001                  6.5586953547168159E-001                  8.0638453330367232E-001 
                                     262                  2.9990162337057753E+000                  7.3758114370715766E-001                  4.9486476040487206E+000                 -6.5684420140207829E+000                  6.5258953873531764E+000                  6.9999999999759532E-001                  2.8000000000240488E-001                  1.9999999999999796E-002                  0.0000000000000000E+000                  4.7787820639203739E+008                  4.4524790664583556E+006                  3.9647880900050644E-026                  0.0000000000000000E+000                  0.0000000000000000E+000                  1.1064863620431931E+001                  8.9769779991754990E+009                  8.9668579272551196E-008                  0.0000000000000000E+000                 -3.5236798556189073E+000                  4.1971130976156540E-001                  6.5827193712139642E-001                  8.0878693495338716E-001 
                                     263                  2.9990161807980442E+000                  7.3733601187713282E-001                  4.9531392228569189E+000                 -6.5534458164080176E+000                  6.5453224269800785E+000                  6.9999999999759532E-001                  2.8000000000240488E-001                  1.9999999999999796E-002                  0.0000000000000000E+000                  4.7723425208890420E+008                  4.4757602394370772E+006                  4.1041546114409711E-026                  0.0000000000000000E+000                  0.0000000000000000E+000                  1.1080650582579757E+001                  9.0644777231389980E+009                  8.8173660638021417E-008                  0.0000000000000000E+000                 -3.5273305642818062E+000                  4.2235924821169318E-001                  6.6091987557152421E-001                  8.1143487340351483E-001 
                                     264                  2.9990161320474389E+000                  7.3711745728450173E-001                  4.9567366518059073E+000                 -6.5414872794761756E+000                  6.5608321677685826E+000                  6.9999999999759532E-001                  2.8000000000240488E-001                  1.9999999999999796E-002                  0.0000000000000000E+000                  4.7672299337763619E+008                  4.4945320815444998E+006                  4.2187943176534471E-026                  0.0000000000000000E+000                  0.0000000000000000E+000                  1.1097355791471950E+001                  9.1425481259984322E+009                  8.6818404508473137E-008                  0.0000000000000000E+000                 -3.5306940998011411E+000                  4.2471433903220107E-001                  6.6327496639203221E-001                  8.1378996422402283E-001 
                                     265                  2.9990160964797221E+000                  7.3696213341170125E-001                  4.9596905041158390E+000                 -6.5317414212655240E+000                  6.5734973486674662E+000                  6.9999999999759532E-001                  2.8000000000240488E-001                  1.9999999999999796E-002                  0.0000000000000000E+000                  4.7631799559969968E+008                  4.5100345736927539E+006                  4.3145871520209194E-026                  0.0000000000000000E+000                  0.0000000000000000E+000                  1.1112479975030132E+001                  9.1983117905894241E+009                  8.5853344592065242E-008                  0.0000000000000000E+000                 -3.5331213906732879E+000                  4.2638501812082669E-001                  6.6494564548065782E-001                  8.1546064331264845E-001 
                                     266                  2.9990160610263548E+000                  7.3681058403173005E-001                  4.9625695392287943E+000                 -6.5222851054029016E+000                  6.5858010059112368E+000                  6.9999999999759532E-001                  2.8000000000240483E-001                  1.9999999999999796E-002                  0.0000000000000000E+000                  4.7592908733417457E+008                  4.5252197787793092E+006                  4.4096132554604550E-026                  0.0000000000000000E+000                  0.0000000000000000E+000                  1.1128598631011855E+001                  9.2530523122874355E+009                  8.4919110920452515E-008                  0.0000000000000000E+000                 -3.5354972807125264E+000                  4.2801292936286861E-001                  6.6657355672269969E-001                  8.1708855455469032E-001 
                                     267                  2.9990160255729870E+000                  7.3666214509620176E-001                  4.9653820880366402E+000                 -6.5130877227953947E+000                  6.5977818244091191E+000                  6.9999999999759532E-001                  2.8000000000240488E-001                  1.9999999999999796E-002                  0.0000000000000000E+000                  4.7555562925182331E+008                  4.5401241485062903E+006                  4.5040451969109688E-026                  0.0000000000000000E+000                  0.0000000000000000E+000                  1.1145390333197001E+001                  9.3068489876973724E+009                  8.4012398293138449E-008                 -1.9425296547498660E-021                 -3.5378283086776263E+000                  4.2960527066444909E-001                  6.6816589802428017E-001                  8.1868089585627080E-001 
                                     268                  2.9990159901196205E+000                  7.3651666910603830E-001                  4.9684686739660915E+000                 -6.5030544369073136E+000                  6.6108724963753076E+000                  6.9999999999759532E-001                  2.8000000000240488E-001                  1.9999999999999796E-002                  0.0000000000000000E+000                  4.7515918347570056E+008                  4.5565584191713929E+006                  4.6093679905280454E-026                  0.0000000000000000E+000                  0.0000000000000000E+000                  1.1164379430340260E+001                  9.3598243697966633E+009                  8.3137074431839792E-008                 -7.7288393997144089E-021                 -3.5401026311252903E+000                  4.3116347255374715E-001                  6.6972409991357829E-001                  8.2023909774556891E-001 
                                     269                  2.9990159459351511E+000                  7.3633930961576166E-001                  4.9721336289592042E+000                 -6.4912010522645494E+000                  6.6263588495936361E+000                  6.9999999999759521E-001                  2.8000000000240494E-001                  1.9999999999999796E-002                  0.0000000000000000E+000                  4.7470197816994148E+008                  4.5761702521901373E+006                  4.7369758784686808E-026                  0.0000000000000000E+000                  0.0000000000000000E+000                  1.1187725487216913E+001                  9.4247293054213848E+009                  8.2091807133314297E-008                 -1.1518713509495220E-020                 -3.5428500919295542E+000                  4.3305958464184763E-001                  6.7162021200167876E-001                  8.2213520983366928E-001 
                                     270                  2.9990158929137873E+000                  7.3613193318887626E-001                  4.9750506308280169E+000                 -6.4817610155478924E+000                  6.6386900549667756E+000                  6.9999999999759521E-001                  2.8000000000240494E-001                  1.9999999999999796E-002                  0.0000000000000000E+000                  4.7433384847016025E+008                  4.5918457719159462E+006                  4.8411258751194043E-026                  0.0000000000000000E+000                  0.0000000000000000E+000                  1.1207747690490658E+001                  9.5004732046935863E+009                  8.0890807802706053E-008                 -7.6216572062209977E-021                 -3.5460504137759354E+000                  4.3527110384745121E-001                  6.7383173120728235E-001                  8.2434672903927297E-001 
                                     271                  2.9990158661688313E+000                  7.3602946828227422E-001                  4.9779356888582553E+000                 -6.4725410672515906E+000                  6.6507748608504480E+000                  6.9999999999759521E-001                  2.8000000000240494E-001                  1.9999999999999796E-002                  0.0000000000000000E+000                  4.7400579183385521E+008                  4.6074182539464533E+006                  4.9450583667381449E-026                  0.0000000000000000E+000                  0.0000000000000000E+000                  1.1225801071261587E+001                  9.5381283509783649E+009                  8.0314802777081470E-008                 -1.8984073016302071E-021                 -3.5476022013835364E+000                  4.3636106836441874E-001                  6.7492169572424987E-001                  8.2543669355624050E-001 
                                     272                  2.9990158125886874E+000                  7.3582829393119309E-001                  4.9816715180014031E+000                 -6.4606065791765053E+000                  6.6664190477568663E+000                  6.9999999999759521E-001                  2.8000000000240494E-001                  1.9999999999999796E-002                  0.0000000000000000E+000                  4.7358331062208122E+008                  4.6276598580453331E+006                  5.0829119920976527E-026                  0.0000000000000000E+000                  0.0000000000000000E+000                  1.1250255229306953E+001                  9.6125900745552750E+009                  7.9222315049049995E-008                  1.5177620919959164E-021                 -3.5505762353565631E+000                  4.3849540965557227E-001                  6.7705603701540340E-001                  8.2757103484739403E-001 
                                     273                  2.9990157590085440E+000                  7.3563230395086598E-001                  4.9858926036837508E+000                 -6.4472284670723274E+000                  6.6839934430908787E+000                  6.9999999999759521E-001                  2.8000000000240494E-001                  1.9999999999999796E-002                  0.0000000000000000E+000                  4.7314343363080454E+008                  4.6506409067480825E+006                  5.2420154862382551E-026                  0.0000000000000000E+000                  0.0000000000000000E+000                  1.1276956383607830E+001                  9.6852630676057396E+009                  7.8190179781046647E-008                  2.1732229874397392E-021                 -3.5534238941523788E+000                  4.4056682570223743E-001                  6.7912745306206856E-001                  8.2964245089405919E-001 
                                     274                  2.9990156877374776E+000                  7.3537911842121917E-001                  4.9905280789831741E+000                 -6.4325816135254748E+000                  6.7032503175210518E+000                  6.9999999999759532E-001                  2.8000000000240494E-001                  1.9999999999999796E-002                  0.0000000000000000E+000                  4.7268293449868506E+008                  4.6759950199951679E+006                  5.4219262423097152E-026                  0.0000000000000000E+000                  0.0000000000000000E+000                  1.1306900848076161E+001                  9.7794872290473881E+009                  7.6906945889140795E-008                 -6.3233107012637347E-021                 -3.5570172174523367E+000                  4.4323022256616723E-001                  6.8179084992599825E-001                  8.3230584775798888E-001 
                                     275                  2.9990156166095208E+000                  7.3513440039294509E-001                  4.9941574647595361E+000                 -6.4211323526022843E+000                  6.7183096958086193E+000                  6.9999999999759521E-001                  2.8000000000240494E-001                  1.9999999999999796E-002                  0.0000000000000000E+000                  4.7233731773486960E+008                  4.6959239582787342E+006                  5.5668506806612114E-026                  0.0000000000000000E+000                  0.0000000000000000E+000                  1.1330984612224364E+001                  9.8703366866956139E+009                  7.5702706993166518E-008                 -1.6810599200800623E-020                 -3.5604442953148561E+000                  4.4579032006304004E-001                  6.8435094742287117E-001                  8.3486594525486191E-001 
                                     276                  2.9990155721545477E+000                  7.3498522829799817E-001                  4.9968824235752169E+000                 -6.4126007605375870E+000                  6.7295546589936048E+000                  6.9999999999759521E-001                  2.8000000000240494E-001                  1.9999999999999796E-002                  0.0000000000000000E+000                  4.7210477450473893E+008                  4.7109343868172280E+006                  5.6773571950003362E-026                  0.0000000000000000E+000                  0.0000000000000000E+000                  1.1348141153301739E+001                  9.9258888258955154E+009                  7.4992286490354896E-008                 -1.3605485035752632E-020                 -3.5624917023504952E+000                  4.4734308067582662E-001                  6.8590370803565770E-001                  8.3641870586764833E-001 
                                     277                  2.9990155277732011E+000                  7.3483905126481475E-001                  4.9992789304951888E+000                 -6.4051109923358558E+000                  6.7394312860121834E+000                  6.9999999999759521E-001                  2.8000000000240494E-001                  1.9999999999999796E-002                  0.0000000000000000E+000                  4.7191014551494974E+008                  4.7241635127252219E+006                  5.7761766338802080E-026                  0.0000000000000000E+000                  0.0000000000000000E+000                  1.1363264862578674E+001                  9.9805796779907837E+009                  7.4316518315933749E-008                 -3.7509344862056836E-021                 -3.5644573224861973E+000                  4.4885854663001051E-001                  6.8741917398984165E-001                  8.3793417182183216E-001 
                                     278                  2.9990154923156576E+000                  7.3472415943026648E-001                  5.0024125641072761E+000                 -6.3954030250767024E+000                  6.7522641165590667E+000                  6.9999999999759521E-001                  2.8000000000240494E-001                  1.9999999999999796E-002                  0.0000000000000000E+000                  4.7169147606155115E+008                  4.7415062556208931E+006                  5.9068275846298025E-026                  0.0000000000000000E+000                  0.0000000000000000E+000                  1.1381517739441129E+001                  1.0023836539937454E+010                  7.3801314125994153E-008                  0.0000000000000000E+000                 -3.5659679524720387E+000                  4.5004500484899312E-001                  6.8860563220882420E-001                  8.3912063004081483E-001 
                                     279                  2.9990154214005695E+000                  7.3449919132523633E-001                  5.0059538373975530E+000                 -6.3843953755449014E+000                  6.7668012788745715E+000                  6.9999999999759521E-001                  2.8000000000240499E-001                  1.9999999999999796E-002                  0.0000000000000000E+000                  4.7144568695436728E+008                  4.7611472128012041E+006                  6.0585496248391878E-026                  0.0000000000000000E+000                  0.0000000000000000E+000                  1.1403487951581948E+001                  1.0108609581460770E+010                  7.2817917499122542E-008                  0.0000000000000000E+000                 -3.5688808727502828E+000                  4.5235704666008075E-001                  6.9091767401991189E-001                  8.4143267185190251E-001 
                                     280                  2.9990153682142533E+000                  7.3433446647410938E-001                  5.0099091433859719E+000                 -6.3722281201111475E+000                  6.7829164253400931E+000                  6.9999999999759521E-001                  2.8000000000240499E-001                  1.9999999999999796E-002                  0.0000000000000000E+000                  4.7122709034105277E+008                  4.7831574697104739E+006                  6.2307949341966942E-026                  0.0000000000000000E+000                  0.0000000000000000E+000                  1.1425641558362608E+001                  1.0170798545414440E+010                  7.2119401789818887E-008                  0.0000000000000000E+000                 -3.5709739421427193E+000                  4.5404002489291290E-001                  6.9260065225274403E-001                  8.4311565008473466E-001 
                                     281                  2.9990152791011204E+000                  7.3406569456710102E-001                  5.0142157179657891E+000                 -6.3589460058462075E+000                  6.8004952808787786E+000                  6.9999999999759521E-001                  2.8000000000240499E-001                  1.9999999999999796E-002                  0.0000000000000000E+000                  4.7099795491980582E+008                  4.8071883148225518E+006                  6.4244198647614290E-026                  0.0000000000000000E+000                  0.0000000000000000E+000                  1.1451029777013463E+001                  1.0272496522241961E+010                  7.1020625475695901E-008                  0.0000000000000000E+000                 -3.5743077536020569E+000                  4.5676837030269013E-001                  6.9532899766252121E-001                  8.4584399549451184E-001 
                                     282                  2.9990152072474889E+000                  7.3385515789051192E-001                  5.0170128980909645E+000                 -6.3503305202015792E+000                  6.8119020034609195E+000                  6.9999999999759521E-001                  2.8000000000240499E-001                  1.9999999999999796E-002                  0.0000000000000000E+000                  4.7086385735648191E+008                  4.8228366109232428E+006                  6.5532220265354023E-026                  0.0000000000000000E+000                  0.0000000000000000E+000                  1.1467455312070800E+001                  1.0351668839738750E+010                  7.0177004282264646E-008                  0.0000000000000000E+000                 -3.5769025874493803E+000                  4.5889055551559954E-001                  6.9745118287543073E-001                  8.4796618070742125E-001 
                                     283                  2.9990151713206723E+000                  7.3375184533965021E-001                  5.0197620633428199E+000                 -6.3419527036553882E+000                  6.8230272273498791E+000                  6.9999999999759521E-001                  2.8000000000240499E-001                  1.9999999999999796E-002                  0.0000000000000000E+000                  4.7076892316450334E+008                  4.8382556371590653E+006                  6.6809478236437594E-026                  0.0000000000000000E+000                  0.0000000000000000E+000                  1.1481641844127925E+001                  1.0390811884321674E+010                  6.9779448707129974E-008                  0.0000000000000000E+000                 -3.5781362330099982E+000                  4.5992640907449123E-001                  6.9848703643432231E-001                  8.4900203426631293E-001 
                                     284                  2.9990150994670399E+000                  7.3354895351677474E-001                  5.0233238139139047E+000                 -6.3310810650844074E+000                  6.8374574563632553E+000                  6.9999999999759521E-001                  2.8000000000240499E-001                  1.9999999999999796E-002                  0.0000000000000000E+000                  4.7065351876218265E+008                  4.8582729987563528E+006                  6.8504133729449118E-026                  0.0000000000000000E+000                  0.0000000000000000E+000                  1.1500500670542380E+001                  1.0468073485264841E+010                  6.9026267965472216E-008                  0.0000000000000000E+000                 -3.5804928034609733E+000                  4.6195046129508383E-001                  7.0051108865491496E-001                  8.5102608648690559E-001 
                                     285                  2.9990150276134084E+000                  7.3335080333725089E-001                  5.0276673236953320E+000                 -6.3179148638273421E+000                  6.8549674413744217E+000                  6.9999999999759521E-001                  2.8000000000240499E-001                  1.9999999999999796E-002                  0.0000000000000000E+000                  4.7056019503108495E+008                  4.8827627857799996E+006                  7.0614135827379415E-026                  0.0000000000000000E+000                  0.0000000000000000E+000                  1.1521424833361454E+001                  1.0543604716741758E+010                  6.8314454490813947E-008                  0.0000000000000000E+000                 -3.5827436976363107E+000                  4.6391444535967524E-001                  7.0247507271950638E-001                  8.5299007055149689E-001 
                                     286                  2.9990149188834736E+000                  7.3305942119720147E-001                  5.0322701367794425E+000                 -6.3039248629703390E+000                  6.8735587193984271E+000                  6.9999999999759521E-001                  2.8000000000240499E-001                  1.9999999999999796E-002                  0.0000000000000000E+000                  4.7046976342049068E+008                  4.9087981400037380E+006                  7.2927445997351131E-026                  0.0000000000000000E+000                  0.0000000000000000E+000                  1.1544930093160074E+001                  1.0654605926060640E+010                  6.7302560824096045E-008                 -2.3875246889978777E-021                 -3.5859842054020130E+000                  4.6678060631038121E-001                  7.0534123367021229E-001                  8.5585623150220302E-001 
                                     287                  2.9990148282751945E+000                  7.3282387174176544E-001                  5.0355076297137096E+000                 -6.2940959298323316E+000                  6.8866245481074930E+000                  6.9999999999759521E-001                  2.8000000000240499E-001                  1.9999999999999796E-002                  0.0000000000000000E+000                  4.7042098853101981E+008                  4.9271692620027382E+006                  7.4597899661513891E-026                  0.0000000000000000E+000                  0.0000000000000000E+000                  1.1561960536234947E+001                  1.0743803841119198E+010                  6.6495439576119364E-008                 -9.4797989451211726E-021                 -3.5886040693397336E+000                  4.6907908043923924E-001                  7.0763970779907037E-001                  8.5815470563106100E-001 
                                     288                  2.9990147739102264E+000                  7.3268552615944604E-001                  5.0382915607610057E+000                 -6.2857078822115486E+000                  6.8977989399315067E+000                  6.9999999999759510E-001                  2.8000000000240499E-001                  1.9999999999999907E-002                  0.0000000000000000E+000                  4.7040592414825243E+008                  4.9430133536564959E+006                  7.6053707951161703E-026                  0.0000000000000000E+000                  0.0000000000000000E+000                  1.1575904994619341E+001                  1.0796433528879599E+010                  6.6032239019686725E-008                 -1.4158806152594844E-020                 -3.5901219882148601E+000                  4.7042093345317620E-001                  7.0898156081300734E-001                  8.5949655864499797E-001 
                                     289                  2.9990147009433188E+000                  7.3250319324806346E-001                  5.0421912732393430E+000                 -6.2740035111899619E+000                  6.9134084927866182E+000                  6.9999999999759510E-001                  2.8000000000240499E-001                  1.9999999999999907E-002                  0.0000000000000000E+000                  4.7040885307733572E+008                  4.9652768553714510E+006                  7.8132707282360087E-026                  0.0000000000000000E+000                  0.0000000000000000E+000                  1.1595985437463778E+001                  1.0866318655184053E+010                  6.5434792985370133E-008                 -9.3865766512542756E-021                 -3.5920956336085701E+000                  4.7218037110611000E-001                  7.1074099846594108E-001                  8.6125599629793170E-001 
                                     290                  2.9990145907725285E+000                  7.3223479648403023E-001                  5.0467133326655294E+000                 -6.2604216190011934E+000                  6.9315183468079464E+000                  6.9999999999759510E-001                  2.8000000000240499E-001                  1.9999999999999907E-002                  0.0000000000000000E+000                  4.7042121739991874E+008                  4.9911917148604095E+006                  8.0616569159788101E-026                  0.0000000000000000E+000                  0.0000000000000000E+000                  1.1622496196014975E+001                  1.0969091650962116E+010                  6.4552447754299821E-008                 -2.3275829238530450E-021                 -3.5950436425699617E+000                  4.7475366110500278E-001                  7.1331428846483391E-001                  8.6382928629682454E-001 
                                     291                  2.9990144806017387E+000                  7.3197418779296752E-001                  5.0517973934478881E+000                 -6.2452537523512257E+000                  6.9517816230574274E+000                  6.9999999999759510E-001                  2.8000000000240499E-001                  1.9999999999999907E-002                  0.0000000000000000E+000                  4.7047852079294127E+008                  5.0204764421153590E+006                  8.3483955198531611E-026                  0.0000000000000000E+000                  0.0000000000000000E+000                  1.1654810727557491E+001                  1.1068963071731873E+010                  6.3687079108160352E-008                  0.0000000000000000E+000                 -3.5979743343913433E+000                  4.7723387418733099E-001                  7.1579450154716207E-001                  8.6630949937915269E-001 
                                     292                  2.9990143337073527E+000                  7.3163794343523680E-001                  5.0559701345052472E+000                 -6.2327355831650451E+000                  6.9684786944213544E+000                  6.9999999999759510E-001                  2.8000000000240499E-001                  1.9999999999999907E-002                  0.0000000000000000E+000                  4.7050948946778262E+008                  5.0446218071422586E+006                  8.5927123314298281E-026                  0.0000000000000000E+000                  0.0000000000000000E+000                  1.1687203875850553E+001                  1.1197268206709015E+010                  6.2543363117909924E-008                  0.0000000000000000E+000                 -3.6019093846655070E+000                  4.8041034603383742E-001                  7.1897097339366856E-001                  8.6948597122565918E-001 
                                     293                  2.9990142602601590E+000                  7.3147431577392230E-001                  5.0586871783158189E+000                 -6.2246589356748654E+000                  6.9792798441925292E+000                  6.9999999999759510E-001                  2.8000000000240499E-001                  1.9999999999999907E-002                  0.0000000000000000E+000                  4.7055455077784795E+008                  5.0604127285533752E+006                  8.7541271923375513E-026                  0.0000000000000000E+000                  0.0000000000000000E+000                  1.1708515588335130E+001                  1.1259621734800854E+010                  6.1977564576916027E-008                  0.0000000000000000E+000                 -3.6038827467330021E+000                  4.8194661680835976E-001                  7.2050724416819090E-001                  8.7102224200018152E-001 
                                     294                  2.9990141868129658E+000                  7.3131352293346175E-001                  5.0620263702501873E+000                 -6.2147878133405161E+000                  6.9925018813168469E+000                  6.9999999999759510E-001                  2.8000000000240499E-001                  1.9999999999999907E-002                  0.0000000000000000E+000                  4.7062761723584950E+008                  5.0798944534945982E+006                  8.9555301354154518E-026                  0.0000000000000000E+000                  0.0000000000000000E+000                  1.1735398791903851E+001                  1.1321510783063398E+010                  6.1429033527219062E-008                  0.0000000000000000E+000                 -3.6058131587255144E+000                  4.8345029664877648E-001                  7.2201092400860767E-001                  8.7252592184059818E-001 
                                     295                  2.9990140756704031E+000                  7.3107534626524318E-001                  5.0665836763626926E+000                 -6.2013596843578451E+000                  7.0105053893654228E+000                  6.9999999999759510E-001                  2.8000000000240505E-001                  1.9999999999999796E-002                  0.0000000000000000E+000                  4.7073974400355035E+008                  5.1066161325426614E+006                  9.2369698583663267E-026                  0.0000000000000000E+000                  0.0000000000000000E+000                  1.1774327726157649E+001                  1.1413553182514099E+010                  6.0621889197264000E-008                  0.0000000000000000E+000                 -3.6086852667855633E+000                  4.8566800890241540E-001                  7.2422863626224654E-001                  8.7474363409423705E-001 
                                     296                  2.9990139268324696E+000                  7.3076551425307468E-001                  5.0716153583822496E+000                 -6.1865560870214473E+000                  7.0303617085141914E+000                  6.9999999999759510E-001                  2.8000000000240505E-001                  1.9999999999999796E-002                  0.0000000000000000E+000                  4.7086516659723216E+008                  5.1363027178886160E+006                  9.5575028630752020E-026                  0.0000000000000000E+000                  0.0000000000000000E+000                  1.1820770555003211E+001                  1.1533162477408598E+010                  5.9575123578593905E-008                  0.0000000000000000E+000                 -3.6124675240547837E+000                  4.8853719293882469E-001                  7.2709782029865577E-001                  8.7761281813064629E-001 
                                     297                  2.9990137770085794E+000                  7.3046344397988816E-001                  5.0752705716688906E+000                 -6.1757908794240732E+000                  7.0447969252758442E+000                  6.9999999999759510E-001                  2.8000000000240505E-001                  1.9999999999999796E-002                  0.0000000000000000E+000                  4.7094676586157751E+008                  5.1579923251654496E+006                  9.7975613605551985E-026                  0.0000000000000000E+000                  0.0000000000000000E+000                  1.1857132756296108E+001                  1.1649130387943651E+010                  5.8556015072312936E-008                  0.0000000000000000E+000                 -3.6162142430495545E+000                  4.9131853502445899E-001                  7.2987916238429007E-001                  8.8039416021628070E-001 
                                     298                  2.9990137016036558E+000                  7.3031490604230220E-001                  5.0782663133880073E+000                 -6.1670635978696904E+000                  7.0565365059790466E+000                  6.9999999999759510E-001                  2.8000000000240505E-001                  1.9999999999999796E-002                  0.0000000000000000E+000                  4.7103879828889906E+008                  5.1758620317323338E+006                  9.9965954410986736E-026                  0.0000000000000000E+000                  0.0000000000000000E+000                  1.1886083081812185E+001                  1.1706404586949268E+010                  5.8064943987058666E-008                  0.0000000000000000E+000                 -3.6180429942858847E+000                  4.9268033501843339E-001                  7.3124096237826453E-001                  8.8175596021025515E-001 
                                     299                  2.9990135884962696E+000                  7.3009625470961570E-001                  5.0823457518100259E+000                 -6.1552159128775585E+000                  7.0724878960624054E+000                  6.9999999999759510E-001                  2.8000000000240505E-001                  1.9999999999999796E-002                  0.0000000000000000E+000                  4.7116665011368126E+008                  5.2003246811122224E+006                  1.0273281801785889E-025                  0.0000000000000000E+000                  0.0000000000000000E+000                  1.1927017656777625E+001                  1.1791458173030476E+010                  5.7361456755258370E-008                  0.0000000000000000E+000                 -3.6206899139147533E+000                  4.9467836020731348E-001                  7.3323898756714456E-001                  8.8375398539913519E-001 
                                     300                  2.9990134376864215E+000                  7.2981207216236554E-001                  5.0868479344455464E+000                 -6.1421603700883720E+000                  7.0900733471437629E+000                  6.9999999999759510E-001                  2.8000000000240510E-001                  1.9999999999999796E-002                  0.0000000000000000E+000                  4.7130076528407133E+008                  5.2274947545635067E+006                  1.0587056968217759E-025                  0.0000000000000000E+000                  0.0000000000000000E+000                  1.1975547489885070E+001                  1.1901914057347103E+010                  5.6451850027966447E-008                  0.0000000000000000E+000                 -3.6241609104499166E+000                  4.9726456076616787E-001                  7.3582518812599895E-001                  8.8634018595798958E-001 
                                     301                  2.9990132868765733E+000                  7.2953577107810652E-001                  5.0912254607363900E+000                 -6.1295233073844599E+000                  7.1071175349156901E+000                  6.9999999999759510E-001                  2.8000000000240510E-001                  1.9999999999999796E-002                  0.0000000000000000E+000                  4.7143539142336470E+008                  5.2540919800313506E+006                  1.0899902973679519E-025                  0.0000000000000000E+000                  0.0000000000000000E+000                  1.2025960867135707E+001                  1.2009284734004530E+010                  5.5566374355101811E-008                  0.0000000000000000E+000                 -3.6275939697640665E+000                  4.9976773665956359E-001                  7.3832836401939472E-001                  8.8884336185138535E-001 
                                     302                  2.9990131342341910E+000                  7.2926361775387893E-001                  5.0957606302624452E+000                 -6.1165047997540727E+000                  7.1247052731081979E+000                  6.9999999999759510E-001                  2.8000000000240510E-001                  1.9999999999999796E-002                  0.0000000000000000E+000                  4.7158315545128876E+008                  5.2818377234520111E+006                  1.1231866354119886E-025                  0.0000000000000000E+000                  0.0000000000000000E+000                  1.2081992228960356E+001                  1.2115403984477295E+010                  5.4691291140253277E-008                  0.0000000000000000E+000                 -3.6310409118867484E+000                  5.0222281997433982E-001                  7.4078344733417101E-001                  8.9129844516616152E-001 
                                     303                  2.9990129618243104E+000                  7.2896470893322574E-001                  5.0996338120577862E+000                 -6.1053907217732872E+000                  7.1397217905285180E+000                  6.9999999999759510E-001                  2.8000000000240505E-001                  1.9999999999999796E-002                  0.0000000000000000E+000                  4.7169790253134096E+008                  5.3056827562372815E+006                  1.1523259503176176E-025                  0.0000000000000000E+000                  0.0000000000000000E+000                  1.2134824812999977E+001                  1.2231875973857050E+010                  5.3714397762482302E-008                  0.0000000000000000E+000                 -3.6349546445738308E+000                  5.0490826300299052E-001                  7.4346889036282160E-001                  8.9398388819481223E-001 
                                     304                  2.9990128468843897E+000                  7.2877013992946715E-001                  5.1024134278033539E+000                 -6.0974636479454745E+000                  7.1504517305617359E+000                  6.9999999999759510E-001                  2.8000000000240510E-001                  1.9999999999999796E-002                  0.0000000000000000E+000                  4.7178822584270155E+008                  5.3228868067495888E+006                  1.1735704035305818E-025                  0.0000000000000000E+000                  0.0000000000000000E+000                  1.2174729628492408E+001                  1.2307723626194679E+010                  5.3067143759390326E-008                  0.0000000000000000E+000                 -3.6375871434183731E+000                  5.0665028141446811E-001                  7.4521090877429930E-001                  8.9572590660628992E-001 
                                     305                  2.9990127507072391E+000                  7.2861008113233694E-001                  5.1066478757636080E+000                 -6.0855348251695265E+000                  7.1666572248773841E+000                  6.9999999999759510E-001                  2.8000000000240510E-001                  1.9999999999999796E-002                  0.0000000000000000E+000                  4.7196127100286555E+008                  5.3492493531079413E+006                  1.2062802505545409E-025                  0.0000000000000000E+000                  0.0000000000000000E+000                  1.2236946090225832E+001                  1.2370888431449734E+010                  5.2535316931787370E-008                  0.0000000000000000E+000                 -3.6397743217069269E+000                  5.0807971184869816E-001                  7.4664033920852924E-001                  8.9715533704051986E-001 
                                     306                  2.9990125184640957E+000                  7.2823335408778167E-001                  5.1118173639951534E+000                 -6.0709211330875474E+000                  7.1864895255963397E+000                  6.9999999999759510E-001                  2.8000000000240510E-001                  1.9999999999999796E-002                  0.0000000000000000E+000                  4.7214065180375159E+008                  5.3816438886191240E+006                  1.2475979531855970E-025                  0.0000000000000000E+000                  0.0000000000000000E+000                  1.2321541374345617E+001                  1.2519780418216576E+010                  5.1271035637607953E-008                  0.0000000000000000E+000                 -3.6450639550192596E+000                  5.1143314422275310E-001                  7.4999377158258418E-001                  9.0050876941457481E-001 
                                     307                  2.9990123331986980E+000                  7.2794210368574042E-001                  5.1169566564129649E+000                 -6.0565659854342737E+000                  7.2060407771217303E+000                  6.9999999999759510E-001                  2.8000000000240510E-001                  1.9999999999999796E-002                  0.0000000000000000E+000                  4.7235992520076555E+008                  5.4141006049196729E+006                  1.2895628939500115E-025                  0.0000000000000000E+000                  0.0000000000000000E+000                  1.2408779029977872E+001                  1.2634849054198956E+010                  5.0285060171091142E-008                  0.0000000000000000E+000                 -3.6492805129293315E+000                  5.1401424469801726E-001                  7.5257487205784834E-001                  9.0308986988983897E-001 
                                     308                  2.9990120889350202E+000                  7.2756973654866608E-001                  5.1209057456482228E+000                 -6.0455021425115554E+000                  7.2210957421352164E+000                  6.9999999999759510E-001                  2.8000000000240510E-001                  1.9999999999999796E-002                  0.0000000000000000E+000                  4.7251026288054180E+008                  5.4391876475672349E+006                  1.3228674277935435E-025                  0.0000000000000000E+000                  0.0000000000000000E+000                  1.2481022966496235E+001                  1.2781948092886152E+010                  4.9027835974072932E-008                  0.0000000000000000E+000                 -3.6547786377666704E+000                  5.1730042997312786E-001                  7.5586105733295894E-001                  9.0637605516494957E-001 
                                     309                  2.9990119901968164E+000                  7.2742273802276247E-001                  5.1242509159828931E+000                 -6.0362787641610423E+000                  7.2337067902598458E+000                  6.9999999999759510E-001                  2.8000000000240510E-001                  1.9999999999999796E-002                  0.0000000000000000E+000                  4.7268095472984415E+008                  5.4605575241522435E+006                  1.3512885430342953E-025                  0.0000000000000000E+000                  0.0000000000000000E+000                  1.2541330740010171E+001                  1.2840317234104969E+010                  4.8537843940254826E-008                  0.0000000000000000E+000                 -3.6569597595072585E+000                  5.1859282046429267E-001                  7.5715344782412375E-001                  9.0766844565611438E-001 
                                     310                  2.9990117927204105E+000                  7.2713448596268693E-001                  5.1288115596107984E+000                 -6.0237270501339264E+000                  7.2508781103052824E+000                  6.9999999999759510E-001                  2.8000000000240510E-001                  1.9999999999999796E-002                  0.0000000000000000E+000                  4.7291733538025582E+008                  5.4898389615762681E+006                  1.3909495330542008E-025                  0.0000000000000000E+000                  0.0000000000000000E+000                  1.2626712031718590E+001                  1.2955957351757030E+010                  4.7600249634989657E-008                  0.0000000000000000E+000                 -3.6611953848286793E+000                  5.2111892500886459E-001                  7.5967955236869578E-001                  9.1019455020068640E-001 
                                     311                  2.9990115738931760E+000                  7.2682352514532411E-001                  5.1324076899652784E+000                 -6.0138371488140416E+000                  7.2644109315401266E+000                  6.9999999999759510E-001                  2.8000000000240510E-001                  1.9999999999999796E-002                  0.0000000000000000E+000                  4.7310476274766964E+008                  5.5130419693867322E+006                  1.4230183604995259E-025                  0.0000000000000000E+000                  0.0000000000000000E+000                  1.2697278770031557E+001                  1.3080096168733519E+010                  4.6592474757753395E-008                  0.0000000000000000E+000                 -3.6658421107010604E+000                  5.2383275450986111E-001                  7.6239338186969219E-001                  9.1290837970168282E-001 
                                     312                  2.9990114538041448E+000                  7.2665644114530881E-001                  5.1361530485491871E+000                 -6.0036793041954715E+000                  7.2783695363187864E+000                  6.9999999999759510E-001                  2.8000000000240516E-001                  1.9999999999999796E-002                  0.0000000000000000E+000                  4.7334614112568635E+008                  5.5373291025710423E+006                  1.4567262171621821E-025                  0.0000000000000000E+000                  0.0000000000000000E+000                  1.2771099463980528E+001                  1.3147273143304173E+010                  4.6056670773605210E-008                  0.0000000000000000E+000                 -3.6683537292009660E+000                  5.2528526223482996E-001                  7.6384588959466104E-001                  9.1436088742665167E-001 
                                     313                  2.9990112136260825E+000                  7.2632944090413265E-001                  5.1414225932177962E+000                 -5.9894318943326663E+000                  7.2979664939135338E+000                  6.9999999999759510E-001                  2.8000000000240521E-001                  1.9999999999999685E-002                  0.0000000000000000E+000                  4.7370407217764777E+008                  5.5716758858489068E+006                  1.5053551862163482E-025                  0.0000000000000000E+000                  0.0000000000000000E+000                  1.2881483812238011E+001                  1.3279908930875593E+010                  4.5012464160862372E-008                  0.0000000000000000E+000                 -3.6733336057039243E+000                  5.2811663689264332E-001                  7.6667726425247451E-001                  9.1719226208446514E-001 
                                     314                  2.9990109296497831E+000                  7.2595437940479390E-001                  5.1455511334250295E+000                 -5.9782719868523770E+000                  7.3133177229142952E+000                  6.9999999999759510E-001                  2.8000000000240516E-001                  1.9999999999999796E-002                  0.0000000000000000E+000                  4.7399080848917228E+008                  5.5987199471003236E+006                  1.5445775847271097E-025                  0.0000000000000000E+000                  0.0000000000000000E+000                  1.2975016648878396E+001                  1.3431173596421432E+010                  4.3786983958352762E-008                  0.0000000000000000E+000                 -3.6793274839619947E+000                  5.3134765525561389E-001                  7.6990828261544497E-001                  9.2042328044743571E-001 
                                     315                  2.9990107876616339E+000                  7.2577125342725513E-001                  5.1482485999574967E+000                 -5.9710567573294346E+000                  7.3232750595211700E+000                  6.9999999999759510E-001                  2.8000000000240516E-001                  1.9999999999999796E-002                  0.0000000000000000E+000                  4.7420605793091768E+008                  5.6164626055792840E+006                  1.5704786542014585E-025                  0.0000000000000000E+000                  0.0000000000000000E+000                  1.3038042082202789E+001                  1.3505204457483385E+010                  4.3177192722953869E-008                  0.0000000000000000E+000                 -3.6823727989323860E+000                  5.3291822413489542E-001                  7.7147885149472661E-001                  9.2199384932671724E-001 
                                     316                  2.9990106456734842E+000                  7.2559091847103252E-001                  5.1503407068726244E+000                 -5.9654708358729440E+000                  7.3309881981160867E+000                  6.9999999999759521E-001                  2.8000000000240510E-001                  1.9999999999999685E-002                  0.0000000000000000E+000                  4.7437827917329651E+008                  5.6302585583696002E+006                  1.5908289327445979E-025                  0.0000000000000000E+000                  0.0000000000000000E+000                  1.3088887746531595E+001                  1.3578544859755543E+010                  4.2569499229013058E-008                  0.0000000000000000E+000                 -3.6854507293318628E+000                  5.3446039587263716E-001                  7.7302102323246835E-001                  9.2353602106445898E-001 
                                     317                  2.9990105635418698E+000                  7.2548783776213555E-001                  5.1526138757270861E+000                 -5.9594521594231447E+000                  7.3393206184301194E+000                  6.9999999999759510E-001                  2.8000000000240510E-001                  1.9999999999999796E-002                  0.0000000000000000E+000                  4.7458406938836735E+008                  5.6452884402223555E+006                  1.6130511767577608E-025                  0.0000000000000000E+000                  0.0000000000000000E+000                  1.3145141892542085E+001                  1.3620681854218235E+010                  4.2218233953961724E-008                  0.0000000000000000E+000                 -3.6872499688880676E+000                  5.3533990324127489E-001                  7.7390053060110597E-001                  9.2441552843309660E-001 
                                     318                  2.9990103992786423E+000                  7.2528429830144192E-001                  5.1570857966140382E+000                 -5.9477086220407083E+000                  7.3556205884796428E+000                  6.9999999999759510E-001                  2.8000000000240510E-001                  1.9999999999999796E-002                  0.0000000000000000E+000                  4.7502802000712919E+008                  5.6749686610251823E+006                  1.6573089970384825E-025                  0.0000000000000000E+000                  0.0000000000000000E+000                  1.3259760657024124E+001                  1.3704737611666784E+010                  4.1519972401612719E-008                  0.0000000000000000E+000                 -3.6908714719178444E+000                  5.3707207433976811E-001                  7.7563270169959919E-001                  9.2614769953158982E-001 
                                     319                  2.9990100685841083E+000                  7.2488463299418149E-001                  5.1624283114491547E+000                 -5.9337002426546892E+000                  7.3750736365545952E+000                  6.9999999999759510E-001                  2.8000000000240516E-001                  1.9999999999999796E-002                  0.0000000000000000E+000                  4.7558041102091062E+008                  5.7105992059262106E+006                  1.7116941104993184E-025                  0.0000000000000000E+000                  0.0000000000000000E+000                  1.3405765444079226E+001                  1.3869820691977398E+010                  4.0131316176615057E-008                  2.1410215664162424E-021                 -3.6982582982932151E+000                  5.4045979992441007E-001                  7.7902042728424115E-001                  9.2953542511623177E-001 
                                     320                  2.9990097860001930E+000                  7.2455311637149855E-001                  5.1673392584917766E+000                 -5.9209653930789212E+000                  7.3928203615582015E+000                  6.9999999999759510E-001                  2.8000000000240516E-001                  1.9999999999999796E-002                  0.0000000000000000E+000                  4.7615057803372645E+008                  5.7435321979741659E+006                  1.7626829155250492E-025                  0.0000000000000000E+000                  0.0000000000000000E+000                  1.3544051216461407E+001                  1.4006875425480150E+010                  3.8976906265613646E-008                  8.4988156497599516E-021                 -3.7045963176668417E+000                  5.4325568866238438E-001                  7.8181631602221546E-001                  9.3233131385420620E-001 
                                     321                  2.9990094864057806E+000                  7.2421100527010185E-001                  5.1728861137315167E+000                 -5.9067367718800812E+000                  7.4127176651646991E+000                  6.9999999999759499E-001                  2.8000000000240516E-001                  1.9999999999999796E-002                  0.0000000000000000E+000                  4.7686473713928264E+008                  5.7809384577289242E+006                  1.8214522090905114E-025                  0.0000000000000000E+000                  0.0000000000000000E+000                  1.3702994782150622E+001                  1.4149680710619852E+010                  3.7811086299500078E-008                  1.2649393123839373E-020                 -3.7111904226635937E+000                  5.4612646095668682E-001                  7.8468708831651790E-001                  9.3520208614850853E-001 
                                     322                  2.9990091064939963E+000                  7.2379005369134286E-001                  5.1771402868917571E+000                 -5.8958246961440537E+000                  7.4279776683769372E+000                  6.9999999999759499E-001                  2.8000000000240516E-001                  1.9999999999999796E-002                  0.0000000000000000E+000                  4.7742648818602020E+008                  5.8097628825906115E+006                  1.8678478561727736E-025                  0.0000000000000000E+000                  0.0000000000000000E+000                  1.3828152539060682E+001                  1.4325248716489454E+010                  3.6417572006472303E-008                  8.3532246390715277E-021                 -3.7193445061972579E+000                  5.4964069361739532E-001                  7.8820132097722650E-001                  9.3871631880921713E-001 
                                     323                  2.9990089458592535E+000                  7.2361612580097801E-001                  5.1802417366021904E+000                 -5.8879830744688464E+000                  7.4389948078396424E+000                  6.9999999999759499E-001                  2.8000000000240516E-001                  1.9999999999999796E-002                  0.0000000000000000E+000                  4.7788182296744162E+008                  5.8308676550992047E+006                  1.9019170673654847E-025                  0.0000000000000000E+000                  0.0000000000000000E+000                  1.3917748338373112E+001                  1.4398127439772758E+010                  3.5863679947506185E-008                  2.0802158378377688E-021                 -3.7226725749148222E+000                  5.5108600397327101E-001                  7.8964663133310198E-001                  9.4016162916509260E-001 
                                     324                  2.9990087049071401E+000                  7.2335952108435519E-001                  5.1858830338027095E+000                 -5.8738822317142905E+000                  7.4588801185403009E+000                  6.9999999999759499E-001                  2.8000000000240527E-001                  1.9999999999999796E-002                  0.0000000000000000E+000                  4.7878202545718640E+008                  5.8694421920042699E+006                  1.9647523409014744E-025                  0.0000000000000000E+000                  0.0000000000000000E+000                  1.4078140096273200E+001                  1.4507454947868357E+010                  3.5091252473796185E-008                  0.0000000000000000E+000                 -3.7274005653543782E+000                  5.5320963035864812E-001                  7.9177025771847920E-001                  9.4228525555046994E-001 
                                     325                  2.9990081964929574E+000                  7.2283395930067784E-001                  5.1920594878081010E+000                 -5.8583961201362182E+000                  7.4806979161223728E+000                  6.9999999999759499E-001                  2.8000000000240527E-001                  1.9999999999999796E-002                  0.0000000000000000E+000                  4.7977586727509135E+008                  5.9119174658518378E+006                  2.0361563481891912E-025                  0.0000000000000000E+000                  0.0000000000000000E+000                  1.4255340469407733E+001                  1.4730930311820108E+010                  3.3605754825355889E-008                  0.0000000000000000E+000                 -3.7367931726906654E+000                  5.5753329853334088E-001                  7.9609392589317196E-001                  9.4660892372516259E-001 
                                     326                  2.9990078464279031E+000                  7.2248370568866660E-001                  5.1966529937114867E+000                 -5.8469962597302514E+000                  7.4968131301335186E+000                  6.9999999999759499E-001                  2.8000000000240527E-001                  1.9999999999999796E-002                  0.0000000000000000E+000                  4.8057046301910788E+008                  5.9436972410742985E+006                  2.0903732389438128E-025                  0.0000000000000000E+000                  0.0000000000000000E+000                  1.4383124070573439E+001                  1.4879334786566919E+010                  3.2691195572967328E-008                  0.0000000000000000E+000                 -3.7427845981183845E+000                  5.6039383727190861E-001                  7.9895446463173980E-001                  9.4946946246373043E-001 
                                     327                  2.9990075362561157E+000                  7.2218072414368595E-001                  5.2019023566772722E+000                 -5.8341040812140745E+000                  7.5151013729391307E+000                  6.9999999999759499E-001                  2.8000000000240521E-001                  1.9999999999999796E-002                  0.0000000000000000E+000                  4.8154057430451876E+008                  5.9802208526413590E+006                  2.1534299764623972E-025                  0.0000000000000000E+000                  0.0000000000000000E+000                  1.4523271920897836E+001                  1.5009121695816425E+010                  3.1977832195139731E-008                  0.0000000000000000E+000                 -3.7475754903949436E+000                  5.6285258522027082E-001                  8.0141321258010201E-001                  9.5192821041209275E-001 
                                     328                  2.9990070690491342E+000                  7.2173655164146777E-001                  5.2079870077133439E+000                 -5.8191812311689617E+000                  7.5362810126776534E+000                  6.9999999999759499E-001                  2.8000000000240521E-001                  1.9999999999999796E-002                  0.0000000000000000E+000                  4.8269084906190997E+008                  6.0228177918954939E+006                  2.2287991680634181E-025                  0.0000000000000000E+000                  0.0000000000000000E+000                  1.4681001943055469E+001                  1.5200008928092606E+010                  3.1042162936522329E-008                  3.1512489757559670E-021                 -3.7540240129293823E+000                  5.6643137937559862E-001                  8.0499200673542970E-001                  9.5550700456742033E-001 
                                     329                  2.9990065979435507E+000                  7.2130248629995075E-001                  5.2123473782848588E+000                 -5.8084708631339552E+000                  7.5514749917407951E+000                  6.9999999999759499E-001                  2.8000000000240521E-001                  1.9999999999999796E-002                  0.0000000000000000E+000                  4.8351915811706865E+008                  6.0535202152843410E+006                  2.2845145457943651E-025                  0.0000000000000000E+000                  0.0000000000000000E+000                  1.4791796388791216E+001                  1.5385189438253725E+010                  3.0218705721255261E-008                  1.2493060399645182E-020                 -3.7598620702988632E+000                  5.6989972688585178E-001                  8.0846035424568286E-001                  9.5897535207767359E-001 
                                     330                  2.9990063699637606E+000                  7.2109709494885765E-001                  5.2159754390682611E+000                 -5.7996661032816847E+000                  7.5640162378493843E+000                  6.9999999999759488E-001                  2.8000000000240527E-001                  1.9999999999999796E-002                  0.0000000000000000E+000                  4.8425071777841824E+008                  6.0792018651648369E+006                  2.3313591368270883E-025                  0.0000000000000000E+000                  0.0000000000000000E+000                  1.4879683411247276E+001                  1.5473173065013435E+010                  2.9868395214353291E-008                  1.8661880003241263E-020                 -3.7623940553915030E+000                  5.7152986487731072E-001                  8.1009049223714180E-001                  9.6060549006913243E-001 
                                     331                  2.9990060033250683E+000                  7.2077281971348628E-001                  5.2206099654709250E+000                 -5.7884200504819701E+000                  7.5800360588039064E+000                  6.9999999999759488E-001                  2.8000000000240532E-001                  1.9999999999999796E-002                  0.0000000000000000E+000                  4.8519065527059603E+008                  6.1121718309130156E+006                  2.3925927835455341E-025                  0.0000000000000000E+000                  0.0000000000000000E+000                  1.4989841331439745E+001                  1.5613014800582260E+010                  2.9369176613024730E-008                  1.2361155052159807E-020                 -3.7660541145396289E+000                  5.7408890520608880E-001                  8.1264953256591999E-001                  9.6316453039791061E-001 
                                     332                  2.9990055873483614E+000                  7.2041346456422517E-001                  5.2264071872539661E+000                 -5.7744279006620323E+000                  7.6000045533247791E+000                  6.9999999999759488E-001                  2.8000000000240532E-001                  1.9999999999999796E-002                  0.0000000000000000E+000                  4.8639848433061004E+008                  6.1536936443161704E+006                  2.4710301700102758E-025                  0.0000000000000000E+000                  0.0000000000000000E+000                  1.5122483095336252E+001                  1.5768045760175402E+010                  2.8871179400818917E-008                  3.0685662518852209E-021                 -3.7697677373148264E+000                  5.7690448529621929E-001                  8.1546511265605048E-001                  9.6598011048804111E-001 
                                     333                  2.9990049898653650E+000                  7.1991218603178764E-001                  5.2326814020257881E+000                 -5.7592364242477680E+000                  7.6216630061012962E+000                  6.9999999999759488E-001                  2.8000000000240532E-001                  1.9999999999999796E-002                  0.0000000000000000E+000                  4.8769179136250967E+008                  6.1989726344498778E+006                  2.5591068038167716E-025                  0.0000000000000000E+000                  0.0000000000000000E+000                  1.5261831142737927E+001                  1.5983669087179960E+010                  2.8263087931028709E-008                  0.0000000000000000E+000                 -3.7743901951619341E+000                  5.8079692065815236E-001                  8.1935754801798355E-001                  9.6987254584997418E-001 
                                     334                  2.9990044394490765E+000                  7.1946480621452891E-001                  5.2369799246628501E+000                 -5.7487908160157879E+000                  7.6365380352198757E+000                  6.9999999999759488E-001                  2.8000000000240532E-001                  1.9999999999999796E-002                  0.0000000000000000E+000                  4.8856395090534335E+008                  6.2302037678107740E+006                  2.6214839133799264E-025                  0.0000000000000000E+000                  0.0000000000000000E+000                  1.5352939203176508E+001                  1.6174099112789284E+010                  2.7796561946470046E-008                  0.0000000000000000E+000                 -3.7780044585160057E+000                  5.8423636183859151E-001                  8.2279698919842270E-001                  9.7331198703041333E-001 
                                     335                  2.9990041710467503E+000                  7.1925134588658024E-001                  5.2402240853330442E+000                 -5.7409754415606651E+000                  7.6477003453175643E+000                  6.9999999999759477E-001                  2.8000000000240532E-001                  1.9999999999999907E-002                  0.0000000000000000E+000                  4.8924585204818547E+008                  6.2539058252066169E+006                  2.6691472515338311E-025                  0.0000000000000000E+000                  0.0000000000000000E+000                  1.5416106063488204E+001                  1.6265087084682035E+010                  2.7616213879339732E-008                  0.0000000000000000E+000                 -3.7794179312353147E+000                  5.8586526727528621E-001                  8.2442589463511728E-001                  9.7494089246710791E-001 
                                     336                  2.9990038075618757E+000                  7.1896693341022688E-001                  5.2438597359220589E+000                 -5.7321965614209018E+000                  7.6602294388821104E+000                  6.9999999999759477E-001                  2.8000000000240532E-001                  1.9999999999999907E-002                  0.0000000000000000E+000                  4.9000108881136912E+008                  6.2805897480185265E+006                  2.7237215698808906E-025                  0.0000000000000000E+000                  0.0000000000000000E+000                  1.5482568110829558E+001                  1.6386760646487066E+010                  2.7429038190204867E-008                  2.2266433062541726E-021                 -3.7808947104159292E+000                  5.8802305833802349E-001                  8.2658368569785456E-001                  9.7709868352984519E-001 
                                     337                  2.9990034440770010E+000                  7.1868766920006844E-001                  5.2487271274462675E+000                 -5.7204991289858471E+000                  7.6769513244508465E+000                  6.9999999999759477E-001                  2.8000000000240538E-001                  1.9999999999999796E-002                  0.0000000000000000E+000                  4.9103100960610658E+008                  6.3165294085697364E+006                  2.7981782125831898E-025                  0.0000000000000000E+000                  0.0000000000000000E+000                  1.5560622900843935E+001                  1.6506293151496962E+010                  2.7302152660294089E-008                  8.8614138892865716E-021                 -3.7819015546548940E+000                  5.9012743565048609E-001                  8.2868806301031728E-001                  9.7920306084230790E-001 
                                     338                  2.9990028066353802E+000                  7.1820969147840752E-001                  5.2535489119626533E+000                 -5.7087596134810541E+000                  7.6936609929461843E+000                  6.9999999999759488E-001                  2.8000000000240538E-001                  1.9999999999999796E-002                  0.0000000000000000E+000                  4.9199449405939972E+008                  6.3523354433088386E+006                  2.8749505172948807E-025                  0.0000000000000000E+000                  0.0000000000000000E+000                  1.5629213334761850E+001                  1.6709178561212742E+010                  2.7191519819907063E-008                  1.3178543698309730E-020                 -3.7827832588220525E+000                  5.9369571578106395E-001                  8.3225634314089514E-001                  9.8277134097288565E-001 
                                     339                  2.9990024092001044E+000                  7.1791885593654581E-001                  5.2571617694082704E+000                 -5.6999868850381716E+000                  7.7061594930664343E+000                  6.9999999999759488E-001                  2.8000000000240538E-001                  1.9999999999999796E-002                  0.0000000000000000E+000                  4.9272520505871445E+008                  6.3793162820005640E+006                  2.9336939966752579E-025                  0.0000000000000000E+000                  0.0000000000000000E+000                  1.5671710733988332E+001                  1.6831444420935209E+010                  2.7186268181101549E-008                  8.7405889363101663E-021                 -3.7828252016418160E+000                  5.9584498285431464E-001                  8.3440561021414572E-001                  9.8492060804613646E-001 
                                     340                  2.9990020082588615E+000                  7.1763074649567016E-001                  5.2620978142725567E+000                 -5.6880361103945551E+000                  7.7232031501576976E+000                  6.9999999999759488E-001                  2.8000000000240532E-001                  1.9999999999999796E-002                  0.0000000000000000E+000                  4.9373788189855236E+008                  6.4163881499390779E+006                  3.0156554989977155E-025                  0.0000000000000000E+000                  0.0000000000000000E+000                  1.5718156902225692E+001                  1.6953145752325748E+010                  2.7246320254956544E-008                  2.1742607388689427E-021                 -3.7823460714804096E+000                  5.9795630435585445E-001                  8.3651693171568564E-001                  9.8703192954767627E-001 
                                     341                  2.9990012857747383E+000                  7.1712428550991036E-001                  5.2675552964464885E+000                 -5.6746263209215320E+000                  7.7422341314247829E+000                  6.9999999999759488E-001                  2.8000000000240527E-001                  1.9999999999999796E-002                  0.0000000000000000E+000                  4.9478701224845856E+008                  6.4576086487890705E+006                  3.1103545041240298E-025                  0.0000000000000000E+000                  0.0000000000000000E+000                  1.5761174437624486E+001                  1.7165069968742174E+010                  2.7429751960743032E-008                  0.0000000000000000E+000                 -3.7808890597881040E+000                  6.0162543825625969E-001                  8.4018606561609088E-001                  9.9070106344808151E-001 
                                     342                  2.9990007067081996E+000                  7.1672947531116704E-001                  5.2724092122721862E+000                 -5.6626775212020446E+000                  7.7591819794673178E+000                  6.9999999999759488E-001                  2.8000000000240538E-001                  1.9999999999999796E-002                  0.0000000000000000E+000                  4.9571694822542334E+008                  6.4944964645064492E+006                  3.1972404602270851E-025                  0.0000000000000000E+000                  0.0000000000000000E+000                  1.5789553025130976E+001                  1.7328128137337112E+010                  2.7618133699097921E-008                  0.0000000000000000E+000                 -3.7794028361511121E+000                  6.0444719202589070E-001                  8.4300781938572189E-001                  9.9352281721771252E-001 
                                     343                  2.9990000820767793E+000                  7.1631399510317062E-001                  5.2777932511621781E+000                 -5.6493631342668147E+000                  7.7780388617048875E+000                  6.9999999999759477E-001                  2.8000000000240538E-001                  1.9999999999999796E-002                  0.0000000000000000E+000                  4.9673392972277880E+008                  6.5356475835657641E+006                  3.2969204072985245E-025                  0.0000000000000000E+000                  0.0000000000000000E+000                  1.5812495826870640E+001                  1.7499043947490520E+010                  2.7862181864035393E-008                  0.0000000000000000E+000                 -3.7774924386723212E+000                  6.0737916076996279E-001                  8.4593978812979398E-001                  9.9645478596178461E-001 
                                     344                  2.9989993163716364E+000                  7.1581849917195361E-001                  5.2830086206999178E+000                 -5.6363114513737775E+000                  7.7964516600260962E+000                  6.9999999999759477E-001                  2.8000000000240544E-001                  1.9999999999999796E-002                  0.0000000000000000E+000                  4.9767080567297977E+008                  6.5757189287646981E+006                  3.3976514814240781E-025                  0.0000000000000000E+000                  0.0000000000000000E+000                  1.5828111738803941E+001                  1.7700401904633911E+010                  2.8181421160889784E-008                  0.0000000000000000E+000                 -3.7750185548189799E+000                  6.1082619298326790E-001                  8.4938682034309898E-001                  9.9990181817508961E-001 
                                     345                  2.9989986714204204E+000                  7.1541223696983502E-001                  5.2876208666019542E+000                 -5.6247175446525208E+000                  7.8127844037768339E+000                  6.9999999999759477E-001                  2.8000000000240538E-001                  1.9999999999999796E-002                  0.0000000000000000E+000                  4.9848950278296536E+008                  6.6113386475806432E+006                  3.4897118264368486E-025                  0.0000000000000000E+000                  0.0000000000000000E+000                  1.5832935572891390E+001                  1.7863532565126652E+010                  2.8468993019655723E-008                  0.0000000000000000E+000                 -3.7728139470331463E+000                  6.1361194264287811E-001                  8.5217257000270930E-001                  1.0026875678346998E+000 
                                     346                  2.9989980188892678E+000                  7.1501091005845641E-001                  5.2919203909466468E+000                 -5.6138253729959775E+000                  7.8280898733153608E+000                  6.9999999999759477E-001                  2.8000000000240555E-001                  1.9999999999999685E-002                  0.0000000000000000E+000                  4.9922870204631656E+008                  6.6446886437343080E+006                  3.5784730554571336E-025                  0.0000000000000000E+000                  0.0000000000000000E+000                  1.5829377159503407E+001                  1.8023346322692089E+010                  2.8789071917884355E-008                  0.0000000000000000E+000                 -3.7703861676901411E+000                  6.1632800011279854E-001                  8.5488862747262961E-001                  1.0054036253046201E+000 
                                     347                  2.9989974151019370E+000                  7.1464780229506897E-001                  5.2961228135737821E+000                 -5.6031250692106003E+000                  7.8431011784340479E+000                  6.9999999999759477E-001                  2.8000000000240555E-001                  1.9999999999999685E-002                  0.0000000000000000E+000                  4.9993850462643981E+008                  6.6774249095679764E+006                  3.6678703989065649E-025                  0.0000000000000000E+000                  0.0000000000000000E+000                  1.5816477709323420E+001                  1.8166690556170341E+010                  2.9113605050289185E-008                  0.0000000000000000E+000                 -3.7679520069249004E+000                  6.1875466170309734E-001                  8.5731528906292842E-001                  1.0078302868949189E+000 
                                     348                  2.9989967472125136E+000                  7.1425489526174191E-001                  5.2993307300070187E+000                 -5.5948480434263015E+000                  7.8546631562629132E+000                  6.9999999999759466E-001                  2.8000000000240544E-001                  1.9999999999999907E-002                  0.0000000000000000E+000                  5.0044324920566100E+008                  6.7024916727054482E+006                  3.7385523020208415E-025                  0.0000000000000000E+000                  0.0000000000000000E+000                  1.5801342000436215E+001                  1.8319748073575031E+010                  2.9496507439404669E-008                  0.0000000000000000E+000                 -3.7651147020039648E+000                  6.2134803267927718E-001                  8.5990866003910837E-001                  1.0104236578710990E+000 
                                     349                  2.9989964088731709E+000                  7.1405921650005699E-001                  5.3019850829526254E+000                 -5.5880197955706592E+000                  7.8642107897497988E+000                  6.9999999999759466E-001                  2.8000000000240544E-001                  1.9999999999999907E-002                  0.0000000000000000E+000                  5.0087278764586842E+008                  6.7233015865976457E+006                  3.9564062098322024E-025                  0.0000000000000000E+000                  0.0000000000000000E+000                  1.5782711741644876E+001                  1.8395476047463692E+010                  2.9705162948096550E-008                  0.0000000000000000E+000                 -3.7635840304760815E+000                  6.2262669814458549E-001                  8.6118732550441668E-001                  1.0117023233364071E+000 
                                     350                  2.9989958973896806E+000                  7.1376752378738006E-001                  5.3056303143765744E+000                 -5.5785808984815839E+000                  7.8773809785667028E+000                  6.9999999999759477E-001                  2.8000000000240549E-001                  1.9999999999999796E-002                  0.0000000000000000E+000                  5.0144378254038543E+008                  6.7519634564034203E+006                  4.7250822818198265E-025                  0.0000000000000000E+000                  0.0000000000000000E+000                  1.5750406570278740E+001                  1.8508285016536938E+010                  3.0046415527182725E-008                 -1.8786213318181963E-021                 -3.7611036654848280E+000                  6.2451654474003027E-001                  8.6307717209986146E-001                  1.0135921699318520E+000 
                                     351                  2.9989952087529104E+000                  7.1338234663255329E-001                  5.3107081598232790E+000                 -5.5653422914943889E+000                  7.8958126168684064E+000                  6.9999999999759477E-001                  2.8000000000240544E-001                  1.9999999999999796E-002                  0.0000000000000000E+000                  5.0221305530081004E+008                  6.7920589771121796E+006                  6.0476454539806731E-025                  0.0000000000000000E+000                  0.0000000000000000E+000                  1.5692679790127066E+001                  1.8656019592783596E+010                  3.0528799797629625E-008                 -7.4739459793710778E-021                 -3.7576451345606667E+000                  6.2698287512240813E-001                  8.6554350248223932E-001                  1.0160585003142297E+000 
                                     352                  2.9989941616964799E+000                  7.1281239982263478E-001                  5.3156018817628752E+000                 -5.5522924832399525E+000                  7.9138510376517086E+000                  6.9999999999759466E-001                  2.8000000000240560E-001                  1.9999999999999796E-002                  0.0000000000000000E+000                  5.0284735543805683E+008                  6.8308503088773442E+006                  7.6702673125107615E-025                  0.0000000000000000E+000                  0.0000000000000000E+000                  1.5628963096147210E+001                  1.8870066423268944E+010                  3.1264433810266076E-008                 -1.1123253414180414E-020                 -3.7524747159289449E+000                  6.3057343740856175E-001                  8.6913406476839294E-001                  1.0196490626003836E+000 
                                     353                  2.9989934465271131E+000                  7.1243339309325682E-001                  5.3188016780162819E+000                 -5.5436931158260645E+000                  7.9257086125975134E+000                  6.9999999999759466E-001                  2.8000000000240560E-001                  1.9999999999999796E-002                  0.0000000000000000E+000                  5.0323950857089084E+008                  6.8563130207707155E+006                  8.9573942176246117E-025                  0.0000000000000000E+000                  0.0000000000000000E+000                  1.5581604672195061E+001                  1.9009290657280121E+010                  3.1756219122948259E-008                 -7.3776142192486034E-021                 -3.7490856050082555E+000                  6.3292247994459305E-001                  8.7148310730442413E-001                  1.0219981051364146E+000 
                                     354                  2.9989929669568602E+000                  7.1218368418812250E-001                  5.3216348574964680E+000                 -5.5360652147803844E+000                  7.9362207180821134E+000                  6.9999999999759455E-001                  2.8000000000240566E-001                  1.9999999999999796E-002                  0.0000000000000000E+000                  5.0358363700887883E+008                  6.8789305714004841E+006                  1.0273607149031130E-024                  0.0000000000000000E+000                  0.0000000000000000E+000                  1.5535597536451178E+001                  1.9100579035682510E+010                  3.2088963992289398E-008                 -1.8383143367041340E-021                 -3.7468221520426965E+000                  6.3445325492908700E-001                  8.7301388228891807E-001                  1.0235288801209086E+000 
                                     355                  2.9989923622250498E+000                  7.1187368808453111E-001                  5.3250325812538124E+000                 -5.5268458521104940E+000                  7.9488950274728776E+000                  6.9999999999759444E-001                  2.8000000000240571E-001                  1.9999999999999796E-002                  0.0000000000000000E+000                  5.0397023328792560E+008                  6.9061339217880024E+006                  1.2107265474922012E-024                  0.0000000000000000E+000                  0.0000000000000000E+000                  1.5477123460399902E+001                  1.9213319362238976E+010                  3.2506403391638600E-008                  0.0000000000000000E+000                 -3.7440155397609072E+000                  6.3633539332295252E-001                  8.7489602068278360E-001                  1.0254110185147742E+000 
                                     356                  2.9989916280727145E+000                  7.1150438821680040E-001                  5.3292710904272127E+000                 -5.5152545097925652E+000                  7.9647912281676359E+000                  6.9999999999759444E-001                  2.8000000000240571E-001                  1.9999999999999796E-002                  0.0000000000000000E+000                  5.0441937339680541E+008                  6.9401950855898280E+006                  1.4855055768814203E-024                  0.0000000000000000E+000                  0.0000000000000000E+000                  1.5399241865461521E+001                  1.9346279401534603E+010                  3.3000076062595810E-008                  0.0000000000000000E+000                 -3.7407425295530627E+000                  6.3855199697034581E-001                  8.7711262433017689E-001                  1.0276276221621676E+000 
                                     357                  2.9989906326913647E+000                  7.1101542247303351E-001                  5.3342748251292580E+000                 -5.5013836138978638E+000                  7.9837336535063113E+000                  6.9999999999759444E-001                  2.8000000000240571E-001                  1.9999999999999796E-002                  0.0000000000000000E+000                  5.0487769466086650E+008                  6.9805764470730843E+006                  1.8905675837742466E-024                  0.0000000000000000E+000                  0.0000000000000000E+000                  1.5301539151460609E+001                  1.9519793826965557E+010                  3.3642572169132351E-008                  0.0000000000000000E+000                 -3.7365554036404505E+000                  6.4144549725091993E-001                  8.8000612461075112E-001                  1.0305211224427417E+000 
                                     358                  2.9989894923491098E+000                  7.1047091553775366E-001                  5.3391221822020292E+000                 -5.4877300913180171E+000                  8.0022879290301798E+000                  6.9999999999759444E-001                  2.8000000000240571E-001                  1.9999999999999796E-002                  0.0000000000000000E+000                  5.0523641389492446E+008                  7.0198700836662874E+006                  2.3873147656656289E-024                  0.0000000000000000E+000                  0.0000000000000000E+000                  1.5201171195546038E+001                  1.9708938303046577E+010                  3.4337101622623679E-008                  0.0000000000000000E+000                 -3.7321181831027621E+000                  6.4461431592979446E-001                  8.8317494328962554E-001                  1.0336899411216161E+000 
                                     359                  2.9989884593769705E+000                  7.0999124880185205E-001                  5.3441314739945813E+000                 -5.4735118736844477E+000                  8.0215644642066799E+000                  6.9999999999759432E-001                  2.8000000000240588E-001                  1.9999999999999796E-002                  0.0000000000000000E+000                  5.0556426926075894E+008                  7.0606846141581731E+006                  3.0364491709043826E-024                  0.0000000000000000E+000                  0.0000000000000000E+000                  1.5088499490651119E+001                  1.9872914066415768E+010                  3.4941183493302026E-008                  0.0000000000000000E+000                 -3.7283311945548245E+000                  6.4736037407418090E-001                  8.8592100143401209E-001                  1.0364359992660026E+000 
                                     360                  2.9989871443007381E+000                  7.0939806008324591E-001                  5.3489706584837089E+000                 -5.4595073451315139E+000                  8.0404400958697622E+000                  6.9999999999759432E-001                  2.8000000000240588E-001                  1.9999999999999796E-002                  0.0000000000000000E+000                  5.0577185771491617E+008                  7.1002796008573594E+006                  3.8300439416998476E-024                  0.0000000000000000E+000                  0.0000000000000000E+000                  1.4974532581109880E+001                  2.0071820226593719E+010                  3.5676447410835148E-008                  0.0000000000000000E+000                 -3.7238091991586937E+000                  6.5070025346433380E-001                  8.8926088082416488E-001                  1.0397758786561555E+000 
                                     361                  2.9989860700168545E+000                  7.0892713397297735E-001                  5.3526499464282296E+000                 -5.4487407966298962E+000                  8.0549033711772733E+000                  6.9999999999759421E-001                  2.8000000000240588E-001                  1.9999999999999907E-002                  0.0000000000000000E+000                  5.0588138366809422E+008                  7.1305065248569520E+006                  4.5684336553615608E-024                  0.0000000000000000E+000                  0.0000000000000000E+000                  1.4882993098899142E+001                  2.0226118465494839E+010                  3.6245397048367383E-008                  0.0000000000000000E+000                 -3.7203735692143840E+000                  6.5330876358188483E-001                  8.9186939094171591E-001                  1.0423843887737065E+000 
                                     362                  2.9989852501324523E+000                  7.0857553008753282E-001                  5.3562752304596097E+000                 -5.4380965047867900E+000                  8.0691880723881404E+000                  6.9999999999759421E-001                  2.8000000000240599E-001                  1.9999999999999796E-002                  0.0000000000000000E+000                  5.0597471561030591E+008                  7.1604078833231665E+006                  5.4331877565747182E-024                  0.0000000000000000E+000                  0.0000000000000000E+000                  1.4787300928008072E+001                  2.0340300433582527E+010                  3.6671964327970887E-008                  0.0000000000000000E+000                 -3.7178329132505410E+000                  6.5523195840085913E-001                  8.9379258576069021E-001                  1.0443075835926807E+000 
                                     363                  2.9989841425351371E+000                  7.0811073324910978E-001                  5.3598036997773599E+000                 -5.4275703925951184E+000                  8.0832477946695569E+000                  6.9999999999759421E-001                  2.8000000000240605E-001                  1.9999999999999796E-002                  0.0000000000000000E+000                  5.0599748908280373E+008                  7.1895944949586382E+006                  6.4315987642183384E-024                  0.0000000000000000E+000                  0.0000000000000000E+000                  1.4692208872485427E+001                  2.0489157551754841E+010                  3.7229538463027161E-008                  2.0132304741262957E-021                 -3.7145561738623716E+000                  6.5774361907564938E-001                  8.9630424643548046E-001                  1.0468192442674711E+000 
                                     364                  2.9989832984533051E+000                  7.0776403069358296E-001                  5.3632836426852855E+000                 -5.4171553978540574E+000                  8.0971458589786884E+000                  6.9999999999759421E-001                  2.8000000000240599E-001                  1.9999999999999796E-002                  0.0000000000000000E+000                  5.0600599331098765E+008                  7.2184891635265546E+006                  7.5934106194388430E-024                  0.0000000000000000E+000                  0.0000000000000000E+000                  1.4593858725469916E+001                  2.0598652449038754E+010                  3.7638719592220248E-008                  5.9885519324864246E-021                 -3.7121825794913006E+000                  6.5959468875987526E-001                  8.9815531611970634E-001                  1.0486703139516969E+000 
                                     365                  2.9989821565418859E+000                  7.0730483407413869E-001                  5.3671660092269269E+000                 -5.4053830457240846E+000                  8.1127952382951083E+000                  6.9999999999759410E-001                  2.8000000000240605E-001                  1.9999999999999796E-002                  0.0000000000000000E+000                  5.0595282412856650E+008                  7.2508279163334277E+006                  9.1378982318925617E-024                  0.0000000000000000E+000                  0.0000000000000000E+000                  1.4481672059032290E+001                  2.0742048035307343E+010                  3.8174287315819448E-008                  3.8778891421510832E-021                 -3.7091145310676126E+000                  6.6201787374852206E-001                  9.0057850110835325E-001                  1.0510934989403438E+000 
                                     366                  2.9989809945585617E+000                  7.0684862184239894E-001                  5.3709657106766606E+000                 -5.3937411618717981E+000                  8.1282246665275224E+000                  6.9999999999759421E-001                  2.8000000000240605E-001                  1.9999999999999796E-002                  0.0000000000000000E+000                  5.0585182314854902E+008                  7.2825904539794615E+006                  1.0951127672523663E-023                  0.0000000000000000E+000                  0.0000000000000000E+000                  1.4368830172955800E+001                  2.0881946072171890E+010                  3.8690527516587981E-008                 -4.1440817800553715E-021                 -3.7061976744779468E+000                  6.6439401662288500E-001                  9.0295464398271619E-001                  1.0534696418147067E+000 
                                     367                  2.9989798121542806E+000                  7.0639524898182426E-001                  5.3737434448473911E+000                 -5.3851042717126072E+000                  8.1396231338789455E+000                  6.9999999999759410E-001                  2.8000000000240610E-001                  1.9999999999999796E-002                  0.0000000000000000E+000                  5.0572668397576487E+008                  7.3058686878695088E+006                  1.2500462206544908E-023                  0.0000000000000000E+000                  0.0000000000000000E+000                  1.4285757476382932E+001                  2.1018175591041393E+010                  3.9184759647191335E-008                 -6.0460317518875193E-021                 -3.7034414063890608E+000                  6.6672556563855279E-001                  9.0528619299838387E-001                  1.0558011908303744E+000 
                                     368                  2.9989792158028976E+000                  7.0617056501367881E-001                  5.3765112765048357E+000                 -5.3765354840192678E+000                  8.1509458126189713E+000                  6.9999999999759410E-001                  2.8000000000240610E-001                  1.9999999999999796E-002                  0.0000000000000000E+000                  5.0561761371215212E+008                  7.3291452987512527E+006                  1.4257511291241014E-023                  0.0000000000000000E+000                  0.0000000000000000E+000                  1.4199377102728462E+001                  2.1085250806552151E+010                  3.9426954515680903E-008                 -2.0014243111775499E-021                 -3.7021033840745456E+000                  6.6787006740675581E-001                  9.0643069476658689E-001                  1.0569456925985776E+000 
                                     369                  2.9989780021450905E+000                  7.0572119066573036E-001                  5.3801217621510107E+000                 -5.3651953844253724E+000                  8.1658688705143696E+000                  6.9999999999759399E-001                  2.8000000000240610E-001                  1.9999999999999907E-002                  0.0000000000000000E+000                  5.0540966891416430E+008                  7.3595808723804122E+006                  1.6925938126021472E-023                  0.0000000000000000E+000                  0.0000000000000000E+000                  1.4086436215353274E+001                  2.1218551403265911E+010                  3.9905917989835029E-008                  0.0000000000000000E+000                 -3.6994813471472887E+000                  6.7013823962091745E-001                  9.0869886698074864E-001                  1.0592138648127392E+000 
                                     370                  2.9989767671680210E+000                  7.0527432686267733E-001                  5.3836628516564300E+000                 -5.3539674804933970E+000                  8.1806048181372422E+000                  6.9999999999759399E-001                  2.8000000000240616E-001                  1.9999999999999796E-002                  0.0000000000000000E+000                  5.0516363573848540E+008                  7.3895274295224724E+006                  2.0024392460726175E-023                  0.0000000000000000E+000                  0.0000000000000000E+000                  1.3973979004817837E+001                  2.1348489090141788E+010                  4.0361641019582696E-008                  0.0000000000000000E+000                 -3.6970155922871730E+000                  6.7236689217725687E-001                  9.1092751953708795E-001                  1.0614425173690785E+000 
                                     371                  2.9989755105012121E+000                  7.0482985371246909E-001                  5.3871378849315947E+000                 -5.3428473448470841E+000                  8.1951617678871411E+000                  6.9999999999759399E-001                  2.8000000000240621E-001                  1.9999999999999796E-002                  0.0000000000000000E+000                  5.0488209932667857E+008                  7.4190075318216709E+006                  2.3612212775362547E-023                  0.0000000000000000E+000                  0.0000000000000000E+000                  1.3862247783910602E+001                  2.1475847198135075E+010                  4.0799402049110788E-008                  0.0000000000000000E+000                 -3.6946731009143075E+000                  6.7455784697212062E-001                  9.1311847433195181E-001                  1.0636334721639424E+000 
                                     372                  2.9989742317678281E+000                  7.0438765725345620E-001                  5.3905500205167325E+000                 -5.3318308403985961E+000                  8.2095473470348548E+000                  6.9999999999759399E-001                  2.8000000000240627E-001                  1.9999999999999796E-002                  0.0000000000000000E+000                  5.0456754596350235E+008                  7.4480427358765500E+006                  2.7755791411948946E-023                  0.0000000000000000E+000                  0.0000000000000000E+000                  1.3751445446110059E+001                  2.1600737147172039E+010                  4.1219175950058954E-008                  0.0000000000000000E+000                 -3.6924503474225019E+000                  6.7671290236228376E-001                  9.1527352972211484E-001                  1.0657885275541055E+000 
                                     373                  2.9989729305845652E+000                  7.0394762900281638E-001                  5.3939022448026464E+000                 -5.3209140908809704E+000                  8.2237687356206681E+000                  6.9999999999759399E-001                  2.8000000000240627E-001                  1.9999999999999796E-002                  0.0000000000000000E+000                  5.0422234561651444E+008                  7.4766536280829152E+006                  3.2529315579408432E-023                  0.0000000000000000E+000                  0.0000000000000000E+000                  1.3641741590039981E+001                  2.1723266084175465E+010                  4.1621074278767354E-008                  0.0000000000000000E+000                 -3.6903433572169346E+000                  6.7883376242876781E-001                  9.1739438978859889E-001                  1.0679093876205896E+000 
                                     374                  2.9989716065615393E+000                  7.0350966555219596E-001                  5.3971973813862961E+000                 -5.3100934557345365E+000                  8.2378327007223184E+000                  6.9999999999759377E-001                  2.8000000000240644E-001                  1.9999999999999796E-002                  0.0000000000000000E+000                  5.0384874667103457E+008                  7.5048598536877455E+006                  3.8015580337170025E-023                  0.0000000000000000E+000                  0.0000000000000000E+000                  1.3533277726260426E+001                  2.1843536882287292E+010                  4.2005311093108536E-008                  0.0000000000000000E+000                 -3.6883478972700559E+000                  6.8092204179286420E-001                  9.1948266915269528E-001                  1.0699976669846860E+000 
                                     375                  2.9989702593021796E+000                  7.0307366820385464E-001                  5.4004381003708479E+000                 -5.2993655084080995E+000                  8.2517456275017924E+000                  6.9999999999759377E-001                  2.8000000000240644E-001                  1.9999999999999796E-002                  0.0000000000000000E+000                  5.0344887798444015E+008                  7.5326801518625915E+006                  4.4306880230539275E-023                  0.0000000000000000E+000                  0.0000000000000000E+000                  1.3426171708944979E+001                  2.1961648198767170E+010                  4.2372175256191974E-008                  0.0000000000000000E+000                 -3.6864596200468092E+000                  6.8297927019066518E-001                  9.2153989755049626E-001                  1.0720548953824869E+000 
                                     376                  2.9989688884031107E+000                  7.0263954264196804E-001                  5.4036269275849378E+000                 -5.2887270180105661E+000                  8.2655135473873820E+000                  6.9999999999759377E-001                  2.8000000000240649E-001                  1.9999999999999796E-002                  0.0000000000000000E+000                  5.0302475374431509E+008                  7.5601324220076734E+006                  5.1505987249122798E-023                  0.0000000000000000E+000                  0.0000000000000000E+000                  1.3320522448699876E+001                  2.2077694584324924E+010                  4.2722006174342110E-008                  2.2215253559488254E-021                 -3.6846741807754557E+000                  6.8500689788955660E-001                  9.2356752524938779E-001                  1.0740825230813782E+000 
                                     377                  2.9989674934540398E+000                  7.0220719863403880E-001                  5.4067662536780974E+000                 -5.2781749337401553E+000                  8.2791421637023888E+000                  6.9999999999759377E-001                  2.8000000000240649E-001                  1.9999999999999796E-002                  0.0000000000000000E+000                  5.0257828328210020E+008                  7.5872337971151536E+006                  5.9727223636052614E-023                  0.0000000000000000E+000                  0.0000000000000000E+000                  1.3216413612843171E+001                  2.2191766643152988E+010                  4.3055173260794367E-008                  1.1089333282898405E-020                 -3.6829873293800217E+000                  6.8700630198179025E-001                  9.2556692934162133E-001                  1.0760819271736120E+000 
                                     378                  2.9989660740376385E+000                  7.0177654975826609E-001                  5.4098583424886790E+000                 -5.2677063694690984E+000                  8.2926368750132529E+000                  6.9999999999759366E-001                  2.8000000000240655E-001                  1.9999999999999796E-002                  0.0000000000000000E+000                  5.0211127567255092E+008                  7.6140006075181477E+006                  6.9097637709419887E-023                  0.0000000000000000E+000                  0.0000000000000000E+000                  1.3113912682071227E+001                  2.2303951175126278E+010                  4.3372070726577056E-008                  2.2143786374075992E-020                 -3.6813949213482879E+000                  6.8897878954593339E-001                  9.2753941690576458E-001                  1.0780544147377551E+000 
                                     379                  2.9989646297294237E+000                  7.0134751315549859E-001                  5.4129053385324415E+000                 -5.2573185901619235E+000                  8.3060027964361876E+000                  6.9999999999759355E-001                  2.8000000000240671E-001                  1.9999999999999796E-002                  0.0000000000000000E+000                  5.0162545111737210E+008                  7.6404484102347596E+006                  7.9758291204257378E-023                  0.0000000000000000E+000                  0.0000000000000000E+000                  1.3013072605704432E+001                  2.2414331286092587E+010                  4.3673118061350571E-008                  1.9847725168627052E-020                 -3.6798929001637020E+000                  6.9092559935788000E-001                  9.2948622671771119E-001                  1.0800012245497017E+000 
                                     380                  2.9989631600976367E+000                  7.0092000930287779E-001                  5.4159092740341022E+000                 -5.2470089998678047E+000                  8.3192447791127897E+000                  6.9999999999759355E-001                  2.8000000000240671E-001                  1.9999999999999796E-002                  0.0000000000000000E+000                  5.0112244158625448E+008                  7.6665920285241790E+006                  9.1865669068708097E-023                  0.0000000000000000E+000                  0.0000000000000000E+000                  1.2913933690870564E+001                  2.2522986510851406E+010                  4.3958753488892456E-008                  2.0191036624549229E-021                 -3.6784773155466000E+000                  6.9284790565195942E-001                  9.3140853301179061E-001                  1.0819235308437811E+000 
                                     381                  2.9989616647031228E+000                  7.0049396180669032E-001                  5.4188720755599276E+000                 -5.2367751309902912E+000                  8.3323674280402695E+000                  6.9999999999759333E-001                  2.8000000000240682E-001                  1.9999999999999796E-002                  0.0000000000000000E+000                  5.0060378622531313E+008                  7.6924455888595423E+006                  1.0559322284570042E-022                  0.0000000000000000E+000                  0.0000000000000000E+000                  1.2816525201642607E+001                  2.2629992942843842E+010                  4.4229427510894016E-008                 -1.1280321754038432E-020                 -3.6771443409693778E+000                  6.9474682195223159E-001                  9.3330744931206266E-001                  1.0838224471440532E+000 
                                     382                  2.9989601430991981E+000                  7.0006929721236044E-001                  5.4232879539339818E+000                 -5.2215478517926401E+000                  8.3519021217546605E+000                  6.9999999999759333E-001                  2.8000000000240688E-001                  1.9999999999999796E-002                  0.0000000000000000E+000                  4.9984758568732965E+008                  7.7311371300030118E+006                  1.2987821238344310E-022                  0.0000000000000000E+000                  0.0000000000000000E+000                  1.2669215019327854E+001                  2.2736415454838852E+010                  4.4490712725541462E-008                 -8.9608550634538243E-021                 -3.6758653184758265E+000                  6.9662320177700288E-001                  9.3518382913683396E-001                  1.0856988269688244E+000 
                                     383                  2.9989570194380146E+000                  6.9922385139470955E-001                  5.4275326608235126E+000                 -5.2065067811120436E+000                  8.3710616673019480E+000                  6.9999999999759321E-001                  2.8000000000240693E-001                  1.9999999999999796E-002                  0.0000000000000000E+000                  4.9896949751875341E+008                  7.7684115701416377E+006                  1.5852908465292363E-022                  0.0000000000000000E+000                  0.0000000000000000E+000                  1.2534667392917132E+001                  2.2942865270997883E+010                  4.4963364165630338E-008                 -2.2259617650406872E-021                 -3.6735706011226275E+000                  7.0031421693109708E-001                  9.3887484429092816E-001                  1.0893898421229187E+000 
                                     384                  2.9989554164486201E+000                  6.9880291985499154E-001                  5.4303482173554105E+000                 -5.1965532739307179E+000                  8.3837486632775793E+000                  6.9999999999759321E-001                  2.8000000000240705E-001                  1.9999999999999796E-002                  0.0000000000000000E+000                  4.9840081826385045E+008                  7.7932364206358930E+006                  1.8087419119088029E-022                  0.0000000000000000E+000                  0.0000000000000000E+000                  1.2444264787989814E+001                  2.3043016958106579E+010                  4.5173776419309188E-008                  0.0000000000000000E+000                 -3.6725568009722127E+000                  7.0212978365745748E-001                  9.4069041101728856E-001                  1.0912054088492791E+000 
                                     385                  2.9989537853852792E+000                  6.9838310358962663E-001                  5.4331308801777274E+000                 -5.1866647563703738E+000                  8.3963361862064723E+000                  6.9999999999759321E-001                  2.8000000000240705E-001                  1.9999999999999796E-002                  0.0000000000000000E+000                  4.9782231179598671E+008                  7.8178348084082427E+006                  2.0602611599839762E-022                  0.0000000000000000E+000                  0.0000000000000000E+000                  1.2355544003702128E+001                  2.3142804658063591E+010                  4.5377162617858345E-008                  0.0000000000000000E+000                 -3.6715813317699690E+000                  7.0392679285285886E-001                  9.4248742021268994E-001                  1.0930024180446807E+000 
                                     386                  2.9989521257617424E+000                  6.9796434148847208E-001                  5.4358820411911477E+000                 -5.1768393360362213E+000                  8.4088276649995901E+000                  6.9999999999759321E-001                  2.8000000000240705E-001                  1.9999999999999796E-002                  0.0000000000000000E+000                  4.9723493985617429E+008                  7.8422175727648567E+006                  2.3430147097136075E-022                  0.0000000000000000E+000                  0.0000000000000000E+000                  1.2268462599208606E+001                  2.3241333765049953E+010                  4.5568993994742394E-008                 -1.5878714353322379E-021                 -3.6706652795134138E+000                  7.0570613163098439E-001                  9.4426675899081547E-001                  1.0947817568228060E+000 
                                     387                  2.9989504370834399E+000                  6.9754657453602442E-001                  5.4399925002444611E+000                 -5.1621989429880042E+000                  8.4274541109331373E+000                  6.9999999999759310E-001                  2.8000000000240705E-001                  1.9999999999999796E-002                  0.0000000000000000E+000                  4.9637937508704561E+008                  7.8787934855282037E+006                  2.8378925305243430E-022                  0.0000000000000000E+000                  0.0000000000000000E+000                  1.2136963048277224E+001                  2.3339565983623310E+010                  4.5754212992262247E-008                 -6.3330471899274464E-021                 -3.6697844552244288E+000                  7.0746843144058280E-001                  9.4602905880041399E-001                  1.0965440566324045E+000 
                                     388                  2.9989469705418199E+000                  6.9671381709287517E-001                  5.4439602917776009E+000                 -5.1477253257248092E+000                  8.4457574881773354E+000                  6.9999999999759288E-001                  2.8000000000240732E-001                  1.9999999999999796E-002                  0.0000000000000000E+000                  4.9543008901785439E+008                  7.9141813908326793E+006                  3.4155234609205997E-022                  0.0000000000000000E+000                  0.0000000000000000E+000                  1.2016525057937677E+001                  2.3530839730599331E+010                  4.6086937829135317E-008                 -7.0534099016267112E-021                 -3.6682110734500979E+000                  7.1094623921739752E-001                  9.4950686657722860E-001                  1.1000218644092192E+000 
                                     389                  2.9989451916464924E+000                  6.9629869949549095E-001                  5.4465978992269672E+000                 -5.1381346740971789E+000                  8.4578961081237036E+000                  6.9999999999759288E-001                  2.8000000000240738E-001                  1.9999999999999796E-002                  0.0000000000000000E+000                  4.9481530741591609E+008                  7.9377994732924290E+006                  3.8618733968577202E-022                  0.0000000000000000E+000                  0.0000000000000000E+000                  1.1935621036466006E+001                  2.3623972329361664E+010                  4.6233725571167932E-008                  3.2623314700809790E-021                 -3.6675205545808898E+000                  7.1266235971633418E-001                  9.5122298707616526E-001                  1.1017379849081559E+000 
                                     390                  2.9989433816320856E+000                  6.9588436001639742E-001                  5.4492099496418653E+000                 -5.1285986678013415E+000                  8.4699536679175562E+000                  6.9999999999759266E-001                  2.8000000000240749E-001                  1.9999999999999796E-002                  0.0000000000000000E+000                  4.9419512487625831E+008                  7.9612499047344364E+006                  4.3608346442342284E-022                  0.0000000000000000E+000                  0.0000000000000000E+000                  1.1856174843101513E+001                  2.3716965522308582E+010                  4.6376096674677554E-008                  1.1102810729222795E-020                 -3.6668529036574031E+000                  7.1436437531240626E-001                  9.5292500267223745E-001                  1.1034400005042280E+000 
                                     391                  2.9989415399602821E+000                  6.9547074867038072E-001                  5.4517974609798951E+000                 -5.1191157993735787E+000                  8.4819327883001598E+000                  6.9999999999759255E-001                  2.8000000000240766E-001                  1.9999999999999796E-002                  0.0000000000000000E+000                  4.9356999975911546E+008                  7.9845413515742272E+006                  4.9180525199245277E-022                  0.0000000000000000E+000                  0.0000000000000000E+000                  1.1778164914106757E+001                  2.3808987605332382E+010                  4.6510003469434224E-008                  4.7148226492025304E-021                 -3.6662268140460466E+000                  7.1605295789580925E-001                  9.5461358525564033E-001                  1.1051285830876310E+000 
                                     392                  2.9989396660835652E+000                  6.9505781702541780E-001                  5.4556710554037755E+000                 -5.1049691592321613E+000                  8.4998197304460597E+000                  6.9999999999759244E-001                  2.8000000000240782E-001                  1.9999999999999796E-002                  0.0000000000000000E+000                  4.9265816004212064E+008                  8.0195513375250706E+006                  5.8851728844872795E-022                  0.0000000000000000E+000                  0.0000000000000000E+000                  1.1660571748937997E+001                  2.3900922332135078E+010                  4.6639267624787060E-008                  1.7292739517665180E-021                 -3.6656241389552560E+000                  7.1772862060568299E-001                  9.5628924796551407E-001                  1.1068042457975047E+000 
                                     393                  2.9989358194784077E+000                  6.9423382488874774E-001                  5.4594232374357077E+000                 -5.0909733319390558E+000                  8.5174237915058786E+000                  6.9999999999759233E-001                  2.8000000000240793E-001                  1.9999999999999796E-002                  0.0000000000000000E+000                  4.9167097850478655E+008                  8.0535528548574373E+006                  7.0046543769779742E-022                  0.0000000000000000E+000                  0.0000000000000000E+000                  1.1553178898957048E+001                  2.4080503958772831E+010                  4.6866042290771711E-008                  1.3078498997085159E-020                 -3.6645708599568909E+000                  7.2104456233055414E-001                  9.5960518969038533E-001                  1.1101201875223758E+000 
                                     394                  2.9989338456075396E+000                  6.9382265476419380E-001                  5.4619220826163692E+000                 -5.0816892816140165E+000                  8.5291132703036059E+000                  6.9999999999759221E-001                  2.8000000000240793E-001                  1.9999999999999796E-002                  0.0000000000000000E+000                  4.9103064150111634E+008                  8.0762896578742061E+006                  7.8634532485687591E-022                  0.0000000000000000E+000                  0.0000000000000000E+000                  1.1481484221570080E+001                  2.4168223790947098E+010                  4.6961837508934279E-008                  1.9432581311658678E-020                 -3.6641274592407611E+000                  7.2268530059322944E-001                  9.6124592795306052E-001                  1.1117609257850511E+000 
                                     395                  2.9989318372465807E+000                  6.9341198446452923E-001                  5.4644010385202693E+000                 -5.0724518863321002E+000                  8.5407358878180197E+000                  6.9999999999759210E-001                  2.8000000000240810E-001                  1.9999999999999796E-002                  0.0000000000000000E+000                  4.9038784645958602E+008                  8.0989069792610817E+006                  8.8183387644478861E-022                  0.0000000000000000E+000                  0.0000000000000000E+000                  1.1411494811890492E+001                  2.4255984079379715E+010                  4.7052305204252716E-008                  1.1297354805328886E-020                 -3.6637095472983603E+000                  7.2431545643559947E-001                  9.6287608379543055E-001                  1.1133910816274213E+000 
                                     396                  2.9989297937996509E+000                  6.9300177203349533E-001                  5.4668609636791157E+000                 -5.0632600408877719E+000                  8.5522936911193437E+000                  6.9999999999759210E-001                  2.8000000000240816E-001                  1.9999999999999796E-002                  0.0000000000000000E+000                  4.8974320971188557E+008                  8.1214117158903852E+006                  9.8792574604327221E-022                  0.0000000000000000E+000                  0.0000000000000000E+000                  1.1343242821876569E+001                  2.4343008714817604E+010                  4.7133655535909450E-008                  2.4165303106403924E-021                 -3.6633344382200281E+000                  7.2593552456685040E-001                  9.6449615192668159E-001                  1.1150111497586721E+000 
                                     397                  2.9989277146607027E+000                  6.9259197658114346E-001                  5.4705501687311822E+000                 -5.0495348231163293E+000                  8.5695710532785014E+000                  6.9999999999759199E-001                  2.8000000000240832E-001                  1.9999999999999685E-002                  0.0000000000000000E+000                  4.8880326953708774E+008                  8.1553001893774224E+006                  1.1708713207335097E-021                  0.0000000000000000E+000                  0.0000000000000000E+000                  1.1241234617734195E+001                  2.4430129254596252E+010                  4.7208740775123932E-008                  1.6731609244363703E-021                 -3.6629887917956903E+000                  7.2754591016201242E-001                  9.6610653752184361E-001                  1.1166215353538340E+000 
                                     398                  2.9989234468307009E+000                  6.9177349767178475E-001                  5.4753654236920450E+000                 -5.0314123406837821E+000                  8.5923203494360312E+000                  6.9999999999759177E-001                  2.8000000000240838E-001                  1.9999999999999796E-002                  0.0000000000000000E+000                  4.8750910622763610E+008                  8.1997150168623300E+006                  1.4613618639357516E-021                  0.0000000000000000E+000                  0.0000000000000000E+000                  1.1115453517349163E+001                  2.4602410513112137E+010                  4.7332092946246525E-008                  6.6616012667353590E-021                 -3.6624221456647006E+000                  7.3074017613440800E-001                  9.6930080349423908E-001                  1.1198158013262296E+000 
                                     399                  2.9989190286982925E+000                  6.9095621881449876E-001                  5.4789150534587980E+000                 -5.0179119722898822E+000                  8.6092251577639480E+000                  6.9999999999759166E-001                  2.8000000000240860E-001                  1.9999999999999796E-002                  0.0000000000000000E+000                  4.8651061777203739E+008                  8.2325929749296661E+006                  1.7205130786525114E-021                  0.0000000000000000E+000                  0.0000000000000000E+000                  1.1028074944096010E+001                  2.4769240505959648E+010                  4.7408125163356379E-008                  9.9467043071224000E-021                 -3.6620736096354873E+000                  7.3390159952545109E-001                  9.7246222688528206E-001                  1.1229772247172727E+000 
                                     400                  2.9989167418647877E+000                  6.9054439657416811E-001                  5.4812769435874680E+000                 -5.0089731618052653E+000                  8.6204320372081362E+000                  6.9999999999759166E-001                  2.8000000000240866E-001                  1.9999999999999685E-002                  0.0000000000000000E+000                  4.8586521388783246E+008                  8.2545586693066843E+006                  1.9173435918933163E-021                  0.0000000000000000E+000                  0.0000000000000000E+000                  1.0970171074722161E+001                  2.4852556390369644E+010                  4.7433710408250730E-008                  6.6161569715925125E-021                 -3.6619564510959215E+000                  7.3548436635461079E-001                  9.7404499371444186E-001                  1.1245599915464326E+000 
                                     401                  2.9989144550312830E+000                  6.9013982479766289E-001                  5.4836257415440581E+000                 -5.0000727896292956E+000                  8.6315877265368197E+000                  6.9999999999759133E-001                  2.8000000000240882E-001                  1.9999999999999796E-002                  0.0000000000000000E+000                  4.8522172426713026E+008                  8.2764636845737016E+006                  2.1351139026387296E-021                  0.0000000000000000E+000                  0.0000000000000000E+000                  1.0913581007186894E+001                  2.4934709747094627E+010                  4.7455147231646148E-008                 -3.6673055920315860E-023                 -3.6618583374237783E+000                  7.3703306829675685E-001                  9.7559369565658793E-001                  1.1261086934885784E+000 
                                     402                  2.9989120877244786E+000                  6.8972835376209052E-001                  5.4859606130785981E+000                 -4.9912109560442621E+000                  8.6426911670301454E+000                  6.9999999999759133E-001                  2.8000000000240888E-001                  1.9999999999999796E-002                  0.0000000000000000E+000                  4.8457938817342818E+008                  8.2982984151797397E+006                  2.3757957905223890E-021                  0.0000000000000000E+000                  0.0000000000000000E+000                  1.0858291163331490E+001                  2.5017824494791012E+010                  4.7471168388931036E-008                 -4.1856302957123028E-021                 -3.6617850395166265E+000                  7.3860208031261809E-001                  9.7716270767244917E-001                  1.1276777055044398E+000 
                                     403                  2.9989097204176738E+000                  6.8932405622664972E-001                  5.4894601067348576E+000                 -4.9780029450572414E+000                  8.6592633694856964E+000                  6.9999999999759110E-001                  2.8000000000240910E-001                  1.9999999999999796E-002                  0.0000000000000000E+000                  4.8364750413160479E+008                  8.3311562220946420E+006                  2.7869564269078253E-021                  0.0000000000000000E+000                  0.0000000000000000E+000                  1.0775120959325495E+001                  2.5099807817552483E+010                  4.7484894772379994E-008                  9.1726531124111560E-023                 -3.6617222600328168E+000                  7.4013783185153315E-001                  9.7869845921136434E-001                  1.1292134570433550E+000 
                                     404                  2.9989048192595757E+000                  6.8850866440822356E-001                  5.4940571503652720E+000                 -4.9604961560103913E+000                  8.6811828619763922E+000                  6.9999999999759088E-001                  2.8000000000240932E-001                  1.9999999999999796E-002                  0.0000000000000000E+000                  4.8237724650450987E+008                  8.3744983868833845E+006                  3.4364577830579770E-021                  0.0000000000000000E+000                  0.0000000000000000E+000                  1.0670599291483205E+001                  2.5263972047078762E+010                  4.7501723287548785E-008                  9.7910996365021085E-021                 -3.6616453172854890E+000                  7.4321849637359305E-001                  9.8177912373342424E-001                  1.1322941215654148E+000 
                                     405                  2.9988997457669200E+000                  6.8769337103474371E-001                  5.4986097007862824E+000                 -4.9431256328718929E+000                  8.7029232399839689E+000                  6.9999999999759077E-001                  2.8000000000240954E-001                  1.9999999999999685E-002                  0.0000000000000000E+000                  4.8111877265929782E+008                  8.4176504820350744E+006                  4.2264812234573022E-021                  0.0000000000000000E+000                  0.0000000000000000E+000                  1.0569230317420192E+001                  2.5425093653874607E+010                  4.7500200159108627E-008                  1.3557929089996813E-020                 -3.6616522801579534E+000                  7.4627676018773659E-001                  9.8483738754756778E-001                  1.1353523853795584E+000 
                                     406                  2.9988944939509605E+000                  6.8687793114664708E-001                  5.5031207371364399E+000                 -4.9258845966369220E+000                  8.7244943513729059E+000                  6.9999999999759044E-001                  2.8000000000240982E-001                  1.9999999999999796E-002                  0.0000000000000000E+000                  4.7987315019855565E+008                  8.4606346719870865E+006                  5.1855710169663076E-021                  0.0000000000000000E+000                  0.0000000000000000E+000                  1.0470487016655325E+001                  2.5584795217184128E+010                  4.7490477555060671E-008                  1.0185722097693539E-020                 -3.6616967316073392E+000                  7.4931442466384424E-001                  9.8787505202367543E-001                  1.1383900498556661E+000 
                                     407                  2.9988890576175642E+000                  6.8606211106903692E-001                  5.5075929556456060E+000                 -4.9087665911130864E+000                  8.7459054116737054E+000                  6.9999999999759011E-001                  2.8000000000241004E-001                  1.9999999999999796E-002                  0.0000000000000000E+000                  4.7864064871572644E+008                  8.5034734283669069E+006                  6.3477667958941348E-021                  0.0000000000000000E+000                  0.0000000000000000E+000                  1.0374304384172898E+001                  2.5743182060170422E+010                  4.7474337273821867E-008                  5.0961063769130549E-021                 -3.6617705445785802E+000                  7.5233312441832012E-001                  9.9089375177815131E-001                  1.1414087496101419E+000 
                                     408                  2.9988834303602765E+000                  6.8524568768118554E-001                  5.5120289268418698E+000                 -4.8917656176245199E+000                  8.7671650563864389E+000                  6.9999999999758977E-001                  2.8000000000241032E-001                  1.9999999999999907E-002                  0.0000000000000000E+000                  4.7742138817055511E+008                  8.5461892866688371E+006                  7.7536455507294793E-021                  0.0000000000000000E+000                  0.0000000000000000E+000                  1.0280810010930139E+001                  2.5900351624675293E+010                  4.7451472456229056E-008                 -4.0992605196694839E-023                 -3.6618751532654121E+000                  7.5533446494182443E-001                  9.9389509230165551E-001                  1.1444100901336463E+000 
                                     409                  2.9988776055531581E+000                  6.8442844745647347E-001                  5.5164311360048837E+000                 -4.8748761322071319E+000                  8.7882813880196373E+000                  6.9999999999758955E-001                  2.8000000000241071E-001                  1.9999999999999796E-002                  0.0000000000000000E+000                  4.7621573808209878E+008                  8.5888035962875932E+006                  9.4515477696030967E-021                  0.0000000000000000E+000                  0.0000000000000000E+000                  1.0190071703569664E+001                  2.6056399870875019E+010                  4.7421130977825204E-008                 -6.5366565024860476E-021                 -3.6620140462294066E+000                  7.5831998681195434E-001                  9.9688061417178542E-001                  1.1473956120037760E+000 
                                     410                  2.9988715763433884E+000                  6.8361018552562092E-001                  5.5208019680189295E+000                 -4.8580929823562400E+000                  8.8092620185029737E+000                  6.9999999999758922E-001                  2.8000000000241099E-001                  1.9999999999999796E-002                  0.0000000000000000E+000                  4.7502428516385704E+008                  8.6313363773634508E+006                  1.1499017701770167E-020                  0.0000000000000000E+000                  0.0000000000000000E+000                  1.0102100516759025E+001                  2.6211421670316982E+010                  4.7382914639399093E-008                 -1.3045435851157499E-020                 -3.6621891141359284E+000                  7.6129113254564662E-001                  9.9985175990547770E-001                  1.1503667577374683E+000 
                                     411                  2.9988653356436168E+000                  6.8279070487328797E-001                  5.5251436939436784E+000                 -4.8414113494801123E+000                  8.8301141075039169E+000                  6.9999999999758900E-001                  2.8000000000241126E-001                  1.9999999999999796E-002                  0.0000000000000000E+000                  4.7384748535249984E+008                  8.6738073205466997E+006                  1.3964502750533204E-020                  0.0000000000000000E+000                  0.0000000000000000E+000                  1.0016856528117721E+001                  2.6365509321308334E+010                  4.7336775883780148E-008                 -1.3018777243824969E-020                 -3.6624006626369985E+000                  7.6424927073281135E-001                  1.0028098980926425E+000                  1.1533248959246329E+000 
                                     412                  2.9988588761240647E+000                  6.8196981565519144E-001                  5.5294584494174819E+000                 -4.8248266860710043E+000                  8.8508443971078687E+000                  6.9999999999758855E-001                  2.8000000000241160E-001                  1.9999999999999796E-002                  0.0000000000000000E+000                  4.7268509549000955E+008                  8.7162373248388860E+006                  1.6929350924348806E-020                  0.0000000000000000E+000                  0.0000000000000000E+000                  9.9342049284977918E+000                  2.6518750815138393E+010                  4.7283204366753943E-008                 -6.4966452307674035E-021                 -3.6626465495697169E+000                  7.6719576157277658E-001                  1.0057563889326075E+000                  1.1562713867645982E+000 
                                     413                  2.9988521902043708E+000                  6.8114733464424804E-001                  5.5337481859084168E+000                 -4.8083346274755412E+000                  8.8714592432574229E+000                  6.9999999999758811E-001                  2.8000000000241210E-001                  1.9999999999999796E-002                  0.0000000000000000E+000                  4.7153668159644508E+008                  8.7586460368897486E+006                  2.0490137054880219E-020                  0.0000000000000000E+000                  0.0000000000000000E+000                  9.8538319982641305E+000                  2.6671226917070862E+010                  4.7223644236283115E-008                 -1.2968930189895924E-021                 -3.6629202507862084E+000                  7.7013193629980592E-001                  1.0086925636596369E+000                  1.1592075614916275E+000 
                                     414                  2.9988452700451593E+000                  6.8032308485364801E-001                  5.5369338860628581E+000                 -4.7960118007369719E+000                  8.8868411616062595E+000                  6.9999999999758777E-001                  2.8000000000241249E-001                  1.9999999999999796E-002                  0.0000000000000000E+000                  4.7066475665879184E+008                  8.7902733405760843E+006                  2.3606990634889021E-020                  0.0000000000000000E+000                  0.0000000000000000E+000                  9.7965338485098119E+000                  2.6821683123789242E+010                  4.7154881028487240E-008                  0.0000000000000000E+000                 -3.6632366732658372E+000                  7.7305921167126823E-001                  1.0116198390310993E+000                  1.1621348368630899E+000 
                                     415                  2.9988416887922487E+000                  6.7990667946176442E-001                  5.5390613432980063E+000                 -4.7878315152303754E+000                  8.8970670640929548E+000                  6.9999999999758777E-001                  2.8000000000241254E-001                  1.9999999999999685E-002                  0.0000000000000000E+000                  4.7010049684710175E+008                  8.8114749644208495E+006                  2.5941166020435357E-020                  0.0000000000000000E+000                  0.0000000000000000E+000                  9.7578139152079473E+000                  2.6897306706783401E+010                  4.7118901699807555E-008                 -1.3318330655587502E-021                 -3.6634024205628548E+000                  7.7453225752642862E-001                  1.0130928848862597E+000                  1.1636078827182501E+000 
                                     416                  2.9988381075393380E+000                  6.7949687623231203E-001                  5.5422595735778364E+000                 -4.7756114720166218E+000                  8.9123664963990450E+000                  6.9999999999758733E-001                  2.8000000000241287E-001                  1.9999999999999796E-002                  0.0000000000000000E+000                  4.6927992567152679E+008                  8.8434703041205835E+006                  2.9878989797512210E-020                  0.0000000000000000E+000                  0.0000000000000000E+000                  9.6988373708305637E+000                  2.6972815350600742E+010                  4.7088468828018806E-008                 -5.3191828544539531E-021                 -3.6635427156233371E+000                  7.7597822579690678E-001                  1.0145388531567379E+000                  1.1650538509887285E+000 
                                     417                  2.9988306943031011E+000                  6.7866858153598553E-001                  5.5464840381011760E+000                 -4.7593723551668141E+000                  8.9326696920691582E+000                  6.9999999999758711E-001                  2.8000000000241315E-001                  1.9999999999999796E-002                  0.0000000000000000E+000                  4.6817065008083832E+008                  8.8859127395141572E+006                  3.6003279321658601E-020                  0.0000000000000000E+000                  0.0000000000000000E+000                  9.6238678422248292E+000                  2.7124728038456493E+010                  4.7026733014368795E-008                 -7.9546267525623000E-021                 -3.6638275954995385E+000                  7.7889029475943072E-001                  1.0174509221192618E+000                  1.1679659199512524E+000 
                                     418                  2.9988230216666398E+000                  6.7783802189613862E-001                  5.5496241900610395E+000                 -4.7472319202777031E+000                  8.9478287251965032E+000                  6.9999999999758677E-001                  2.8000000000241348E-001                  1.9999999999999796E-002                  0.0000000000000000E+000                  4.6732867718591195E+008                  8.9175955965388361E+006                  4.1348679421160970E-020                  0.0000000000000000E+000                  0.0000000000000000E+000                  9.5702233153714769E+000                  2.7273447728665115E+010                  4.6953477226425195E-008                 -7.0688297754650565E-021                 -3.6641661198636921E+000                  7.8179637666242985E-001                  1.0203570040222609E+000                  1.1708720018542516E+000 
                                     419                  2.9988190511656048E+000                  6.7741825613461981E-001                  5.5517221940451043E+000                 -4.7391693172361231E+000                  8.9579107334130796E+000                  6.9999999999758644E-001                  2.8000000000241382E-001                  1.9999999999999796E-002                  0.0000000000000000E+000                  4.6678334082525790E+008                  8.9388431820150279E+006                  4.5343279579571121E-020                  0.0000000000000000E+000                  0.0000000000000000E+000                  9.5338940547398678E+000                  2.7348248238739803E+010                  4.6916107001662407E-008                 -8.4359217115849769E-021                 -3.6643390159449183E+000                  7.8325972343686112E-001                  1.0218203507966921E+000                  1.1723353486286829E+000 
                                     420                  2.9988150806645706E+000                  6.7700502416770969E-001                  5.5548775291330861E+000                 -4.7271201434546732E+000                  8.9730010681989807E+000                  6.9999999999758622E-001                  2.8000000000241404E-001                  1.9999999999999796E-002                  0.0000000000000000E+000                  4.6598965907231611E+008                  8.9709198919523396E+006                  5.2068002940645058E-020                  0.0000000000000000E+000                  0.0000000000000000E+000                  9.4784553898420718E+000                  2.7422964079289116E+010                  4.6884586883417836E-008                 -1.0659012584138639E-020                 -3.6644849531802501E+000                  7.8469677460676213E-001                  1.0232574019665932E+000                  1.1737723997985838E+000 
                                     421                  2.9988068620260067E+000                  6.7616947498041824E-001                  5.5579920533739928E+000                 -4.7150874227315445E+000                  8.9880300125356936E+000                  6.9999999999758578E-001                  2.8000000000241443E-001                  1.9999999999999796E-002                  0.0000000000000000E+000                  4.6516658371510589E+008                  9.0026818438053597E+006                  5.9686064615038882E-020                  0.0000000000000000E+000                  0.0000000000000000E+000                  9.4268845989469963E+000                  2.7572070957872540E+010                  4.6816601519645651E-008                 -7.0858941604030294E-021                 -3.6648000577591859E+000                  7.8759273834041599E-001                  1.0261533657002471E+000                  1.1766683635322377E+000 
                                     422                  2.9988026090951747E+000                  6.7574708355051749E-001                  5.5611465116294481E+000                 -4.7030466332091008E+000                  9.0031126677275228E+000                  6.9999999999758544E-001                  2.8000000000241476E-001                  1.9999999999999796E-002                  0.0000000000000000E+000                  4.6438077082732117E+008                  9.0350071494981963E+006                  6.8496572591241316E-020                  0.0000000000000000E+000                  0.0000000000000000E+000                  9.3726272082525846E+000                  2.7647092889082825E+010                  4.6782219586672544E-008                  2.5961545748196987E-023                 -3.6649595884483817E+000                  7.8905145523425813E-001                  1.0276120825940893E+000                  1.1781270804260799E+000 
                                     423                  2.9987939546655222E+000                  6.7490739718181880E-001                  5.5642257775675938E+000                 -4.6911567637770890E+000                  9.0179664837027058E+000                  6.9999999999758500E-001                  2.8000000000241515E-001                  1.9999999999999796E-002                  0.0000000000000000E+000                  4.6357537445797026E+008                  9.0666618571361247E+006                  7.8353696714096892E-020                  0.0000000000000000E+000                  0.0000000000000000E+000                  9.3226117164588089E+000                  2.7795522920984631E+010                  4.6715948093413708E-008                  7.1602467947910145E-021                 -3.6652674163915790E+000                  7.9194167366342882E-001                  1.0305023010232599E+000                  1.1810172988552505E+000 
                                     424                  2.9987895531667013E+000                  6.7449007127271710E-001                  5.5673459153505407E+000                 -4.6792553158554284E+000                  9.0328783430797674E+000                  6.9999999999758478E-001                  2.8000000000241543E-001                  1.9999999999999796E-002                  0.0000000000000000E+000                  4.6280669299373555E+008                  9.0988891358463988E+006                  8.9734994817129877E-020                  0.0000000000000000E+000                  0.0000000000000000E+000                  9.2697598899831384E+000                  2.7868970876433929E+010                  4.6683720020127627E-008                  1.0726136371404979E-020                 -3.6654172721162159E+000                  7.9337304075948545E-001                  1.0319336681193165E+000                  1.1824486659513072E+000 
                                     425                  2.9987804427830267E+000                  6.7364595616299106E-001                  5.5714731280246612E+000                 -4.6634240180209430E+000                  9.0526887823283673E+000                  6.9999999999758422E-001                  2.8000000000241609E-001                  1.9999999999999685E-002                  0.0000000000000000E+000                  4.6176869053240287E+008                  9.1416943120056968E+006                  1.0734561090439801E-019                  0.0000000000000000E+000                  0.0000000000000000E+000                  9.2019471540495132E+000                  2.8018154852183441E+010                  4.6627305867893515E-008                  8.4868581225294479E-021                 -3.6656798387075535E+000                  7.9625841855961865E-001                  1.0348190459194495E+000                  1.1853340437514404E+000 
                                     426                  2.9987710144148285E+000                  6.7279871455848483E-001                  5.5755871840813054E+000                 -4.6476493497711138E+000                  9.0724312841248267E+000                  6.9999999999758356E-001                  2.8000000000241659E-001                  1.9999999999999796E-002                  0.0000000000000000E+000                  4.6074245689827186E+008                  9.1845807911344673E+006                  1.2827700656519392E-019                  0.0000000000000000E+000                  0.0000000000000000E+000                  9.1345993199139119E+000                  2.8165648425242302E+010                  4.6569877300908292E-008                  7.1833167992038391E-021                 -3.6659474531574121E+000                  7.9914119214099744E-001                  1.0377018195008285E+000                  1.1882168173328191E+000 
                                     427                  2.9987612571035513E+000                  6.7194821746309297E-001                  5.5796886067167151E+000                 -4.6319282051045239E+000                  9.0921093831719233E+000                  6.9999999999758300E-001                  2.8000000000241720E-001                  1.9999999999999796E-002                  0.0000000000000000E+000                  4.5972777738249588E+008                  9.2275505824426431E+006                  1.5313304143826121E-019                  0.0000000000000000E+000                  0.0000000000000000E+000                  9.0674613763816723E+000                  2.8312774426295959E+010                  4.6518572005087469E-008                  9.4454127557453088E-021                 -3.6661868127051283E+000                  8.0202160745951800E-001                  1.0405822348193490E+000                  1.1910972326513396E+000 
                                     428                  2.9987511595185690E+000                  6.7109433989602096E-001                  5.5837778015300987E+000                 -4.6162575177070773E+000                  9.1117264464753127E+000                  6.9999999999758233E-001                  2.8000000000241781E-001                  1.9999999999999796E-002                  0.0000000000000000E+000                  4.5872430469684684E+008                  9.2706047013927195E+006                  1.8262328499887653E-019                  0.0000000000000000E+000                  0.0000000000000000E+000                  9.0003473868089365E+000                  2.8459526605966194E+010                  4.6474638812321710E-008                  1.2158508691919399E-020                 -3.6663919883780873E+000                  8.0489989504291559E-001                  1.0434605224027467E+000                  1.1939755202347373E+000 
                                     429                  2.9987407099447823E+000                  6.7023696086771045E-001                  5.5878550902580502E+000                 -4.6006342939132461E+000                  9.1312856833677305E+000                  6.9999999999758167E-001                  2.8000000000241854E-001                  1.9999999999999796E-002                  0.0000000000000000E+000                  4.5773197770929843E+008                  9.3137423767719138E+006                  2.1758087366587939E-019                  0.0000000000000000E+000                  0.0000000000000000E+000                  8.9331412210297678E+000                  2.8605892362895775E+010                  4.6438825774219927E-008                  1.6241232711524980E-020                 -3.6665593850591520E+000                  8.0777621511556319E-001                  1.0463368424753943E+000                  1.1968518403073849E+000 
                                     430                  2.9987298962698152E+000                  6.6937596329575244E-001                  5.5919207417543273E+000                 -4.5850556362387609E+000                  9.1507901547765069E+000                  6.9999999999758100E-001                  2.8000000000241920E-001                  1.9999999999999796E-002                  0.0000000000000000E+000                  4.5675081643134630E+008                  9.3569619342203327E+006                  2.5898333660268155E-019                  0.0000000000000000E+000                  0.0000000000000000E+000                  8.8657865845915644E+000                  2.8751855076149250E+010                  4.6411402490326654E-008                  1.8950870745642387E-020                 -3.6666876537929984E+000                  8.1065066064582936E-001                  1.0492112880056603E+000                  1.1997262858376510E+000 
                                     431                  2.9987187059707918E+000                  6.6851123387722100E-001                  5.5959749988120064E+000                 -4.5695187645910869E+000                  9.1702427818095718E+000                  6.9999999999758022E-001                  2.8000000000241998E-001                  1.9999999999999796E-002                  0.0000000000000000E+000                  4.5578081385167402E+008                  9.4002614673089851E+006                  3.0797687897912576E-019                  0.0000000000000000E+000                  0.0000000000000000E+000                  8.7982811670205621E+000                  2.8897396070584576E+010                  4.6392237113020151E-008                  1.4880989078853130E-020                 -3.6667773422767875E+000                  8.1352329501194165E-001                  1.0520839223717726E+000                  1.2025989202037632E+000 
                                     432                  2.9987071261006828E+000                  6.6764266292015040E-001                  5.6000181019854729E+000                 -4.5540210358559259E+000                  9.1896463537261361E+000                  6.9999999999757945E-001                  2.8000000000242081E-001                  1.9999999999999796E-002                  0.0000000000000000E+000                  4.5482195868719351E+008                  9.4436391518700980E+006                  3.6590471409059886E-019                  0.0000000000000000E+000                  0.0000000000000000E+000                  8.7306711363180760E+000                  2.9042496464711727E+010                  4.6380846089306886E-008                  6.7577884532051851E-021                 -3.6668306665665060E+000                  8.1639417561875571E-001                  1.0549548029785867E+000                  1.2054698008105775E+000 
                                     433                  2.9986951432742095E+000                  6.6677014413561475E-001                  5.6040503016572201E+000                 -4.5385599514103578E+000                  9.2090035353427400E+000                  6.9999999999757856E-001                  2.8000000000242170E-001                  1.9999999999999796E-002                  0.0000000000000000E+000                  4.5387422348874015E+008                  9.4870937976965923E+006                  4.3434001806385055E-019                  0.0000000000000000E+000                  0.0000000000000000E+000                  8.6630056790777985E+000                  2.9187138570357929E+010                  4.6376584970032493E-008                  2.7164322631335065E-021                 -3.6668506173194295E+000                  8.1926337393994109E-001                  1.0578240012997722E+000                  1.2083389991317628E+000 
                                     434                  2.9986827436533043E+000                  6.6589357441377750E-001                  5.6080718256390849E+000                 -4.5231331154824055E+000                  9.2283168739184642E+000                  6.9999999999757767E-001                  2.8000000000242253E-001                  1.9999999999999796E-002                  0.0000000000000000E+000                  4.5293739840818202E+008                  9.5306253611063175E+006                  5.1512365050287580E-019                  0.0000000000000000E+000                  0.0000000000000000E+000                  8.5951868474145385E+000                  2.9331305226723328E+010                  4.6379376937387654E-008                  5.4559907787237179E-021                 -3.6668375449951127E+000                  8.2213099966673109E-001                  1.0606916270265621E+000                  1.2112066248585527E+000 
                                     435                  2.9986699129321090E+000                  6.6501285368265572E-001                  5.6120828294728478E+000                 -4.5077381663195544E+000                  9.2475888055602002E+000                  6.9999999999757667E-001                  2.8000000000242348E-001                  1.9999999999999796E-002                  0.0000000000000000E+000                  4.5201123543912548E+008                  9.5742329705307316E+006                  6.1040720789969630E-019                  0.0000000000000000E+000                  0.0000000000000000E+000                  8.5270469045405779E+000                  2.9474976500877045E+010                  4.6389982471244962E-008                  6.7992253301916938E-021                 -3.6667878957910944E+000                  8.2499716764073217E-001                  1.0635577950005632E+000                  1.2140727928325539E+000 
                                     436                  2.9986566363214937E+000                  6.6412788490662400E-001                  5.6160833741816685E+000                 -4.4923727429414990E+000                  9.2668216611748484E+000                  6.9999999999757567E-001                  2.8000000000242453E-001                  1.9999999999999796E-002                  0.0000000000000000E+000                  4.5109547294033241E+008                  9.6179142970385309E+006                  7.2270263530611170E-019                  0.0000000000000000E+000                  0.0000000000000000E+000                  8.4583873086591623E+000                  2.9618126566410076E+010                  4.6409535972487451E-008                 -3.0092342689879329E-023                 -3.6666963869345874E+000                  8.2786193822186738E-001                  1.0664225655816986E+000                  1.2169375634136892E+000 
                                     437                  2.9986428985330744E+000                  6.6323857415604881E-001                  5.6200734144832021E+000                 -4.4770344659998758E+000                  9.2860176719944398E+000                  6.9999999999757456E-001                  2.8000000000242564E-001                  1.9999999999999796E-002                  0.0000000000000000E+000                  4.5018984131620729E+008                  9.6616654548019283E+006                  8.5493915560777889E-019                  0.0000000000000000E+000                  0.0000000000000000E+000                  8.3889840680592602E+000                  2.9760722176020611E+010                  4.6439376684264221E-008                 -6.8268538969611455E-021                 -3.6665568090274685E+000                  8.3072530175706372E-001                  1.0692859291168948E+000                  1.2198009269488854E+000 
                                     438                  2.9986286837627127E+000                  6.6234483072122474E-001                  5.6240527893449475E+000                 -4.4617209224094667E+000                  9.3051789747008637E+000                  6.9999999999757356E-001                  2.8000000000242675E-001                  1.9999999999999685E-002                  0.0000000000000000E+000                  4.4929383487812102E+008                  9.7054818663143031E+006                  1.0105283204831136E-018                  0.0000000000000000E+000                  0.0000000000000000E+000                  8.3185929675417789E+000                  2.9902721688833817E+010                  4.6481031696310241E-008                 -5.4460333296784379E-021                 -3.6663621204396510E+000                  8.3358719678277438E-001                  1.0721478241426055E+000                  1.2226628219745961E+000 
                                     439                  2.9986139756734849E+000                  6.6144656726416740E-001                  5.6280212232081910E+000                 -4.4464296641175336E+000                  9.3243076161752416E+000                  6.9999999999757223E-001                  2.8000000000242803E-001                  1.9999999999999796E-002                  0.0000000000000000E+000                  4.4840620838078052E+008                  9.7493607906226888E+006                  1.1934384330642638E-018                  0.0000000000000000E+000                  0.0000000000000000E+000                  8.2469911187825211E+000                  3.0044074675367294E+010                  4.6536109811526629E-008                 -1.3592481340538365E-021                 -3.6661049622006430E+000                  8.3644758609857606E-001                  1.0750082134584071E+000                  1.2255232112903978E+000 
                                     440                  2.9985987573780988E+000                  6.6054369998002749E-001                  5.6319864339877688E+000                 -4.4311279838525532E+000                  9.3434436604377531E+000                  6.9999999999757090E-001                  2.8000000000242931E-001                  1.9999999999999796E-002                  0.0000000000000000E+000                  4.4752410363363218E+008                  9.7933886729148943E+006                  1.4087528783440088E-018                  0.0000000000000000E+000                  0.0000000000000000E+000                  8.1741018391580749E+000                  3.0184735143974613E+010                  4.6605124020761941E-008                  0.0000000000000000E+000                 -3.6657831659940028E+000                  8.3930646382088347E-001                  1.0778670911807144E+000                  1.2283820890127053E+000 
                                     441                  2.9985829482725448E+000                  6.5963256122012326E-001                  5.6359608255748936E+000                 -4.4157643394174544E+000                  9.3626505214621041E+000                  6.9999999999756946E-001                  2.8000000000243069E-001                  1.9999999999999796E-002                  0.0000000000000000E+000                  4.4664372520550472E+008                  9.8377050081809778E+006                  1.6629609282862000E-018                  0.0000000000000000E+000                  0.0000000000000000E+000                  8.0999473873256012E+000                  3.0325205448931667E+010                  4.6687080891415004E-008                  0.0000000000000000E+000                 -3.6654016397360620E+000                  8.4217508503160865E-001                  1.0807357123914398E+000                  1.2312507102234305E+000 
                                     442                  2.9985664814252293E+000                  6.5871068301956814E-001                  5.6399511437645824E+000                 -4.4003094064092299E+000                  9.3819639520368803E+000                  6.9999999999756801E-001                  2.8000000000243230E-001                  1.9999999999999685E-002                  0.0000000000000000E+000                  4.4576291570041609E+008                  9.8823875870210994E+006                  1.9636590636150405E-018                  0.0000000000000000E+000                  0.0000000000000000E+000                  8.0246781830028553E+000                  3.0465776760028519E+010                  4.6780155818165561E-008                  0.0000000000000000E+000                 -3.6649691679750958E+000                  8.4506073244287694E-001                  1.0836213598027078E+000                  1.2341363576346986E+000 
                                     443                  2.9985493081543328E+000                  6.5777690285811352E-001                  5.6439588393587030E+000                 -4.3847549498529181E+000                  9.4013935254296097E+000                  6.9999999999756624E-001                  2.8000000000243402E-001                  1.9999999999999796E-002                  0.0000000000000000E+000                  4.4488084772862858E+008                  9.9274561419213302E+006                  2.3196052739062476E-018                  0.0000000000000000E+000                  0.0000000000000000E+000                  7.9485720494604530E+000                  3.0606538803882122E+010                  4.6882247097604306E-008                  1.3279000990261010E-021                 -3.6644957902323796E+000                  8.4796652700318209E-001                  1.0865271543630131E+000                  1.2370421521950039E+000 
                                     444                  2.9985313981075632E+000                  6.5683120351892810E-001                  5.6479772640254255E+000                 -4.3691246795813576E+000                  9.4209090562523929E+000                  6.9999999999756446E-001                  2.8000000000243580E-001                  1.9999999999999796E-002                  0.0000000000000000E+000                  4.4399789538198370E+008                  9.9728423078128248E+006                  2.7403546347000048E-018                  0.0000000000000000E+000                  0.0000000000000000E+000                  7.8720954171137967E+000                  3.0747411428033531E+010                  4.6990987155405743E-008                  5.3045459813452166E-021                 -3.6639927157557897E+000                  8.5089213169352385E-001                  1.0894527590533549E+000                  1.2399677568853456E+000 
                                     445                  2.9985127730434891E+000                  6.5587626632187868E-001                  5.6520174802968981E+000                 -4.3533769103343651E+000                  9.4405630124455566E+000                  6.9999999999756246E-001                  2.8000000000243780E-001                  1.9999999999999796E-002                  0.0000000000000000E+000                  4.4311129812992948E+008                  1.0018679257592401E+007                  3.2392198231149595E-018                  0.0000000000000000E+000                  0.0000000000000000E+000                  7.7953573656783570E+000                  3.0887966346397770E+010                  4.7103722384982477E-008                  9.2599251712918759E-021                 -3.6634723856353486E+000                  8.5382910531530065E-001                  1.0923897326751317E+000                  1.2429047305071224E+000 
                                     446                  2.9984932433887868E+000                  6.5490415865311069E-001                  5.6560851403064989E+000                 -4.3374869298442134E+000                  9.4603855133967603E+000                  6.9999999999756024E-001                  2.8000000000243991E-001                  1.9999999999999796E-002                  0.0000000000000000E+000                  4.4221859654295814E+008                  1.0065040013821121E+007                  3.8319209528864728E-018                  0.0000000000000000E+000                  0.0000000000000000E+000                  7.7185770597002801E+000                  3.1029313919651276E+010                  4.7219179739142385E-008                  1.0537702813563255E-020                 -3.6629407807364212E+000                  8.5680168082343056E-001                  1.0953623081832615E+000                  1.2458773060152522E+000 
                                     447                  2.9984728604466402E+000                  6.5391939506679064E-001                  5.6601524111723203E+000                 -4.3215633324052956E+000                  9.4802410886561042E+000                  6.9999999999755791E-001                  2.8000000000244235E-001                  1.9999999999999796E-002                  0.0000000000000000E+000                  4.4132533937034541E+008                  1.0111614683520356E+007                  4.5314234505253416E-018                  0.0000000000000000E+000                  0.0000000000000000E+000                  7.6424525273711641E+000                  3.1170700547864700E+010                  4.7335189778603681E-008                  9.1817691493705063E-021                 -3.6624079386740083E+000                  8.5979586832823907E-001                  1.0983564956880703E+000                  1.2488714935200609E+000 
                                     448                  2.9984517730986369E+000                  6.5293055997939331E-001                  5.6642209338122198E+000                 -4.3056044368987738E+000                  9.5001332053354215E+000                  6.9999999999755547E-001                  2.8000000000244463E-001                  1.9999999999999907E-002                  0.0000000000000000E+000                  4.4043188560067666E+008                  1.0158427184738344E+007                  5.3569783294960136E-018                  0.0000000000000000E+000                  0.0000000000000000E+000                  7.5669892615821039E+000                  3.1310925091531494E+010                  4.7450194507892821E-008                  6.5286966941342627E-021                 -3.6618810014862957E+000                  8.6278572810891974E-001                  1.1013463554687508E+000                  1.2518613533007414E+000 
                                     449                  2.9984297624287484E+000                  6.5192880356255978E-001                  5.6683080312886673E+000                 -4.2895417092209778E+000                  9.5201471461470195E+000                  6.9999999999755291E-001                  2.8000000000244729E-001                  1.9999999999999796E-002                  0.0000000000000000E+000                  4.3953408701226306E+008                  1.0205681418423664E+007                  6.3355096801812109E-018                  0.0000000000000000E+000                  0.0000000000000000E+000                  7.4919369238170326E+000                  3.1451262669834877E+010                  4.7565073236166917E-008                  6.4780925003783014E-021                 -3.6613559151157293E+000                  8.6579816347053362E-001                  1.1043587908303647E+000                  1.2548737886623553E+000 
                                     450                  2.9984067890471340E+000                  6.5091415497109550E-001                  5.6724127796211787E+000                 -4.2733797688644186E+000                  9.5402774637684260E+000                  6.9999999999755003E-001                  2.8000000000245018E-001                  1.9999999999999796E-002                  0.0000000000000000E+000                  4.3863212095397156E+008                  1.0253373509295505E+007                  7.4954946800049810E-018                  0.0000000000000000E+000                  0.0000000000000000E+000                  7.4173112430158055E+000                  3.1591656892033195E+010                  4.7679825322293927E-008                  9.0291213968319117E-021                 -3.6608326721635116E+000                  8.6883300559787180E-001                  1.1073936329577028E+000                  1.2579086307896934E+000 
                                     451                  2.9983828169367897E+000                  6.4988685338003527E-001                  5.6765339185506605E+000                 -4.2571245404802092E+000                  9.5605170782663009E+000                  6.9999999999754703E-001                  2.8000000000245312E-001                  1.9999999999999796E-002                  0.0000000000000000E+000                  4.3772603640163702E+008                  1.0301496437598646E+007                  8.8705590253492868E-018                  0.0000000000000000E+000                  0.0000000000000000E+000                  7.3430879349298976E+000                  3.1732048460832073E+010                  4.7794934263585223E-008                  1.0277920113418368E-020                 -3.6603090656893023E+000                  8.7188949365027457E-001                  1.1104501210101057E+000                  1.2609651188420963E+000 
                                     452                  2.9983578083278291E+000                  6.4884710908342969E-001                  5.6806702268055478E+000                 -4.2407815614542814E+000                  9.5808593246051785E+000                  6.9999999999754381E-001                  2.8000000000245645E-001                  1.9999999999999796E-002                  0.0000000000000000E+000                  4.3681564761984223E+008                  1.0350044271930020E+007                  1.0500492319314471E-017                  0.0000000000000000E+000                  0.0000000000000000E+000                  7.2691700885736115E+000                  3.1872381532476551E+010                  4.7911384765846402E-008                  1.0236394476266088E-020                 -3.6597806383501510E+000                  8.7496699053928473E-001                  1.1135276178991158E+000                  1.2640426157311064E+000 
                                     453                  2.9983317243599545E+000                  6.4779513450559323E-001                  5.6848036478417914E+000                 -4.2244210556931083E+000                  9.6012164992532725E+000                  6.9999999999754026E-001                  2.8000000000245995E-001                  1.9999999999999796E-002                  0.0000000000000000E+000                  4.3590427820504457E+008                  1.0398810273027107E+007                  1.2423884145135346E-017                  0.0000000000000000E+000                  0.0000000000000000E+000                  7.1957439570440975E+000                  3.2012571952087505E+010                  4.8030511045142086E-008                  1.1492275816010159E-020                 -3.6592413962193020E+000                  8.7806483440330529E-001                  1.1166254617631364E+000                  1.2671404595951270E+000 
                                     454                  2.9983047416318382E+000                  6.4673948836553019E-001                  5.6889343752936439E+000                 -4.2080457277473826E+000                  9.6215862154487670E+000                  6.9999999999753648E-001                  2.8000000000246383E-001                  1.9999999999999685E-002                  0.0000000000000000E+000                  4.3499308639284492E+008                  1.0447796684525074E+007                  1.4692480045225064E-017                  0.0000000000000000E+000                  0.0000000000000000E+000                  7.1226292531881832E+000                  3.2151487124015099E+010                  4.8152769219508870E-008                  1.4026803314139726E-020                 -3.6586893659813597E+000                  8.8115781613512101E-001                  1.1197184434949521E+000                  1.2702334413269427E+000 
                                     455                  2.9982766138610679E+000                  6.4567196540494254E-001                  5.6930771608966433E+000                 -4.1915951925032440E+000                  9.6420430688319740E+000                  6.9999999999753215E-001                  2.8000000000246800E-001                  1.9999999999999796E-002                  0.0000000000000000E+000                  4.3407877824018759E+008                  1.0497178851572098E+007                  1.7377400089204497E-017                  0.0000000000000000E+000                  0.0000000000000000E+000                  7.0495037016421023E+000                  3.2290208793020405E+010                  4.8280154992442268E-008                  1.6527262421624872E-020                 -3.6581156721844610E+000                  8.8426985815501657E-001                  1.1228304855148477E+000                  1.2733454833468385E+000 
                                     456                  2.9982472988048197E+000                  6.4459276482288919E-001                  5.6972306702513436E+000                 -4.1750741210976479E+000                  9.6625810952808262E+000                  6.9999999999752760E-001                  2.8000000000247272E-001                  1.9999999999999685E-002                  0.0000000000000000E+000                  4.3316179532580841E+008                  1.0546943428969981E+007                  2.0554298737980027E-017                  0.0000000000000000E+000                  0.0000000000000000E+000                  6.9763358454384221E+000                  3.2428640444403320E+010                  4.8413225419013746E-008                  2.2783349594688312E-020                 -3.6575179912656268E+000                  8.8740007115554964E-001                  1.1259606985153807E+000                  1.2764756963473713E+000 
                                     457                  2.9982167532860013E+000                  6.4350209661136060E-001                  5.7013935829994278E+000                 -4.1584870199192840E+000                  9.6831945041728300E+000                  6.9999999999752249E-001                  2.8000000000247766E-001                  1.9999999999999796E-002                  0.0000000000000000E+000                  4.3224240319035584E+008                  1.0597077760501966E+007                  2.4312269539173820E-017                  0.0000000000000000E+000                  0.0000000000000000E+000                  6.9031206782658865E+000                  3.2566706935685326E+010                  4.8552421336571667E-008                  2.9046011784588822E-020                 -3.6568945533528572E+000                  8.9054756291616011E-001                  1.1291081902759912E+000                  1.2796231881079818E+000 
                                     458                  2.9981849325362000E+000                  6.4240015813973472E-001                  5.7055646677518119E+000                 -4.1418381715488328E+000                  9.7038778196687208E+000                  6.9999999999751716E-001                  2.8000000000248304E-001                  1.9999999999999796E-002                  0.0000000000000000E+000                  4.3132093225488114E+008                  1.0647569682080273E+007                  2.8756218669902793E-017                  0.0000000000000000E+000                  0.0000000000000000E+000                  6.8299878335502910E+000                  3.2704336061843437E+010                  4.8697501219050641E-008                  2.5226128249423868E-020                 -3.6562466614318976E+000                  8.9371150420463341E-001                  1.1322721315644644E+000                  1.2827871293964550E+000 
                                     459                  2.9981517903575758E+000                  6.4128714176623325E-001                  5.7097428427318118E+000                 -4.1251318598225133E+000                  9.7246257303374275E+000                  6.9999999999751128E-001                  2.8000000000248892E-001                  1.9999999999999796E-002                  0.0000000000000000E+000                  4.3039811677068865E+008                  1.0698407023791911E+007                  3.4009651889203784E-017                  0.0000000000000000E+000                  0.0000000000000000E+000                  6.7572320304632472E+000                  3.2841463493797592E+010                  4.8846876084574990E-008                  2.0146803268240930E-020                 -3.6555816027956616E+000                  8.9689109173132286E-001                  1.1354517190911539E+000                  1.2859667169231446E+000 
                                     460                  2.9981172793255491E+000                  6.4016324224185805E-001                  5.7139134543625492E+000                 -4.1084262484962073E+000                  9.7453658958070317E+000                  6.9999999999750484E-001                  2.8000000000249536E-001                  1.9999999999999796E-002                  0.0000000000000000E+000                  4.2947763516911298E+008                  1.0749410521797197E+007                  4.0195943517633201E-017                  0.0000000000000000E+000                  0.0000000000000000E+000                  6.6853747454570467E+000                  3.2978017119074692E+010                  4.8998206732111923E-008                  2.3903105275793573E-020                 -3.6549099071347206E+000                  9.0008556536872697E-001                  1.1386461927285580E+000                  1.2891611905605487E+000 
                                     461                  2.9980815834784944E+000                  6.3903589297178243E-001                  5.7180770657049509E+000                 -4.0917235695006031E+000                  9.7660967817780993E+000                  6.9999999999749785E-001                  2.8000000000250236E-001                  1.9999999999999796E-002                  0.0000000000000000E+000                  4.2856084238381612E+008                  1.0800585306074634E+007                  4.7476510064710676E-017                  0.0000000000000000E+000                  0.0000000000000000E+000                  6.6145660580337413E+000                  3.3113119146668049E+010                  4.9148624773724004E-008                  2.8928638380982318E-020                 -3.6542443148217090E+000                  9.0327381274169205E-001                  1.1418344401015232E+000                  1.2923494379335139E+000 
                                     462                  2.9980444315028314E+000                  6.3789795670733440E-001                  5.7222463140698965E+000                 -4.0749739058102659E+000                  9.7868805636493121E+000                  6.9999999999749019E-001                  2.8000000000251002E-001                  1.9999999999999796E-002                  0.0000000000000000E+000                  4.2764560420787627E+008                  1.0852085641628193E+007                  5.6067502352217914E-017                  0.0000000000000000E+000                  0.0000000000000000E+000                  6.5447804237940099E+000                  3.3247660800907707E+010                  4.9297574544382721E-008                  3.0166499376061982E-020                 -3.6535872238086782E+000                  9.0647610985632010E-001                  1.1450367372161512E+000                  1.2955517350481418E+000 
                                     463                  2.9980057720866049E+000                  6.3674961523795959E-001                  5.7264207725510285E+000                 -4.0581814997020924E+000                  9.8077126806776871E+000                  6.9999999999748186E-001                  2.8000000000251840E-001                  1.9999999999999796E-002                  0.0000000000000000E+000                  4.2673295351549733E+008                  1.0903907055296419E+007                  6.6201745257597107E-017                  0.0000000000000000E+000                  0.0000000000000000E+000                  6.4761664748929748E+000                  3.3381606938547432E+010                  4.9443627544112928E-008                  3.1385317872173709E-020                 -3.6529448368742896E+000                  9.0969195287381255E-001                  1.1482525802336436E+000                  1.2987675780656343E+000 
                                     464                  2.9979655520883974E+000                  6.3559103595524558E-001                  5.7306000987524985E+000                 -4.0413504393546607E+000                  9.8285888119542388E+000                  6.9999999999747275E-001                  2.8000000000252756E-001                  1.9999999999999685E-002                  0.0000000000000000E+000                  4.2582387921518451E+008                  1.0956046379969241E+007                  7.8152839703171996E-017                  0.0000000000000000E+000                  0.0000000000000000E+000                  6.4087191764814202E+000                  3.3514951985469296E+010                  4.9586266995565088E-008                  3.5110830283165380E-020                 -3.6523192927414256E+000                  9.1292093633769633E-001                  1.1514815636975273E+000                  1.3019965615295179E+000 
                                     465                  2.9979237168881867E+000                  6.3442238362328540E-001                  5.7347839067949229E+000                 -4.0244846026562078E+000                  9.8495047884641203E+000                  6.9999999999746254E-001                  2.8000000000253761E-001                  1.9999999999999796E-002                  0.0000000000000000E+000                  4.2491928996932524E+008                  1.1008499572866097E+007                  9.2241885804968695E-017                  0.0000000000000000E+000                  0.0000000000000000E+000                  6.3422397374244577E+000                  3.3647690147083626E+010                  4.9726548925268696E-008                  3.8851633548027360E-020                 -3.6517058401075930E+000                  9.1616266418281100E-001                  1.1547232915426422E+000                  1.3052382893746328E+000 
                                     466                  2.9978802102702522E+000                  6.3324381799175367E-001                  5.7389717088488448E+000                 -4.0075875760052480E+000                  9.8704566081238063E+000                  6.9999999999745155E-001                  2.8000000000254860E-001                  1.9999999999999796E-002                  0.0000000000000000E+000                  4.2401996734952271E+008                  1.1061260857974036E+007                  1.0884530165005761E-016                  0.0000000000000000E+000                  0.0000000000000000E+000                  6.2765392100405366E+000                  3.3779808064125229E+010                  4.9866389167363016E-008                  4.1375258624830939E-020                 -3.6510960389854992E+000                  9.1941669939978798E-001                  1.1579773267596190E+000                  1.3084923245916096E+000 
                                     467                  2.9978349744053991E+000                  6.3205549463540200E-001                  5.7431520028754655E+000                 -3.9907057300863849E+000                  9.8913867608799411E+000                  6.9999999999743945E-001                  2.8000000000256070E-001                  1.9999999999999796E-002                  0.0000000000000000E+000                  4.2312871490743047E+008                  1.1114184091920981E+007                  1.2834907591465787E-016                  0.0000000000000000E+000                  0.0000000000000000E+000                  6.2116407345836766E+000                  3.3911265565800217E+010                  5.0007460624896241E-008                  4.6457487667992166E-020                 -3.6504825991668333E+000                  9.2268255282947542E-001                  1.1612431801893064E+000                  1.3117581780212972E+000 
                                     468                  2.9977881915085494E+000                  6.3086362906116555E-001                  5.7473251885490990E+000                 -3.9738401661757603E+000                  9.9122946113898429E+000                  6.9999999999742624E-001                  2.8000000000257386E-001                  1.9999999999999907E-002                  0.0000000000000000E+000                  4.2224629242605054E+008                  1.1167272508900495E+007                  1.5124569870957914E-016                  0.0000000000000000E+000                  0.0000000000000000E+000                  6.1473606828163518E+000                  3.4041390681416615E+010                  5.0150566488413495E-008                  5.5324349667187971E-020                 -3.6498620784663225E+000                  9.2594313029536002E-001                  1.1645037576551911E+000                  1.3150187554871817E+000 
                                     469                  2.9977395693033961E+000                  6.2966219710430427E-001                  5.7515011032899839E+000                 -3.9569500485342624E+000                  9.9332304895181824E+000                  6.9999999999741180E-001                  2.8000000000258851E-001                  1.9999999999999685E-002                  0.0000000000000000E+000                  4.2137067350462627E+008                  1.1220650035394661E+007                  1.7817655489491344E-016                  0.0000000000000000E+000                  0.0000000000000000E+000                  6.0834498017271548E+000                  3.4170848035197571E+010                  5.0297706645432009E-008                  6.2915812736738007E-020                 -3.6492259082070260E+000                  9.2921486550784993E-001                  1.1677754928676809E+000                  1.3182904906996717E+000 
                                     470                  2.9976890451681566E+000                  6.2845134330596908E-001                  5.7556790510179825E+000                 -3.9400380306550646E+000                  9.9541910653443129E+000                  6.9999999999739582E-001                  2.8000000000260444E-001                  1.9999999999999796E-002                  0.0000000000000000E+000                  4.2050224823744309E+008                  1.1274307562678775E+007                  2.0983788244027688E-016                  0.0000000000000000E+000                  0.0000000000000000E+000                  6.0199454293337444E+000                  3.4299577393589512E+010                  5.0449206155044150E-008                  6.4204547439791796E-020                 -3.6485728316133996E+000                  9.3249718683337812E-001                  1.1710578141932093E+000                  1.3215728120251999E+000 
                                     471                  2.9976365541894863E+000                  6.2723119687891504E-001                  5.7598584685612337E+000                 -3.9231066131095096E+000                  9.9751733011996695E+000                  6.9999999999737827E-001                  2.8000000000262198E-001                  1.9999999999999796E-002                  0.0000000000000000E+000                  4.1964145684660530E+008                  1.1328237600563051E+007                  2.4704359918281377E-016                  0.0000000000000000E+000                  0.0000000000000000E+000                  5.9570456515645418E+000                  3.4427540452962502E+010                  5.0603998600337487E-008                  6.5511753293454113E-020                 -3.6479075824748590E+000                  9.3578958487409059E-001                  1.1743502122339218E+000                  1.3248652100659122E+000 
                                     472                  2.9975820293405859E+000                  6.2600187810528263E-001                  5.7640389521208109E+000                 -3.9061583078063840E+000                  9.9961743213649061E+000                  6.9999999999735896E-001                  2.8000000000264119E-001                  1.9999999999999796E-002                  0.0000000000000000E+000                  4.1878882418695867E+008                  1.1382434641431468E+007                  2.9074508586103146E-016                  0.0000000000000000E+000                  0.0000000000000000E+000                  5.8949333291533383E+000                  3.4554709643830376E+010                  5.0760254753228324E-008                  7.6969899414405481E-020                 -3.6472381034773611E+000                  9.3909163526182693E-001                  1.1776522626216579E+000                  1.3281672604536487E+000 
                                     473                  2.9975254017573705E+000                  6.2476350565305883E-001                  5.7682114483130817E+000                 -3.8892304479582758E+000                  1.0017148033180968E+001                  6.9999999999733764E-001                  2.8000000000266256E-001                  1.9999999999999796E-002                  0.0000000000000000E+000                  4.1794657392343718E+008                  1.1436780074587766E+007                  3.4193805245705086E-016                  0.0000000000000000E+000                  0.0000000000000000E+000                  5.8338993457300639E+000                  3.4681055240550896E+010                  5.0916285670081907E-008                  9.2308639761015069E-020                 -3.6465716427666934E+000                  9.4240299060313948E-001                  1.1809636179629706E+000                  1.3314786157949612E+000 
                                     474                  2.9974668443622581E+000                  6.2352128706605836E-001                  5.7723770781463983E+000                 -3.8723222588700970E+000                  1.0038096403017676E+001                  6.9999999999731422E-001                  2.8000000000268593E-001                  1.9999999999999796E-002                  0.0000000000000000E+000                  4.1711541304864430E+008                  1.1491286908043209E+007                  4.0187911833513331E-016                  0.0000000000000000E+000                  0.0000000000000000E+000                  5.7740138604927740E+000                  3.4806077866412277E+010                  5.1070161441994969E-008                  1.0136526103781408E-019                 -3.6459163846295359E+000                  9.4570983481449311E-001                  1.1842704621743241E+000                  1.3347854600063149E+000 
                                     475                  2.9974060383164440E+000                  6.2226988965675201E-001                  5.7765456765823142E+000                 -3.8553952474114150E+000                  1.0059067499999198E+001                  6.9999999999728835E-001                  2.8000000000271175E-001                  1.9999999999999907E-002                  0.0000000000000000E+000                  4.1629387869681174E+008                  1.1546082952305248E+007                  4.7219503767541897E-016                  0.0000000000000000E+000                  0.0000000000000000E+000                  5.7152289643920131E+000                  3.4930353029168900E+010                  5.1221593689027447E-008                  1.0784437263084442E-019                 -3.6452734565926872E+000                  9.4902651395285953E-001                  1.1875871413126906E+000                  1.3381021391446812E+000 
                                     476                  2.9973428775906843E+000                  6.2100882526994894E-001                  5.7807191082679923E+000                 -3.8384441861122309E+000                  1.0080068427078279E+001                  6.9999999999725993E-001                  2.8000000000274022E-001                  1.9999999999999796E-002                  0.0000000000000000E+000                  4.1548227193934792E+008                  1.1601193003060797E+007                  5.5469520729276367E-016                  0.0000000000000000E+000                  0.0000000000000000E+000                  5.6575095167493545E+000                  3.5053931456602959E+010                  5.1370189659176399E-008                  1.1809544240565115E-019                 -3.6446444154268938E+000                  9.5235439513033027E-001                  1.1909150224901612E+000                  1.3414300203221519E+000 
                                     477                  2.9972772508393750E+000                  6.1973761208586120E-001                  5.7848991103491976E+000                 -3.8214641095298596E+000                  1.0101105894446167E+001                  6.9999999999722862E-001                  2.8000000000277164E-001                  1.9999999999999796E-002                  0.0000000000000000E+000                  4.1468082473673576E+008                  1.1656640892945699E+007                  6.5151029286756546E-016                  0.0000000000000000E+000                  0.0000000000000000E+000                  5.6007210935763574E+000                  3.5176873088257408E+010                  5.1516625994212486E-008                  1.3223020021827766E-019                 -3.6440262940981767E+000                  9.5569480450067357E-001                  1.1942554318605045E+000                  1.3447704296924952E+000 
                                     478                  2.9972090416903847E+000                  6.1845578461596662E-001                  5.7890756620482478E+000                 -3.8044962513561518E+000                  1.0122128953165518E+001                  6.9999999999719376E-001                  2.8000000000280645E-001                  1.9999999999999796E-002                  0.0000000000000000E+000                  4.1389165900850827E+008                  1.1712294333793737E+007                  7.6481143743605842E-016                  0.0000000000000000E+000                  0.0000000000000000E+000                  5.5449013013629234E+000                  3.5299209521017998E+010                  5.1662067415556436E-008                  1.4521233292863305E-019                 -3.6434141090968146E+000                  9.5904899490121209E-001                  1.1976096222610431E+000                  1.3481246200930337E+000 
                                     479                  2.9971385152603363E+000                  6.1716983889758525E-001                  5.7932502133272781E+000                 -3.7875381444518124E+000                  1.0143141565785216E+001                  6.9999999999715534E-001                  2.8000000000284486E-001                  1.9999999999999796E-002                  0.0000000000000000E+000                  4.1311517838564503E+008                  1.1768172729148263E+007                  8.9737786617765001E-016                  0.0000000000000000E+000                  0.0000000000000000E+000                  5.4898975862220567E+000                  3.5420347770364174E+010                  5.1806974415637618E-008                  1.5437946136719854E-019                 -3.6428058851241647E+000                  9.6240005096223313E-001                  1.2009606783220641E+000                  1.3514756761540547E+000 
                                     480                  2.9970652094544077E+000                  6.1587288263652895E-001                  5.7974342843265818E+000                 -3.7705427749694889E+000                  1.0164201924064367E+001                  6.9999999999711282E-001                  2.8000000000288738E-001                  1.9999999999999796E-002                  0.0000000000000000E+000                  4.1234930395308942E+008                  1.1824430929344350E+007                  1.0528732766451411E-015                  0.0000000000000000E+000                  0.0000000000000000E+000                  5.4354842228113869E+000                  3.5540957288304230E+010                  5.1953209552830822E-008                  1.6856608220939750E-019                 -3.6421938087692132E+000                  9.6576597019356591E-001                  1.2043265975533970E+000                  1.3548415953853876E+000 
                                     481                  2.9969889945304287E+000                  6.1456448541543196E-001                  5.8016290625625739E+000                 -3.7535058699209460E+000                  1.0185315469868106E+001                  6.9999999999706564E-001                  2.8000000000293451E-001                  1.9999999999999796E-002                  0.0000000000000000E+000                  4.1159408777125257E+008                  1.1881086666158967E+007                  1.2353074307230928E-015                  0.0000000000000000E+000                  0.0000000000000000E+000                  5.3815768024839992E+000                  3.5661043103970169E+010                  5.2101598994594706E-008                  1.9558613983477633E-019                 -3.6415744740136455E+000                  9.6914775527782193E-001                  1.2077083826376529E+000                  1.3582233804696435E+000 
                                     482                  2.9969097341375424E+000                  6.1324421808215346E-001                  5.8058226580532164E+000                 -3.7364748685989677E+000                  1.0206423181690537E+001                  6.9999999999701323E-001                  2.8000000000298703E-001                  1.9999999999999796E-002                  0.0000000000000000E+000                  4.1085147913925487E+008                  1.1937981230834102E+007                  1.4486928532723808E-015                  0.0000000000000000E+000                  0.0000000000000000E+000                  5.3283465240590990E+000                  3.5780600592027740E+010                  5.2252496675890261E-008                  2.2920603289567545E-019                 -3.6409464768509654E+000                  9.7254639209932214E-001                  1.2111070194591531E+000                  1.3616220172911437E+000 
                                     483                  2.9968277880657830E+000                  6.1191966301228506E-001                  5.8100163118267281E+000                 -3.7194478099568529E+000                  1.0227528302538122E+001                  6.9999999999695506E-001                  2.8000000000304520E-001                  1.9999999999999796E-002                  0.0000000000000000E+000                  4.1012149531516486E+008                  1.1995134226022836E+007                  1.6982355547079850E-015                  0.0000000000000000E+000                  0.0000000000000000E+000                  5.2758397214048056E+000                  3.5898954660803169E+010                  5.2404589116463718E-008                  2.5903099566543140E-019                 -3.6403153398985100E+000                  9.7594238874398953E-001                  1.2145030161038206E+000                  1.3650180139358115E+000 
                                     484                  2.9967425676560246E+000                  6.1058291246856722E-001                  5.8142228239228908E+000                 -3.7023725563309768E+000                  1.0248695409681071E+001                  6.9999999999689055E-001                  2.8000000000310971E-001                  1.9999999999999796E-002                  0.0000000000000000E+000                  4.0940169735938489E+008                  1.2052723396428887E+007                  1.9909047458740098E-015                  0.0000000000000000E+000                  0.0000000000000000E+000                  5.2240221585631605E+000                  3.6016829403260109E+010                  5.2557754295014688E-008                  2.7975703422058649E-019                 -3.6396815998645411E+000                  9.7935609734040474E-001                  1.2179167247002358E+000                  1.3684317225322264E+000 
                                     485                  2.9966539180955269E+000                  6.0923352315945067E-001                  5.8184435073550107E+000                 -3.6852453061491284E+000                  1.0269929624589377E+001                  6.9999999999681861E-001                  2.8000000000318154E-001                  1.9999999999999796E-002                  0.0000000000000000E+000                  4.0869208911706603E+008                  1.2110771030462198E+007                  2.3342795613060904E-015                  0.0000000000000000E+000                  0.0000000000000000E+000                  5.1729996158864733E+000                  3.6134233458435707E+010                  5.2710690682219693E-008                  2.9796539157624313E-019                 -3.6390506465357433E+000                  9.8278863425028529E-001                  1.2213492616101163E+000                  1.3718642594421069E+000 
                                     486                  2.9965616772621324E+000                  6.0787106117779144E-001                  5.8226652951053941E+000                 -3.6681196854392728E+000                  1.0291164618093781E+001                  6.9999999999673845E-001                  2.8000000000326175E-001                  1.9999999999999796E-002                  0.0000000000000000E+000                  4.0799490160219818E+008                  1.2169100330339454E+007                  2.7358366205527542E-015                  0.0000000000000000E+000                  0.0000000000000000E+000                  5.1230686295777845E+000                  3.6251177448242012E+010                  5.2861992096125228E-008                  3.2800125217339088E-019                 -3.6384282372872394E+000                  9.8624111550296345E-001                  1.2248017428627944E+000                  1.3753167406947850E+000 
                                     487                  2.9964663195114132E+000                  6.0650419646522147E-001                  5.8268896612922036E+000                 -3.6509948980957154E+000                  1.0312402744347601E+001                  6.9999999999664941E-001                  2.8000000000335068E-001                  1.9999999999999907E-002                  0.0000000000000000E+000                  4.0731018802021945E+008                  1.2227736613784553E+007                  3.2053951369779414E-015                  0.0000000000000000E+000                  0.0000000000000000E+000                  5.0742961827944812E+000                  3.6366960118956215E+010                  5.3009415253184989E-008                  3.7104510698923487E-019                 -3.6378234932246070E+000                  9.8969177746815984E-001                  1.2282524048279910E+000                  1.3787674026599817E+000 
                                     488                  2.9963671069586533E+000                  6.0512402867619863E-001                  5.8311307635208580E+000                 -3.6338150957545565E+000                  1.0333713668974166E+001                  6.9999999999655027E-001                  2.8000000000345004E-001                  1.9999999999999685E-002                  0.0000000000000000E+000                  4.0663516750242710E+008                  1.2286884110086052E+007                  3.7562585538187229E-015                  0.0000000000000000E+000                  0.0000000000000000E+000                  5.0266046000732665E+000                  3.6482386660888237E+010                  5.3153019033466995E-008                  4.2064384525873035E-019                 -3.6372360314937779E+000                  9.9316341600418245E-001                  1.2317240433640135E+000                  1.3822390411960042E+000 
                                     489                  2.9962638632642671E+000                  6.0373019818096274E-001                  5.8353751142427033E+000                 -3.6166364973651199E+000                  1.0355028067473821E+001                  6.9999999999643914E-001                  2.8000000000356101E-001                  1.9999999999999796E-002                  0.0000000000000000E+000                  4.0597163886423045E+008                  1.2346361867302375E+007                  4.4003840015871037E-015                  0.0000000000000000E+000                  0.0000000000000000E+000                  4.9801592330032909E+000                  3.6597456748613617E+010                  5.3292372442210767E-008                  4.7569672122036926E-019                 -3.6366674728160575E+000                  9.9665718988711371E-001                  1.2352178172469448E+000                  1.3857328150789354E+000 
                                     490                  2.9961571383895480E+000                  6.0233182924100015E-001                  5.8396242560662772E+000                 -3.5994585007276703E+000                  1.0376348173095252E+001                  6.9999999999631579E-001                  2.8000000000368441E-001                  1.9999999999999796E-002                  0.0000000000000000E+000                  4.0531973171986544E+008                  1.2406197110042477E+007                  5.1535473705958487E-015                  0.0000000000000000E+000                  0.0000000000000000E+000                  4.9348832296510281E+000                  3.6711472903332275E+010                  5.3426911599071252E-008                  5.3478894087551563E-019                 -3.6361199649789890E+000                  1.0001505495135612E+000                  1.2387111768733923E+000                  1.3892261747053829E+000 
                                     491                  2.9960460873586161E+000                  6.0091956282164649E-001                  5.8438927292877976E+000                 -3.5822237356720250E+000                  1.0397745553849994E+001                  6.9999999999617757E-001                  2.8000000000382258E-001                  1.9999999999999796E-002                  0.0000000000000000E+000                  4.0467695408380610E+008                  1.2466601302274693E+007                  6.0371924533313093E-015                  0.0000000000000000E+000                  0.0000000000000000E+000                  4.8906030162008269E+000                  3.6825252226665710E+010                  5.3558091861543377E-008                  6.0049831842422749E-019                 -3.6355874520955513E+000                  1.0036671692704320E+000                  1.2422277966302631E+000                  1.3927427944622537E+000 
                                     492                  2.9959305137205519E+000                  5.9949304831073302E-001                  5.8481664758008449E+000                 -3.5649901022853858E+000                  1.0419148611574858E+001                  6.9999999999602269E-001                  2.8000000000397762E-001                  1.9999999999999685E-002                  0.0000000000000000E+000                  4.0404468315182275E+008                  1.2527384766138118E+007                  7.0704714105474376E-015                  0.0000000000000000E+000                  0.0000000000000000E+000                  4.8474348783337406E+000                  3.6938784986149002E+010                  5.3686367743915159E-008                  6.7700110119652015E-019                 -3.6350679890421902E+000                  1.0072081331458929E+000                  1.2457687605057239E+000                  1.3962837583377146E+000 
                                     493                  2.9958110519315677E+000                  5.9806185154680147E-001                  5.8524469215572905E+000                 -3.5477569378088347E+000                  1.0440559501381170E+001                  6.9999999999585016E-001                  2.8000000000414998E-001                  1.9999999999999796E-002                  0.0000000000000000E+000                  4.0342241621137124E+008                  1.2588576969130503E+007                  8.2787344777227127E-015                  0.0000000000000000E+000                  0.0000000000000000E+000                  4.8052745643444945E+000                  3.7051356105324631E+010                  5.3811755941007769E-008                  7.6544533104788318E-019                 -3.6345614180907848E+000                  1.0107500272526369E+000                  1.2493106546124682E+000                  1.3998256524444588E+000 
                                     494                  2.9956867372646632E+000                  5.9661616270187723E-001                  5.8567488742527472E+000                 -3.5304653825703722E+000                  1.0462051535518896E+001                  6.9999999999565676E-001                  2.8000000000434333E-001                  1.9999999999999907E-002                  0.0000000000000000E+000                  4.0280711120957375E+008                  1.2650400090019839E+007                  9.6965415440819388E-015                  0.0000000000000000E+000                  0.0000000000000000E+000                  4.7639626229585144E+000                  3.7163779665565636E+010                  5.3935935699343776E-008                  8.6587047025420461E-019                 -3.6340608912872265E+000                  1.0143174511395319E+000                  1.2528780784993629E+000                  1.4033930763313536E+000 
                                     495                  2.9955573512542237E+000                  5.9515564272394517E-001                  5.8610577134999096E+000                 -3.5131748361689974E+000                  1.0483551037172024E+001                  6.9999999999543971E-001                  2.8000000000456049E-001                  1.9999999999999796E-002                  0.0000000000000000E+000                  4.0220004666213524E+008                  1.2712654339864852E+007                  1.1354603219473170E-014                  0.0000000000000000E+000                  0.0000000000000000E+000                  4.7236629657563842E+000                  3.7276031111744522E+010                  5.4059055678466239E-008                  9.6958112299763374E-019                 -3.6335657724856203E+000                  1.0179114474231374E+000                  1.2564720747829685E+000                  1.4069870726149591E+000 
                                     496                  2.9954236226479147E+000                  5.9369028805650337E-001                  5.8653746295241636E+000                 -3.4958854473989973E+000                  1.0505059112216800E+001                  6.9999999999519746E-001                  2.8000000000480280E-001                  1.9999999999999796E-002                  0.0000000000000000E+000                  4.0160099711462528E+008                  1.2775365088616414E+007                  1.3293609439001464E-014                  0.0000000000000000E+000                  0.0000000000000000E+000                  4.6843581137487371E+000                  3.7387382175146385E+010                  5.4180260466192121E-008                  1.0776268392075258E-018                 -3.6330794557352379E+000                  1.0215076771221534E+000                  1.2600683044819847E+000                  1.4105833023139753E+000 
                                     497                  2.9952844660944455E+000                  5.9220998321398455E-001                  5.8697138688449986E+000                 -3.4785410137709438E+000                  1.0526645877783725E+001                  6.9999999999492535E-001                  2.8000000000507486E-001                  1.9999999999999796E-002                  0.0000000000000000E+000                  4.0100736858000427E+008                  1.2838747936640367E+007                  1.5568742378019741E-014                  0.0000000000000000E+000                  0.0000000000000000E+000                  4.6459844234248679E+000                  3.7498642707834053E+010                  5.4300082031251217E-008                  1.2057852734262161E-018                 -3.6325997571605226E+000                  1.0251312050415284E+000                  1.2636918324013595E+000                  1.4142068302333501E+000 
                                     498                  2.9951396917520818E+000                  5.9071492650023549E-001                  5.8740607613897575E+000                 -3.4612014508541185E+000                  1.0548237077974042E+001                  6.9999999999461915E-001                  2.8000000000538106E-001                  1.9999999999999796E-002                  0.0000000000000000E+000                  4.0042051272306067E+008                  1.2902598108819807E+007                  1.8229271315437841E-014                  0.0000000000000000E+000                  0.0000000000000000E+000                  4.6087510295714278E+000                  3.7609753344260841E+010                  5.4417641814302323E-008                  1.3587287643607486E-018                 -3.6321301411387164E+000                  1.0287817200236942E+000                  1.2673423473835252E+000                  1.4178573452155161E+000 
                                     499                  2.9949900702822352E+000                  5.8921485104186300E-001                  5.8784159884703717E+000                 -3.4438694712678504E+000                  1.0569830760129822E+001                  6.9999999999427642E-001                  2.8000000000572367E-001                  1.9999999999999907E-002                  0.0000000000000000E+000                  3.9984019167769182E+008                  1.2966934746128997E+007                  2.1340036018003810E-014                  0.0000000000000000E+000                  0.0000000000000000E+000                  4.5726987846056355E+000                  3.7720041497833916E+010                  5.4531394125852936E-008                  1.5389534456572911E-018                 -3.6316766995939131E+000                  1.0324357573187652E+000                  1.2709963846785963E+000                  1.4215113825105870E+000 
                                     500                  2.9948344841171517E+000                  5.8770031341310924E-001                  5.8827928828285909E+000                 -3.4264939619418944E+000                  1.0591491099655217E+001                  6.9999999999389162E-001                  2.8000000000610864E-001                  1.9999999999999796E-002                  0.0000000000000000E+000                  3.9926393085832298E+008                  1.3031965856113363E+007                  2.4988334672163708E-014                  0.0000000000000000E+000                  0.0000000000000000E+000                  4.5378306410674725E+000                  3.7830258605266418E+010                  5.4641064137180056E-008                  1.7439848393743801E-018                 -3.6312404256698039E+000                  1.0361166852881523E+000                  1.2746773126479833E+000                  1.4251923104799740E+000 
                                     501                  2.9946727296757123E+000                  5.8617149893413412E-001                  5.8871783212654618E+000                 -3.4091295540633979E+000                  1.0613150643182097E+001                  6.9999999999345863E-001                  2.8000000000654152E-001                  1.9999999999999796E-002                  0.0000000000000000E+000                  3.9869339421786928E+008                  1.3097503512109648E+007                  2.9254082902025014E-014                  0.0000000000000000E+000                  0.0000000000000000E+000                  4.5043534809303987E+000                  3.7940373158293877E+010                  5.4745197070977025E-008                  1.9605649369553881E-018                 -3.6308269882628155E+000                  1.0398243320005220E+000                  1.2783849593603531E+000                  1.4288999571923438E+000 
                                     502                  2.9945055735512924E+000                  5.8463740906897077E-001                  5.8915732390028701E+000                 -3.3917788280105725E+000                  1.0634807827315232E+001                  6.9999999999297324E-001                  2.8000000000702691E-001                  1.9999999999999796E-002                  0.0000000000000000E+000                  3.9812922507749867E+008                  1.3163565188641185E+007                  3.4241317027539334E-014                  0.0000000000000000E+000                  0.0000000000000000E+000                  4.4723024171638626E+000                  3.8049807699048004E+010                  5.4842076516522743E-008                  2.1985420203889631E-018                 -3.6304430548169537E+000                  1.0435371285720929E+000                  1.2820977559319240E+000                  1.4326127537639146E+000 
                                     503                  2.9943318691175325E+000                  5.8308926275832174E-001                  5.8959780151134309E+000                 -3.3744420685651870E+000                  1.0656462736326093E+001                  6.9999999999242724E-001                  2.8000000000757297E-001                  1.9999999999999796E-002                  0.0000000000000000E+000                  3.9757131865701944E+008                  1.3230161059943402E+007                  4.0071237737926111E-014                  0.0000000000000000E+000                  0.0000000000000000E+000                  4.4417511699474082E+000                  3.8159243234168167E+010                  5.4931289870636248E-008                  2.4866067653055822E-018                 -3.6300901014803757E+000                  1.0472766106465885E+000                  1.2858372380064198E+000                  1.4363522358384104E+000 
                                     504                  2.9941523743033720E+000                  5.8153555616365415E-001                  5.9003936912739610E+000                 -3.3571217124209700E+000                  1.0678114057381551E+001                  6.9999999999181417E-001                  2.8000000000818603E-001                  1.9999999999999796E-002                  0.0000000000000000E+000                  3.9701995591141427E+008                  1.3297313244120747E+007                  4.6885904904726140E-014                  0.0000000000000000E+000                  0.0000000000000000E+000                  4.4127124617899431E+000                  3.8268135655675392E+010                  5.5011542934369683E-008                  2.8253505180810381E-018                 -3.6297730870098879E+000                  1.0510225899917554E+000                  1.2895832173515864E+000                  1.4400982151835773E+000 
                                     505                  2.9939659272373538E+000                  5.7996795990746175E-001                  5.9048321503548218E+000                 -3.3397745421910119E+000                  1.0699816696869128E+001                  6.9999999999112406E-001                  2.8000000000887609E-001                  1.9999999999999796E-002                  0.0000000000000000E+000                  3.9647369379673898E+008                  1.3365209811586825E+007                  5.4872883675239081E-014                  0.0000000000000000E+000                  0.0000000000000000E+000                  4.3850977662071982E+000                  3.8377149931356148E+010                  5.5083142386034508E-008                  3.1956529508357807E-018                 -3.6294906460268495E+000                  1.0547955071858874E+000                  1.2933561345457187E+000                  1.4438711323777094E+000 
                                     506                  2.9937722950847538E+000                  5.7838659399459358E-001                  5.9092823625302859E+000                 -3.3224465769005138E+000                  1.0721513834598664E+001                  6.9999999999034745E-001                  2.8000000000965275E-001                  1.9999999999999796E-002                  0.0000000000000000E+000                  3.9593451499467558E+008                  1.3433684982653683E+007                  6.4210344520205703E-014                  0.0000000000000000E+000                  0.0000000000000000E+000                  4.3587742730658450E+000                  3.8486283356125916E+010                  5.5147522934101196E-008                  3.6033461865973070E-018                 -3.6292369950136281E+000                  1.0585952773994691E+000                  1.2971559047593002E+000                  1.4476709025912908E+000 
                                     507                  2.9935722262492641E+000                  5.7679929272664765E-001                  5.9137450182218494E+000                 -3.3051396174364962E+000                  1.0743204399394706E+001                  6.9999999998947426E-001                  2.8000000001052594E-001                  1.9999999999999796E-002                  0.0000000000000000E+000                  3.9540320199488509E+008                  1.3502750647144767E+007                  7.5125810046653323E-014                  0.0000000000000000E+000                  0.0000000000000000E+000                  4.3334858529473665E+000                  3.8595052345189133E+010                  5.5207572395117070E-008                  4.0631017328434431E-018                 -3.6290006746873518E+000                  1.0624031387521911E+000                  1.3009637661120221E+000                  1.4514787639440128E+000 
                                     508                  2.9933645313835795E+000                  5.7519833052780933E-001                  5.9182305153766190E+000                 -3.2878139203445080E+000                  1.0764938316940878E+001                  6.9999999998849072E-001                  2.8000000001150943E-001                  1.9999999999999796E-002                  0.0000000000000000E+000                  3.9487873122187871E+008                  1.3572570788254188E+007                  8.7915817455396622E-014                  0.0000000000000000E+000                  0.0000000000000000E+000                  4.3089742301841945E+000                  3.8704020559970032E+010                  5.5266839962484404E-008                  4.5821304125685631E-018                 -3.6287676833603690E+000                  1.0662375779828381E+000                  1.3047982053426692E+000                  1.4553132031746598E+000 
                                     509                  2.9931489592370868E+000                  5.7358380296730926E-001                  5.9227282365736773E+000                 -3.2705101886790273E+000                  1.0786664399650585E+001                  6.9999999998738383E-001                  2.8000000001261632E-001                  1.9999999999999796E-002                  0.0000000000000000E+000                  3.9436235838915497E+008                  1.3642983757623112E+007                  1.0286691313413874E-013                  0.0000000000000000E+000                  0.0000000000000000E+000                  4.2851118466663918E+000                  3.8813131622312103E+010                  5.5328164709900811E-008                  5.1742796799377591E-018                 -3.6285268677628153E+000                  1.0700981974883990E+000                  1.3086588248482300E+000                  1.4591738226802207E+000 
                                     510                  2.9929262419802023E+000                  5.7196290350995105E-001                  5.9272382846887126E+000                 -3.2532292510920575E+000                  1.0808381904138470E+001                  6.9999999998613904E-001                  2.8000000001386116E-001                  1.9999999999999796E-002                  0.0000000000000000E+000                  3.9385447768880224E+008                  1.3713992567973183E+007                  1.2034129689272134E-013                  0.0000000000000000E+000                  0.0000000000000000E+000                  4.2617070539191344E+000                  3.8921893282112839E+010                  5.5394034237781389E-008                  5.8481880112036713E-018                 -3.6282685024473609E+000                  1.0739675521805396E+000                  1.3125281795403707E+000                  1.4630431773723613E+000 
                                     511                  2.9926951639943051E+000                  5.7032848685173454E-001                  5.9317603041565441E+000                 -3.2359699240210893E+000                  1.0830091571926824E+001                  6.9999999998473783E-001                  2.8000000001526232E-001                  1.9999999999999796E-002                  0.0000000000000000E+000                  3.9335522548548496E+008                  1.3785591489724331E+007                  1.4076033080415052E-013                  0.0000000000000000E+000                  0.0000000000000000E+000                  4.2388389439607632E+000                  3.9030749846596916E+010                  5.5465444405444301E-008                  6.6154632574774074E-018                 -3.6279887514830160E+000                  1.0778623710868174E+000                  1.3164229984466485E+000                  1.4669379962786391E+000 
                                     512                  2.9924564424093174E+000                  5.6868733068524291E-001                  5.9362945463239845E+000                 -3.2187330695001375E+000                  1.0851792787741775E+001                  6.9999999998315965E-001                  2.8000000001684061E-001                  1.9999999999999796E-002                  0.0000000000000000E+000                  3.9286522933752775E+008                  1.3857784605746171E+007                  1.6461658559556604E-013                  0.0000000000000000E+000                  0.0000000000000000E+000                  4.2167795775938108E+000                  3.9139220274268532E+010                  5.5539045793264847E-008                  7.4927187302385504E-018                 -3.6277007930300029E+000                  1.0817661873666142E+000                  1.3203268147264455E+000                  1.4708418125584362E+000 
                                     513                  2.9922088475778761E+000                  5.6703267889646047E-001                  5.9408500785540683E+000                 -3.2014852594699916E+000                  1.0873527891050323E+001                  6.9999999998137974E-001                  2.8000000001862035E-001                  1.9999999999999907E-002                  0.0000000000000000E+000                  3.9238405753005415E+008                  1.3930717511681776E+007                  1.9254317282561623E-013                  0.0000000000000000E+000                  0.0000000000000000E+000                  4.1957888545373336E+000                  3.9247764006206871E+010                  5.5610195610408588E-008                  8.4838657820555810E-018                 -3.6274227886387513E+000                  1.0856948857893520E+000                  1.3242555131491831E+000                  1.4747705109811737E+000 
                                     514                  2.9919520922046035E+000                  5.6536458362326525E-001                  5.9454185076764485E+000                 -3.1842609513423730E+000                  1.0895254175836026E+001                  6.9999999997937767E-001                  2.8000000002062264E-001                  1.9999999999999685E-002                  0.0000000000000000E+000                  3.9191328146747035E+008                  1.4004257880318601E+007                  2.2517198308832699E-013                  0.0000000000000000E+000                  0.0000000000000000E+000                  4.1762047001847371E+000                  3.9356366492435150E+010                  5.5673696729307982E-008                  9.6015784078297032E-018                 -3.6271749703072200E+000                  1.0896482952750814E+000                  1.3282089226349125E+000                  1.4787239204669032E+000 
                                     515                  2.9916868704128419E+000                  5.6368924990321811E-001                  5.9500010335314499E+000                 -3.1670617878960154E+000                  1.0916971273549834E+001                  6.9999999997712115E-001                  2.8000000002287906E-001                  1.9999999999999796E-002                  0.0000000000000000E+000                  3.9145379908227330E+008                  1.4078427500295009E+007                  2.6329519868756068E-013                  0.0000000000000000E+000                  0.0000000000000000E+000                  4.1582959972005114E+000                  3.9464696931593895E+010                  5.5724306251387522E-008                  1.0867142564901123E-017                 -3.6269776648161431E+000                  1.0936118708944063E+000                  1.3321724982542373E+000                  1.4826874960862280E+000 
                                     516                  2.9914119269570811E+000                  5.6200043312407510E-001                  5.9545987781832679E+000                 -3.1498879416127279E+000                  1.0938680171587022E+001                  6.9999999997458229E-001                  2.8000000002541792E-001                  1.9999999999999796E-002                  0.0000000000000000E+000                  3.9100632372512293E+008                  1.4153246801157678E+007                  3.0783994617456159E-013                  0.0000000000000000E+000                  0.0000000000000000E+000                  4.1422486784495902E+000                  3.9573243700284882E+010                  5.5758047073361008E-008                  1.2293792531225168E-017                 -3.6268462229079992E+000                  1.0976007028917443E+000                  1.3361613302515754E+000                  1.4866763280835660E+000 
                                     517                  2.9911279367787742E+000                  5.6030396176436348E-001                  5.9592131146867056E+000                 -3.1327411205636899E+000                  1.0960380616501290E+001                  6.9999999997171891E-001                  2.8000000002828129E-001                  1.9999999999999796E-002                  0.0000000000000000E+000                  3.9057189348854470E+008                  1.4228740395283883E+007                  3.5989231814125567E-013                  0.0000000000000000E+000                  0.0000000000000000E+000                  4.1277749109538044E+000                  3.9681722877600677E+010                  5.5775286475480926E-008                  1.3909469742172477E-017                 -3.6267790951979828E+000                  1.1016013594592462E+000                  1.3401619868190775E+000                  1.4906769846510681E+000 
                                     518                  2.9908336297616613E+000                  5.5859391991988561E-001                  5.9638523266596328E+000                 -3.1155937089364154E+000                  1.0982108424759764E+001                  6.9999999996848816E-001                  2.8000000003151204E-001                  1.9999999999999796E-002                  0.0000000000000000E+000                  3.9015043375758290E+008                  1.4305046981687438E+007                  4.2082592010844181E-013                  0.0000000000000000E+000                  0.0000000000000000E+000                  4.1144737834378153E+000                  3.9790596489810318E+010                  5.5781560151197269E-008                  1.5755558941076549E-017                 -3.6267546715715526E+000                  1.1056279983335862E+000                  1.3441886256934172E+000                  1.4947036235254079E+000 
                                     519                  2.9905286769372288E+000                  5.5687029873487515E-001                  5.9685090894319259E+000                 -3.0984739479137935E+000                  1.1003828113355288E+001                  6.9999999996485329E-001                  2.8000000003514697E-001                  1.9999999999999796E-002                  0.0000000000000000E+000                  3.8974276914447600E+008                  1.4382051890529437E+007                  4.9204443124878480E-013                  0.0000000000000000E+000                  0.0000000000000000E+000                  4.1019865371030875E+000                  3.9899863027524467E+010                  5.5783318879146626E-008                  1.7861846519505308E-017                 -3.6267478252786129E+000                  1.1096806537787398E+000                  1.3482412811385709E+000                  1.4987562789705615E+000 
                                     520                  2.9902137230147168E+000                  5.5513841129724495E-001                  5.9731835192595923E+000                 -3.0813820806921060E+000                  1.1025539535164789E+001                  6.9999999996075246E-001                  2.8000000003924785E-001                  1.9999999999999685E-002                  0.0000000000000000E+000                  3.8934892744894797E+008                  1.4459762560844144E+007                  5.7527781140161532E-013                  0.0000000000000000E+000                  0.0000000000000000E+000                  4.0899098121908297E+000                  4.0009184976881569E+010                  5.5787367728889470E-008                  2.0244269653571412E-017                 -3.6267320649283308E+000                  1.1137466864515833E+000                  1.3523073138114143E+000                  1.5028223116434050E+000 
                                     521                  2.9898874751180644E+000                  5.5339281149760378E-001                  5.9778750880721594E+000                 -3.0643163043380861E+000                  1.1047243867436633E+001                  6.9999999995613871E-001                  2.8000000004386155E-001                  1.9999999999999796E-002                  0.0000000000000000E+000                  3.8896856337922513E+008                  1.4538174651498267E+007                  6.7253826898202940E-013                  0.0000000000000000E+000                  0.0000000000000000E+000                  4.0778661289531417E+000                  4.0118848943229225E+010                  5.5800603144196481E-008                  2.2926040799945475E-017                 -3.6266805533915987E+000                  1.1178385192488864E+000                  1.3563991466087175E+000                  1.5069141444407081E+000 
                                     522                  2.9895505516811074E+000                  5.5163847748592632E-001                  5.9825829307946421E+000                 -3.0472766596739640E+000                  1.1068940124596701E+001                  6.9999999995093332E-001                  2.8000000004906683E-001                  1.9999999999999796E-002                  0.0000000000000000E+000                  3.8860150346250218E+008                  1.4617277503853841E+007                  7.8616135035602757E-013                  0.0000000000000000E+000                  0.0000000000000000E+000                  4.0655784157591208E+000                  4.0228444416283119E+010                  5.5828802927301945E-008                  2.5966753724185093E-017                 -3.6265708420629705E+000                  1.1219439002821241E+000                  1.3605045276419552E+000                  1.5110195254739458E+000 
                                     523                  2.9892016774518817E+000                  5.4987043036136929E-001                  5.9873116737222576E+000                 -3.0302407287781450E+000                  1.1090655165599662E+001                  6.9999999994506146E-001                  2.8000000005493886E-001                  1.9999999999999685E-002                  0.0000000000000000E+000                  3.8824659303200501E+008                  1.4697155122660564E+007                  9.1903572665643871E-013                  0.0000000000000000E+000                  0.0000000000000000E+000                  4.0528767443745792E+000                  4.0338168573516197E+010                  5.5875918633952866E-008                  2.9434711522545915E-017                 -3.6263876618684638E+000                  1.1260737784665760E+000                  1.3646344058264070E+000                  1.5151494036583977E+000 
                                     524                  2.9888405554230775E+000                  5.4808900692388662E-001                  5.9920587473888247E+000                 -3.0132121581418136E+000                  1.1112382672554357E+001                  6.9999999993843942E-001                  2.8000000006156073E-001                  1.9999999999999796E-002                  0.0000000000000000E+000                  3.8790304842288643E+008                  1.4777772633908128E+007                  1.0743509440454300E-012                  0.0000000000000000E+000                  0.0000000000000000E+000                  4.0396275809660898E+000                  4.0447841122022888E+010                  5.5944650309201029E-008                  3.3369258076884315E-017                 -3.6261207182163830E+000                  1.1302266172513324E+000                  1.3687872446111637E+000                  1.5193022424431541E+000 
                                     525                  2.9884669040858856E+000                  5.4629462527938055E-001                  5.9968214118090097E+000                 -2.9961945988627514E+000                  1.1134116145418989E+001                  6.9999999993097406E-001                  2.8000000006902626E-001                  1.9999999999999685E-002                  0.0000000000000000E+000                  3.8757011538005280E+008                  1.4859090877227306E+007                  1.2557947985328142E-012                  0.0000000000000000E+000                  0.0000000000000000E+000                  4.0257183118738773E+000                  4.0557278227908928E+010                  5.6037365477622809E-008                  3.7815247116272618E-017                 -3.6257611453425422E+000                  1.1344006573231091E+000                  1.3729612846829404E+000                  1.5234762825149311E+000 
                                     526                  2.9880804393388218E+000                  5.4448769024663202E-001                  6.0015969750266862E+000                 -2.9791910620596824E+000                  1.1155849765553000E+001                  6.9999999992256035E-001                  2.8000000007743991E-001                  1.9999999999999796E-002                  0.0000000000000000E+000                  3.8724706964190394E+008                  1.4941069978552679E+007                  1.4676320880776215E-012                  1.9211590016825778E-038                  0.0000000000000000E+000                  4.0110577558392606E+000                  4.0666288398399757E+010                  5.6156021601285958E-008                  4.2839888657631080E-017                 -3.6253018337885745E+000                  1.1385941204754055E+000                  1.3771547478352366E+000                  1.5276697456672272E+000 
                                     527                  2.9876808637396479E+000                  5.4266854591602054E-001                  6.0063803728330161E+000                 -2.9622126758989560E+000                  1.1177567243188239E+001                  6.9999999991309259E-001                  2.8000000008690756E-001                  1.9999999999999796E-002                  0.0000000000000000E+000                  3.8693320357008135E+008                  1.5023628852989895E+007                  1.7146532105491515E-012                  3.2741871519751990E-038                  0.0000000000000000E+000                  3.9956781282571887E+000                  4.0774676042796265E+010                  5.6301284576961217E-008                  4.8524554324757785E-017                 -3.6247408480599268E+000                  1.1428053688584126E+000                  1.3813659962182436E+000                  1.5318809940502343E+000 
                                     528                  2.9872683026461493E+000                  5.4083939095761502E-001                  6.0111676889236509E+000                 -2.9452675468330454E+000                  1.1199256468589999E+001                  6.9999999990244111E-001                  2.8000000009755921E-001                  1.9999999999999685E-002                  0.0000000000000000E+000                  3.8662762985504514E+008                  1.5106706448674954E+007                  2.0023798730823220E-012                  5.5716938797761269E-038                  0.0000000000000000E+000                  3.9797536773815576E+000                  4.0882152417610954E+010                  5.6471156193100913E-008                  5.4963007043285785E-017                 -3.6240866602032495E+000                  1.1470285789537855E+000                  1.3855892063136166E+000                  1.5361042041456074E+000 
                                     529                  2.9868423496191583E+000                  5.3899996782635129E-001                  6.0159584083414472E+000                 -2.9283525188551609E+000                  1.1220919982131143E+001                  6.9999999989045925E-001                  2.8000000010954107E-001                  1.9999999999999685E-002                  0.0000000000000000E+000                  3.8632936890321332E+008                  1.5190299814174384E+007                  2.3373607153370914E-012                  9.4666409460341218E-038                  0.0000000000000000E+000                  3.9634472482746683E+000                  4.0988602272068733E+010                  5.6662397272359671E-008                  6.2247121077753196E-017                 -3.6233525276492906E+000                  1.1512637631743634E+000                  1.3898243905341945E+000                  1.5403393883661851E+000 
                                     530                  2.9864025860692487E+000                  5.3715002566271630E-001                  6.0207522236892288E+000                 -2.9114647526006596E+000                  1.1242560235275432E+001                  6.9999999987698347E-001                  2.8000000012301657E-001                  2.0000000000000018E-002                  0.0000000000000000E+000                  3.8603760917259479E+008                  1.5274409285656976E+007                  2.7271815722138212E-012                  1.6059055729644455E-037                  0.0000000000000000E+000                  3.9469049560842295E+000                  4.1093927027731728E+010                  5.6871924252553332E-008                  7.0478798663361904E-017                 -3.6225510386070989E+000                  1.1555110340513917E+000                  1.3940716614112227E+000                  1.5445866592432134E+000 
                                     531                  2.9859485809204065E+000                  5.3528931917633493E-001                  6.0255490101498008E+000                 -2.8946016924601343E+000                  1.1264179594635541E+001                  6.9999999986183115E-001                  2.8000000013816906E-001                  1.9999999999999796E-002                  0.0000000000000000E+000                  3.8575166562305051E+008                  1.5359038154852033E+007                  3.1806290506898600E-012                  2.7199321378502877E-037                  0.0000000000000000E+000                  3.9302575293489381E+000                  4.1198048742545044E+010                  5.7096950862192457E-008                  7.9781713806078678E-017                 -3.6216935418410197E+000                  1.1597705894582173E+000                  1.3983312168180484E+000                  1.5488462146500390E+000 
                                     532                  2.9854798902635520E+000                  5.3341760762350454E-001                  6.0303488028292147E+000                 -2.8777610358320307E+000                  1.1285780346015448E+001                  6.9999999984479777E-001                  2.8000000015520249E-001                  1.9999999999999796E-002                  0.0000000000000000E+000                  3.8547089972555846E+008                  1.5444192704043569E+007                  3.7078800289062249E-012                  4.5995506794602707E-037                  0.0000000000000000E+000                  3.9136216119018812E+000                  4.1300907576895493E+010                  5.7334974518361580E-008                  9.0295342375216067E-017                 -3.6207901880857052E+000                  1.1640427068982875E+000                  1.4026033342581186E+000                  1.5531183320901094E+000 
                                     533                  2.9849960569999014E+000                  5.3153465387432686E-001                  6.0351517762665612E+000                 -2.8609407095489985E+000                  1.1307364698329547E+001                  6.9999999982565353E-001                  2.8000000017434673E-001                  1.9999999999999796E-002                  0.0000000000000000E+000                  3.8519473560105312E+008                  1.5529882051469833E+007                  4.3207211802113264E-012                  7.7661042867428233E-037                  0.0000000000000000E+000                  3.8971009715888805E+000                  4.1402459665730186E+010                  5.7583762747015288E-008                  1.0217979307691801E-016                 -3.6198499800200952E+000                  1.1683277404974941E+000                  1.4068883678573252E+000                  1.5574033656893160E+000 
                                     534                  2.9844966104777697E+000                  5.2964022355656371E-001                  6.0399582259500519E+000                 -2.8441388463984487E+000                  1.1328934787303806E+001                  6.9999999980414307E-001                  2.8000000019585708E-001                  1.9999999999999796E-002                  0.0000000000000000E+000                  3.8492265675903732E+008                  1.5616117828245556E+007                  5.0328033593803376E-012                  1.3092952959581480E-036                  0.0000000000000000E+000                  3.8807876676865405E+000                  4.1502675291799042E+010                  5.7841331945156054E-008                  1.1559604148586031E-016                 -3.6188808574265137E+000                  1.1726261130049767E+000                  1.4111867403648077E+000                  1.5617017381967984E+000 
                                     535                  2.9839810661235013E+000                  5.2773408428019442E-001                  6.0447685517165661E+000                 -2.8273537627173400E+000                  1.1350492678934524E+001                  6.9999999977998106E-001                  2.8000000022001909E-001                  1.9999999999999796E-002                  0.0000000000000000E+000                  3.8465424220714992E+008                  1.5702913472157978E+007                  5.8599364457606809E-012                  2.2041382334683481E-036                  0.0000000000000000E+000                  3.8647631643741356E+000                  4.1601537071960342E+010                  5.8105919069153068E-008                  1.3071231647035539E-016                 -3.6178898125644192E+000                  1.1769383003627136E+000                  1.4154989277225447E+000                  1.5660139255545353E+000 
                                     536                  2.9834489250678424E+000                  5.2581600494432379E-001                  6.0495832428923455E+000                 -2.8105839366290035E+000                  1.1372040372622012E+001                  6.9999999975284832E-001                  2.8000000024715194E-001                  1.9999999999999796E-002                  0.0000000000000000E+000                  3.8438927430487877E+008                  1.5790282808460640E+007                  6.8204311524430663E-012                  3.7053616552018581E-036                  0.0000000000000000E+000                  3.8490993925420196E+000                  4.1699038180017334E+010                  5.8375938187135432E-008                  1.4775190843326644E-016                 -3.6168830633095173E+000                  1.1812648016492395E+000                  1.4198254290090706E+000                  1.5703404268410612E+000 
                                     537                  2.9828996737718771E+000                  5.2388575513946400E-001                  6.0544028549801068E+000                 -2.7938279819617717E+000                  1.1393579804138858E+001                  6.9999999972238902E-001                  2.8000000027761124E-001                  1.9999999999999796E-002                  0.0000000000000000E+000                  3.8412758010498244E+008                  1.5878241093332313E+007                  7.9354935977833016E-012                  6.2206964933133588E-036                  0.0000000000000000E+000                  3.8338430210403009E+000                  4.1795180350797310E+010                  5.8650142001438313E-008                  1.6698531539369177E-016                 -3.6158654660251512E+000                  1.1856061332073420E+000                  1.4241667605671731E+000                  1.5746817583991639E+000 
                                     538                  2.9823327836421396E+000                  5.2194310462836657E-001                  6.0592279370018316E+000                 -2.7770845678652636E+000                  1.1415112848638447E+001                  6.9999999968820659E-001                  2.8000000031179362E-001                  1.9999999999999796E-002                  0.0000000000000000E+000                  3.8386894715421844E+008                  1.5966804140281726E+007                  9.2296718159294335E-012                  1.0430124021512930E-035                  0.0000000000000000E+000                  3.8189495020229987E+000                  4.1889969026475723E+010                  5.8928538330138261E-008                  1.8868837861757282E-016                 -3.6148371655293641E+000                  1.1899628312923833E+000                  1.4285234586522144E+000                  1.5790384564842050E+000 
                                     539                  2.9817477106345849E+000                  5.1998782315656900E-001                  6.0640589600667685E+000                 -2.7603523390319245E+000                  1.1436641323538538E+001                  6.9999999964985893E-001                  2.8000000035014128E-001                  1.9999999999999796E-002                  0.0000000000000000E+000                  3.8361312730134761E+008                  1.6055986681197038E+007                  1.0731364050597285E-011                  1.7466413853502367E-035                  0.0000000000000000E+000                  3.8043508911600878E+000                  4.1983405906977493E+010                  5.9212423211702426E-008                  2.1313274272754293E-016                 -3.6137935827343197E+000                  1.1943354176819139E+000                  1.4328960450417449E+000                  1.5834110428737356E+000 
                                     540                  2.9811438948522149E+000                  5.1801968062517223E-001                  6.0688963083368579E+000                 -2.7436299021487125E+000                  1.1458166991119002E+001                  6.9999999960685322E-001                  2.8000000039314704E-001                  1.9999999999999796E-002                  0.0000000000000000E+000                  3.8336001646659023E+008                  1.6145800565761110E+007                  1.2473410231580034E-011                  2.9214577664477839E-035                  0.0000000000000000E+000                  3.7899855416321282E+000                  4.2075484698159935E+010                  5.9503288098357306E-008                  2.4042900782924360E-016                 -3.6127295174423071E+000                  1.1987243534242507E+000                  1.4372849807840817E+000                  1.5877999786160724E+000 
                                     541                  2.9805207601370678E+000                  5.1603844734238125E-001                  6.0737402885789278E+000                 -2.7269158345884965E+000                  1.1479691560781088E+001                  6.9999999955864090E-001                  2.8000000044135925E-001                  1.9999999999999796E-002                  0.0000000000000000E+000                  3.8310953713978797E+008                  1.6236255946974874E+007                  1.4493775921973667E-011                  4.8808041816655380E-035                  0.0000000000000000E+000                  3.7757975189569075E+000                  4.2166191080452469E+010                  5.9802482879549281E-008                  2.6960257456838024E-016                 -3.6116403922992499E+000                  1.2031300312725148E+000                  1.4416906586323461E+000                  1.5922056564643368E+000 
                                     542                  2.9798777136599099E+000                  5.1404389426441000E-001                  6.0773648377509391E+000                 -2.7143549100924225E+000                  1.1495851122752830E+001                  6.9999999951850844E-001                  2.8000000048149176E-001                  1.9999999999999796E-002                  0.0000000000000000E+000                  3.8291619303115135E+008                  1.6304275033619905E+007                  1.6214164258625648E-011                  7.1584669618746424E-035                  0.0000000000000000E+000                  3.7658465874484381E+000                  4.2253191797822701E+010                  6.0102568456237595E-008                  2.9816013607672293E-016                 -3.6105534841106417E+000                  1.2075536345784106E+000                  1.4461142619382417E+000                  1.5966292597702323E+000 
                                     543                  2.9795459295859659E+000                  5.1303369387922393E-001                  6.0797919780236684E+000                 -2.7060028249327690E+000                  1.1506614067571086E+001                  6.9999999948991010E-001                  2.8000000051009005E-001                  1.9999999999999796E-002                  0.0000000000000000E+000                  3.8279280267364651E+008                  1.6349990963283133E+007                  1.7474129480632585E-011                  9.2447970978605372E-035                  0.0000000000000000E+000                  3.7588380759143987E+000                  4.2296496726699623E+010                  6.0257565572340526E-008                  3.2434758610858349E-016                 -3.6099942089819748E+000                  1.2097893627014182E+000                  1.4483499900612493E+000                  1.5988649878932399E+000 
                                     544                  2.9792141455120227E+000                  5.1203583862263646E-001                  6.0834497307390549E+000                 -2.6935076129753170E+000                  1.1522744136526949E+001                  6.9999999944407532E-001                  2.8000000055592494E-001                  1.9999999999999796E-002                  0.0000000000000000E+000                  3.8261614239675391E+008                  1.6419141075871393E+007                  1.9552082343970307E-011                  1.3577928488220543E-034                  0.0000000000000000E+000                  3.7477306816325036E+000                  4.2341097844305077E+010                  6.0422054465760767E-008                  3.5334250309985617E-016                 -3.6094022559830901E+000                  1.2119939160044182E+000                  1.4505545433642493E+000                  1.6010695411962399E+000 
                                     545                  2.9785294282864681E+000                  5.1001396044114933E-001                  6.0883147347087592E+000                 -2.6768098857871871E+000                  1.1544275151096430E+001                  6.9999999937628932E-001                  2.8000000062371089E-001                  1.9999999999999796E-002                  0.0000000000000000E+000                  3.8237263304757440E+008                  1.6511571687698541E+007                  2.2699012366835730E-011                  2.2608265517069386E-034                  0.0000000000000000E+000                  3.7337910109630794E+000                  4.2429909636174820E+010                  6.0763012836144779E-008                  3.9174283997268935E-016                 -3.6081803502414167E+000                  1.2164512042850604E+000                  1.4550118316448915E+000                  1.6055268294768823E+000 
                                     546                  2.9778229166514709E+000                  5.0797808169010561E-001                  6.0931869881516576E+000                 -2.6601146916754757E+000                  1.1565811412020210E+001                  6.9999999930040391E-001                  2.8000000069959624E-001                  1.9999999999999796E-002                  0.0000000000000000E+000                  3.8213126314030874E+008                  1.6604674232405180E+007                  2.6345019238000686E-011                  3.7603402569544089E-034                  0.0000000000000000E+000                  3.7198522745453557E+000                  4.2514848148968674E+010                  6.1107031522620148E-008                  4.3904826003004650E-016                 -3.6069544065336281E+000                  1.2209270452723266E+000                  1.4594876726321577E+000                  1.6100026704641484E+000 
                                     547                  2.9770939469188398E+000                  5.0592797804884115E-001                  6.0980665232365245E+000                 -2.6434205604238201E+000                  1.1587354388850192E+001                  6.9999999921548139E-001                  2.8000000078451881E-001                  1.9999999999999796E-002                  0.0000000000000000E+000                  3.8189193905092454E+008                  1.6698453715540307E+007                  3.0568163476670709E-011                  6.2476328396607460E-034                  0.0000000000000000E+000                  3.7058804651321400E+000                  4.2598253384217995E+010                  6.1464737919957627E-008                  4.9096600095973390E-016                 -3.6056869829153024E+000                  1.2254210704313837E+000                  1.4639816977912148E+000                  1.6144966956232054E+000 
                                     548                  2.9763418366084888E+000                  5.0386342682571872E-001                  6.1017181153010984E+000                 -2.6308685018697253E+000                  1.1603534129392186E+001                  6.9999999914502642E-001                  2.8000000085497367E-001                  1.9999999999999907E-002                  0.0000000000000000E+000                  3.8170669957338524E+008                  1.6768980835028974E+007                  3.4160576868978687E-011                  9.1258268779002673E-034                  0.0000000000000000E+000                  3.6959518260312052E+000                  4.2677731167976456E+010                  6.1827711323361260E-008                  5.4156151826948943E-016                 -3.6044084147420836E+000                  1.2299343365455351E+000                  1.4684949639053662E+000                  1.6190099617373568E+000 
                                     549                  2.9759538603131608E+000                  5.0281758603271864E-001                  6.1041633157906627E+000                 -2.6225208827143054E+000                  1.1614311947167899E+001                  6.9999999909504718E-001                  2.8000000090495308E-001                  1.9999999999999796E-002                  0.0000000000000000E+000                  3.8158847286970490E+008                  1.6816381209214985E+007                  3.6789278079055435E-011                  1.1753398300943442E-033                  0.0000000000000000E+000                  3.6889190711981730E+000                  4.2717168173023178E+010                  6.2016076356846883E-008                  5.8820109487366143E-016                 -3.6037478571215340E+000                  1.2322155786969313E+000                  1.4707762060567624E+000                  1.6212912038887530E+000 
                                     550                  2.9755658840178332E+000                  5.0178426152759537E-001                  6.1078481515237950E+000                 -2.6100303321815881E+000                  1.1630466272078360E+001                  6.9999999901477683E-001                  2.8000000098522326E-001                  1.9999999999999907E-002                  0.0000000000000000E+000                  3.8141924577281290E+008                  1.6888075847195465E+007                  4.1120686322118869E-011                  1.7191352424291459E-033                  0.0000000000000000E+000                  3.6777422569240690E+000                  4.2757951099632904E+010                  6.2214769269967070E-008                  6.4111207642655545E-016                 -3.6030532525818590E+000                  1.2344654197806890E+000                  1.4730260471405203E+000                  1.6235410449725109E+000 
                                     551                  2.9747653677932897E+000                  4.9969015190949678E-001                  6.1127494758144811E+000                 -2.5933307705971318E+000                  1.1652037760607811E+001                  6.9999999889546349E-001                  2.8000000110453666E-001                  1.9999999999999796E-002                  0.0000000000000000E+000                  3.8118544008586186E+008                  1.6983912139874902E+007                  4.7673414319607585E-011                  2.8469958909738226E-033                  0.0000000000000000E+000                  3.6636580820610813E+000                  4.2838897273251923E+010                  6.2625990397657403E-008                  7.1113565267074347E-016                 -3.6016226964638545E+000                  1.2390145455345050E+000                  1.4775751728943360E+000                  1.6280901707263267E+000 
                                     552                  2.9739395464945346E+000                  4.9758093753619276E-001                  6.1176582000373649E+000                 -2.5766268276507467E+000                  1.1673621410545122E+001                  6.9999999876273866E-001                  2.8000000123726160E-001                  1.9999999999999796E-002                  0.0000000000000000E+000                  3.8095342077578771E+008                  1.7080445518793233E+007                  5.5255752804274432E-011                  4.7097770114092832E-033                  0.0000000000000000E+000                  3.6496055871710800E+000                  4.2915715219328606E+010                  6.3040212235670508E-008                  7.9581288709534421E-016                 -3.6001911666946453E+000                  1.2435832743456552E+000                  1.4821439017054863E+000                  1.6326588995374769E+000 
                                     553                  2.9730876581557681E+000                  4.9545640228513432E-001                  6.1225744627360976E+000                 -2.5599173671053830E+000                  1.1695218477823179E+001                  6.9999999861446804E-001                  2.8000000138553210E-001                  1.9999999999999796E-002                  0.0000000000000000E+000                  3.8072319127767104E+008                  1.7177683279951334E+007                  6.4027480492733012E-011                  7.7831750679247940E-033                  0.0000000000000000E+000                  3.6356192933204645E+000                  4.2990794456116898E+010                  6.3466827648547640E-008                  8.8809129942777417E-016                 -3.5987266045468380E+000                  1.2481712408129533E+000                  1.4867318681727844E+000                  1.6372468660047750E+000 
                                     554                  2.9722089198449906E+000                  4.9331633109286621E-001                  6.1262539941819796E+000                 -2.5473483457986572E+000                  1.1711444576456303E+001                  6.9999999849164274E-001                  2.8000000150835758E-001                  1.9999999999999685E-002                  0.0000000000000000E+000                  3.8054478259628236E+008                  1.7250819301071502E+007                  7.1482070792061859E-011                  1.1323860906407514E-032                  0.0000000000000000E+000                  3.6257695933219285E+000                  4.3061718026539551E+010                  6.3895769463742996E-008                  9.7830943220765408E-016                 -3.5972639477547141E+000                  1.2527795856580926E+000                  1.4913402130179236E+000                  1.6418552108499143E+000 
                                     555                  2.9717557235368908E+000                  4.9223209113551569E-001                  6.1287179317367206E+000                 -2.5389884949703942E+000                  1.1722254296282792E+001                  6.9999999840459748E-001                  2.8000000159540278E-001                  1.9999999999999796E-002                  0.0000000000000000E+000                  3.8043104150264394E+008                  1.7299973157730032E+007                  7.6932505078956281E-011                  1.4545798436914405E-032                  0.0000000000000000E+000                  3.6188533461936068E+000                  4.3096779326150658E+010                  6.4115926800912519E-008                  1.0613061613685889E-015                 -3.5965170377946003E+000                  1.2551090521423662E+000                  1.4936696795021975E+000                  1.6441846773341879E+000 
                                     556                  2.9713025272287910E+000                  4.9116057376193384E-001                  6.1324310670313382E+000                 -2.5264784300666241E+000                  1.1738457784107203E+001                  6.9999999826495851E-001                  2.8000000173504175E-001                  1.9999999999999796E-002                  0.0000000000000000E+000                  3.8026847026173419E+008                  1.7374320589285415E+007                  8.5906104204868020E-011                  2.1191361284148014E-032                  0.0000000000000000E+000                  3.6079440275398666E+000                  4.3133263332350220E+010                  6.4345071557472356E-008                  1.1552461418910281E-015                 -3.5957423559055366E+000                  1.2574069230844580E+000                  1.4959675504442891E+000                  1.6464825482762797E+000 
                                     557                  2.9703676541481308E+000                  4.8898878631052595E-001                  6.1373711232035095E+000                 -2.5097464062225643E+000                  1.1760102217564018E+001                  6.9999999805776625E-001                  2.8000000194223401E-001                  1.9999999999999796E-002                  0.0000000000000000E+000                  3.8004380511429316E+008                  1.7473724092883032E+007                  9.9470010423503820E-011                  3.4913538320633170E-032                  0.0000000000000000E+000                  3.5943342961017053E+000                  4.3205444474696320E+010                  6.4814948321012224E-008                  1.2797478181441220E-015                 -3.5941624104547696E+000                  1.2620536266272229E+000                  1.5006142539870542E+000                  1.6511292518190448E+000 
                                     558                  2.9694034521928998E+000                  4.8680082209170911E-001                  6.1423196623192897E+000                 -2.4930051508797484E+000                  1.1781764690696555E+001                  6.9999999782766820E-001                  2.8000000217233190E-001                  1.9999999999999907E-002                  0.0000000000000000E+000                  3.7982114960333920E+008                  1.7573870637879204E+007                  1.1514893281586763E-010                  5.7465972557409917E-032                  0.0000000000000000E+000                  3.5808986967341694E+000                  4.3273347173791649E+010                  6.5284321185120140E-008                  1.4300754047975250E-015                 -3.5925955536226315E+000                  1.2667213915111151E+000                  1.5052820188709461E+000                  1.6557970167029366E+000 
                                     559                  2.9684090502770362E+000                  4.8459646819341173E-001                  6.1472769910911866E+000                 -2.4762539122189056E+000                  1.1803446260131945E+001                  6.9999999757108433E-001                  2.8000000242891593E-001                  1.9999999999999796E-002                  0.0000000000000000E+000                  3.7960059855871505E+008                  1.7674771705081657E+007                  1.3326946999280478E-010                  9.4497771757268076E-032                  0.0000000000000000E+000                  3.5676581341176021E+000                  4.3339425633298439E+010                  6.5763069072457161E-008                  1.5937297690361804E-015                 -3.5910089635328899E+000                  1.2714099183763816E+000                  1.5099705457362127E+000                  1.6604855435682033E+000 
                                     560                  2.9673835542153526E+000                  4.8237551182150801E-001                  6.1509884444737137E+000                 -2.4636494124354638E+000                  1.1819740998732826E+001                  6.9999999735886975E-001                  2.8000000264113045E-001                  1.9999999999999796E-002                  0.0000000000000000E+000                  3.7942980400801474E+008                  1.7750687284797780E+007                  1.4865831673307490E-010                  1.3699550001151216E-031                  0.0000000000000000E+000                  3.5584303885243282E+000                  4.3401237576437881E+010                  6.6241235094778536E-008                  1.7522819154266377E-015                 -3.5894357892751878E+000                  1.2761204498727061E+000                  1.5146810772325372E+000                  1.6651960750645278E+000 
                                     561                  2.9668548002610944E+000                  4.8125018739471448E-001                  6.1534739946651671E+000                 -2.4552656339494239E+000                  1.1830597073012481E+001                  6.9999999720862882E-001                  2.8000000279137133E-001                  1.9999999999999796E-002                  0.0000000000000000E+000                  3.7932121417809641E+008                  1.7801714010750160E+007                  1.5990249100000983E-010                  1.7555750963245116E-031                  0.0000000000000000E+000                  3.5519780327016806E+000                  4.3431687140425507E+010                  6.6485152970902700E-008                  1.8883234693842251E-015                 -3.5886376638350392E+000                  1.2785018824182837E+000                  1.5170625097781147E+000                  1.6675775076101054E+000 
                                     562                  2.9663260463068357E+000                  4.8013781413835349E-001                  6.1559623760282394E+000                 -2.4468791013182134E+000                  1.1841458838158614E+001                  6.9999999704981442E-001                  2.8000000295018584E-001                  1.9999999999999796E-002                  0.0000000000000000E+000                  3.7921334843190116E+008                  1.7852945662456013E+007                  1.7198992176064134E-010                  2.2493434559550285E-031                  0.0000000000000000E+000                  3.5455903946878577E+000                  4.3462445505518700E+010                  6.6732250434135936E-008                  2.0246428311526480E-015                 -3.5878321145216607E+000                  1.2808520379418256E+000                  1.5194126653016566E+000                  1.6699276631336475E+000 
                                     563                  2.9657808156178702E+000                  4.7900395271156659E-001                  6.1597309712923121E+000                 -2.4342643682112226E+000                  1.1857823673061020E+001                  6.9999999679327296E-001                  2.8000000320672724E-001                  1.9999999999999796E-002                  0.0000000000000000E+000                  3.7905866795598602E+008                  1.7930821171341989E+007                  1.9197990876652939E-010                  3.2704998770999231E-031                  0.0000000000000000E+000                  3.5355813972285812E+000                  4.3494484072627419E+010                  6.6989401732477582E-008                  2.1939694508965323E-015                 -3.5869969503897452E+000                  1.2832435990048090E+000                  1.5218042263646401E+000                  1.6723192241966309E+000 
                                     564                  2.9646733945332659E+000                  4.7674050538220553E-001                  6.1647220616877521E+000                 -2.4174735448972187E+000                  1.1879579758444763E+001                  6.9999999641754307E-001                  2.8000000358245702E-001                  1.9999999999999907E-002                  0.0000000000000000E+000                  3.7884650899172962E+008                  1.8034471186584763E+007                  2.2203242314840183E-010                  5.3618460204745898E-031                  0.0000000000000000E+000                  3.5234698224175718E+000                  4.3556632404894844E+010                  6.7502290632587298E-008                  2.4260196881467543E-015                 -3.5853407447532759E+000                  1.2880070693322279E+000                  1.5265676966920589E+000                  1.6770826945240496E+000 
                                     565                  2.9635315587050939E+000                  4.7445970778401031E-001                  6.1697241533429574E+000                 -2.4006707216764434E+000                  1.1901359225040729E+001                  6.9999999599837914E-001                  2.8000000400162101E-001                  1.9999999999999796E-002                  0.0000000000000000E+000                  3.7863726817231792E+008                  1.8138947459335051E+007                  2.5674438927148730E-010                  8.7839833343002983E-031                  0.0000000000000000E+000                  3.5119130801718033E+000                  4.3614521459906212E+010                  6.8005956866195922E-008                  2.7080979776917732E-015                 -3.5837265221703256E+000                  1.2927938202711016E+000                  1.5313544476309326E+000                  1.6818694454629233E+000 
                                     566                  2.9623543049172159E+000                  4.7216134262868320E-001                  6.1747380778192911E+000                 -2.3838559165902597E+000                  1.1923162923167432E+001                  6.9999999553422254E-001                  2.8000000446577766E-001                  1.9999999999999796E-002                  0.0000000000000000E+000                  3.7843128270111650E+008                  1.8244273823300067E+007                  2.9683599985507589E-010                  1.4380569539119008E-030                  0.0000000000000000E+000                  3.5010142076598965E+000                  4.3670671768717010E+010                  6.8507675684694589E-008                  3.0300242135714844E-015                 -3.5821303834453522E+000                  1.2976037703980714E+000                  1.5361643977579025E+000                  1.6866793955898931E+000 
                                     567                  2.9611406046420816E+000                  4.6984518941639680E-001                  6.1797647877426147E+000                 -2.3670293110789462E+000                  1.1944991668433437E+001                  6.9999999501957821E-001                  2.8000000498042193E-001                  1.9999999999999796E-002                  0.0000000000000000E+000                  3.7822893203872615E+008                  1.8350477219056685E+007                  3.4313984243552612E-010                  2.3528953219518524E-030                  0.0000000000000000E+000                  3.4908728506395330E+000                  4.3725141773027550E+010                  6.9004552146430613E-008                  3.3947568505168776E-015                 -3.5805611292193071E+000                  1.3024375621888915E+000                  1.5409981895487226E+000                  1.6915131873807132E+000 
                                     568                  2.9598894036476220E+000                  4.6751102354048590E-001                  6.1848053500045745E+000                 -2.3501912416110380E+000                  1.1966846243065882E+001                  6.9999999444395344E-001                  2.8000000555604682E-001                  1.9999999999999796E-002                  0.0000000000000000E+000                  3.7803063359771538E+008                  1.8457587617218494E+007                  3.9661885905370911E-010                  3.8477717179021289E-030                  0.0000000000000000E+000                  3.4815861242328450E+000                  4.3778002654434242E+010                  6.9493727192889972E-008                  3.8030773067308957E-015                 -3.5790271974780463E+000                  1.3072959030616438E+000                  1.5458565304214749E+000                  1.6963715282534655E+000 
                                     569                  2.9585996216154724E+000                  4.6515861539231734E-001                  6.1898609403159313E+000                 -2.3333421935163945E+000                  1.1988727397394433E+001                  6.9999999380473865E-001                  2.8000000619526155E-001                  1.9999999999999796E-002                  0.0000000000000000E+000                  3.7783685913828903E+008                  1.8565637899755426E+007                  4.5838728237727690E-010                  6.2898143227238902E-030                  0.0000000000000000E+000                  3.4732494896004167E+000                  4.3829337618294678E+010                  6.9972349881578374E-008                  4.2350627978905916E-015                 -3.5775367704652101E+000                  1.3121795619911312E+000                  1.5507401893509623E+000                  1.7012551871829529E+000 
                                     570                  2.9572701517618731E+000                  4.6278772943619728E-001                  6.1936321800076648E+000                 -2.3207258094475725E+000                  1.2005096761145303E+001                  6.9999999328361406E-001                  2.8000000671638620E-001                  1.9999999999999796E-002                  0.0000000000000000E+000                  3.7768887577958876E+008                  1.8646638492989421E+007                  5.1055942750938367E-010                  9.0654863598700360E-030                  0.0000000000000000E+000                  3.4682275620596048E+000                  4.3876669905036484E+010                  7.0428892038331980E-008                  4.6750737733538585E-015                 -3.5761245718582386E+000                  1.3170903135563918E+000                  1.5556509409162229E+000                  1.7061659387482135E+000 
                                     571                  2.9565953548657542E+000                  4.6160435030981323E-001                  6.1974565214230015E+000                 -2.3081134769841150E+000                  1.2021517798801725E+001                  6.9999999271839264E-001                  2.8000000728160757E-001                  1.9999999999999796E-002                  0.0000000000000000E+000                  3.7755665071534616E+008                  1.8729148031249374E+007                  5.6915282071795471E-010                  1.3114621718587635E-029                  0.0000000000000000E+000                  3.4627447726907659E+000                  4.3900962392462708E+010                  7.0653771240578581E-008                  5.1228590194799481E-015                 -3.5754323260707559E+000                  1.3195366078006865E+000                  1.5580972351605176E+000                  1.7086122329925084E+000 
                                     572                  2.9552043660196423E+000                  4.5920534081995779E-001                  6.2025554375003447E+000                 -2.2912398777419694E+000                  1.2043468560628773E+001                  6.9999999188971029E-001                  2.8000000811028991E-001                  1.9999999999999796E-002                  0.0000000000000000E+000                  3.7737648761761200E+008                  1.8839706900508836E+007                  6.5769682851319316E-010                  2.1426048220171988E-029                  0.0000000000000000E+000                  3.4571890422385527E+000                  4.3951515968258728E+010                  7.1102869357407735E-008                  5.6716343917113653E-015                 -3.5740564364779837E+000                  1.3244864855164538E+000                  1.5630471128762848E+000                  1.7135621107082755E+000 
                                     573                  2.9537708074795068E+000                  4.5678723251465847E-001                  6.2076741912425994E+000                 -2.2743579527895652E+000                  1.2065448310519765E+001                  6.9999999097252597E-001                  2.8000000902747418E-001                  1.9999999999999796E-002                  0.0000000000000000E+000                  3.7720275245726943E+008                  1.8951341360822778E+007                  7.6000449576613037E-010                  3.5003857022192110E-029                  0.0000000000000000E+000                  3.4527684814312773E+000                  4.3998318439702599E+010                  7.1524116075353609E-008                  6.3284765120110112E-015                 -3.5727737503402972E+000                  1.3294655446974615E+000                  1.5680261720572926E+000                  1.7185411698892832E+000 
                                     574                  2.9522934767553974E+000                  4.5434976178726766E-001                  6.2128140053027403E+000                 -2.2574683529014350E+000                  1.2087457682785725E+001                  6.9999998994665602E-001                  2.8000001005334407E-001                  1.9999999999999907E-002                  0.0000000000000000E+000                  3.7703589561142600E+008                  1.9064089032022327E+007                  8.7823124182502236E-010                  5.7189600727566262E-029                  0.0000000000000000E+000                  3.4493056629336771E+000                  4.4044068279687775E+010                  7.1930494734809064E-008                  7.0854178746377979E-015                 -3.5715434763152074E+000                  1.3344739558307095E+000                  1.5730345831905408E+000                  1.7235495810225314E+000 
                                     575                  2.9507711431102521E+000                  4.5189265684602020E-001                  6.2179758119924564E+000                 -2.2405714381953890E+000                  1.2109497293056526E+001                  6.9999998881328029E-001                  2.8000001118671985E-001                  1.9999999999999796E-002                  0.0000000000000000E+000                  3.7687627172582054E+008                  1.9177981595133755E+007                  1.0148694960825734E-009                  9.3448850772731905E-029                  0.0000000000000000E+000                  3.4466259001255315E+000                  4.4088840990960762E+010                  7.2327752008009581E-008                  7.9171062937370830E-015                 -3.5703475164192868E+000                  1.3395125136821309E+000                  1.5780731410419619E+000                  1.7285881388739526E+000 
                                     576                  2.9492025471273786E+000                  4.4941563895963926E-001                  6.2231602679851523E+000                 -2.2236672915125775E+000                  1.2131567740862982E+001                  6.9999998755640402E-001                  2.8000001244359618E-001                  1.9999999999999796E-002                  0.0000000000000000E+000                  3.7672414946618700E+008                  1.9293044975251801E+007                  1.1728004121453397E-009                  1.5272295707309918E-028                  0.0000000000000000E+000                  3.4445615910341907E+000                  4.4132680933308701E+010                  7.2721562440829358E-008                  8.7894436924354270E-015                 -3.5691683993805241E+000                  1.3445818721531839E+000                  1.5831424995130150E+000                  1.7336574973450056E+000 
                                     577                  2.9475864002894991E+000                  4.4691842371644375E-001                  6.2270527298905689E+000                 -2.2109459562915488E+000                  1.2148167445072994E+001                  6.9999998652684159E-001                  2.8000001347315856E-001                  1.9999999999999796E-002                  0.0000000000000000E+000                  3.7660862491277868E+008                  1.9379871899755001E+007                  1.3070307456630098E-009                  2.2058764834085950E-028                  0.0000000000000000E+000                  3.4438042086226086E+000                  4.4172980085268578E+010                  7.3106936012740580E-008                  9.6539961781145043E-015                 -3.5680207087224334E+000                  1.3496835715135920E+000                  1.5882441988734231E+000                  1.7387591967054139E+000 
                                     578                  2.9467538924275392E+000                  4.4565284149141154E-001                  6.2296623105390330E+000                 -2.2024881788568775E+000                  1.2159226452235641E+001                  6.9999998579142730E-001                  2.8000001420857307E-001                  1.9999999999999574E-002                  0.0000000000000000E+000                  3.7653831414873105E+008                  1.9438300349490833E+007                  1.4050903684163186E-009                  2.8203930610058219E-028                  0.0000000000000000E+000                  3.4430830413325872E+000                  4.4192931714493958E+010                  7.3303188126184402E-008                  1.0450657969297962E-014                 -3.5674385682353726E+000                  1.3522653717711852E+000                  1.5908259991310163E+000                  1.7413409969630071E+000 
                                     579                  2.9459213845655792E+000                  4.4440082798999503E-001                  6.2335992250445269E+000                 -2.1898371802676593E+000                  1.2175803442909881E+001                  6.9999998461864510E-001                  2.8000001538135516E-001                  1.9999999999999796E-002                  0.0000000000000000E+000                  3.7644315161424410E+008                  1.9526780093556423E+007                  1.5663941924483370E-009                  4.0816440666776827E-028                  0.0000000000000000E+000                  3.4416142588109704E+000                  4.4214997368555603E+010                  7.3510312872782757E-008                  1.1316996738373576E-014                 -3.5668258644064945E+000                  1.3548160626841097E+000                  1.5933766900439408E+000                  1.7438916878759314E+000 
                                     580                  2.9442061519849627E+000                  4.4186234521164602E-001                  6.2388529790154834E+000                 -2.1729092398181078E+000                  1.2197969851139689E+001                  6.9999998290767218E-001                  2.8000001709232808E-001                  1.9999999999999796E-002                  0.0000000000000000E+000                  3.7631396713449961E+008                  1.9645459868449222E+007                  1.8103221925789302E-009                  6.6741306612660474E-028                  0.0000000000000000E+000                  3.4404424399096873E+000                  4.4258718101916161E+010                  7.3938878690730995E-008                  1.2447503911443784E-014                 -3.5655635699712627E+000                  1.3599796945974680E+000                  1.5985403219572991E+000                  1.7490553197892897E+000 
                                     581                  2.9424393241967808E+000                  4.3930279031660263E-001                  6.2441295612080792E+000                 -2.1559719255517038E+000                  1.2220169374364234E+001                  6.9999998101254812E-001                  2.8000001898745219E-001                  1.9999999999999685E-002                  0.0000000000000000E+000                  3.7619231344300759E+008                  1.9765363936009247E+007                  2.0922799208183411E-009                  1.0914588583690594E-027                  0.0000000000000000E+000                  3.4392600296940636E+000                  4.4298703740603004E+010                  7.4373819249096276E-008                  1.3834846331884391E-014                 -3.5642899580110079E+000                  1.3651763262235819E+000                  1.6037369535834129E+000                  1.7542519514154036E+000 
                                     582                  2.9406194920358963E+000                  4.3672186837845345E-001                  6.2494284615928448E+000                 -2.1390241380530455E+000                  1.2242402558671801E+001                  6.9999997891562704E-001                  2.8000002108437322E-001                  1.9999999999999796E-002                  0.0000000000000000E+000                  3.7607797950475699E+008                  1.9886493488864765E+007                  2.4181749633484638E-009                  1.7850409291963095E-027                  0.0000000000000000E+000                  3.4379173441084481E+000                  4.4337573773470695E+010                  7.4832662917095037E-008                  1.5445596119936406E-014                 -3.5629544000757529E+000                  1.3704052443798225E+000                  1.6089658717396536E+000                  1.7594808695716442E+000 
                                     583                  2.9387452150925655E+000                  4.3411928489247892E-001                  6.2547489937151814E+000                 -2.1220645986913360E+000                  1.2264669943075051E+001                  6.9999997659097490E-001                  2.8000002340902519E-001                  1.9999999999999907E-002                  0.0000000000000000E+000                  3.7597068401689029E+008                  2.0008845612365387E+007                  2.7948167804123903E-009                  2.9193503298822015E-027                  0.0000000000000000E+000                  3.4362991253827424E+000                  4.4375222165455055E+010                  7.5320281340666198E-008                  1.7255055582780155E-014                 -3.5615440332252519E+000                  1.3756664300257253E+000                  1.6142270573855564E+000                  1.7647420552175470E+000 
                                     584                  2.9368150212869613E+000                  4.3149474687292333E-001                  6.2600904636051169E+000                 -2.1050920282559731E+000                  1.2286972060050934E+001                  6.9999997401996428E-001                  2.8000002598003593E-001                  1.9999999999999796E-002                  0.0000000000000000E+000                  3.7587015504427844E+008                  2.0132416891098838E+007                  3.2300583441968484E-009                  4.7740915837283046E-027                  0.0000000000000000E+000                  3.4344728848917532E+000                  4.4411533673856110E+010                  7.5837737121114058E-008                  1.9270335731237140E-014                 -3.5600573170707226E+000                  1.3809598160185605E+000                  1.6195204433783916E+000                  1.7700354412103823E+000 
                                     585                  2.9348274064353261E+000                  4.2884796290521515E-001                  6.2654523564731388E+000                 -2.0881053446927589E+000                  1.2309309436121099E+001                  6.9999997117530055E-001                  2.8000002882469965E-001                  1.9999999999999796E-002                  0.0000000000000000E+000                  3.7577617226318228E+008                  2.0257208095572483E+007                  3.7329652836605201E-009                  7.8061666571182710E-027                  0.0000000000000000E+000                  3.4325656749494531E+000                  4.4446403191033386E+010                  7.6381649198702348E-008                  2.1515068044716057E-014                 -3.5585054843837880E+000                  1.3862853776509059E+000                  1.6248460050107369E+000                  1.7753610028427276E+000 
                                     586                  2.9327808338120818E+000                  4.2617864196856958E-001                  6.2708343743856521E+000                 -2.0711037024712744E+000                  1.2331682592587542E+001                  6.9999996802864795E-001                  2.8000003197135215E-001                  1.9999999999999907E-002                  0.0000000000000000E+000                  3.7568851927645481E+008                  2.0383225933159001E+007                  4.3140079215802925E-009                  1.2761786442740231E-026                  0.0000000000000000E+000                  3.4307001299016755E+000                  4.4479747764162117E+010                  7.6947578918176766E-008                  2.4018636841278987E-014                 -3.5569025201385869E+000                  1.3916432019094374E+000                  1.6302038292692684E+000                  1.7807188271012593E+000 
                                     587                  2.9306737337259263E+000                  4.2348649195720345E-001                  6.2762364232720191E+000                 -2.0540864775364649E+000                  1.2354092046468978E+001                  6.9999996454879976E-001                  2.8000003545120045E-001                  1.9999999999999796E-002                  0.0000000000000000E+000                  3.7560706345463127E+008                  2.0510481985009942E+007                  4.9852819438569475E-009                  2.0859462547791466E-026                  0.0000000000000000E+000                  3.4289949113874227E+000                  4.4511507737562332E+010                  7.7531210731501824E-008                  2.6810569124837693E-014                 -3.5552617170059291E+000                  1.3970334933638271E+000                  1.6355941207236582E+000                  1.7861091185556488E+000 
                                     588                  2.9285045030952315E+000                  4.2077121820113156E-001                  6.2816586010365771E+000                 -2.0370532531241805E+000                  1.2376538311817137E+001                  6.9999996070139514E-001                  2.8000003929860517E-001                  1.9999999999999685E-002                  0.0000000000000000E+000                  3.7553176575384402E+008                  2.0638992330635775E+007                  5.7607646854144762E-009                  3.4088739308373725E-026                  0.0000000000000000E+000                  3.4275652745876486E+000                  4.4541645186221413E+010                  7.8128315207920014E-008                  2.9922940256706731E-014                 -3.5535957704497982E+000                  1.4024565568051026E+000                  1.6410171841649337E+000                  1.7915321819969243E+000 
                                     589                  2.9262715050018162E+000                  4.1803252195626889E-001                  6.2871011869035023E+000                 -2.0200038060849002E+000                  1.2399021901377429E+001                  6.9999995644860724E-001                  2.8000004355139307E-001                  1.9999999999999685E-002                  0.0000000000000000E+000                  3.7546254785106510E+008                  2.0768778807737261E+007                  6.6566130314596006E-009                  5.5697977331484599E-026                  0.0000000000000000E+000                  3.4265236924293285E+000                  4.4570142435656654E+010                  7.8734747215913455E-008                  3.3392226204307831E-014                 -3.5519167812552328E+000                  1.4079128047515477E+000                  1.6464734321113788E+000                  1.7969884299433694E+000 
                                     590                  2.9239730682449654E+000                  4.1527009889073235E-001                  6.2925646320196558E+000                 -2.0029380947908102E+000                  1.2421543328430403E+001                  6.9999995174880436E-001                  2.8000004825119568E-001                  2.0000000000000018E-002                  0.0000000000000000E+000                  3.7539922114211977E+008                  2.0899869722201388E+007                  7.6915099722910290E-009                  9.0991087973406167E-026                  0.0000000000000000E+000                  3.4259805283630018E+000                  4.4597000697394943E+010                  7.9346461276488620E-008                  3.7259010923856733E-014                 -3.5502362186534566E+000                  1.4134027762840737E+000                  1.6519634036439048E+000                  1.8024784014758954E+000 
                                     591                  2.9216074869018755E+000                  4.1248363756486339E-001                  6.2980495513935830E+000                 -1.9858562493110745E+000                  1.2444103108968712E+001                  6.9999994655617670E-001                  2.8000005344382339E-001                  1.9999999999999907E-002                  0.0000000000000000E+000                  3.7534169512153113E+008                  2.1032297574602783E+007                  8.8870681133656230E-009                  1.4862947468105267E-025                  0.0000000000000000E+000                  3.4260447521086084E+000                  4.4622238909456345E+010                  7.9959461085828511E-008                  4.1568463027765965E-014                 -3.5485650708102243E+000                  1.4189271188876578E+000                  1.6574877462474888E+000                  1.8080027440794795E+000 
                                     592                  2.9191730198545383E+000                  4.0967281784257092E-001                  6.3035567074858756E+000                 -1.9687585510781995E+000                  1.2466701764318870E+001                  6.9999994082032813E-001                  2.8000005917967197E-001                  1.9999999999999907E-002                  0.0000000000000000E+000                  3.7528996896955931E+008                  2.1166098792499810E+007                  1.0268298351891055E-008                  2.4276054492621961E-025                  0.0000000000000000E+000                  3.4268120980774248E+000                  4.4645892165877747E+010                  8.0569979744622789E-008                  4.6370803457319513E-014                 -3.5469133727690121E+000                  1.4244865601983272E+000                  1.6630471875581583E+000                  1.8135621853901489E+000 
                                     593                  2.9166678902938501E+000                  4.0683730931825246E-001                  6.3090868714740447E+000                 -1.9516452797913735E+000                  1.2489339824010544E+001                  6.9999993448583075E-001                  2.8000006551416934E-001                  1.9999999999999907E-002                  0.0000000000000000E+000                  3.7524381375734544E+008                  2.1301313040589619E+007                  1.1864131397856027E-008                  3.9649584301700358E-025                  0.0000000000000000E+000                  3.4282189789394137E+000                  4.4668002769645119E+010                  8.1177716158051494E-008                  5.1721841909727948E-014                 -3.5452815856120274E+000                  1.4300818973222533E+000                  1.6686425246820844E+000                  1.8191575225140753E+000 
                                     594                  2.9140902852212913E+000                  4.0397677067118404E-001                  6.3146406122940277E+000                 -1.9345164878874790E+000                  1.2512017828759607E+001                  6.9999992749173690E-001                  2.8000007250826314E-001                  2.0000000000000018E-002                  0.0000000000000000E+000                  3.7520277233860952E+008                  2.1437977370412193E+007                  1.3707990989422651E-008                  6.4758910333514849E-025                  0.0000000000000000E+000                  3.4300945856644693E+000                  4.4688600916421043E+010                  8.1787971702281149E-008                  5.7683658987785610E-014                 -3.5436552809726067E+000                  1.4357139295522816E+000                  1.6742745569121127E+000                  1.8247895547441033E+000 
                                     595                  2.9114383549092597E+000                  4.0109085045978204E-001                  6.3202182188106883E+000                 -1.9173719172539718E+000                  1.2534736333447780E+001                  6.9999991977104459E-001                  2.8000008022895556E-001                  1.9999999999999796E-002                  0.0000000000000000E+000                  3.7516631952639759E+008                  2.1576122292552926E+007                  1.5838458543671521E-008                  1.0577035889933644E-024                  0.0000000000000000E+000                  3.4322690213440308E+000                  4.4707689283811272E+010                  8.2408417192843379E-008                  6.4325312224371227E-014                 -3.5420142136070836E+000                  1.4413833584642410E+000                  1.6799439858240721E+000                  1.8304589836560627E+000 
                                     596                  2.9087102123088271E+000                  3.9817918849467082E-001                  6.3258197128929412E+000                 -1.9002110087732116E+000                  1.2557495909905404E+001                  6.9999991125011385E-001                  2.8000008874988630E-001                  1.9999999999999796E-002                  0.0000000000000000E+000                  3.7513389567276800E+008                  2.1715771370028529E+007                  1.8300046841208878E-008                  1.7275317345030001E-024                  0.0000000000000000E+000                  3.4345745028171644E+000                  4.4725239795165848E+010                  8.3046758651822900E-008                  7.1723601993829370E-014                 -3.5403386567844897E+000                  1.4470907456446200E+000                  1.6856513730044511E+000                  1.8361663708364417E+000 
                                     597                  2.9059039324207196E+000                  3.9524141722406286E-001                  6.3314448627453936E+000                 -1.8830329098025846E+000                  1.2580297149452136E+001                  6.9999990184802707E-001                  2.8000009815197296E-001                  2.0000000000000018E-002                  0.0000000000000000E+000                  3.7510490568891191E+008                  2.1856940831785437E+007                  2.1144084094280396E-008                  2.8214430235938346E-024                  0.0000000000000000E+000                  3.4368446600522384E+000                  4.4741195019472420E+010                  8.3710712134336330E-008                  7.9964019467879950E-014                 -3.5386094817372067E+000                  1.4528365078793724E+000                  1.6913971352392037E+000                  1.8419121330711943E+000 
                                     598                  2.9030175516145253E+000                  3.9227716313500649E-001                  6.3370931950868359E+000                 -1.8658364891102568E+000                  1.2603140665311695E+001                  6.9999989147589192E-001                  2.8000010852410823E-001                  1.9999999999999796E-002                  0.0000000000000000E+000                  3.7507859879618484E+008                  2.1999641659181226E+007                  2.4429721871242021E-008                  4.6076282639402651E-024                  0.0000000000000000E+000                  3.4389140134635650E+000                  4.4755469856501152E+010                  8.4408057843912152E-008                  8.9141683985081579E-014                 -3.5368080461770623E+000                  1.4586209369547263E+000                  1.6971815643145576E+000                  1.8476965621465482E+000 
                                     599                  2.9000490668712842E+000                  3.8928604810052281E-001                  6.3427640065193964E+000                 -1.8486203477803276E+000                  1.2626027094999595E+001                  6.9999988003607228E-001                  2.8000011996392787E-001                  1.9999999999999796E-002                  0.0000000000000000E+000                  3.7505408433954489E+008                  2.2143879746424716E+007                  2.8225082991859596E-008                  7.5234125601658080E-024                  0.0000000000000000E+000                  3.4406176854687827E+000                  4.4767953398606247E+010                  8.5146696252693761E-008                  9.9298554360386282E-014                 -3.5349160991417050E+000                  1.4644442248367624E+000                  1.7030048521965937E+000                  1.8535198500285843E+000 
                                     600                  2.8969964349351924E+000                  3.8626769069202216E-001                  6.3484563744159814E+000                 -1.8313828264680982E+000                  1.2648957102678805E+001                  6.9999986742135101E-001                  2.8000013257864897E-001                  2.0000000000000018E-002                  0.0000000000000000E+000                  3.7503080927699333E+008                  2.2289650245720163E+007                  3.2608566991883904E-008                  1.2281382279561062E-023                  0.0000000000000000E+000                  3.4417913319294504E+000                  4.4778510409598694E+010                  8.5934556815466186E-008                  1.1028603726859027E-013                 -3.5329160792233858E+000                  1.4703064128415910E+000                  1.7088670402014223E+000                  1.8593820380334130E+000 
                                     601                  2.8938575713704044E+000                  3.8322170748698076E-001                  6.3534420604529327E+000                 -1.8162690739242773E+000                  1.2669056383579576E+001                  6.9999985535807874E-001                  2.8000014464192097E-001                  2.0000000000000240E-002                  0.0000000000000000E+000                  3.7500709453997922E+008                  2.2418131947739206E+007                  3.6990075494152685E-008                  1.8834820539456118E-023                  0.0000000000000000E+000                  3.4425366180359100E+000                  4.4785482516778755E+010                  8.6770475932364732E-008                  1.2179599595644345E-013                 -3.5308140102274623E+000                  1.4762079460623629E+000                  1.7147685734221942E+000                  1.8652835712541846E+000 
                                     602                  2.8914455565096482E+000                  3.8091895196269265E-001                  6.3577378082872338E+000                 -1.8033094908959708E+000                  1.2686312499096482E+001                  6.9999984414130334E-001                  2.8000015585869664E-001                  2.0000000000000018E-002                  0.0000000000000000E+000                  3.7499084894898522E+008                  2.2529447469124846E+007                  4.1216181767772519E-008                  2.7188178098523845E-023                  0.0000000000000000E+000                  3.4424011410358499E+000                  4.4789275353423477E+010                  8.7439907867771068E-008                  1.3317575833897614E-013                 -3.5291451543291519E+000                  1.4806593191971222E+000                  1.7192199465569533E+000                  1.8697349443889442E+000 
                                     603                  2.8889829279229002E+000                  3.7860028024601372E-001                  6.3620437105045946E+000                 -1.7903347149231557E+000                  1.2703594175187684E+001                  6.9999983205547056E-001                  2.8000016794452914E-001                  2.0000000000000240E-002                  0.0000000000000000E+000                  3.7497469522589773E+008                  2.2641595092397071E+007                  4.5922392244138677E-008                  3.9234458564511850E-023                  0.0000000000000000E+000                  3.4416857286524536E+000                  4.4792839850840843E+010                  8.8157972332334335E-008                  1.4480812038705325E-013                 -3.5273692036597417E+000                  1.4851317979258567E+000                  1.7236924252856880E+000                  1.8742074231176784E+000 
                                     604                  2.8864687585065512E+000                  3.7626553135718366E-001                  6.3663590265435994E+000                 -1.7773436266994853E+000                  1.2720901738366388E+001                  6.9999981909567033E-001                  2.8000018090432938E-001                  2.0000000000000240E-002                  0.0000000000000000E+000                  3.7495847607533288E+008                  2.2754560192868445E+007                  5.1162330979604057E-008                  5.6597659363449208E-023                  0.0000000000000000E+000                  3.4402999727048220E+000                  4.4794948876434280E+010                  8.8921829041633319E-008                  1.5720323346386540E-013                 -3.5254958064181530E+000                  1.4896255086862022E+000                  1.7281861360460333E+000                  1.8787011338780240E+000 
                                     605                  2.8839021068278634E+000                  3.7391454547639846E-001                  6.3706829356903318E+000                 -1.7643350115356642E+000                  1.2738235526215281E+001                  6.9999980515610438E-001                  2.8000019484389527E-001                  2.0000000000000351E-002                  0.0000000000000000E+000                  3.7494216849626851E+008                  2.2868323844833929E+007                  5.6995377305747388E-008                  8.1610230422647596E-023                  0.0000000000000000E+000                  3.4381546743419893E+000                  4.4795499876088531E+010                  8.9735914057582527E-008                  1.7149330622165596E-013                 -3.5235168545345443E+000                  1.4941401630328721E+000                  1.7327007903927032E+000                  1.8832157882246938E+000 
                                     606                  2.8812820168110314E+000                  3.7154716442424929E-001                  6.3764879651604085E+000                 -1.7469922729877190E+000                  1.2761386776330966E+001                  6.9999978482465974E-001                  2.8000021517533974E-001                  2.0000000000000462E-002                  0.0000000000000000E+000                  3.7493027112291861E+008                  2.3021967493154008E+007                  6.5838145339866524E-008                  1.3311852306887435E-022                  0.0000000000000000E+000                  3.4332665202806552E+000                  4.4796683370744576E+010                  9.0621068561510684E-008                  1.8884002091973987E-013                 -3.5213854105640068E+000                  1.4986744769578524E+000                  1.7372351043176835E+000                  1.8877501021496741E+000 
                                     607                  2.8767938039239684E+000                  3.6756426604626113E-001                  6.3829836631003678E+000                 -1.7273827394530816E+000                  1.2787492806609952E+001                  6.9999975957810967E-001                  2.8000024042188959E-001                  2.0000000000000684E-002                  0.0000000000000000E+000                  3.7489881043408483E+008                  2.3195095640695468E+007                  7.7359578177342564E-008                  2.2970825025457261E-022                  0.0000000000000000E+000                  3.4269149796989673E+000                  4.4792523461448540E+010                  9.2216071778663892E-008                  2.1098704596656273E-013                 -3.5175966909020793E+000                  1.5062772467121803E+000                  1.7448378740720114E+000                  1.8953528719040020E+000 
                                     608                  2.8730913292454119E+000                  3.6434455422219653E-001                  6.3887814103965166E+000                 -1.7099255525704498E+000                  1.2810749083306119E+001                  6.9999973473013144E-001                  2.8000026526986749E-001                  2.0000000000001128E-002                  0.0000000000000000E+000                  3.7487512021974397E+008                  2.3350715678711396E+007                  8.9279300316784821E-008                  3.7297598303231290E-022                  0.0000000000000000E+000                  3.4188647240723116E+000                  4.4782224449714333E+010                  9.3599964468974170E-008                  2.3557958264426159E-013                 -3.5143621580611364E+000                  1.5123994371421190E+000                  1.7509600645019503E+000                  1.9014750623339409E+000 
                                     609                  2.8692867796077870E+000                  3.6109461468410708E-001                  6.3945849450205250E+000                 -1.6924236382405589E+000                  1.2834055425555473E+001                  6.9999970735518857E-001                  2.8000029264481002E-001                  2.0000000000001350E-002                  0.0000000000000000E+000                  3.7484994845708597E+008                  2.3507519209118649E+007                  1.0300578478298578E-007                  6.0471383945385617E-022                  0.0000000000000000E+000                  3.4087024199437139E+000                  4.4769612208906853E+010                  9.5124766689797266E-008                  2.6284242763563033E-013                 -3.5108531977017909E+000                  1.5185547454504480E+000                  1.7571153728102791E+000                  1.9076303706422697E+000 
                                     610                  2.8653776956516421E+000                  3.5781411044186096E-001                  6.4003913628604483E+000                 -1.6748729362309549E+000                  1.2857412800412831E+001                  6.9999967722217182E-001                  2.8000032277782633E-001                  2.0000000000001794E-002                  0.0000000000000000E+000                  3.7482276176595485E+008                  2.3665428885663304E+007                  1.1880339989990470E-007                  9.7879958202808253E-022                  0.0000000000000000E+000                  3.3962564337363284E+000                  4.4752805257896019E+010                  9.6788250720938395E-008                  2.9291845509960628E-013                 -3.5070886795935277E+000                  1.5247424015520865E+000                  1.7633030289119174E+000                  1.9138180267439080E+000 
                                     611                  2.8613615643331531E+000                  3.5450271935283867E-001                  6.4061976884723526E+000                 -1.6572692800760993E+000                  1.2880822205733573E+001                  6.9999964405881498E-001                  2.8000035594118233E-001                  2.0000000000002682E-002                  0.0000000000000000E+000                  3.7479292396000355E+008                  2.3824364035171911E+007                  1.3697294662067989E-007                  1.5813283246094526E-021                  0.0000000000000000E+000                  3.3814523524066118E+000                  4.4731465587417671E+010                  9.8598304409725055E-008                  3.2630516136211183E-013                 -3.5030652767678916E+000                  1.5309611182274583E+000                  1.7695217455872894E+000                  1.9200367434192800E+000 
                                     612                  2.8572358172019050E+000                  3.5116013555093867E-001                  6.4120011852532945E+000                 -1.6396087326860167E+000                  1.2904284667131657E+001                  6.9999960756628632E-001                  2.8000039243371017E-001                  2.0000000000003570E-002                  0.0000000000000000E+000                  3.7475958322781938E+008                  2.3984252536852762E+007                  1.5785693556212525E-007                  2.5494917523826557E-021                  0.0000000000000000E+000                  3.3644955519246378E+000                  4.4705271285215103E+010                  1.0055348355695215E-007                  3.6348896643093363E-013                 -3.4988014395930165E+000                  1.5372096796359052E+000                  1.7757703069957362E+000                  1.9262853048277269E+000 
                                     613                  2.8529978287445510E+000                  3.4778606846150462E-001                  6.4177996175978640E+000                 -1.6218878651881334E+000                  1.2927801234208873E+001                  6.9999956741659941E-001                  2.8000043258339574E-001                  2.0000000000004903E-002                  0.0000000000000000E+000                  3.7472205422191352E+008                  2.4145034573366411E+007                  1.8184584797425571E-007                  4.1013293133956982E-021                  0.0000000000000000E+000                  3.3456388100129191E+000                  4.4673947934719017E+010                  1.0264385864667520E-007                  4.0492017682975982E-013                 -3.4943335150397727E+000                  1.5434870821233231E+000                  1.7820477094831542E+000                  1.9325627073151448E+000 
                                     614                  2.8486449148655995E+000                  3.4438023969387249E-001                  6.4235912562794448E+000                 -1.6041037657528696E+000                  1.2951372976713802E+001                  6.9999952324978765E-001                  2.8000047675020595E-001                  2.0000000000006457E-002                  0.0000000000000000E+000                  3.7467986419429672E+008                  2.4306662516829319E+007                  2.0938494870357851E-007                  6.5824629993220819E-021                  0.0000000000000000E+000                  3.3251224287801531E+000                  4.4637282502289322E+010                  1.0485862164811582E-007                  4.5109018221592714E-013                 -3.4896979276624336E+000                  1.5497925634109146E+000                  1.7883531907707457E+000                  1.9388681886027366E+000 
                                     615                  2.8441743314167791E+000                  3.4094237970964814E-001                  6.4293748322494437E+000                 -1.5862539951532963E+000                  1.2975000981125834E+001                  6.9999947467081980E-001                  2.8000052532917158E-001                  2.0000000000008678E-002                  0.0000000000000000E+000                  3.7463244981511319E+008                  2.4469103798387703E+007                  2.4098197776479854E-007                  1.0539342048528845E-020                  0.0000000000000000E+000                  3.3031728709547536E+000                  4.4595120531275673E+010                  1.0718778062576105E-007                  5.0254757834993388E-013                 -3.4849273606298330E+000                  1.5561256221522806E+000                  1.7946862495121116E+000                  1.9452012473441023E+000 
                                     616                  2.8395832727334742E+000                  3.3747222464030963E-001                  6.4351494913026386E+000                 -1.5683365418963509E+000                  1.2998686347639824E+001                  6.9999942124623260E-001                  2.8000057875375606E-001                  2.0000000000011342E-002                  0.0000000000000000E+000                  3.7457924812619328E+008                  2.4632338815378144E+007                  2.7721594111621100E-007                  1.6833790500897615E-020                  0.0000000000000000E+000                  3.2800018028572091E+000                  4.4547360597486420E+010                  1.0962224762449973E-007                  5.5990473478701205E-013                 -3.4800506488380276E+000                  1.5624860199934267E+000                  1.8010466473532578E+000                  1.9515616451852484E+000 
                                     617                  2.8348688702310354E+000                  3.3396951330903057E-001                  6.4409147502552777E+000                 -1.5503497777739017E+000                  1.3022430187469629E+001                  6.9999936250044248E-001                  2.8000063749954235E-001                  2.0000000000015117E-002                  0.0000000000000000E+000                  3.7451991271100533E+008                  2.4796357100477755E+007                  3.1874716000319923E-007                  2.6821779556923075E-020                  0.0000000000000000E+000                  3.2558055100409509E+000                  4.4493948780182701E+010                  1.1215376575743885E-007                  6.2384524803726338E-013                 -3.4750930698224098E+000                  1.5688737240564758E+000                  1.8074343514163069E+000                  1.9579493492482976E+000 
                                     618                  2.8300281910388643E+000                  3.3043398444733801E-001                  6.4466704551057505E+000                 -1.5322924149766726E+000                  1.3046233620329307E+001                  6.9999929791171800E-001                  2.8000070208826172E-001                  2.0000000000020224E-002                  0.0000000000000000E+000                  3.7445411899866796E+008                  2.4961158611067459E+007                  3.6632876134084995E-007                  4.2631903060555897E-020                  0.0000000000000000E+000                  3.2307646435896311E+000                  4.4434873253137321E+010                  1.1477488859723435E-007                  6.9513213367658765E-013                 -3.4700765600482537E+000                  1.5752888802392606E+000                  1.8138495075990917E+000                  1.9643645054310823E+000 
                                     619                  2.8250582367561008E+000                  3.2686537416734951E-001                  6.4524167377980675E+000                 -1.5141634619277979E+000                  1.3070097771815391E+001                  6.9999922690778094E-001                  2.8000077309219212E-001                  2.0000000000026885E-002                  0.0000000000000000E+000                  3.7438128793401295E+008                  2.5126755996408720E+007                  4.2081979538827035E-007                  6.7598376407860475E-020                  0.0000000000000000E+000                  3.2050399679512664E+000                  4.4370158902828079E+010                  1.1747921051090432E-007                  7.7461690525932582E-013                 -3.4650194903524096E+000                  1.5817318406776435E+000                  1.8202924680374746E+000                  1.9708074658694652E+000 
                                     620                  2.8199559423713039E+000                  3.2326341373950707E-001                  6.4581538500306319E+000                 -1.4959620516862058E+000                  1.3094023771192422E+001                  6.9999914886099712E-001                  2.8000085113896744E-001                  2.0000000000035434E-002                  0.0000000000000000E+000                  3.7430095075003523E+008                  2.5293165007767472E+007                  4.8319935488074356E-007                  1.0693224268248091E-019                  0.0000000000000000E+000                  3.1786316059662276E+000                  4.4299855373363243E+010                  1.2026572530683693E-007                  8.6324996048489752E-013                 -3.4599290626019004E+000                  1.5882030975312349E+000                  1.8267637248910660E+000                  1.9772787227230566E+000 
                                     621                  2.8147181751041703E+000                  3.1962782859497540E-001                  6.4638818620903171E+000                 -1.4776871241004688E+000                  1.3118012749675348E+001                  6.9999906308311965E-001                  2.8000093691683325E-001                  2.0000000000047091E-002                  0.0000000000000000E+000                  3.7421268490565997E+008                  2.5460395043794975E+007                  5.5458101371728783E-007                  1.6875736392000560E-019                  0.0000000000000000E+000                  3.1513634758031865E+000                  4.4224011527475922E+010                  1.2314393174934214E-007                  9.6209259060276283E-013                 -3.4547934921670382E+000                  1.5947031165262764E+000                  1.8332637438861077E+000                  1.9837787417180983E+000 
                                     622                  2.8093417332560180E+000                  3.1595833997698858E-001                  6.4696005146169231E+000                 -1.4593372660340518E+000                  1.3142065838246795E+001                  6.9999896881954449E-001                  2.8000103118039321E-001                  2.0000000000062301E-002                  0.0000000000000000E+000                  3.7411575334768873E+008                  2.5628447796344094E+007                  6.3622905625484436E-007                  2.6570469570916621E-019                  0.0000000000000000E+000                  3.1230679739879510E+000                  4.4142651404837769E+010                  1.2612922124057751E-007                  1.0723305242886526E-012                 -3.4495921428619094E+000                  1.6012322435061230E+000                  1.8397928708659539E+000                  1.9903078686979447E+000 
                                     623                  2.8038233451442625E+000                  3.1225466814522351E-001                  6.4753092490165054E+000                 -1.4409107501352740E+000                  1.3166184164351897E+001                  6.9999886524303212E-001                  2.8000113475688559E-001                  2.0000000000082285E-002                  0.0000000000000000E+000                  3.7400918650038254E+008                  2.5797317490789019E+007                  7.2957749680666565E-007                  4.1735930162374539E-019                  0.0000000000000000E+000                  3.0935977424080741E+000                  4.4055768814108360E+010                  1.2923686959666958E-007                  1.1952889384994402E-012                 -3.4443067850508027E+000                  1.6077906956610903E+000                  1.8463513230209214E+000                  1.9968663208529120E+000 
                                     624                  2.7981596682227603E+000                  3.0851653558689662E-001                  6.4810072464309263E+000                 -1.4224055843656422E+000                  1.3190368847703066E+001                  6.9999875144684554E-001                  2.8000124855304592E-001                  2.0000000000108598E-002                  0.0000000000000000E+000                  3.7389199948372424E+008                  2.5966989728526443E+007                  8.3625136804385135E-007                  6.5400304761342386E-019                  0.0000000000000000E+000                  3.0628257476857010E+000                  4.3963332458935402E+010                  1.3248162122578358E-007                  1.3324493105488139E-012                 -3.4389221829535721E+000                  1.6143785549742264E+000                  1.8529391823340575E+000                  2.0034541801660479E+000 
                                     625                  2.7923472882351019E+000                  3.0474367001610925E-001                  6.4866934649361383E+000                 -1.4038195533292432E+000                  1.3214620995897302E+001                  6.9999862643723199E-001                  2.8000137356262450E-001                  2.0000000000143459E-002                  0.0000000000000000E+000                  3.7376334528810066E+008                  2.6137440063916996E+007                  9.5809047462107923E-007                  1.0223190514865043E-018                  0.0000000000000000E+000                  3.0306455182006964E+000                  4.3865291087623817E+010                  1.3587758970213095E-007                  1.4854686039420871E-012                 -3.4334260827863021E+000                  1.6209957480870283E+000                  1.8595563754468596E+000                  2.0100713732788500E+000 
                                     626                  2.7863827182728338E+000                  3.0093580712743434E-001                  6.4923666753759948E+000                 -1.3851502571467280E+000                  1.3238941699813347E+001                  6.9999848912514828E-001                  2.8000151087466263E-001                  2.0000000000189089E-002                  0.0000000000000000E+000                  3.7362258262314194E+008                  2.6308633453277584E+007                  1.0971758792903008E-006                  1.5940550891454270E-018                  0.0000000000000000E+000                  2.9969714480033471E+000                  4.3761578032295799E+010                  1.3943815959343552E-007                  1.6562010231225930E-012                 -3.4278091789978342E+000                  1.6276420320766878E+000                  1.8662026594365189E+000                  2.0167176572685093E+000 
                                     627                  2.7802623978967418E+000                  2.9709269321268122E-001                  6.4980254959694213E+000                 -1.3663951595285837E+000                  1.3263332028376013E+001                  6.9999833831716163E-001                  2.8000166168258928E-001                  2.0000000000249152E-002                  0.0000000000000000E+000                  3.7346893674149930E+008                  2.6480530639348794E+007                  1.2558593921523312E-006                  2.4791320595773543E-018                  0.0000000000000000E+000                  2.9617390554422278E+000                  4.3652115999792862E+010                  1.4317604629049714E-007                  1.8467224766507385E-012                 -3.4220648172502215E+000                  1.6343170444626707E+000                  1.8728776718225020E+000                  2.0233926696544926E+000 
                                     628                  2.7739826923875794E+000                  2.9321408757834833E-001                  6.5036684411957113E+000                 -1.3475516470483959E+000                  1.3287793022559020E+001                  6.9999817270538300E-001                  2.8000182729428902E-001                  2.0000000000327978E-002                  0.0000000000000000E+000                  3.7330154757041222E+008                  2.6653089300528914E+007                  1.4367967232164959E-006                  3.8454072342518606E-018                  0.0000000000000000E+000                  2.9249218863284594E+000                  4.3536822741364311E+010                  1.4710277299394124E-007                  2.0593580901976431E-012                 -3.4161895702146983E+000                  1.6410203666101366E+000                  1.8795809939699677E+000                  2.0300959918019581E+000 
                                     629                  2.7675398921893231E+000                  2.8929976466840612E-001                  6.5092941550279448E+000                 -1.3286172810061194E+000                  1.3312325689148281E+001                  6.9999799085646275E-001                  2.8000200914310541E-001                  2.0000000000431895E-002                  0.0000000000000000E+000                  3.7312018049095327E+008                  2.6826262718586139E+007                  1.6429887618680476E-006                  5.9484345133851900E-018                  0.0000000000000000E+000                  2.8867133695133567E+000                  4.3415626812687035E+010                  1.5122095560503976E-007                  2.2967130036358622E-012                 -3.4101940109219666E+000                  1.6477515219101992E+000                  1.8863121492700303E+000                  2.0368271471020210E+000 
                                     630                  2.7609302122901318E+000                  2.8534951391761670E-001                  6.5149017260401054E+000                 -1.3095901358973598E+000                  1.3336930995108650E+001                  6.9999779119946304E-001                  2.8000220879996901E-001                  2.0000000000568008E-002                  0.0000000000000000E+000                  3.7292505941253006E+008                  2.7000013065281041E+007                  1.8778328787976347E-006                  9.1762551543699532E-018                  0.0000000000000000E+000                  2.8474276257545159E+000                  4.3288496530668442E+010                  1.5552004426049205E-007                  2.5617059033185707E-012                 -3.4041068144095021E+000                  1.6545100724321362E+000                  1.8930706997919675E+000                  2.0435856976239579E+000 
                                     631                  2.7541497916170443E+000                  2.8136313639057159E-001                  6.5204907651980166E+000                 -1.2904688868456977E+000                  1.3361609862933383E+001                  6.9999757201251112E-001                  2.8000242798674246E-001                  2.0000000000746421E-002                  0.0000000000000000E+000                  3.7271641447810733E+008                  2.7174320684932198E+007                  2.1451792615050547E-006                  1.4116625641975892E-017                  0.0000000000000000E+000                  2.8073494830671608E+000                  4.3155459502873177E+010                  1.5998518690346331E-007                  2.8576058282746126E-012                 -3.3979601134967408E+000                  1.6612958020924047E+000                  1.8998564294522358E+000                  2.0503714272842264E+000 
                                     632                  2.7471946925245314E+000                  2.7734044034445210E-001                  6.5260613373822496E+000                 -1.2712527418056805E+000                  1.3386363166883571E+001                  6.9999733140813347E-001                  2.8000266859088607E-001                  2.0000000000980456E-002                  0.0000000000000000E+000                  3.7249457264144909E+008                  2.7349181153429490E+007                  2.4493924506670161E-006                  2.1657692219963614E-017                  0.0000000000000000E+000                  2.7667323829844701E+000                  4.3016601491514778E+010                  1.6460311743709220E-007                  3.1880742374191090E-012                 -3.3917809719467282E+000                  1.6681087655255644E+000                  1.9066693928853955E+000                  2.0571843907173859E+000 
                                     633                  2.7400609004743983E+000                  2.7328123715392350E-001                  6.5316138953468537E+000                 -1.2519413760313123E+000                  1.3411191729947886E+001                  6.9999706731712596E-001                  2.8000293268158638E-001                  2.0000000001287654E-002                  0.0000000000000000E+000                  3.7226030480163962E+008                  2.7524599027713493E+007                  2.7954213086628843E-006                  3.3138545984664752E-017                  0.0000000000000000E+000                  2.7257996081509264E+000                  4.2872057834874825E+010                  1.6936205964758031E-007                  3.5572133097330565E-012                 -3.3855919367050573E+000                  1.6749492109489494E+000                  1.9135098383087807E+000                  2.0640248361407711E+000 
                                     634                  2.7327443238754046E+000                  2.6918533758371033E-001                  6.5371492193563858E+000                 -1.2325348657716868E+000                  1.3436096321804163E+001                  6.9999677747081990E-001                  2.8000322252749021E-001                  2.0000000001689888E-002                  0.0000000000000000E+000                  3.7201454276139140E+008                  2.7700588993480742E+007                  3.1888786934029782E-006                  5.0574053643273978E-017                  0.0000000000000000E+000                  2.6847459330347254E+000                  4.2722005142749748E+010                  1.7425159528600245E-007                  3.9696201532917433E-012                 -3.3794116186071239E+000                  1.6818175367711805E+000                  1.9203781641310116E+000                  2.0708931619630024E+000 
                                     635                  2.7252407939176835E+000                  2.6505254835131620E-001                  6.5426683626473974E+000                 -1.2130336304305775E+000                  1.3461077657761455E+001                  6.9999645938157307E-001                  2.8000354061621008E-001                  2.0000000002216911E-002                  0.0000000000000000E+000                  3.7175824566252059E+008                  2.7877175771770138E+007                  3.6361321506427021E-006                  7.6990183488759995E-017                  0.0000000000000000E+000                  2.6437395407582667E+000                  4.2566653607929527E+010                  1.7926267402063501E-007                  4.4304471740117550E-012                 -3.3732550647962092E+000                  1.6887142986481962E+000                  1.9272749260080273E+000                  2.0777899238400179E+000 
                                     636                  2.7175460645215579E+000                  2.6088266899977497E-001                  6.5481726026163285E+000                 -1.1934383839218892E+000                  1.3486136398489338E+001                  6.9999611032131315E-001                  2.8000388967577994E-001                  2.0000000002906915E-002                  0.0000000000000000E+000                  3.7149228267916280E+008                  2.8054394652955905E+007                  4.1444071443386372E-006                  1.1692357397345884E-016                  0.0000000000000000E+000                  2.6029241069992670E+000                  4.2406240410493217E+010                  1.8438758865246480E-007                  4.9454696791466816E-012                 -3.3671341575879223E+000                  1.6956402110777073E+000                  1.9342008384375384E+000                  2.0847158362695288E+000 
                                     637                  2.7096558123348893E+000                  2.5667548898141501E-001                  6.5536633947962066E+000                 -1.1737500854957501E+000                  1.3511273150147925E+001                  6.9999572729797632E-001                  2.8000427269821365E-001                  2.0000000003810081E-002                  0.0000000000000000E+000                  3.7121751289984363E+008                  2.8232289054634601E+007                  4.7219044607697913E-006                  1.7716503837026315E-016                  0.0000000000000000E+000                  2.5624183600420984E+000                  4.2241023731263756E+010                  1.8961999943282663E-007                  5.5133225592645352E-012                 -3.3610579295294101E+000                  1.7025961310450539E+000                  1.9411567584048850E+000                  2.0916717562368756E+000 
                                     638                  2.7015656370528922E+000                  2.5243078512773970E-001                  6.5591423022105459E+000                 -1.1539698609467817E+000                  1.3536488464626354E+001                  6.9999530702973378E-001                  2.8000469296527425E-001                  2.0000000004992025E-002                  0.0000000000000000E+000                  3.7093489788440311E+008                  2.8410906025807370E+007                  5.3779317830020672E-006                  2.6786464633144730E-016                  0.0000000000000000E+000                  2.5222923181477781E+000                  4.2071275473594452E+010                  1.9495611975310803E-007                  6.1128013456116246E-012                 -3.3550315637894448E+000                  1.7095830032599411E+000                  1.9481436306197724E+000                  2.0986586284517625E+000 
                                     639                  2.6932710619511853E+000                  2.4814831976084281E-001                  6.5632336368853448E+000                 -1.1389958773049251E+000                  1.3555518498285426E+001                  6.9999496672603434E-001                  2.8000503326787296E-001                  2.0000000006092700E-002                  0.0000000000000000E+000                  3.7070962404815954E+008                  2.8544999199778274E+007                  5.9278750890901948E-006                  3.6454150314862267E-016                  0.0000000000000000E+000                  2.4929990493256633E+000                  4.1894222181265312E+010                  2.0036852567704970E-007                  6.7088762684569596E-012                 -3.3490852486836098E+000                  1.7166029165965815E+000                  1.9551635439564126E+000                  2.1056785417884032E+000 
                                     640                  2.6890192981861247E+000                  2.4597970075462611E-001                  6.5659658250397621E+000                 -1.1290379640502937E+000                  1.3568185701170474E+001                  6.9999472510623650E-001                  2.8000527488678006E-001                  2.0000000006983432E-002                  0.0000000000000000E+000                  3.7056337646846330E+008                  2.8634900183604248E+007                  6.3247329644670264E-006                  4.4757471959576749E-016                  0.0000000000000000E+000                  2.4732502325024903E+000                  4.1803679864699722E+010                  2.0313030187092367E-007                  7.2013590222145632E-012                 -3.3461126430397901E+000                  1.7201468165139184E+000                  1.9587074438737495E+000                  2.1092224417057399E+000 
                                     641                  2.6847675344210642E+000                  2.4382837923364112E-001                  6.5686962190881504E+000                 -1.1190586753520162E+000                  1.3580872204343180E+001                  6.9999447255348057E-001                  2.8000552743854146E-001                  2.0000000007977969E-002                  0.0000000000000000E+000                  3.7041577076299196E+008                  2.8725020355419248E+007                  6.7476620614568872E-006                  5.4926970274471225E-016                  0.0000000000000000E+000                  2.4536087485542133E+000                  4.1714840167305847E+010                  2.0589846462058141E-007                  7.6645297177350707E-012                 -3.3431734459461935E+000                  1.7236548294520668E+000                  1.9622154568118979E+000                  2.1127304546438888E+000 
                                     642                  2.6804089805406823E+000                  2.4164057794764088E-001                  6.5714244177507153E+000                 -1.1090563518192169E+000                  1.3593579230996230E+001                  6.9999420746722940E-001                  2.8000579252362812E-001                  2.0000000009142482E-002                  0.0000000000000000E+000                  3.7026661205750674E+008                  2.8815346435257874E+007                  7.1983277509943187E-006                  6.7374900748968430E-016                  0.0000000000000000E+000                  2.4340977142245159E+000                  4.1623957440727737E+010                  2.0872735954232753E-007                  8.1652676526376458E-012                 -3.3402103103990264E+000                  1.7272151784749583E+000                  1.9657758058347894E+000                  2.1162908036667800E+000 
                                     643                  2.6760504266603000E+000                  2.3947016215522024E-001                  6.5755247923927680E+000                 -1.0940936330220459E+000                  1.3612608103826394E+001                  6.9999378498249487E-001                  2.8000621500630074E-001                  2.0000000011204389E-002                  0.0000000000000000E+000                  3.7004926676158893E+008                  2.8951640352088559E+007                  7.9301963602719063E-006                  9.1504468966357796E-016                  0.0000000000000000E+000                  2.4045450453425627E+000                  4.1534827672221504E+010                  2.1156085233594768E-007                  8.7799131030295030E-012                 -3.3372823459823850E+000                  1.7307397688531048E+000                  1.9693003962129358E+000                  2.1198153940449265E+000 
                                     644                  2.6671150365764889E+000                  2.3507281929528401E-001                  6.5809719303844023E+000                 -1.0739582575479703E+000                  1.3638142025853359E+001                  6.9999317608194167E-001                  2.8000682390339704E-001                  2.0000000014661290E-002                  0.0000000000000000E+000                  3.6974344956684232E+008                  2.9133664970137004E+007                  9.0211847762077407E-006                  1.3731987735773690E-015                  0.0000000000000000E+000                  2.3663072173460233E+000                  4.1352802857832245E+010                  2.1734239582896681E-007                  9.6539738339728410E-012                 -3.3314277749468086E+000                  1.7378598096053297E+000                  1.9764204369651608E+000                  2.1269354347971512E+000 
                                     645                  2.6579565890026053E+000                  2.3063659646859988E-001                  6.5864151642805249E+000                 -1.0537375185670408E+000                  1.3663756498261201E+001                  6.9999250810217151E-001                  2.8000749187864871E-001                  2.0000000019179787E-002                  0.0000000000000000E+000                  3.6943366099237233E+008                  2.9316683233690955E+007                  1.0259826634743354E-005                  2.0574928896504728E-015                  0.0000000000000000E+000                  2.3286099568694656E+000                  4.1164499288104752E+010                  2.2319946642679532E-007                  1.0698900254641386E-011                 -3.3256534239715649E+000                  1.7450169246158262E+000                  1.9835775519756573E+000                  2.1340925498076477E+000 
                                     646                  2.6485702370882223E+000                  2.2616116656174726E-001                  6.5911652875458779E+000                 -1.0359452804970242E+000                  1.3686254072515952E+001                  6.9999187151343656E-001                  2.8000812846232020E-001                  2.0000000024243292E-002                  0.0000000000000000E+000                  3.6915515336444169E+008                  2.9477315247622948E+007                  1.1479302331130035E-005                  2.9254599276681651E-015                  0.0000000000000000E+000                  2.2963958038960359E+000                  4.0971766245118713E+010                  2.2914938984184171E-007                  1.1880960740324007E-011                 -3.3199406474087549E+000                  1.7522119632933653E+000                  1.9907725906531963E+000                  2.1412875884851870E+000 
                                     647                  2.6413779556420209E+000                  2.2277891188163315E-001                  6.5959364431635548E+000                 -1.0181510260396993E+000                  1.3708775803048704E+001                  6.9999117949787315E-001                  2.8000882047145165E-001                  2.0000000030675258E-002                  0.0000000000000000E+000                  3.6888386619700575E+008                  2.9639545436055377E+007                  1.2844164200354593E-005                  4.1604909740661375E-015                  0.0000000000000000E+000                  2.2639959343199023E+000                  4.0826681416137543E+010                  2.3369201413904541E-007                  1.3122970442525323E-011                 -3.3156780641603349E+000                  1.7576328183106957E+000                  1.9961934456705268E+000                  2.1467084435025172E+000 
                                     648                  2.6315808983853550E+000                  2.1823401755481520E-001                  6.6013770065078274E+000                 -9.9770303304476748E-001                  1.3734612908530830E+001                  6.9999031792825606E-001                  2.8000968203163884E-001                  2.0000000040105048E-002                  0.0000000000000000E+000                  3.6856616977247238E+008                  2.9825604848214779E+007                  1.4599842252222914E-005                  6.2101542495615229E-015                  0.0000000000000000E+000                  2.2278899949175623E+000                  4.0632545830489647E+010                  2.3985810702469360E-007                  1.4598462101776365E-011                 -3.3100227990606061E+000                  1.7648950831527375E+000                  2.0034557105125685E+000                  2.1539707083445592E+000 
                                     649                  2.6215422515688296E+000                  2.1364890480873316E-001                  6.6068195145333437E+000                 -9.7717521285597642E-001                  1.3760531268734818E+001                  6.9998937287420337E-001                  2.8001062707337260E-001                  2.0000000052424083E-002                  0.0000000000000000E+000                  3.6824668673290712E+008                  3.0012885111155499E+007                  1.6592913183709368E-005                  9.2586061429107972E-015                  0.0000000000000000E+000                  2.1923640605336994E+000                  4.0434666999693954E+010                  2.4611831137981719E-007                  1.6263208722171886E-011                 -3.3044280366362737E+000                  1.7721983525275640E+000                  2.0107589798873948E+000                  2.1612739777193855E+000 
                                     650                  2.6112569149412743E+000                  2.0902316186814843E-001                  6.6122653558258300E+000                 -9.5656895680152021E-001                  1.3786530970813383E+001                  6.9998833628095702E-001                  2.8001166365052821E-001                  2.0000000068514767E-002                  0.0000000000000000E+000                  3.6792590913714796E+008                  3.0201444141583920E+007                  1.8855465429387771E-005                  1.3788388967444012E-014                  0.0000000000000000E+000                  2.1573528284408665E+000                  4.0234816116617836E+010                  2.5249537960182806E-007                  1.8048666792426833E-011                 -3.2988732823009559E+000                  1.7795433720503673E+000                  2.0181039994101981E+000                  2.1686189972421892E+000 
                                     651                  2.6007197259100270E+000                  2.0435635318249945E-001                  6.6163435104626513E+000                 -9.4097738178775014E-001                  1.3806159752958306E+001                  6.9998749714200925E-001                  2.8001250277450929E-001                  2.0000000083481462E-002                  0.0000000000000000E+000                  3.6767662230613428E+008                  3.0343404584096584E+007                  2.0752305272159663E-005                  1.8568758536959827E-014                  0.0000000000000000E+000                  2.1318208758140926E+000                  4.0030188385889305E+010                  2.5897078632839784E-007                  1.9835872185600774E-011                 -3.2933746122681677E+000                  1.7869323314687295E+000                  2.0254929588285604E+000                  2.1760079566605510E+000 
                                     652                  2.5953225940220954E+000                  2.0199356350593470E-001                  6.6190701906992411E+000                 -9.3061659689108756E-001                  1.3819220784179800E+001                  6.9998690147414488E-001                  2.8001309843027927E-001                  2.0000000095575787E-002                  0.0000000000000000E+000                  3.6751572180216843E+008                  3.0438696228338189E+007                  2.2120047567794028E-005                  2.2643625099431070E-014                  0.0000000000000000E+000                  2.1146383912207565E+000                  3.9926717583471413E+010                  2.6227935199472894E-007                  2.1306296281929412E-011                 -3.2906179490008949E+000                  1.7906652734747124E+000                  2.0292259008345432E+000                  2.1797408986665343E+000 
                                     653                  2.5899254621341639E+000                  1.9964865501227660E-001                  6.6217985488125759E+000                 -9.2023786325937373E-001                  1.3832301397035785E+001                  6.9998627896505106E-001                  2.8001372092587667E-001                  2.0000000109072325E-002                  0.0000000000000000E+000                  3.6735483260195947E+008                  3.0534343619431525E+007                  2.3577332188263447E-005                  2.7606577182785344E-014                  0.0000000000000000E+000                  2.0975464974748799E+000                  3.9825639325661484E+010                  2.6560044931173357E-007                  2.2692912408031018E-011                 -3.2878855973074286E+000                  1.7943641432155870E+000                  2.0329247705754181E+000                  2.1834397684074087E+000 
                                     654                  2.5843971531611061E+000                  1.9726485760715168E-001                  6.6245281931772553E+000                 -9.0983925364701557E-001                  1.3845403089391221E+001                  6.9998562566068090E-001                  2.8001437421445574E-001                  2.0000000124863360E-002                  0.0000000000000000E+000                  3.6719374378733957E+008                  3.0630334156083554E+007                  2.5129950457796952E-005                  3.3649136933695905E-014                  0.0000000000000000E+000                  2.0805548345769478E+000                  3.9722988413266129E+010                  2.6899924688101194E-007                  2.4192534280645830E-011                 -3.2851244679465257E+000                  1.7981189649942646E+000                  2.0366795923540955E+000                  2.1871945901860861E+000 
                                     655                  2.5788688441880478E+000                  1.9489896327357001E-001                  6.6286351267237729E+000                 -8.9429538061403158E-001                  1.3865015389628217E+001                  6.9998458470822511E-001                  2.8001541513898309E-001                  2.0000000152791797E-002                  0.0000000000000000E+000                  3.6696023269703412E+008                  3.0775333722705737E+007                  2.7649482923754347E-005                  4.5279463925542744E-014                  0.0000000000000000E+000                  2.0548121204966212E+000                  3.9622742532721405E+010                  2.7241169662123006E-007                  2.6029487798131109E-011                 -3.2823871244644285E+000                  1.8018397848928298E+000                  2.0404004122526609E+000                  2.1909154100846515E+000 
                                     656                  2.5675445385228106E+000                  1.9010611299882038E-001                  6.6341044442198793E+000                 -8.7338618853603556E-001                  1.3891340464436160E+001                  6.9998308485629501E-001                  2.8001691494414899E-001                  2.0000000199555945E-002                  0.0000000000000000E+000                  3.6663787237661678E+008                  3.0969476934955925E+007                  3.1406415725441631E-005                  6.7181314750066317E-014                  0.0000000000000000E+000                  2.0213454358702463E+000                  3.9420005839854805E+010                  2.7939855564576508E-007                  2.8671856455494260E-011                 -3.2768879216533224E+000                  1.8093612122336324E+000                  2.0479218395934633E+000                  2.1984368374254539E+000 
                                     657                  2.5559471607402631E+000                  1.8527023171513718E-001                  6.6395815852524276E+000                 -8.5240344867449591E-001                  1.3917746779964208E+001                  6.9998144006437335E-001                  2.8001855967503492E-001                  2.0000000260591788E-002                  0.0000000000000000E+000                  3.6631581359776467E+008                  3.1165116786122736E+007                  3.5670919215746206E-005                  9.9596279754844309E-014                  0.0000000000000000E+000                  1.9881751178421385E+000                  3.9213101849480293E+010                  2.8651890450818075E-007                  3.1858999535188090E-011                 -3.2714233590075832E+000                  1.8169301370912347E+000                  2.0554907644510658E+000                  2.2060057622830564E+000 
                                     658                  2.5440712789962499E+000                  1.8039077359992814E-001                  6.6450670934453235E+000                 -8.3134786240386382E-001                  1.3944234215744350E+001                  6.9997963641331051E-001                  2.8002036324644636E-001                  2.0000000340243185E-002                  0.0000000000000000E+000                  3.6599425858425075E+008                  3.1362286447023463E+007                  4.0511418923547150E-005                  1.4753638571455155E-013                  0.0000000000000000E+000                  1.9552791087970320E+000                  3.9005246764559715E+010                  2.9381623682950405E-007                  3.5424791479666268E-011                 -3.2659621039825262E+000                  1.8245465691196807E+000                  2.0631071964795118E+000                  2.2136221943115024E+000 
                                     659                  2.5319114172808548E+000                  1.7546717094357714E-001                  6.6491704685968704E+000                 -8.1544831380532823E-001                  1.3964195551712693E+001                  6.9997817306187260E-001                  2.8002182652289742E-001                  2.0000000415229979E-002                  0.0000000000000000E+000                  3.6574616942478031E+008                  3.1510576732767023E+007                  4.4561830566422973E-005                  1.9782971250182790E-013                  0.0000000000000000E+000                  1.9312024753217520E+000                  3.8793538528451477E+010                  3.0126435070162157E-007                  3.9169701008940589E-011                 -3.2605261281718856E+000                  1.8322124532625665E+000                  2.0707730806223976E+000                  2.2212880784543882E+000 
                                     660                  2.5257232714709872E+000                  1.7298898630313314E-001                  6.6533126593505525E+000                 -7.9963079238625012E-001                  1.3984116296889113E+001                  6.9997659931749667E-001                  2.8002340017503169E-001                  2.0000000507471638E-002                  0.0000000000000000E+000                  3.6551347637874925E+008                  3.1660998888179474E+007                  4.9025007817320263E-005                  2.6563691300542578E-013                  0.0000000000000000E+000                  1.9064028411024501E+000                  3.8689019660458038E+010                  3.0507810103489127E-007                  4.2557101184625763E-011                 -3.2577944827750605E+000                  1.8360629299825584E+000                  2.0746235573423895E+000                  2.2251385551743801E+000 
                                     661                  2.5131270845031901E+000                  1.6799804826615991E-001                  6.6574266517528713E+000                 -7.8364937856098305E-001                  1.4004170089669573E+001                  6.9997491912088972E-001                  2.8002508025989459E-001                  2.0000000619215696E-002                  0.0000000000000000E+000                  3.6526640699397629E+008                  3.1811082316523403E+007                  5.3923021685954727E-005                  3.5590525254177873E-013                  0.0000000000000000E+000                  1.8826167643448772E+000                  3.8479340527245102E+010                  3.1285127047824666E-007                  4.6616670890222606E-011                 -3.2523310385139639E+000                  1.8438019759389928E+000                  2.0823626032988236E+000                  2.2328776011308142E+000 
                                     662                  2.5067176507337323E+000                  1.6548586060846707E-001                  6.6615794661810224E+000                 -7.6775343346750669E-001                  1.4024179862321501E+001                  6.9997310961327308E-001                  2.8002688962914229E-001                  2.0000000757584679E-002                  0.0000000000000000E+000                  3.6503474501357889E+008                  3.1963321815229557E+007                  5.9319142619710826E-005                  4.7750197564780315E-013                  0.0000000000000000E+000                  1.8581755870204986E+000                  3.8374373912541176E+010                  3.1680836656181746E-007                  5.0430926817908744E-011                 -3.2496016788448538E+000                  1.8476899236913762E+000                  2.0862505510512070E+000                  2.2367655488831977E+000 
                                     663                  2.4936726064152692E+000                  1.6042617915628582E-001                  6.6657050339392452E+000                 -7.5169148416593967E-001                  1.4044325798601797E+001                  6.9997118352507592E-001                  2.8002881555181713E-001                  2.0000000923106942E-002                  0.0000000000000000E+000                  3.6478902463056684E+008                  3.2115258972288825E+007                  6.5241909743913795E-005                  6.3929012338340269E-013                  0.0000000000000000E+000                  1.8347694387716966E+000                  3.8163939140745255E+010                  3.2486199437930844E-007                  5.5185180355146321E-011                 -3.2441505469080059E+000                  1.8555049723155417E+000                  2.0940655996753730E+000                  2.2445805975073632E+000 
                                     664                  2.4870355919828975E+000                  1.5787926192885099E-001                  6.6698695400058874E+000                 -7.3571865856947272E-001                  1.4064424184923709E+001                  6.9996910569275550E-001                  2.8003089317785890E-001                  2.0000001129385603E-002                  0.0000000000000000E+000                  3.6455874135553622E+008                  3.2269381106017817E+007                  7.1765876396375747E-005                  8.5705453886652849E-013                  0.0000000000000000E+000                  1.8107781400203475E+000                  3.8058669760120743E+010                  3.2895585878937124E-007                  5.9697888202680983E-011                 -3.2414311871501389E+000                  1.8594314623181558E+000                  2.0979920896779869E+000                  2.2485070875099775E+000 
                                     665                  2.4735290569008286E+000                  1.5274933307943131E-001                  6.6740079952750841E+000                 -7.1957791539268590E-001                  1.4084661903947410E+001                  6.9996689551962255E-001                  2.8003310310467278E-001                  2.0000001375704679E-002                  0.0000000000000000E+000                  3.6431476545534509E+008                  3.2423247427059487E+007                  7.8927959753352094E-005                  1.1466732737239465E-012                  0.0000000000000000E+000                  1.7878336049071610E+000                  3.7847786898634720E+010                  3.3727531331188797E-007                  6.5341326777148005E-011                 -3.2360077228011650E+000                  1.8673248236254572E+000                  2.1058854509852880E+000                  2.2564004488172786E+000 
                                     666                  2.4666581233588931E+000                  1.5016690703938818E-001                  6.6781856066286966E+000                 -7.0353015104610783E-001                  1.4104848447653684E+001                  6.9996451000019122E-001                  2.8003548831675107E-001                  2.0000001683057711E-002                  0.0000000000000000E+000                  3.6408627917084068E+008                  3.2579332345346365E+007                  8.6815860765624184E-005                  1.5362207795993744E-012                  0.0000000000000000E+000                  1.7643675249428392E+000                  3.7742376604299751E+010                  3.4149863770611791E-007                  7.0691267875176441E-011                 -3.2333055122253320E+000                  1.8712910954456965E+000                  2.1098517228055278E+000                  2.2603667206375180E+000 
                                     667                  2.4526773831185569E+000                  1.4496511155519293E-001                  6.6823385779228115E+000                 -6.8731271181892040E-001                  1.4125177558421052E+001                  6.9996197407621397E-001                  2.8003802387418730E-001                  2.0000002049598731E-002                  0.0000000000000000E+000                  3.6384450639189684E+008                  3.2735217544783227E+007                  9.5477316427779223E-005                  2.0541487762237881E-012                  0.0000000000000000E+000                  1.7419524628626499E+000                  3.7531382682344604E+010                  3.5006889858278247E-007                  7.7382632153854110E-011                 -3.2279232359254997E+000                  1.8792654149792156E+000                  2.1178260423390465E+000                  2.2683410401710371E+000 
                                     668                  2.4455661569176033E+000                  1.4234633489641901E-001                  6.6865310143091978E+000                 -6.7119228833465527E-001                  1.4145451779344491E+001                  6.9995923544448080E-001                  2.8004076204807404E-001                  2.0000002507445158E-002                  0.0000000000000000E+000                  3.6361828051927531E+008                  3.2893359514173701E+007                  1.0501533383451049E-004                  2.7503617461056440E-012                  0.0000000000000000E+000                  1.7190747953357368E+000                  3.7426005875588066E+010                  3.5441399364724407E-007                  8.3719675946742277E-011                 -3.2252445694029346E+000                  1.8832728746379210E+000                  2.1218335019977519E+000                  2.2723484998297425E+000 
                                     669                  2.4310984375264026E+000                  1.3707091778640157E-001                  6.6907004186435479E+000                 -6.5490055372033529E-001                  1.4165871882642737E+001                  6.9995632642682504E-001                  2.8004367052042706E-001                  2.0000003052747850E-002                  0.0000000000000000E+000                  3.6337920234204543E+008                  3.3051367031773306E+007                  1.1549160008311602E-004                  3.6758675064341617E-012                  0.0000000000000000E+000                  1.6972468933412295E+000                  3.7215259299607727E+010                  3.6321882659226378E-007                  9.1649697270666771E-011                 -3.2199158244680555E+000                  1.8913311309986698E+000                  2.1298917583585011E+000                  2.2804067561904913E+000 
                                     670                  2.4237405205672040E+000                  1.3441487539501090E-001                  6.6949096831461112E+000                 -6.3871003898449830E-001                  1.4186233300881073E+001                  6.9995318311715704E-001                  2.8004681314839591E-001                  2.0000003734446992E-002                  0.0000000000000000E+000                  3.6315574524936640E+008                  3.3211674019223627E+007                  1.2702692316648339E-004                  4.9193547873282392E-012                  0.0000000000000000E+000                  1.6750117764918755E+000                  3.7110099408959213E+010                  3.6767719746635190E-007                  9.9154114980643552E-011                 -3.2172666516437736E+000                  1.8953813519027911E+000                  2.1339419792626222E+000                  2.2844569770946128E+000 
                                     671                  2.4087730098499942E+000                  1.2906392354848248E-001                  6.6990977125335025E+000                 -6.2234666983625309E-001                  1.4206744016205072E+001                  6.9994984641224023E-001                  2.8005014904206077E-001                  2.0000004545698946E-002                  0.0000000000000000E+000                  3.6291989209356076E+008                  3.3371921109421916E+007                  1.3970095462888791E-004                  6.5723434905725517E-012                  0.0000000000000000E+000                  1.6538212117178583E+000                  3.6899973891199860E+010                  3.7669832794542413E-007                  1.0855130812470709E-010                 -3.2120031537498224E+000                  1.9035268654039876E+000                  2.1420874927638187E+000                  2.2926024905958093E+000 
                                     672                  2.4011619906632440E+000                  1.2636961544371292E-001                  6.7033260796249161E+000                 -6.0608887941778500E-001                  1.4227192179294331E+001                  6.9994623975921910E-001                  2.8005375468052141E-001                  2.0000005560259493E-002                  0.0000000000000000E+000                  3.6269972860205668E+008                  3.3534515119789295E+007                  1.5365517721563655E-004                  8.7924661166266031E-012                  0.0000000000000000E+000                  1.6322734810758976E+000                  3.6795220719178268E+010                  3.8126050071517943E-007                  1.1743919337277425E-010                 -3.2093890930489968E+000                  1.9076215964260645E+000                  2.1461822237858956E+000                  2.2966972216178863E+000 
                                     673                  2.3856818614663804E+000                  1.2094103361465279E-001                  6.7075351453705236E+000                 -5.8965670738409381E-001                  1.4247793175000679E+001                  6.9994241263958112E-001                  2.8005758059323022E-001                  2.0000006767188605E-002                  0.0000000000000000E+000                  3.6246762783153057E+008                  3.3697131353187449E+007                  1.6899226647660952E-004                  1.1744084616461027E-011                  0.0000000000000000E+000                  1.6117370541422023E+000                  3.6586097561099129E+010                  3.9048239272035449E-007                  1.2875036222027141E-010                 -3.2041992720800097E+000                  1.9158580325927272E+000                  2.1544186599525581E+000                  2.3049336577845487E+000 
                                     674                  2.3778113269818424E+000                  1.1820736268800847E-001                  6.7117850197272979E+000                 -5.7333452393899786E-001                  1.4268327689329737E+001                  6.9993827492413441E-001                  2.8006171679896591E-001                  2.0000008276899628E-002                  0.0000000000000000E+000                  3.6225127984528619E+008                  3.3862143271979108E+007                  1.8587757674128297E-004                  1.5707434770076766E-011                  0.0000000000000000E+000                  1.5908390697928902E+000                  3.6481939675287079E+010                  3.9514754773601767E-007                  1.3987241995066794E-010                 -3.2016203544620496E+000                  1.9199991766644975E+000                  2.1585598040243288E+000                  2.3090748018563194E+000 
                                     675                  2.3618057609378478E+000                  1.1269884953984866E-001                  6.7174498426896214E+000                 -5.5142576494639717E-001                  1.4295849957892058E+001                  6.9993232603088307E-001                  2.8006766317987497E-001                  2.0000010789241962E-002                  0.0000000000000000E+000                  3.6195684083297163E+008                  3.4083334599663921E+007                  2.1104288386723124E-004                  2.3122074430332353E-011                  0.0000000000000000E+000                  1.5638709089912264E+000                  3.6277197247953072E+010                  4.0461969475995095E-007                  1.5407232130894858E-010                 -3.1964764909390575E+000                  1.9283292274892165E+000                  2.1668898548490478E+000                  2.3174048526810385E+000 
                                     676                  2.3454427981794885E+000                  1.0713566378535570E-001                  6.7216988688756976E+000                 -5.3488444641818045E-001                  1.4316600945636818E+001                  6.9992751824785981E-001                  2.8007246862337143E-001                  2.0000013128768757E-002                  0.0000000000000000E+000                  3.6173195328772360E+008                  3.4250180009428993E+007                  2.3213287653130183E-004                  3.0879323636443728E-011                  0.0000000000000000E+000                  1.5442616852293496E+000                  3.6067469448496666E+010                  4.1417020207529308E-007                  1.6967697016516302E-010                 -3.1914105750532373E+000                  1.9367267710203226E+000                  2.1752873983801537E+000                  2.3258023962121444E+000 
                                     677                  2.3371255217466933E+000                  1.0433365708597267E-001                  6.7259892244509949E+000                 -5.1846029642869562E-001                  1.4337278789695009E+001                  6.9992231969969543E-001                  2.8007766424476216E-001                  2.0000016055542469E-002                  0.0000000000000000E+000                  3.6152281862655813E+008                  3.4419495598218061E+007                  2.5534971228745860E-004                  4.1293094435889987E-011                  0.0000000000000000E+000                  1.5242725703436628E+000                  3.5964656376008286E+010                  4.1903061401319213E-007                  1.8421501068285808E-010                 -3.1888771233482274E+000                  1.9409495906617702E+000                  2.1795102180216013E+000                  2.3300252158535919E+000 
                                     678                  2.3202158478398802E+000                  9.8686205138476063E-002                  6.7302645920232242E+000                 -5.0185600705936795E-001                  1.4358119670805516E+001                  6.9991680948206725E-001                  2.8008317098285623E-001                  2.0000019535076463E-002                  0.0000000000000000E+000                  3.6130262914258444E+008                  3.4589030331235029E+007                  2.8089098281358518E-004                  5.5147369805156752E-011                  0.0000000000000000E+000                  1.5051260790573446E+000                  3.5759792793065468E+010                  4.2887323711935069E-007                  2.0214007746493914E-010                 -3.1838355270483709E+000                  1.9494474319318995E+000                  2.1880080592917306E+000                  2.3385230571237212E+000 
                                     679                  2.3116220428533372E+000                  9.5841367390103349E-002                  6.7345814547623011E+000                 -4.8537309010726615E-001                  1.4378883357056424E+001                  6.9991085078762816E-001                  2.8008912532392211E-001                  2.0000023888449681E-002                  0.0000000000000000E+000                  3.6109814594583082E+008                  3.4761075864252545E+007                  3.0900643400857557E-004                  7.3744777664300821E-011                  0.0000000000000000E+000                  1.4855905840487775E+000                  3.5657946715971588E+010                  4.3386713940890558E-007                  2.1953389682468601E-010                 -3.1813216207913650E+000                  1.9537218458373042E+000                  2.1922824731971353E+000                  2.3427974710291259E+000 
                                     680                  2.2941529924689394E+000                  9.0106726884872174E-002                  6.7403400337376977E+000                 -4.6324743554586623E-001                  1.4406718304373259E+001                  6.9990229120959113E-001                  2.8009767765906091E-001                  2.0000031131347962E-002                  0.0000000000000000E+000                  3.6082024911473870E+008                  3.4991895680812843E+007                  3.5093806228007722E-004                  1.0855585002302079E-010                  0.0000000000000000E+000                  1.4602546038132345E+000                  3.5458137876355171E+010                  4.4402860070442059E-007                  2.4138582632956942E-010                 -3.1762945276363093E+000                  1.9623236584782464E+000                  2.2008842858380775E+000                  2.3513992836700681E+000 
                                     681                  2.2763040419235021E+000                  8.4312212185171903E-002                  6.7446624323181421E+000                 -4.4654091060618156E-001                  1.4427709439919161E+001                  6.9989538033865750E-001                  2.8010458178689079E-001                  2.0000037874451704E-002                  0.0000000000000000E+000                  3.6060820116411537E+008                  3.5166143165633261E+007                  3.8610412449801169E-004                  1.4499949118344120E-010                  0.0000000000000000E+000                  1.4417390749897780E+000                  3.5253692461471725E+010                  4.5430144563249828E-007                  2.6422546158084572E-010                 -3.1713279406074149E+000                  1.9710000562504955E+000                  2.2095606836103263E+000                  2.3600756814423169E+000 
                                     682                  2.2672353713894826E+000                  8.1392537955844932E-002                  6.7475612432317087E+000                 -4.3543972286651789E-001                  1.4441685205486293E+001                  6.9989048255151232E-001                  2.8010947421308946E-001                  2.0000043235398168E-002                  0.0000000000000000E+000                  3.6047264281329298E+008                  3.5283493031773224E+007                  4.1149527355969297E-004                  1.7593943753860572E-010                  0.0000000000000000E+000                  1.4292926171144382E+000                  3.5152124124085121E+010                  4.5952249322620186E-007                  2.8374809988020392E-010                 -3.1688466127102823E+000                  1.9753654970064674E+000                  2.2139261243662984E+000                  2.3644411221982891E+000 
                                     683                  2.2580696523214678E+000                  7.8457333445790103E-002                  6.7504665847033003E+000                 -4.2432553094535153E-001                  1.4455680630237378E+001                  6.9988535955338527E-001                  2.8011459109179360E-001                  2.0000049354821137E-002                  0.0000000000000000E+000                  3.6033816393480533E+008                  3.5401498798542246E+007                  4.3856593458748230E-004                  2.1348664870104568E-010                  0.0000000000000000E+000                  1.4169144532001254E+000                  3.5052454054873978E+010                  4.6482124751070901E-007                  3.0345331504917791E-010                 -3.1663570140333159E+000                  1.9797491641213310E+000                  2.2183097914811620E+000                  2.3688247893131527E+000 
                                     684                  2.2488061999310776E+000                  7.5506398501039143E-002                  6.7548500887937859E+000                 -4.0770952745163636E-001                  1.4476645368911891E+001                  6.9987722208741021E-001                  2.8012271768142621E-001                  2.0000060231163630E-002                  0.0000000000000000E+000                  3.6014489151186091E+008                  3.5580297462543234E+007                  4.8256153987353591E-004                  2.8552734138650581E-010                  0.0000000000000000E+000                  1.3982051149162991E+000                  3.4954693203168510E+010                  4.7019925003544245E-007                  3.2528515641278385E-010                 -3.1638590339536132E+000                  1.9841512200739873E+000                  2.2227118474338181E+000                  2.3732268452658087E+000 
                                     685                  2.2299833735863359E+000                  6.9555461643853109E-002                  6.7599600461350722E+000                 -3.8814558696319607E-001                  1.4501276965338322E+001                  6.9986703136426454E-001                  2.8013289273303049E-001                  2.0000075902705028E-002                  0.0000000000000000E+000                  3.5991102326958114E+008                  3.5789844773129508E+007                  5.3954822570879361E-004                  4.0047581694557690E-010                  0.0000000000000000E+000                  1.3770612158989386E+000                  3.4758628309292336E+010                  4.8108366593372992E-007                  3.5424046389449339E-010                 -3.1588896941482534E+000                  1.9930148753943417E+000                  2.2315755027541728E+000                  2.3820905005861635E+000 
                                     686                  2.2156046640932487E+000                  6.5049843759905010E-002                  6.7636231633941000E+000                 -3.7414730624391279E-001                  1.4518908384259831E+001                  6.9985925195747356E-001                  2.8014065850240055E-001                  2.0000089540125887E-002                  0.0000000000000000E+000                  3.5974610236908722E+008                  3.5940816344669059E+007                  5.8435838585933829E-004                  5.0999027764186702E-010                  0.0000000000000000E+000                  1.3620989552250011E+000                  3.4609279082497543E+010                  4.8933790373227192E-007                  3.8314633592748890E-010                 -3.1551955714126834E+000                  1.9997151673144411E+000                  2.2382757946742720E+000                  2.3887907925062626E+000 
                                     687                  2.2058930360300621E+000                  6.2025488541318841E-002                  6.7665658962696158E+000                 -3.6296198162167848E-001                  1.4533012984928240E+001                  6.9985270956888956E-001                  2.8014718821849233E-001                  2.0000102212618165E-002                  0.0000000000000000E+000                  3.5961757174616104E+008                  3.6062560460153125E+007                  6.2288550165974141E-004                  6.1894133261653592E-010                  0.0000000000000000E+000                  1.3501359726889042E+000                  3.4511027556858658E+010                  4.9492282650340430E-007                  4.1065924362315865E-010                 -3.1527312577419706E+000                  2.0042066915308299E+000                  2.2427673188906612E+000                  2.3932823167226518E+000 
                                     688                  2.1960799767649584E+000                  5.8984195712234476E-002                  6.7710059292225226E+000                 -3.4624316391797783E-001                  1.4554138000739407E+001                  6.9984228912133795E-001                  2.8015758589958284E-001                  2.0000124979079215E-002                  0.0000000000000000E+000                  3.5943314075923848E+008                  3.6247035985318966E+007                  6.8550573045875478E-004                  8.2801776113522024E-010                  0.0000000000000000E+000                  1.3321144158367861E+000                  3.4415485670247719E+010                  5.0058877363406828E-007                  4.3920600974771466E-010                 -3.1502594471236316E+000                  2.0087177649162919E+000                  2.2472783922761232E+000                  2.3977933901081139E+000 
                                     689                  2.1761469384680865E+000                  5.2848707101366008E-002                  6.7754374499035874E+000                 -3.2932620603366802E-001                  1.4575450597107460E+001                  6.9983128246182025E-001                  2.8016856548947550E-001                  2.0000152048704312E-002                  0.0000000000000000E+000                  3.5923841535149223E+008                  3.6432074409708448E+007                  7.5452640601034323E-004                  1.1067320471772164E-009                  0.0000000000000000E+000                  1.3148111980857933E+000                  3.4222439293016438E+010                  5.1198849927700426E-007                  4.7477765284909878E-010                 -3.1453698972041080E+000                  2.0178048508524391E+000                  2.2563654782122700E+000                  2.4068804760442606E+000 
                                     690                  2.1660256595214875E+000                  4.9755122913062555E-002                  6.7784096715905342E+000                 -3.1808988354137641E-001                  1.4589636141616120E+001                  6.9982350389683001E-001                  2.8017632252895869E-001                  2.0000173574211244E-002                  0.0000000000000000E+000                  3.5911433159070861E+008                  3.6556712264200464E+007                  8.0437292016025282E-004                  1.3434618264946341E-009                  0.0000000000000000E+000                  1.3032360435581720E+000                  3.4125142265733917E+010                  5.1773713608739534E-007                  5.0554800146293908E-010                 -3.1429453414810542E+000                  2.0223803599434080E+000                  2.2609409873032393E+000                  2.4114559851352300E+000 
                                     691                  2.1558003501414906E+000                  4.6643591015460319E-002                  6.7813896798569564E+000                 -3.0684096447514875E-001                  1.4603842184664543E+001                  6.9981538957704581E-001                  2.8018441227268398E-001                  2.0000198150270210E-002                  0.0000000000000000E+000                  3.5899139127044404E+008                  3.6682102237710550E+007                  8.5754370929650445E-004                  1.6309441209052744E-009                  0.0000000000000000E+000                  1.2917696270096819E+000                  3.4029826560332821E+010                  5.2354497826761820E-007                  5.3568694679572626E-010                 -3.1405230008566347E+000                  2.0269770592332828E+000                  2.2655376865931141E+000                  2.4160526844251047E+000 
                                     692                  2.1454703748969970E+000                  4.3513838548049133E-002                  6.7843776760655397E+000                 -2.9557952270753557E-001                  1.4618068855400844E+001                  6.9980692947795331E-001                  2.8019284431166785E-001                  2.0000226210378891E-002                  0.0000000000000000E+000                  3.5886961214656365E+008                  3.6808257587222874E+007                  9.1426505924425527E-004                  1.9801007154564434E-009                  0.0000000000000000E+000                  1.2804166739825933E+000                  3.3934974069404545E+010                  5.2938513243411765E-007                  5.6526397810597779E-010                 -3.1381141299235411E+000                  2.0315958853417593E+000                  2.2701565127015901E+000                  2.4206715105335808E+000 
                                     693                  2.1350351047380327E+000                  4.0365583737750142E-002                  6.7873738777602801E+000                 -2.8430563880055332E-001                  1.4632316293099301E+001                  6.9979811419718030E-001                  2.8020162755285916E-001                  2.0000258249960545E-002                  0.0000000000000000E+000                  3.5874901626103568E+008                  3.6935192415702820E+007                  9.7477945129383341E-004                  2.4042175609882592E-009                  0.0000000000000000E+000                  1.2691819478184294E+000                  3.3840596177923302E+010                  5.3525537333478330E-007                  5.9547702219923342E-010                 -3.1357194821027661E+000                  2.0362372237680972E+000                  2.2747978511279281E+000                  2.4253128489599187E+000 
                                     694                  2.1244939173308492E+000                  3.7198535477217423E-002                  6.7903785192083852E+000                 -2.7301940015786696E-001                  1.4646584647629695E+001                  6.9978893516058904E-001                  2.8021077000413214E-001                  2.0000294835278876E-002                  0.0000000000000000E+000                  3.5862962790619218E+008                  3.7062921721119747E+007                  1.0393468536489755E-003                  2.9194609294479202E-009                  0.0000000000000000E+000                  1.2580702507493668E+000                  3.3746704918608528E+010                  5.4115257531793140E-007                  6.2686972237544023E-010                 -3.1333401352132921E+000                  2.0409014776963565E+000                  2.2794621050561874E+000                  2.4299771028881780E+000 
                                     695                  2.1138461974049383E+000                  3.4012392881131129E-002                  6.7933918519679199E+000                 -2.6172090118421892E-001                  1.4660874079950361E+001                  6.9977938485591529E-001                  2.8022027853042625E-001                  2.0000336613658520E-002                  0.0000000000000000E+000                  3.5851147326844090E+008                  3.7191461440182701E+007                  1.1082461345904438E-003                  3.5455075820393312E-009                  0.0000000000000000E+000                  1.2470864251977636E+000                  3.3653312970697731E+010                  5.4707276530914396E-007                  6.5939703345596631E-010                 -3.1309774524909590E+000                  2.0455890688123968E+000                  2.2841496961722281E+000                  2.4346646940042187E+000 
                                     696                  2.1030913371186286E+000                  3.0806844820908310E-002                  6.7964141454787139E+000                 -2.5041024346904994E-001                  1.4675184762607891E+001                  6.9976945708590710E-001                  2.8023015858890293E-001                  2.0000384325189913E-002                  0.0000000000000000E+000                  3.5839458052170253E+008                  3.7320828493216112E+007                  1.1817766092915164E-003                  4.3063145114226975E-009                  0.0000000000000000E+000                  1.2362353553422019E+000                  3.3560433658837673E+010                  5.5301167818074280E-007                  6.9299384381226901E-010                 -3.1286328487094015E+000                  2.0503004381076009E+000                  2.2888610654674322E+000                  2.4393760632994228E+000 
                                     697                  2.0922287364663394E+000                  2.7581569442963617E-002                  6.7994456876821756E+000                 -2.3908753597692850E-001                  1.4689516880263815E+001                  6.9975914723369381E-001                  2.8024041395038279E-001                  2.0000438815923394E-002                  0.0000000000000000E+000                  3.5827897995748842E+008                  3.7451040831339717E+007                  1.2602597325438384E-003                  5.2310596550158576E-009                  0.0000000000000000E+000                  1.2255219689890928E+000                  3.3468080952219936E+010                  5.5896474121135554E-007                  7.2757327534936233E-010                 -3.1263077929980132E+000                  2.0550360467059128E+000                  2.2935966740657441E+000                  2.4441116718977347E+000 
                                     698                  2.0812578036787417E+000                  2.4336233654129989E-002                  6.8024867842977459E+000                 -2.2775289379065136E-001                  1.4703870630276640E+001                  6.9974845252741458E-001                  2.8025104642364262E-001                  2.0000501048942798E-002                  0.0000000000000000E+000                  3.5816470507904059E+008                  3.7582117423188388E+007                  1.3440409304919512E-003                  6.3552917296643346E-009                  0.0000000000000000E+000                  1.2149501116538550E+000                  3.3376269407860497E+010                  5.6492736469931510E-007                  7.6302592681259430E-010                 -3.1240036939116447E+000                  2.0597963763799680E+000                  2.2983570037397989E+000                  2.4488720015717895E+000 
                                     699                  2.0701779556265318E+000                  2.1070492586551838E-002                  6.8055377482968398E+000                 -2.1640642663242876E-001                  1.4718246223325790E+001                  6.9973737228333543E-001                  2.8026205557615236E-001                  2.0000572140512207E-002                  0.0000000000000000E+000                  3.5805179144785035E+008                  3.7714077808866493E+007                  1.4334914509773855E-003                  7.7223323845568917E-009                  0.0000000000000000E+000                  1.2045157740168297E+000                  3.3285013666843948E+010                  5.7089714974982601E-007                  7.9922056141413481E-010                 -3.1217210626191076E+000                  2.0645819272492743E+000                  2.3031425546091051E+000                  2.4536575524410957E+000 
                                     700                  2.0589886182383061E+000                  1.7783989122074451E-002                  6.8085988862303433E+000                 -2.0504822410028051E-001                  1.4732643884061826E+001                  6.9972590809957036E-001                  2.8027343855358117E-001                  2.0000653346848418E-002                  0.0000000000000000E+000                  3.5794027221509373E+008                  3.7846941518088005E+007                  1.5290102779616952E-003                  9.3849863943668553E-009                  0.0000000000000000E+000                  1.1942116853281317E+000                  3.3194327457642654E+010                  5.7687474722805824E-007                  8.3600698776733140E-010                 -3.1194592359634208E+000                  2.0693932121972640E+000                  2.3079538395570953E+000                  2.4584688373890859E+000 
                                     701                  2.0476892269329259E+000                  1.4476353504980612E-002                  6.8116704942940114E+000                 -1.9367835096938443E-001                  1.4747063851771406E+001                  6.9971406396573643E-001                  2.8028518993917512E-001                  2.0000746095088395E-002                  0.0000000000000000E+000                  3.5783017706835777E+008                  3.7980727900639638E+007                  1.6310262896749288E-003                  1.1407632310871275E-008                  0.0000000000000000E+000                  1.1840307075316212E+000                  3.3104222894588318E+010                  5.8286182578386734E-007                  8.7322199092377689E-010                 -3.1172171938142155E+000                  2.0742307528926491E+000                  2.3127913802524804E+000                  2.4633063780844711E+000 
                                     702                  2.0362792270647021E+000                  1.1147202969766486E-002                  6.8147528586492507E+000                 -1.8229684686845762E-001                  1.4761506381030175E+001                  6.9970184623832010E-001                  2.8029730169262057E-001                  2.0000852069059327E-002                  0.0000000000000000E+000                  3.5772153234534246E+008                  3.8115456136417061E+007                  1.7400006152682005E-003                  1.3868777840403464E-008                  0.0000000000000000E+000                  1.1739658341963910E+000                  3.3014710338860073E+010                  5.8886015823274960E-007                  9.1069897294076246E-010                 -3.1149939143370307E+000                  2.0790950792731708E+000                  2.3176557066330021E+000                  2.4681707044649928E+000 
                                     703                  2.0247580744231586E+000                  7.7961413629279285E-003                  6.8178462557239099E+000                 -1.7090372589694836E-001                  1.4775971742341319E+001                  6.9968926343201687E-001                  2.8030976342490138E-001                  2.0000973143081691E-002                  0.0000000000000000E+000                  3.5761436122747481E+008                  3.8251145242245369E+007                  1.8564291288287111E-003                  1.6864184522466836E-008                  0.0000000000000000E+000                  1.1640101783736159E+000                  3.2925798422380203E+010                  5.9487164388284705E-007                  9.4828197820193154E-010                 -3.1127883661836040E+000                  2.0839867300600923E+000                  2.3225473574199236E+000                  2.4730623552519142E+000 
                                     704                  2.0131252357535487E+000                  4.4227587480086704E-003                  6.8209509524908905E+000                 -1.5949897609445399E-001                  1.4790460222809065E+001                  6.9967632577028582E-001                  2.8032256269717498E-001                  2.0001111532539140E-002                  0.0000000000000000E+000                  3.5750868519203413E+008                  3.8387814071294434E+007                  1.9808450674255827E-003                  2.0510684403029089E-008                  0.0000000000000000E+000                  1.1541569620086480E+000                  3.2837494062997955E+010                  6.0089833956615814E-007                  9.8584473956472226E-010                 -3.1105994980252087E+000                  2.0889062532269658E+000                  2.3274668805867966E+000                  2.4779818784187873E+000 
                                     705                  2.0013801892578225E+000                  1.0266309819955454E-003                  6.8240672067291364E+000                 -1.4808255875712004E-001                  1.4804972126853956E+001                  6.9966304444026672E-001                  2.8033568589813079E-001                  2.0001269661602539E-002                  0.0000000000000000E+000                  3.5740452368818545E+008                  3.8525481309007779E+007                  2.1138217588041780E-003                  2.4950849546497162E-008                  0.0000000000000000E+000                  1.1443995067312049E+000                  3.2749802469005699E+010                  6.0694249558917468E-007                  1.0233148294132294E-009                 -3.1084262269758267E+000                  2.0938542064369638E+000                  2.3324148337967952E+000                  2.4829298316287858E+000 
                                     706                  1.9895224251079942E+000                 -2.3926807278869143E-003                  6.8271952672656644E+000                 -1.3665440757634614E-001                  1.4819507776949431E+001                  6.9964943051308215E-001                  2.8034911905517756E-001                  2.0001450431740286E-002                  0.0000000000000000E+000                  3.5730189309278518E+008                  3.8664165463409349E+007                  2.2559754489996156E-003                  3.0358692752360732E-008                  0.0000000000000000E+000                  1.1347312259344726E+000                  3.2662727131932674E+010                  6.1300659535160411E-007                  1.0607018806762104E-009                 -3.1062674264362253E+000                  2.0988311574480756E+000                  2.3373917848079064E+000                  2.4879067826398971E+000 
                                     707                  1.9775514459743611E+000                 -5.8356302861934965E-003                  6.8303353742013195E+000                 -1.2521442765672980E-001                  1.4834067514380143E+001                  6.9963549351744270E-001                  2.8036284940397999E-001                  2.0001657078577262E-002                  0.0000000000000000E+000                  3.5720080599118418E+008                  3.8803884854736172E+007                  2.4079682327730108E-003                  3.6946643336250112E-008                  0.0000000000000000E+000                  1.1251456179512092E+000                  3.2576269808608311E+010                  6.1909339744390986E-007                  1.0981278526672463E-009                 -3.1041219138302192E+000                  2.1038376845031843E+000                  2.3423983118630156E+000                  2.4929133096950062E+000 
                                     708                  1.9654667675682254E+000                 -9.3026871906762131E-003                  6.8334877591222210E+000                 -1.1376249436821693E-001                  1.4848651700020499E+001                  6.9962123969003953E-001                  2.8037686697538666E-001                  2.0001893334573806E-002                  0.0000000000000000E+000                  3.5710127073242897E+008                  3.8944657594935954E+007                  2.5705111135549017E-003                  4.4974065753138975E-008                  0.0000000000000000E+000                  1.1156362602920535E+000                  3.2490430493099728E+010                  6.2520597756813680E-007                  1.1358566985255144E-009                 -3.1019884391808343E+000                  2.1088743766820541E+000                  2.3474350040418854E+000                  2.4979500018738761E+000 
                                     709                  1.9532679192054712E+000                 -1.2794337031345436E-002                  6.8366526452973861E+000                 -1.0229845210097624E-001                  1.4863260715125824E+001                  6.9960666998849619E-001                  2.8039116657902308E-001                  2.0002163432480735E-002                  0.0000000000000000E+000                  3.5700329123522800E+008                  3.9086501561977148E+007                  2.7443672525691559E-003                  5.4757672756928819E-008                  0.0000000000000000E+000                  1.1061968048311766E+000                  3.2405207379496162E+010                  6.3134776575047875E-007                  1.1743192971306272E-009                 -3.0998656760498431E+000                  2.1139418341893887E+000                  2.3525024615492200E+000                  2.5030174593812107E+000 
                                     710                  1.9409544444007254E+000                 -1.6311082004990356E-002                  6.8398302478673445E+000                 -9.0822112940910235E-002                  1.4877894962149469E+001                  6.9959177800099615E-001                  2.8040574966048015E-001                  2.0002472338523702E-002                  0.0000000000000000E+000                  3.5690686790640783E+008                  3.9229434368850537E+007                  2.9303555079993409E-003                  6.6684235866262430E-008                  0.0000000000000000E+000                  1.0968209738896473E+000                  3.2320596819177414E+010                  6.3752257385560817E-007                  1.2141283930055491E-009                 -3.0977522164059401E+000                  2.1190406686045824E+000                  2.3576012959644133E+000                  2.5081162937964039E+000 
                                     711                  1.9285259014637579E+000                 -1.9853441454167436E-002                  6.8430207740284148E+000                 -7.9333255340632472E-002                  1.4892554865598918E+001                  6.9957654794215174E-001                  2.8042062644070498E-001                  2.0002825617143283E-002                  0.0000000000000000E+000                  3.5681199624671155E+008                  3.9373473337819889E+007                  3.1293544049613205E-003                  8.1226122937460697E-008                  0.0000000000000000E+000                  1.0875025571443566E+000                  3.2236593276688747E+010                  6.4373460899223774E-007                  1.2560795286435609E-009                 -3.0956465706721898E+000                  2.1241715031635384E+000                  2.3627321305233693E+000                  2.5132471283553599E+000 
                                     712                  1.9159818641075335E+000                 -2.3421952429460050E-002                  6.8462244232130027E+000                 -6.7831622833646091E-002                  1.4907240872924735E+001                  6.9956095295542686E-001                  2.8043581739966578E-001                  2.0003229644907305E-002                  0.0000000000000000E+000                  3.5671866618150240E+008                  3.9518635473935381E+007                  3.3423067074225517E-003                  9.8960246163614604E-008                  0.0000000000000000E+000                  1.0782354093778466E+000                  3.2153189288944099E+010                  6.4998846979655213E-007                  1.3011353252120073E-009                 -3.0935471736386848E+000                  2.1293349730956108E+000                  2.3678956004554421E+000                  2.5184105982874327E+000 
                                     713                  1.9033219220722055E+000                 -2.7017170275910097E-002                  6.8494413872675191E+000                 -5.6316922898639467E-002                  1.4921953455441276E+001                  6.9954495394003602E-001                  2.8045135423481432E-001                  2.0003691825149605E-002                  0.0000000000000000E+000                  3.5662686146276575E+008                  3.9664937451215930E+007                  3.5702247716797413E-003                  1.2059116873528606E-007                  0.0000000000000000E+000                  1.0690134490172987E+000                  3.2070375433080746E+010                  6.5628912473766533E-007                  1.3503916593100347E-009                 -3.0914523961539957E+000                  2.1345317260562111E+000                  2.3730923534160420E+000                  2.5236073512480326E+000 
                                     714                  1.8905456817656001E+000                 -3.0639669246467608E-002                  6.8526718519863259E+000                 -4.4788827440673584E-002                  1.4936693109281583E+001                  6.9952849907324188E-001                  2.8046728043125180E-001                  2.0004220495506320E-002                  0.0000000000000000E+000                  3.5653655970691001E+008                  3.9812395670965523E+007                  3.8141968909398217E-003                  1.4697930417072955E-007                  0.0000000000000000E+000                  1.0598315687127948E+000                  3.1988140360967197E+010                  6.6264151829785856E-007                  1.4050281968218409E-009                 -3.0893606782786680E+000                  2.1397624230534675E+000                  2.3783230504132988E+000                  2.5288380482452895E+000 
                                     715                  1.8776527669205283E+000                 -3.4290043158302669E-002                  6.8559160080085944E+000                 -3.3246983139884945E-002                  1.4951460356403015E+001                  6.9951152411410267E-001                  2.8048365056318680E-001                  2.0004825322710529E-002                  0.0000000000000000E+000                  3.5644773484888339E+008                  3.9961026763566442E+007                  4.0753950878670651E-003                  1.7917530367552236E-007                  0.0000000000000000E+000                  1.0506908911699919E+000                  3.1906471256735794E+010                  6.6904801684055164E-007                  1.4662495025086922E-009                 -3.0872713561380931E+000                  2.1450277422098996E+000                  2.3835883695697309E+000                  2.5341033674017215E+000 
                                     716                  1.8646428192468656E+000                 -3.7968906186056563E-002                  6.8591740644810058E+000                 -2.1691024869245554E-002                  1.4966255745656559E+001                  6.9949395346048171E-001                  2.8050052926834618E-001                  2.0005517271172168E-002                  0.0000000000000000E+000                  3.5636036114643115E+008                  4.0110848241094142E+007                  4.3550842994180047E-003                  2.1846206539945726E-007                  0.0000000000000000E+000                  1.0415950228313209E+000                  3.1825354746410351E+010                  6.7550745148019056E-007                  1.5352247867306793E-009                 -3.0851849279702126E+000                  2.1503283858258184E+000                  2.3888890131856497E+000                  2.5394040110176404E+000 
                                     717                  1.8515154991065641E+000                 -4.1676893820543841E-002                  6.8624462533174704E+000                 -1.0120579487769468E-002                  1.4981079853918583E+001                  6.9947570181465213E-001                  2.8051798930010746E-001                  2.0006308885240465E-002                  0.0000000000000000E+000                  3.5627441320223778E+008                  4.0261878738955773E+007                  4.6546324766002989E-003                  2.6640581000825805E-007                  0.0000000000000000E+000                  1.0325474387929801E+000                  3.1744777532924969E+010                  6.8201741448856474E-007                  1.6130356284360015E-009                 -3.0831022680092004E+000                  2.1556650860751430E+000                  2.3942257134349738E+000                  2.5447407112669644E+000 
                                     718                  1.8382704862212054E+000                 -4.5414663918806067E-002                  6.8657328294852498E+000                  1.4647344306942098E-003                  1.4995933287298168E+001                  6.9945667621771213E-001                  2.8053610920256405E-001                  2.0007214579723875E-002                  0.0000000000000000E+000                  3.5618986638935846E+008                  4.0414138078083828E+007                  4.9755216505429582E-003                  3.2491813298838123E-007                  0.0000000000000000E+000                  1.0235514799316205E+000                  3.1664726518416916E+010                  6.8857525575163351E-007                  1.7006396541182193E-009                 -3.0810242939550920E+000                  2.1610386074983992E+000                  2.3995992348582305E+000                  2.5501142326902211E+000 
                                     719                  1.8249074803997747E+000                 -4.9182897820829422E-002                  6.8690340713256539E+000                  1.3065306878433115E-002                  1.5010816682433818E+001                  6.9943677816408634E-001                  2.8055497109752614E-001                  2.0008250738387523E-002                  0.0000000000000000E+000                  3.5610669717905796E+008                  4.0567647335916936E+007                  5.3193600288697282E-003                  3.9633138092513556E-007                  0.0000000000000000E+000                  1.0146103589343207E+000                  3.1585188777159046E+010                  6.9517806585277464E-007                  1.7988555563516091E-009                 -3.0789519695666505E+000                  2.1664497486056424E+000                  2.4050103759654733E+000                  2.5555253737974639E+000 
                                     720                  1.8114262022868715E+000                 -5.2982301538193020E-002                  6.8723502809267512E+000                  2.4681536823202285E-002                  1.5025730707885762E+001                  6.9941590550494315E-001                  2.8057465840490159E-001                  2.0009436090155264E-002                  0.0000000000000000E+000                  3.5602488339032847E+008                  4.0722428917763747E+007                  5.6878950852181963E-003                  4.8348990601443156E-007                  0.0000000000000000E+000                  1.0057271666140417E+000                  3.1506151523299065E+010                  7.0182267890036658E-007                  1.9083716447343872E-009                 -3.0768863009883867E+000                  2.1718993435840854E+000                  2.4104599709439167E+000                  2.5609749687759074E+000 
                                     721                  1.7978263941338357E+000                 -5.6813607018808422E-002                  6.8756817845545051E+000                  3.6313832810141666E-002                  1.5040676065640264E+001                  6.9939395391016312E-001                  2.8059525411820246E-001                  2.0010791971634356E-002                  0.0000000000000000E+000                  3.5594440491082132E+008                  4.0878506623377427E+007                  6.0830276763653175E-003                  5.8986041867046877E-007                  0.0000000000000000E+000                  9.9690487842336528E-001                  3.1427602067159477E+010                  7.0850569578720212E-007                  2.0297752802960091E-009                 -3.0748283270208860E+000                  2.1773882640401783E+000                  2.4159488914000096E+000                  2.5664638892320002E+000 
                                     722                  1.7841078205746677E+000                 -6.0677573497542985E-002                  6.8790289331490513E+000                  4.7962613830653297E-002                  1.5055653492743970E+001                  6.9937081773836185E-001                  2.8061683950169619E-001                  2.0012342759941903E-002                  0.0000000000000000E+000                  3.5586524502774334E+008                  4.1035905706818230E+007                  6.5068273138969750E-003                  7.1966492973249134E-007                  0.0000000000000000E+000                  9.8814636113621968E-001                  3.1349527755810863E+010                  7.1522352216650787E-007                  2.1635972966632277E-009                 -3.0727791054819562E+000                  2.1829174207499591E+000                  2.4214780481097904E+000                  2.5719930459417810E+000 
                                     723                  1.7702702694070118E+000                 -6.4574988937299627E-002                  6.8823921028854151E+000                  5.9628310457598956E-002                  1.5070663763052611E+001                  6.9934639026210077E-001                  2.8063949361533047E-001                  2.0014116122568759E-002                  0.0000000000000000E+000                  3.5578738940867984E+008                  4.1194652935536467E+007                  6.9615488256550414E-003                  8.7804056719910567E-007                  0.0000000000000000E+000                  9.7945437969658300E-001                  3.1271915895302689E+010                  7.2197241422925002E-007                  2.3103646442018751E-009                 -3.0707396980135813E+000                  2.1884877654455512E+000                  2.4270483928053825E+000                  2.5775633906373732E+000 
                                     724                  1.7563135524228535E+000                 -6.8506671552833465E-002                  6.8857716958008144E+000                  7.1311366238139010E-002                  1.5085707689090500E+001                  6.9932056328835579E-001                  2.8066329318871963E-001                  2.0016143522924579E-002                  0.0000000000000000E+000                  3.5571082595742840E+008                  4.1354776639388464E+007                  7.4496507421430713E-003                  1.0712306556093739E-006                  0.0000000000000000E+000                  9.7083160425935899E-001                  3.1194753654602951E+010                  7.2874852505837937E-007                  2.4706542307859163E-009                 -3.0687111556085092E+000                  2.1941002926104227E+000                  2.4326609199702536E+000                  2.5831759178022446E+000 
                                     725                  1.7422375062688491E+000                 -7.2473471428384090E-002                  6.8891681404968379E+000                  8.3012239300402857E-002                  1.5100786124043783E+001                  6.9929322627990154E-001                  2.8068831308538228E-001                  2.0018460634716240E-002                  0.0000000000000000E+000                  3.5563554440335411E+008                  4.1516306760031477E+007                  7.9738158279689768E-003                  1.3068122113771722E-006                  0.0000000000000000E+000                  9.6228061741858650E-001                  3.1118027953511059E+010                  7.3554794536718810E-007                  2.6451414024350905E-009                 -3.0666945066553413E+000                  2.1997560413040627E+000                  2.4383166686638940E+000                  2.5888316664958846E+000 
                                     726                  1.7280419933338473E+000                 -7.6476272236164336E-002                  6.8925818929225482E+000                  9.4731404149659290E-002                  1.5115899963899292E+001                  6.9926426512190498E-001                  2.8071462697305366E-001                  2.0021107905041413E-002                  0.0000000000000000E+000                  3.5556153574184948E+008                  4.1679274900003761E+007                  8.5369742455654717E-003                  1.5939649040423932E-006                  0.0000000000000000E+000                  9.5380392167565098E-001                  3.1041725337715122E+010                  7.4236673405418428E-007                  2.8346385431202702E-009                 -3.0646907486885038E+000                  2.2054560970751087E+000                  2.4440167244349400E+000                  2.5945317222669306E+000 
                                     727                  1.7137269026651167E+000                 -8.0515993062595589E-002                  6.8960134372450170E+000                  1.0646935359082574E-001                  1.5131050149740823E+001                  6.9923356068527953E-001                  2.8074230835600456E-001                  2.0024130958715913E-002                  0.0000000000000000E+000                  3.5548879211706573E+008                  4.1843714372142196E+007                  9.1423298812951213E-003                  1.9437869347384350E-006                  0.0000000000000000E+000                  9.4540394717220333E-001                  3.0965831844423828E+010                  7.4920093655334023E-007                  3.0401221936068624E-009                 -3.0627008441990582E+000                  2.2112015939692049E+000                  2.4497622213290362E+000                  2.6002772191610268E+000 
                                     728                  1.6992921509119243E+000                 -8.4593590351270675E-002                  6.8994632868160135E+000                  1.1822660075844724E-001                  1.5146237670222558E+001                  6.9920098732299096E-001                  2.8077143146646311E-001                  2.0027581210545931E-002                  0.0000000000000000E+000                  3.5541730754044789E+008                  4.2009660251469471E+007                  9.7933903959749827E-003                  2.3696619520221995E-006                  0.0000000000000000E+000                  9.3708305974034012E-001                  3.0890332861774151E+010                  7.5604659109770151E-007                  3.2627489551772910E-009                 -3.0607257202168832E+000                  2.2169937166545948E+000                  2.4555543440144261E+000                  2.6060693418464167E+000 
                                     729                  1.6847376832850502E+000                 -8.8710059975617053E-002                  6.9029319843154635E+000                  1.3000368217770492E-001                  1.5161463564226988E+001                  6.9916641140741920E-001                  2.8080207220765235E-001                  2.0031516384928505E-002                  0.0000000000000000E+000                  3.5534707653715867E+008                  4.2177149393125355E+007                  1.0494001493701688E-002                  2.8876802323814458E-006                  0.0000000000000000E+000                  9.2884306129644012E-001                  3.0815212949541706E+010                  7.6290000781617507E-007                  3.5038611991464405E-009                 -3.0587661903275651E+000                  2.2228337025031077E+000                  2.4613943298629390E+000                  2.6119093276949297E+000 
                                     730                  1.6700634745567178E+000                 -9.2866439436102927E-002                  6.9064200959822548E+000                  1.4180116707869009E-001                  1.5176728923709620E+001                  6.9912968998569802E-001                  2.8083430897488948E-001                  2.0036001039412499E-002                  0.0000000000000000E+000                  3.5527809255119991E+008                  4.2346220159373194E+007                  1.1248385416726268E-002                  3.5171132799225787E-006                  0.0000000000000000E+000                  9.2068247409034110E-001                  3.0740455403558533E+010                  7.6975963737674282E-007                  3.7649843704072489E-009                 -3.0568224325158320E+000                  2.2287228421209058E+000                  2.4672834694807371E+000                  2.6177984673127277E+000 
                                     731                  1.6552695300997795E+000                 -9.7063810132920536E-002                  6.9099282044028465E+000                  1.5361966833061583E-001                  1.5192034896740578E+001                  6.9909066959916666E-001                  2.8086822336253531E-001                  2.0041107038297978E-002                  0.0000000000000000E+000                  3.5521034598540205E+008                  4.2516912075569689E+007                  1.2061184530770066E-002                  4.2809368724614490E-006                  0.0000000000000000E+000                  9.1259861811398824E-001                  3.0666041558497589E+010                  7.7662665904619881E-007                  4.0478177207380920E-009                 -3.0548938528144167E+000                  2.2346624781271620E+000                  2.4732231054869933E+000                  2.6237381033189839E+000 
                                     732                  1.6403558869626746E+000                 -1.0130329970679648E-001                  6.9134569075111258E+000                  1.6545984708838762E-001                  1.5207382690750949E+001                  6.9904918530862226E-001                  2.8090390077345195E-001                  2.0046913917925790E-002                  0.0000000000000000E+000                  3.5514382348242354E+008                  4.2689265788258918E+007                  1.2937511586594900E-002                  5.2063913689586116E-006                  0.0000000000000000E+000                  9.0458892181941875E-001                  3.0591950278476681E+010                  7.8350317655505876E-007                  4.3542190945233861E-009                 -3.0529796192163698E+000                  2.2406540052458226E+000                  2.4792146326056539E+000                  2.6297296304376445E+000 
                                     733                  1.6253226149817308E+000                 -1.0558608451730982E-001                  6.9170068201151240E+000                  1.7732241496763279E-001                  1.5222773575998632E+001                  6.9900505995501783E-001                  2.8094143086098489E-001                  2.0053509183997287E-002                  0.0000000000000000E+000                  3.5507850797751278E+008                  4.2863323150396645E+007                  1.3883007351519943E-002                  6.3255553239288223E-006                  0.0000000000000000E+000                  8.9665091699111665E-001                  3.0518157763639633E+010                  7.9039146075382007E-007                  4.6861829429118945E-009                 -3.0510788802170010E+000                  2.2466988727642798E+000                  2.4852595001241111E+000                  2.6357744979561017E+000 
                                     734                  1.6101698179320914E+000                 -1.0991339229687623E-001                  6.9205785754901408E+000                  1.8920813626388994E-001                  1.5238208889270380E+001                  6.9895810370577993E-001                  2.8098090807795378E-001                  2.0060988216266340E-002                  0.0000000000000000E+000                  3.5501437973904222E+008                  4.3039127315966353E+007                  1.4903906456139492E-002                  7.6758933617068799E-006                  0.0000000000000000E+000                  8.8878223072565832E-001                  3.0444637442115513E+010                  7.9729392942757628E-007                  5.0458097512488317E-009                 -3.0491907712997044E+000                  2.2527985878540209E+000                  2.4913592152138522E+000                  2.6418742130458428E+000 
                                     735                  1.5948976347265091E+000                 -1.1428650499446733E-001                  6.9241728270399738E+000                  2.0111783024617960E-001                  1.5253690037842293E+001                  6.9890811395727137E-001                  2.8102243203325983E-001                  2.0069454009468801E-002                  0.0000000000000000E+000                  3.5495141625557065E+008                  4.3216722849025629E+007                  1.6007112731135902E-002                  9.3007136911476746E-006                  0.0000000000000000E+000                  8.8098057775129723E-001                  3.0371359857385273E+010                  8.0421311821451534E-007                  5.4352638675966265E-009                 -3.0473144235115361E+000                  2.2589547191767139E+000                  2.4975153465365452E+000                  2.6480303443685358E+000 
                                     736                  1.5795062406559253E+000                 -1.1870676182917141E-001                  6.9277902500364688E+000                  2.1305237348093245E-001                  1.5269218503730974E+001                  6.9885487569619198E-001                  2.8106610792461223E-001                  2.0079016379195735E-002                  0.0000000000000000E+000                  3.5488959214353329E+008                  4.3396155848410852E+007                  1.7200285542538600E-002                  1.1249441312018889E-005                  0.0000000000000000E+000                  8.7324375304972834E-001                  3.0298292551508072E+010                  8.1115163608903805E-007                  5.8567151330933573E-009                 -3.0454489757545162E+000                  2.2651689008241855E+000                  2.5037295281840168E+000                  2.6542445260160075E+000 
                                     737                  1.5639958486675385E+000                 -1.2317556257568227E-001                  6.9314315434467177E+000                  2.2501270214384675E-001                  1.5284795848262688E+001                  6.9879816245745974E-001                  2.8111204697189962E-001                  2.0089790570640642E-002                  0.0000000000000000E+000                  3.5482887924395913E+008                  4.3577474094698824E+007                  1.8491938896892535E-002                  1.3577569415946417E-005                  0.0000000000000000E+000                  8.6556962476984967E-001                  3.0225399947053947E+010                  8.1811210052193588E-007                  6.3122590424409005E-009                 -3.0435935918669821E+000                  2.2714428366490504E+000                  2.5100034640088813E+000                  2.6605184618408724E+000 
                                     738                  1.5483667106885117E+000                 -1.2769437110310877E-001                  6.9350974318575185E+000                  2.3699981427701461E-001                  1.5300423716988197E+001                  6.9873773805225681E-001                  2.8116036687911111E-001                  2.0101895068632025E-002                  0.0000000000000000E+000                  3.5476924726924396E+008                  4.3760727219360620E+007                  1.9891555384242050E-002                  1.6346098275605907E-005                  0.0000000000000000E+000                  8.5795612744170013E-001                  3.0152643230143356E+010                  8.2509704699385301E-007                  6.8038100591438852E-009                 -3.0417474836067471E+000                  2.2777783050336717E+000                  2.5163389323935030E+000                  2.6668539302254937E+000 
                                     739                  1.5326191189978546E+000                 -1.3226471919328017E-001                  6.9387886675088266E+000                  2.4901477193159505E-001                  1.5316103844978544E+001                  6.9867335927429441E-001                  2.8121119233515568E-001                  2.0115448390549906E-002                  0.0000000000000000E+000                  3.5471066483049828E+008                  4.3945966903050147E+007                  2.1409717366422346E-002                  1.9620206001755430E-005                  0.0000000000000000E+000                  8.5040125549388623E-001                  3.0079980237424194E+010                  8.3210880722095947E-007                  7.3329626300986696E-009                 -3.0399099406491037E+000                  2.2841771641508219E+000                  2.5227377915106528E+000                  2.6732527893426434E+000 
                                     740                  1.5167534076473177E+000                 -1.3688821066896698E-001                  6.9425060324478691E+000                  2.6105870312141399E-001                  1.5331838062535363E+001                  6.9860477981319058E-001                  2.8126465556669861E-001                  2.0130564620110869E-002                  0.0000000000000000E+000                  3.5465310146023834E+008                  4.4133247108058624E+007                  2.3058258189505573E-002                  2.3466822159478646E-005                  0.0000000000000000E+000                  8.4290305707647195E-001                  3.0007365350634315E+010                  8.3914935162485284E-007                  7.9008153314764389E-009                 -3.0380803683257689E+000                  2.2906413577980587E+000                  2.5292019851578900E+000                  2.6797169829898806E+000 
                                     741                  1.5007699539461270E+000                 -1.4156652586285218E-001                  6.9462503408161567E+000                  2.7313280352415276E-001                  1.5347628301350170E+001                  6.9853175561389413E-001                  2.8132089695078938E-001                  2.0147347435316432E-002                  0.0000000000000000E+000                  3.5459653023419267E+008                  4.4322624351496927E+007                  2.4850436621433863E-002                  2.7950701370678378E-005                  0.0000000000000000E+000                  8.3545962819862507E-001                  2.9934749402022373E+010                  8.4622009365277916E-007                  8.5077557757840186E-009                 -3.0362583332397080E+000                  2.2971729218832060E+000                  2.5357335492430373E+000                  2.6862485470750279E+000 
                                     742                  1.4846691800200587E+000                 -1.4630142646405422E-001                  6.9500224412899385E+000                  2.8523833789687747E-001                  1.5363476601180080E+001                  6.9845405190054943E-001                  2.8138006569591506E-001                  2.0165882403535562E-002                  0.0000000000000000E+000                  3.5454092910847294E+008                  4.4514158033549011E+007                  2.6801138232198617E-002                  3.3128537195469252E-005                  0.0000000000000000E+000                  8.2806910718778493E-001                  2.9862079592807404E+010                  8.5332165760730033E-007                  9.1532079057949389E-009                 -3.0344436158394990E+000                  2.3037739916867848E+000                  2.5423346190466156E+000                  2.6928496168786062E+000 
                                     743                  1.4684515544042498E+000                 -1.5109476079956050E-001                  6.9538232242909981E+000                  2.9737663643417062E-001                  1.5379385117109749E+001                  6.9837145201563444E-001                  2.8144232060077240E-001                  2.0186227383593103E-002                  0.0000000000000000E+000                  3.5448628428920597E+008                  4.4707911057331532E+007                  2.8927109382574107E-002                  3.9040649641693337E-005                  0.0000000000000000E+000                  8.2073170513388061E-001                  2.9789299590111805E+010                  8.6045199777032416E-007                  9.8353500908830825E-009                 -3.0326366763724271E+000                  2.3104468111644012E+000                  2.5490074385242325E+000                  2.6995224363562231E+000 
                                     744                  1.4521175936900599E+000                 -1.5594846965033804E-001                  6.9576536479986535E+000                  3.0954907165899420E-001                  1.5395356127461362E+001                  6.9828376808876325E-001                  2.8150783090007059E-001                  2.0208401011166166E-002                  0.0000000000000000E+000                  3.5443259765752602E+008                  4.4903951478459857E+007                  3.1247234653881219E-002                  4.5699888654610270E-005                  0.0000000000000000E+000                  8.1345565967393241E-001                  2.9716350450465347E+010                  8.6759941482067715E-007                  1.0550822720876577E-008                 -3.0308403747905612E+000                  2.3171937490497254E+000                  2.5557543764095567E+000                  2.7062693742415473E+000 
                                     745                  1.4356678642333809E+000                 -1.6086459288489971E-001                  6.9615147654619394E+000                  3.2175703431445163E-001                  1.5411392042465051E+001                  6.9819085331212216E-001                  2.8157677720918645E-001                  2.0232369478691448E-002                  0.0000000000000000E+000                  3.5437989483513033E+008                  4.5102354289195433E+007                  3.3782861037915203E-002                  5.3077585494004137E-005                  0.0000000000000000E+000                  8.0625110848194959E-001                  2.9643172174054127E+010                  8.7474154951569835E-007                  1.1294458481839791E-008                 -3.0290601221741302E+000                  2.3240173211143591E+000                  2.5625779484741900E+000                  2.7130929463061806E+000 
                                     746                  1.4191029839267604E+000                 -1.6584527701596502E-001                  6.9654077339364706E+000                  3.3400192808251211E-001                  1.5427495413819859E+001                  6.9809261525085198E-001                  2.8164935255693219E-001                  2.0258032192215891E-002                  0.0000000000000000E+000                  3.5432823092203546E+008                  4.5303202338832259E+007                  3.6558169159062626E-002                  6.1086809011962298E-005                  0.0000000000000000E+000                  7.9912813018887729E-001                  2.9569704569065289E+010                  8.8185129377370414E-007                  1.2059087263951560E-008                 -3.0273023217982860E+000                  2.3309202094170951E+000                  2.5694808367769260E+000                  2.7199958346089166E+000 
                                     747                  1.4024236240409160E+000                 -1.7089278356520854E-001                  6.9693338202409567E+000                  3.4628516939375958E-001                  1.5443668945247754E+001                  6.9798902912973437E-001                  2.8172576363613527E-001                  2.0285207234130409E-002                  0.0000000000000000E+000                  3.5427769605597985E+008                  4.5506587070193037E+007                  3.9600602015794753E-002                  6.9564027031213300E-005                  0.0000000000000000E+000                  7.9209678993841515E-001                  2.9495887267265194E+010                  8.8889821817758413E-007                  1.2835488796786106E-008                 -3.0255739821776872E+000                  2.3379052769788573E+000                  2.5764659043386882E+000                  2.7269809021706788E+000 
                                     748                  1.3856305111630405E+000                 -1.7600949826487478E-001                  6.9732944068510161E+000                  3.5860818828367347E-001                  1.5459915504170292E+001                  6.9788014942274879E-001                  2.8180623197274118E-001                  2.0313618604510086E-002                  0.0000000000000000E+000                  3.5422841887742764E+008                  4.5712609287207805E+007                  4.2941361177836139E-002                  7.8251414293910911E-005                  0.0000000000000000E+000                  7.8516718916334882E-001                  2.9421659508691895E+010                  8.9584861352818922E-007                  1.3612585786241743E-008                 -3.0238826870574163E+000                  2.3449755823303948E+000                  2.5835362096902261E+000                  2.7340512075222168E+000 
                                     749                  1.3687244291951748E+000                 -1.8119794119934418E-001                  6.9772909988273737E+000                  3.7097243125356510E-001                  1.5476238134665552E+001                  6.9776611737120664E-001                  2.8189099542141954E-001                  2.0342887207373872E-002                  0.0000000000000000E+000                  3.5418056911826277E+008                  4.5921379905194439E+007                  4.6615979930137767E-002                  8.6783680950785165E-005                  0.0000000000000000E+000                  7.7834951977022515E-001                  2.9346959800416473E+010                  9.0266585991477915E-007                  1.4377983078782219E-008                 -3.0222364914271602E+000                  2.3521343948512126E+000                  2.5906950222110439E+000                  2.7412100200430345E+000 
                                     750                  1.3517062214166249E+000                 -1.8646077797970462E-001                  6.9813252316800796E+000                  3.8337936737610873E-001                  1.5492640071854566E+001                  6.9764716141408278E-001                  2.8198030967723342E-001                  2.0372528908683796E-002                  0.0000000000000000E+000                  3.5413435866924816E+008                  4.6133020625490099E+007                  5.0664983477935605E-002                  9.4685045543786779E-005                  0.0000000000000000E+000                  7.7165412302542558E-001                  2.9271725376713093E+010                  9.0931122430994659E-007                  1.5118954165877771E-008                 -3.0206437240286728E+000                  2.3593852104810997E+000                  2.5979458378409306E+000                  2.7484608356729212E+000 
                                     751                  1.3345767926258922E+000                 -1.9180083203919499E-001                  6.9853988802828368E+000                  3.9583049904151651E-001                  1.5509124757883599E+001                  6.9752358710333362E-001                  2.8207444991613934E-001                  2.0401962980526989E-002                  0.0000000000000000E+000                  3.5409003986977398E+008                  4.6347664467490569E+007                  5.5134646704702514E-002                  1.0138361575973633E-004                  0.0000000000000000E+000                  7.6509155354373759E-001                  2.9195891375861141E+010                  9.1574515134754034E-007                  1.5823939993978486E-008                 -3.0191126860715842E+000                  2.3667317673111685E+000                  2.6052923946709998E+000                  2.7558073925029904E+000 
                                     752                  1.3173371113661083E+000                 -1.9722109813745436E-001                  6.9895138689670082E+000                  4.0832737868635693E-001                  1.5525695859693275E+001                  6.9739575323834935E-001                  2.8217371255796281E-001                  2.0430534203687900E-002                  0.0000000000000000E+000                  3.5404789961313325E+008                  4.6565456093559340E+007                  6.0077859983534904E-002                  1.0625102031073464E-004                  0.0000000000000000E+000                  7.5867264899335429E-001                  2.9119389649389793E+010                  9.2192902890229811E-007                  1.6484542691595961E-008                 -3.0176512550601946E+000                  2.3741780605545997E+000                  2.6127386879144310E+000                  2.7632536857464216E+000 
                                     753                  1.2999882122378075E+000                 -2.0272475715812180E-001                  6.9936722829411693E+000                  4.2087163242596665E-001                  1.5542357288780492E+001                  6.9726403204079579E-001                  2.8227841700310169E-001                  2.0457550956102466E-002                  0.0000000000000000E+000                  3.5400824823297167E+008                  4.6786551883426040E+007                  6.5555113041129973E-002                  1.0867342644398011E-004                  0.0000000000000000E+000                  7.5240860649452024E-001                  2.9042147139708523E+010                  9.2782727310121999E-007                  1.7097861386852865E-008                 -3.0162664328609470E+000                  2.3817283565260978E+000                  2.6202889838859291E+000                  2.7708039817179198E+000 
                                     754                  1.2825311983105392E+000                 -2.0831519228373158E-001                  6.9978763812037590E+000                  4.3346499056580173E-001                  1.5559113223181972E+001                  6.9712875352473958E-001                  2.8238890769790032E-001                  2.0482338777360054E-002                  0.0000000000000000E+000                  3.5397140469816178E+008                  4.7011119759329118E+007                  7.1635605809182060E-002                  1.0815498329085689E-004                  0.0000000000000000E+000                  7.4631106721901108E-001                  2.8964083811053051E+010                  9.3340124045214595E-007                  1.7660683536100801E-008                 -3.0149658131454204E+000                  2.3893872055815488E+000                  2.6279478329413801E+000                  2.7784628307733708E+000 
                                     755                  1.2649672436332140E+000                 -2.1399600665006582E-001                  7.0021286095148207E+000                  4.4610932527790631E-001                  1.5575968131939982E+001                  6.9699013788087039E-001                  2.8250555615714334E-001                  2.0504305961986269E-002                  0.0000000000000000E+000                  3.5393767696736825E+008                  4.7239338761328399E+007                  7.8398491412732169E-002                  1.0390792472316641E-004                  2.9883906031499121E-055                  7.4039162819831073E-001                  2.8885110140398445E+010                  9.3861130993247681E-007                  1.8171241099468669E-008                 -3.0137571084989703E+000                  2.3971594541950001E+000                  2.6357200815548310E+000                  2.7862350793868216E+000 
                                     756                  1.2472975958399410E+000                 -2.1977104259620803E-001                  7.0053566457040972E+000                  4.5568111439591769E-001                  1.5588736450180589E+001                  6.9688413806555871E-001                  2.8259709117976967E-001                  2.0518770754671678E-002                  0.0000000000000000E+000                  3.5391308035231340E+008                  4.7413323413713232E+007                  8.3991519891098945E-002                  9.8804952229962739E-005                  4.7676437288027614E-055                  7.3608204171082303E-001                  2.8804083625502872E+010                  9.4346388036415344E-007                  1.8659888519043669E-008                 -3.0126373608702481E+000                  2.4050509323240545E+000                  2.6436115596838854E+000                  2.7941265575158760E+000 
                                     757                  1.2384105873511970E+000                 -2.2269914803264448E-001                  7.0075213475905525E+000                  4.6204325894952397E-001                  1.5597242431784089E+001                  6.9681230634534541E-001                  2.8266043903601185E-001                  2.0527254618642798E-002                  0.0000000000000000E+000                  3.5389880550855482E+008                  4.7530349077408478E+007                  8.7970756457269622E-002                  9.4614327664403164E-005                  6.5158967491412170E-055                  7.3325207863281894E-001                  2.8763110153748688E+010                  9.4588697198373324E-007                  1.9025318316959724E-008                 -3.0120803780868841E+000                  2.4090483050222948E+000                  2.6476089323821257E+000                  2.7981239302141163E+000 
                                     758                  1.2295235788624530E+000                 -2.2564379757726252E-001                  7.0107876802214033E+000                  4.7155782533905916E-001                  1.5609992249708917E+001                  6.9670280857361200E-001                  2.8275896112857157E-001                  2.0538230297816429E-002                  0.0000000000000000E+000                  3.5388062037487745E+008                  4.7707467654925831E+007                  9.4344930819725822E-002                  8.7458011239331882E-005                  1.0426220784896460E-054                  7.2906808844333870E-001                  2.8723001749160652E+010                  9.4824947278278410E-007                  1.9416641084498328E-008                 -3.0115386950442447E+000                  2.4130649761820013E+000                  2.6516256035418322E+000                  2.8021406013738228E+000 
                                     759                  1.2116465957552864E+000                 -2.3161986388002559E-001                  7.0152003014936906E+000                  4.8436910585817505E-001                  1.5627174221021919E+001                  6.9655340502634056E-001                  2.8289661833855573E-001                  2.0549976635103717E-002                  0.0000000000000000E+000                  3.5385757128576648E+008                  4.7947778404302388E+007                  1.0374956184373914E-001                  7.6484808988364344E-005                  1.9638112376588431E-054                  7.2363413969471235E-001                  2.8641646980519733E+010                  9.5255495128826009E-007                  1.9998913469154117E-008                 -3.0105549806068095E+000                  2.4212086995176660E+000                  2.6597693268774973E+000                  2.8102843247094880E+000 
                                     760                  1.1936681316403128E+000                 -2.3770332386387355E-001                  7.0196719964238525E+000                  4.9724206629027506E-001                  1.5644476544356371E+001                  6.9639923712367813E-001                  2.8304224787175614E-001                  2.0558515004565736E-002                  0.0000000000000000E+000                  3.5383825556577355E+008                  4.8192507756230123E+007                  1.1428012246017895E-001                  6.5467769274372842E-005                  3.7210647828184257E-054                  7.1833158487704751E-001                  2.8557767171263168E+010                  9.5665590886052197E-007                  2.0657389885312830E-008                 -3.0096221208475988E+000                  2.4294888014727221E+000                  2.6680494288325529E+000                  2.8185644266645435E+000 
                                     761                  1.1755897567743716E+000                 -2.4389919388403505E-001                  7.0230736374667293E+000                  5.0699805290814248E-001                  1.5657601793495141E+001                  6.9628014968705987E-001                  2.8315672247562268E-001                  2.0563127837317507E-002                  0.0000000000000000E+000                  3.5382472254465622E+008                  4.8379485528493218E+007                  1.2304074064668910E-001                  5.7996015470969129E-005                  6.0416968069957889E-054                  7.1444329467629719E-001                  2.8471113342191708E+010                  9.6058906732374828E-007                  2.1403832167358173E-008                 -3.0087311802351548E+000                  2.4379116896341784E+000                  2.6764723169940092E+000                  2.8269873148259999E+000 
                                     762                  1.1665014432590268E+000                 -2.4704481978022633E-001                  7.0253566099710918E+000                  5.1348408003736612E-001                  1.5666348994438053E+001                  6.9619844708166656E-001                  2.8323606901790921E-001                  2.0565483900424231E-002                  0.0000000000000000E+000                  3.5381781557097989E+008                  4.8505353070385560E+007                  1.2929328708829355E-001                  5.3675541627469509E-005                  8.3564835378864146E-054                  7.1187584177995433E-001                  2.8427043209133453E+010                  9.6272038971817368E-007                  2.2023021433991427E-008                 -3.0082499150229673E+000                  2.4421837703377296E+000                  2.6807443976975609E+000                  2.8312593955295515E+000 
                                     763                  1.1574131297436820E+000                 -2.5021212799606651E-001                  7.0276559779021124E+000                  5.1998742081254345E-001                  1.5675129687387516E+001                  6.9611515621897824E-001                  2.8331762309334746E-001                  2.0567220687674359E-002                  0.0000000000000000E+000                  3.5381187358436108E+008                  4.8632440625142224E+007                  1.3591761121092588E-001                  5.0822340951121356E-005                  1.1577450793046270E-053                  7.0933243155675996E-001                  2.8383131000245926E+010                  9.6482581376064448E-007                  2.2664472234559184E-008                 -3.0077755427844699E+000                  2.4464819891821556E+000                  2.6850426165419869E+000                  2.8355576143739776E+000 
                                     764                  1.1482765652749845E+000                 -2.5341874641519146E-001                  7.0299722515295375E+000                  5.2650943275984663E-001                  1.5683945519855031E+001                  6.9602966089881013E-001                  2.8340169307191637E-001                  2.0568646029273552E-002                  0.0000000000000000E+000                  3.5380673905252373E+008                  4.8760772113665111E+007                  1.4293819380848280E-001                  4.8353415430397313E-005                  1.6067742808636782E-053                  7.0681097157925787E-001                  2.8338553385475452E+010                  9.6697554694267889E-007                  2.3388872888363242E-008                 -3.0072922541488492E+000                  2.4508305691383381E+000                  2.6893911964981689E+000                  2.8399061943301596E+000 
                                     765                  1.1391400008062869E+000                 -2.5664857754646392E-001                  7.0334707541289641E+000                  5.3626642370941568E-001                  1.5697166810229204E+001                  6.9589731170431945E-001                  2.8353268505831231E-001                  2.0570003237368240E-002                  0.0000000000000000E+000                  3.5380219583190966E+008                  4.8955193906615980E+007                  1.5421762431728253E-001                  4.7759568429648831E-005                  2.6322207705577977E-053                  7.0305459442521923E-001                  2.8294069198213318E+010                  9.6925545951618175E-007                  2.4277308338455471E-008                 -3.0067808720336937E+000                  2.4552071252550327E+000                  2.6937677526148636E+000                  2.8442827504468542E+000 
                                     766                  1.1207722153858872E+000                 -2.6321552650507757E-001                  7.0382091416157539E+000                  5.4942862180951479E-001                  1.5715019803110746E+001                  6.9571272287618091E-001                  2.8371621994981039E-001                  2.0571057174008756E-002                  0.0000000000000000E+000                  3.5379703847074711E+008                  4.9219660602618635E+007                  1.7094301250275454E-001                  5.0943547329820677E-005                  5.1253061265157482E-053                  6.9811880696080908E-001                  2.8203026158122864E+010                  9.7327203962983884E-007                  2.5589006782774533E-008                 -3.0058828764757211E+000                  2.4640959781133209E+000                  2.7026566054731522E+000                  2.8531716033051429E+000 
                                     767                  1.1023117177243742E+000                 -2.6991887713728402E-001                  7.0430224090679099E+000                  5.6267618791669094E-001                  1.5733030731423765E+001                  6.9551742554741858E-001                  2.8391105859804255E-001                  2.0571515854538869E-002                  0.0000000000000000E+000                  3.5379517093603343E+008                  4.9489629772747084E+007                  1.8974113327059669E-001                  5.9765726463423517E-005                  1.0056874921530791E-052                  6.9323256038446512E-001                  2.8108008142008247E+010                  9.7736164873081426E-007                  2.7052217861097992E-008                 -3.0049723532551917E+000                  2.4731571276734980E+000                  2.7117177550333293E+000                  2.8622327528653200E+000 
                                     768                  1.0837605547031564E+000                 -2.7676580650757093E-001                  7.0466920292082813E+000                  5.7273470113221803E-001                  1.5746719356053243E+001                  6.9536300334163370E-001                  2.8406535187153192E-001                  2.0571644786834375E-002                  0.0000000000000000E+000                  3.5379421246676391E+008                  4.9696344820118263E+007                  2.0541113093445890E-001                  7.0379673475582863E-005                  1.6784433392219692E-052                  6.8960100937573132E-001                  2.8008581670439690E+010                  9.8148379350799278E-007                  2.8571914149368061E-008                 -3.0040584335888694E+000                  2.4823993610763968E+000                  2.7209599884362277E+000                  2.8714749862682187E+000 
                                     769                  1.0744516423795352E+000                 -2.8024504671716577E-001                  7.0491596671065260E+000                  5.7943082911919108E-001                  1.5755857001960981E+001                  6.9525885745470617E-001                  2.8416966317344000E-001                  2.0571479371853885E-002                  0.0000000000000000E+000                  3.5379645279745346E+008                  4.9835834603952043E+007                  2.1662126075056101E-001                  7.9293783024951629E-005                  2.3660261955503027E-052                  6.8717666669542399E-001                  2.7957594751437359E+010                  9.8437811598513253E-007                  3.0145719663684398E-008                 -3.0034190248985460E+000                  2.4870906260252434E+000                  2.7256512533850743E+000                  2.8761662512170649E+000 
                                     770                  1.0651100980044501E+000                 -2.8376721318073062E-001                  7.0516466858360793E+000                  5.8615068489222577E-001                  1.5765034664819030E+001                  6.9514460322547911E-001                  2.8428352762383335E-001                  2.0571869150687538E-002                  0.0000000000000000E+000                  3.5379759891069949E+008                  4.9976636601382308E+007                  2.2848227281192016E-001                  9.0441460073982624E-005                  3.3420599284352083E-052                  6.8475449784158271E-001                  2.7906139574782219E+010                  9.8981505634946400E-007                  3.4217855892267140E-008                 -3.0022229721508138E+000                  2.4918351518269550E+000                  2.7303957791867863E+000                  2.8809107770187770E+000 
                                     771                  1.0557685536293655E+000                 -2.8732110261168275E-001                  7.0554064146527891E+000                  5.9621191279395425E-001                  1.5778808148673795E+001                  6.9495944190225767E-001                  2.8446907626406842E-001                  2.0571481833673966E-002                  0.0000000000000000E+000                  3.5380047794243044E+008                  5.0190016065802388E+007                  2.4749793287861035E-001                  1.1028181602881975E-004                  5.6248919473013380E-052                  6.8111370281168393E-001                  2.7854271286322136E+010                  1.0045380831240749E-006                  4.7523543577401726E-008                 -2.9990167970152952E+000                  2.4966170320153949E+000                  2.7351776593752262E+000                  2.8856926572072168E+000 
                                     772                  1.0370003924499036E+000                 -2.9456219061150141E-001                  7.0605109107064106E+000                  6.0989148018382322E-001                  1.5797452392929657E+001                  6.9448170224188988E-001                  2.8494933554408680E-001                  2.0568962214023268E-002                  0.0000000000000000E+000                  3.5374571772133952E+008                  5.0476768146355070E+007                  2.7553247200278047E-001                  1.4567617940330010E-004                  1.1407246214098709E-051                  6.7624500477220340E-001                  2.7744593958757286E+010                  1.0357548134700194E-006                  7.5642705421074596E-008                 -2.9923715198627168E+000                  2.5063287989987977E+000                  2.7448894263586285E+000                  2.8954044241906196E+000 
                                     773                  1.0181495976750543E+000                 -3.0197549107554239E-001                  7.0644101941385724E+000                  6.2039559795941535E-001                  1.5811652774363424E+001                  6.9382870838022215E-001                  2.8560718612721048E-001                  2.0564105492567375E-002                  0.0000000000000000E+000                  3.5362782490151364E+008                  5.0691282986675680E+007                  2.9865127375294376E-001                  1.8103384930348354E-004                  1.9607314627922595E-051                  6.7256610433777897E-001                  2.7621389820108536E+010                  1.0706139146733942E-006                  1.0690716969365914E-007                 -2.9851835582146635E+000                  2.5162075449997938E+000                  2.7547681723596251E+000                  2.9052831701916157E+000 
                                     774                  1.0086940081036047E+000                 -3.0574844036622245E-001                  7.0670338335147713E+000                  6.2740242082091613E-001                  1.5821137306306706E+001                  6.9335997574847752E-001                  2.8607947593497052E-001                  2.0560548316551963E-002                  0.0000000000000000E+000                  3.5354370240207458E+008                  5.0835557054441184E+007                  3.1509965778760868E-001                  2.0956404607537114E-004                  2.8205373711693013E-051                  6.7010849735284850E-001                  2.7555729794497833E+010                  1.0842993631914744E-006                  1.1859362442430837E-007                 -2.9824253986437075E+000                  2.5212114833406338E+000                  2.7597721107004651E+000                  2.9102871085324558E+000 
                                     775                  9.9920905625290102E-001                 -3.0957152921620762E-001                  7.0696807151444414E+000                  6.3440248490844853E-001                  1.5830673334847804E+001                  6.9299461602907708E-001                  2.8644726878903526E-001                  2.0558115181887660E-002                  0.0000000000000000E+000                  3.5348950759536594E+008                  5.0983641554390207E+007                  3.3253723825098697E-001                  2.4247113781329061E-004                  4.0616660721555766E-051                  6.6768036227468730E-001                  2.7490199117023907E+010                  1.0753061470038107E-006                  1.0760893261326218E-007                 -2.9842339357692618E+000                  2.5262843341696928E+000                  2.7648449615295236E+000                  2.9153599593615143E+000 
                                     776                  9.8972410440219749E-001                 -3.1343469587747214E-001                  7.0723528176930790E+000                  6.4140783472590102E-001                  1.5840266944935321E+001                  6.9270883935892547E-001                  2.8673462140258549E-001                  2.0556539238488991E-002                  0.0000000000000000E+000                  3.5345889317951554E+008                  5.1135215572786801E+007                  3.5099779557097260E-001                  2.8053375843950246E-004                  5.8582709771714772E-051                  6.6527717752375992E-001                  2.7425438976336918E+010                  1.0582467375624554E-006                  8.8660333353564276E-008                 -2.9877065308627460E+000                  2.5314224834903176E+000                  2.7699831108501489E+000                  2.9204981086821395E+000 
                                     777                  9.8020115706521960E-001                 -3.1735526911249157E-001                  7.0750510899734707E+000                  6.4843486469457712E-001                  1.5849920977187733E+001                  6.9245935806451420E-001                  2.8698525304986122E-001                  2.0555388885624581E-002                  0.0000000000000000E+000                  3.5344018196593148E+008                  5.1289506742711410E+007                  3.7052771835991838E-001                  3.2473609281330246E-004                  8.4684298232833218E-051                  6.6289213927697754E-001                  2.7360362242551487E+010                  1.0438343955420905E-006                  7.2405613583643770E-008                 -2.9906841983714245E+000                  2.5366431947721924E+000                  2.7752038221320237E+000                  2.9257188199640143E+000 
                                     778                  9.7067820972824170E-001                 -3.2131941216745802E-001                  7.0791349139197743E+000                  6.5892743827499145E-001                  1.5864423284269664E+001                  6.9217978297350469E-001                  2.8726548230999011E-001                  2.0554734716505152E-002                  0.0000000000000000E+000                  3.5344353334086090E+008                  5.1525867722709939E+007                  4.0175630576650739E-001                  4.0437393864232107E-004                  1.4745914712950927E-050                  6.5934776941006623E-001                  2.7295639539969734E+010                  1.0336854699471057E-006                  6.0447777922276735E-008                 -2.9928057941831239E+000                  2.5419259785064514E+000                  2.7804866058662823E+000                  2.9310016036982729E+000 
                                     779                  9.5155921289913858E-001                 -3.2941785042430632E-001                  7.0840044940748967E+000                  6.7141029323292456E-001                  1.5881698401849627E+001                  6.9187857959737831E-001                  2.8756705106997749E-001                  2.0554369332644207E-002                  0.0000000000000000E+000                  3.5345750852878475E+008                  5.1809773634030350E+007                  4.4185473958754529E-001                  5.2453420215759731E-004                  2.8493238137340497E-050                  6.5527545106343899E-001                  2.7161972872829044E+010                  1.0311969722343283E-006                  5.4360590438550092E-008                 -2.9933291854067750E+000                  2.5527195782226166E+000                  2.7912802055824479E+000                  2.9417952034144386E+000 
                                     780                  9.3717169285396940E-001                 -3.3564004239358591E-001                  7.0875400871207628E+000                  6.8040502802401781E-001                  1.5894173520991014E+001                  6.9166090331128016E-001                  2.8778492940264622E-001                  2.0554167286073621E-002                  0.0000000000000000E+000                  3.5347128060712159E+008                  5.2016908429204002E+007                  4.7288169370433097E-001                  6.3310659974860693E-004                  4.5883989701674878E-050                  6.5239694468099996E-001                  2.7055628561560143E+010                  1.0327919381227917E-006                  5.3192954828907485E-008                 -2.9929935803952419E+000                  2.5610041839836404E+000                  2.7995648113434717E+000                  2.9500798091754623E+000 
                                     781                  9.2755197036306758E-001                 -3.3986491765369953E-001                  7.0903973466745986E+000                  6.8761810343911045E-001                  1.5904198165031797E+001                  6.9148035741092873E-001                  2.8796562881156390E-001                  2.0554013777507318E-002                  0.0000000000000000E+000                  3.5348392908003968E+008                  5.2184816566150226E+007                  4.9913087698916597E-001                  7.3673249547719446E-004                  6.7358996046173367E-050                  6.5011247950257778E-001                  2.6982519954409592E+010                  1.0359259585953177E-006                  5.4425934493557184E-008                 -2.9923356420456839E+000                  2.5666229566065200E+000                  2.8051835839663508E+000                  2.9556985817983414E+000 
                                     782                  9.1793224787216610E-001                 -3.4414405709805457E-001                  7.0932865822235938E+000                  6.9487531744520514E-001                  1.5914298174334597E+001                  6.9129611301880656E-001                  2.8815001408149554E-001                  2.0553872899697900E-002                  0.0000000000000000E+000                  3.5349813878262937E+008                  5.2355122394735105E+007                  5.2677272189905844E-001                  8.5843211442786151E-004                  9.9214058120883064E-050                  6.4784866869623670E-001                  2.6907720792161850E+010                  1.0398707116311740E-006                  5.6424538104420126E-008                 -2.9915103268484753E+000                  2.5723082474222632E+000                  2.8108688747820940E+000                  2.9613838726140846E+000 
                                     783                  9.0828032069789844E-001                 -3.4849410429927202E-001                  7.0962091159213614E+000                  7.0218057449341020E-001                  1.5924477443223482E+001                  6.9110415820839344E-001                  2.8834212448852653E-001                  2.0553717303080088E-002                  0.0000000000000000E+000                  3.5351290750502020E+008                  5.2527844321532279E+007                  5.5589057393268015E-001                  1.0016444080722614E-003                  1.4664878836478440E-049                  6.4560662087007115E-001                  2.6830488553627979E+010                  1.0443928497305525E-006                  5.8951288694110700E-008                 -2.9905680550834872E+000                  2.5780821980472162E+000                  2.8166428254070470E+000                  2.9671578232390381E+000 
                                     784                  8.9862839352363089E-001                 -3.5290296759779194E-001                  7.1006391312720059E+000                  7.1313604235830719E-001                  1.5939786907170909E+001                  6.9080281232792418E-001                  2.8864371954479201E-001                  2.0553468127283869E-002                  0.0000000000000000E+000                  3.5353841889916235E+008                  5.2790539042639621E+007                  6.0220170864777212E-001                  1.2645416798697207E-003                  2.6462418808808451E-049                  6.4228132169412833E-001                  2.6751665327421673E+010                  1.4727283766950743E-006                  4.8524167232381487E-007                 -2.9159386725325995E+000                  2.5839275278193519E+000                  2.8224881551791832E+000                  2.9730031530111738E+000 
                                     785                  8.7926357815641842E-001                 -3.6193698936658542E-001                  7.1066980332550411E+000                  7.2805803159686022E-001                  1.5960658822988750E+001                  6.9037369084912703E-001                  2.8907322703783223E-001                  2.0553082113040744E-002                  0.0000000000000000E+000                  3.5357278389019382E+008                  5.3151605125695370E+007                  6.7023102174569771E-001                  1.7372209559935443E-003                  5.9134204668379907E-049                  6.3794922158186174E-001                  2.6585940368039936E+010                  2.9059279263930388E-006                  1.9141979765817889E-006                 -2.7683575806965552E+000                  2.5958866897752872E+000                  2.8344473171351181E+000                  2.9849623149671087E+000 
                                     786                  8.5984141493143273E-001                 -3.7126483888395923E-001                  7.1113374032561101E+000                  7.5113415533647188E-001                  1.5976685475265342E+001                  6.5594985173784959E-001                  3.2375473387818887E-001                  2.0295414383961541E-002                  0.0000000000000000E+000                  3.4432375276670355E+008                  5.2720630369806245E+007                  6.7665192493686444E-001                  2.9143027035853199E-003                  1.6138504181128348E-048                  6.2883453968420189E-001                  2.5932819901701061E+010                  4.5508320139338645E-006                  3.5183467705405416E-006                 -2.6709545977124214E+000                  2.6043425252442622E+000                  2.8429031526040935E+000                  2.9934181504360842E+000 
                                     787                  8.5010355204996957E-001                 -3.7591964791831528E-001                  7.1144523894110732E+000                  7.6075593414393461E-001                  1.5987397353631717E+001                  6.5003763200172360E-001                  3.2970138493576207E-001                  2.0260983062514337E-002                  0.0000000000000000E+000                  3.4279231276193297E+008                  5.2785901451521836E+007                  7.0514922143583925E-001                  3.5295106439866522E-003                  2.5872480676170928E-048                  6.2584413829655505E-001                  2.5571369688360573E+010                  5.0694398527927401E-006                  4.0124286227877692E-006                 -2.6475200126687022E+000                  2.6080821256454829E+000                  2.8466427530053142E+000                  2.9971577508373048E+000 
                                     788                  8.4036568916850651E-001                 -3.8062200334708651E-001                  7.1191656764198319E+000                  7.7885901244716527E-001                  1.6003506593353954E+001                  6.3075130303110760E-001                  3.4908767677893232E-001                  2.0161020189960022E-002                  0.0000000000000000E+000                  3.3766335028929597E+008                  5.2663410115782782E+007                  7.3281395296879770E-001                  4.8748091049666421E-003                  5.8603108890702226E-048                  6.1969447912459819E-001                  2.5305238306516232E+010                  5.2766853337715842E-006                  4.2036722049514590E-006                 -2.6388194017347506E+000                  2.6127175805829168E+000                  2.8512782079427481E+000                  3.0017932057747387E+000 
                                     789                  8.2084036613490652E-001                 -3.9011902049597441E-001                  7.1255721935767911E+000                  8.0506562608419885E-001                  1.6025465454349842E+001                  6.0079521694107996E-001                  3.7916202437589036E-001                  2.0042758683029627E-002                  0.0000000000000000E+000                  3.2966321460045850E+008                  5.2404512485336512E+007                  7.6332367065394457E-001                  7.3269146018632133E-003                  1.8146293936620674E-047                  6.1114383656899807E-001                  2.4599876197068218E+010                  5.9606719448635368E-006                  4.8405885026806679E-006                 -2.6123523898029304E+000                  2.6204735403300461E+000                  2.8590341676898769E+000                  3.0095491655218676E+000 
                                     790                  8.0126959929116826E-001                 -3.9969078866030761E-001                  7.1320889572565074E+000                  8.3082056039937147E-001                  1.6047762517835928E+001                  5.7340221491986409E-001                  4.0664088626433159E-001                  1.9956898815804314E-002                  0.0000000000000000E+000                  3.2235881999723077E+008                  5.2194256786325991E+007                  7.9812583738118204E-001                  1.0706853188847660E-002                  5.4468831453158820E-047                  6.0289686021812550E-001                  2.3901602440590771E+010                  6.4375844119931625E-006                  5.2685853323999761E-006                 -2.5956385316415904E+000                  2.6281014092377828E+000                  2.8666620365976136E+000                  3.0171770344296043E+000 
                                     791                  7.8165773907475766E-001                 -4.0935118530642639E-001                  7.1387161371892400E+000                  8.5670738469432828E-001                  1.6070384258031797E+001                  5.4680150237955705E-001                  4.3331155608480904E-001                  1.9886941535633973E-002                  0.0000000000000000E+000                  3.1526968761757702E+008                  5.1996313850952111E+007                  8.3469075391759506E-001                  1.5458431405140810E-002                  1.6189235220640933E-046                  5.9478396145999235E-001                  2.3254592003051918E+010                  6.6907092574021672E-006                  5.4747946958153713E-006                 -2.5872639209181023E+000                  2.6360635002054749E+000                  2.8746241275653057E+000                  3.0251391253972963E+000 
                                     792                  7.6200934227127592E-001                 -4.1910178780909824E-001                  7.1454534703043073E+000                  8.8340910720696286E-001                  1.6093316607740991E+001                  5.1922632612151853E-001                  4.6094714385705937E-001                  1.9826530021422095E-002                  0.0000000000000000E+000                  3.0791335131732184E+008                  5.1768962093003467E+007                  8.6949858348117159E-001                  2.2154756170982337E-002                  4.8470953863046303E-046                  5.8689086538576662E-001                  2.2622384047043388E+010                  6.9744319501201302E-006                  5.7120126878912994E-006                 -2.5782455794017043E+000                  2.6440377321061201E+000                  2.8825983594659514E+000                  3.0331133572979421E+000 
                                     793                  7.4232918201266918E-001                 -4.2892821177773932E-001                  7.1514489887871280E+000                  9.0704179816764086E-001                  1.6113701897344761E+001                  4.9556717666247635E-001                  4.8465101332652610E-001                  1.9781810010997547E-002                  0.0000000000000000E+000                  3.0160152381682628E+008                  5.1573780931141496E+007                  9.0146035536053126E-001                  3.0237642772337925E-002                  1.2621495015432367E-045                  5.8014514923802774E-001                  2.2005032807920185E+010                  7.2426321910011955E-006                  5.9346441685990065E-006                 -2.5700517847001079E+000                  2.6519745999280175E+000                  2.8905352272878488E+000                  3.0410502251198390E+000 
                                     794                  7.2755193124484052E-001                 -4.3634522139762827E-001                  7.1572905829389910E+000                  9.2864509899246328E-001                  1.6133425295135801E+001                  4.7614740263268102E-001                  5.0410314032679759E-001                  1.9749457040521445E-002                  0.0000000000000000E+000                  2.9644505507979798E+008                  5.1460269480674922E+007                  9.4095513003519726E-001                  4.0664711236469364E-002                  3.0858867105824301E-045                  5.7369292927326554E-001                  2.1587926505023781E+010                  7.5726558829176071E-006                  6.2333423742665679E-006                 -2.5603758889814325E+000                  2.6582625649398612E+000                  2.8968231922996921E+000                  3.0473381901316827E+000 
                                     795                  7.0905834048607752E-001                 -4.4570332160140408E-001                  7.1643086919797412E+000                  9.5785027302605108E-001                  1.6157069350415405E+001                  4.4522775966389211E-001                  5.3506781410234205E-001                  1.9704426233765782E-002                  0.0000000000000000E+000                  2.8817293237923360E+008                  5.1129410749315158E+007                  9.6686212604560295E-001                  5.7529325848605421E-002                  9.4760667601049184E-045                  5.6484348763108172E-001                  2.1036032192525105E+010                  8.1223483268343930E-006                  6.7377109299978091E-006                 -2.5451591948658443E+000                  2.6657781837357901E+000                  2.9043388110956210E+000                  3.0548538089276116E+000 
                                     796                  6.8808315294283418E-001                 -4.5633571083439672E-001                  7.1716515832293792E+000                  9.8639289412655140E-001                  1.6181766251315334E+001                  4.1847035048630088E-001                  5.6185861192907893E-001                  1.9671037584620188E-002                  0.0000000000000000E+000                  2.8103991775404811E+008                  5.0900932995670401E+007                  1.0075039407392428E+000                  8.2143019144030369E-002                  2.9013106512165388E-044                  5.5694684078794465E-001                  2.0409369013284737E+010                  8.5393581935311924E-006                  7.1026011192292528E-006                 -2.5342873845315035E+000                  2.6739189277682760E+000                  2.9124795551281073E+000                  3.0629945529600979E+000 
                                     797                  6.6833334679044942E-001                 -4.6640521609788571E-001                  7.1787567893862185E+000                  1.0133376454628045E+000                  1.6205535953605700E+001                  3.9454272005898294E-001                  5.8581257926201069E-001                  1.9644700679006366E-002                  0.0000000000000000E+000                  2.7467192917975241E+008                  5.0712592263732128E+007                  1.0515511528833568E+000                  1.1531530405008751E-001                  8.3594095678116878E-044                  5.4986594578465597E-001                  1.9900934247415844E+010                  8.9775006347393755E-006                  7.5044512425344539E-006                 -2.5234222777479065E+000                  2.6822272527148754E+000                  2.9207878800747062E+000                  3.0713028779066969E+000 
                                     798                  6.4919287275423287E-001                 -4.7622943505943005E-001                  7.1858375724144317E+000                  1.0419101816897423E+000                  1.6229095951070370E+001                  3.6707430556344145E-001                  6.1330762304878117E-001                  1.9618071387777380E-002                  0.0000000000000000E+000                  2.6733242497062010E+008                  5.0418108366752550E+007                  1.0794036398577522E+000                  1.6003961374600512E-001                  2.4387098824711318E-043                  5.4242304857926882E-001                  1.9397536703407604E+010                  9.7125730904551620E-006                  8.2044790987753513E-006                 -2.5063328499816446E+000                  2.6899955707494150E+000                  2.9285561981092463E+000                  3.0790711959412369E+000 
                                     799                  6.3005272541170432E-001                 -4.8607457204230525E-001                  7.1921910753403244E+000                  1.0689391204697043E+000                  1.6250190107844602E+001                  3.3990425237517813E-001                  6.4050065122399746E-001                  1.9595096400824463E-002                  0.0000000000000000E+000                  2.6005068379384223E+008                  5.0072373420560196E+007                  1.0882104949821383E+000                  2.1254185335259637E-001                  6.4323899827547304E-043                  5.3515712751337841E-001                  1.8844998724923271E+010                  1.0024812093653188E-005                  8.4732378054738246E-006                 -2.4994618795511143E+000                  2.6968922364851027E+000                  2.9354528638449340E+000                  3.0859678616769242E+000 
                                     800                  6.1523826459381747E-001                 -4.9368034763744062E-001                  7.1996168200159358E+000                  1.0944352284136274E+000                  1.6274572153810453E+001                  3.2143387428835951E-001                  6.5898525275250019E-001                  1.9580872959140239E-002                  0.0000000000000000E+000                  2.5518390302259055E+008                  5.0005203798953950E+007                  1.1483189012679016E+000                  2.9943220007497140E-001                  1.8083920928778762E-042                  5.2828009251309826E-001                  1.8508715084042042E+010                  9.6525807378552928E-006                  8.0790368585703240E-006                 -2.5076782785422753E+000                  2.7029730337803404E+000                  2.9415336611401712E+000                  3.0920486589721623E+000 
                                     801                  5.9056431981021840E-001                 -5.0649599084009622E-001                  7.2081108404391507E+000                  1.1267343943232622E+000                  1.6302448279224887E+001                  2.9430965889219773E-001                  6.8612808766417754E-001                  1.9562253443624722E-002                  0.0000000000000000E+000                  2.4796294368034041E+008                  4.9747721224502534E+007                  1.1808572147550851E+000                  4.3572670493531040E-001                  6.0898702050852104E-042                  5.1939521026323243E-001                  1.8042898006268288E+010                  9.8675783064433710E-006                  8.2731790368318198E-006                 -2.5028947092373754E+000                  2.7141795582150112E+000                  2.9527401855748421E+000                  3.1032551834068327E+000 
                                     802                  5.7084756118174784E-001                 -5.1679413810156150E-001                  7.2147750411892986E+000                  1.1518446124665613E+000                  1.6324188515151260E+001                  2.7374559052615383E-001                  7.0670482613220287E-001                  1.9549583341643251E-002                  0.0000000000000000E+000                  2.4249281326800454E+008                  4.9552269997160815E+007                  1.1977103057122116E+000                  5.8125829270223162E-001                  1.5598244782925162E-041                  5.1254331950301724E-001                  1.7643991430229641E+010                  1.0638391757826709E-005                  9.0238843951316369E-006                 -2.4865620104327202E+000                  2.7225038579435878E+000                  2.9610644853034191E+000                  3.1115794831354098E+000 
                                     803                  5.5607716953564745E-001                 -5.2454442402196566E-001                  7.2205136461947141E+000                  1.1740941629238006E+000                  1.6342777527384182E+001                  2.5487146183702508E-001                  7.2558954958409150E-001                  1.9538988578883476E-002                  0.0000000000000000E+000                  2.3746229331113309E+008                  4.9341391509244703E+007                  1.1924827520833647E+000                  7.3849403511557321E-001                  3.5144955296523036E-041                  5.0645981983353794E-001                  1.7346348784836155E+010                  1.1260543335762638E-005                  9.6331546968643907E-006                 -2.4742203268546552E+000                  2.7285955073380324E+000                  2.9671561346978637E+000                  3.1176711325298543E+000 
                                     804                  5.4132284421902954E-001                 -5.3230440742082374E-001                  7.2253268639773172E+000                  1.1924983906836932E+000                  1.6358332888642515E+001                  2.3977985797259924E-001                  7.4068903642881145E-001                  1.9531105598589282E-002                  0.0000000000000000E+000                  2.3344350765045735E+008                  4.9177704773105554E+007                  1.1818806668853343E+000                  9.0000718847689776E-001                  6.8904623485699664E-041                  5.0150917334116896E-001                  1.7054681493963387E+010                  1.1620604687157460E-005                  9.9834600966201038E-006                 -2.4673856362541251E+000                  2.7345631058319864E+000                  2.9731237331918177E+000                  3.1236387310238083E+000 
                                     805                  5.3150120583342442E-001                 -5.3748234578636200E-001                  7.2282237415074935E+000                  1.2033271805318864E+000                  1.6367661422517600E+001                  2.3124275488130863E-001                  7.4923038634781192E-001                  1.9526858770879452E-002                  0.0000000000000000E+000                  2.3117433894763875E+008                  4.9091535969049290E+007                  1.1742020766592869E+000                  1.0130609998318740E+000                  1.0281731528189680E-040                  4.9862337503922755E-001                  1.6877948934087044E+010                  1.1879809256395044E-005                  1.0241045643236057E-005                 -2.4625952661908856E+000                  2.7386559273853393E+000                  2.9772165547451706E+000                  3.1277315525771612E+000 
                                     806                  5.2659594626309303E-001                 -5.4007340290488082E-001                  7.2301554347500074E+000                  1.2109099331908495E+000                  1.6373855476199719E+001                  2.2486341717542213E-001                  7.5561277598527854E-001                  1.9523806839299329E-002                  0.0000000000000000E+000                  2.2947239074018544E+008                  4.9012225328809135E+007                  1.1614649974946636E+000                  1.0929682685593296E+000                  1.3477466437700499E-040                  4.9660094170566466E-001                  1.6786974742585793E+010                  1.2234746471035880E-005                  1.0595277781434193E-005                 -2.4562025128443232E+000                  2.7406421919051667E+000                  2.9792028192649980E+000                  3.1297178170969886E+000 
                                     807                  5.2169068669276175E-001                 -5.4266560656965057E-001                  7.2330533091471603E+000                  1.2217703539506843E+000                  1.6383108469842185E+001                  2.1628965922944518E-001                  7.6419049689064400E-001                  1.9519843879910792E-002                  0.0000000000000000E+000                  2.2719352523345381E+008                  4.8920252640861139E+007                  1.1462953679797789E+000                  1.2264415877490711E+000                  2.0079376952965266E-040                  4.9371724339814593E-001                  1.6696254424183805E+010                  1.2912990436623376E-005                  1.1273322907812006E-005                 -2.4444865853063669E+000                  2.7426111886777220E+000                  2.9811718160375533E+000                  3.1316868138695440E+000 
                                     808                  5.1189237067561311E-001                 -5.4785301122694086E-001                  7.2359664283569822E+000                  1.2337831239627546E+000                  1.6392422482416084E+001                  2.0576718853642653E-001                  7.7471761587082888E-001                  1.9515195592744616E-002                  0.0000000000000000E+000                  2.2437620085853451E+008                  4.8767118446719438E+007                  1.1106145724207810E+000                  1.3658605497477310E+000                  3.0319797483245216E-040                  4.9058040954439575E-001                  1.6504453963627010E+010                  1.3573566467290747E-005                  1.1932901668242420E-005                 -2.4336530130323508E+000                  2.7463471604836740E+000                  2.9849077878435053E+000                  3.1354227856754959E+000 
                                     809                  5.0699987017273462E-001                 -5.5044121013981284E-001                  7.2379076357918422E+000                  1.2420538004432720E+000                  1.6398603936822905E+001                  1.9831080644868218E-001                  7.8217714974133135E-001                  1.9512043809986501E-002                  0.0000000000000000E+000                  2.2237599937273020E+008                  4.8649023746036068E+007                  1.0797702975525032E+000                  1.4627828792913744E+000                  3.9989721042442420E-040                  4.8839964124465690E-001                  1.6392989364996122E+010                  1.3096837796134513E-005                  1.1453032946144873E-005                 -2.4414167755869891E+000                  2.7479552675361578E+000                  2.9865158948959891E+000                  3.1370308927279797E+000 
                                     810                  5.0210736966985592E-001                 -5.5302636772792524E-001                  7.2398513295347051E+000                  1.2478122896224735E+000                  1.6404780122081224E+001                  1.9548114283614854E-001                  7.8500803894445936E-001                  1.9510818219392156E-002                  0.0000000000000000E+000                  2.2165102756785756E+008                  4.8671496760730162E+007                  1.0871337477319223E+000                  1.5912526888264158E+000                  5.1201056054877810E-040                  4.8681704146290966E-001                  1.6325767629061089E+010                  1.2212256360174091E-005                  1.0573858619095481E-005                 -2.4566020437752729E+000                  2.7501139953489835E+000                  2.9886746227088148E+000                  3.1391896205408054E+000 
                                     811                  4.9722209708622889E-001                 -5.5561967583264849E-001                  7.2417971334981441E+000                  1.2564522032564591E+000                  1.6410951080904809E+001                  1.8740583014174989E-001                  7.9308661187623708E-001                  1.9507557982012980E-002                  0.0000000000000000E+000                  2.1948017126607403E+008                  4.8532395343245581E+007                  1.0461193707431549E+000                  1.6966500125688859E+000                  6.7767137837772372E-040                  4.8439979242900627E-001                  1.6251573867219410E+010                  1.2046716314904940E-005                  1.0411844474279535E-005                 -2.4595656583146894E+000                  2.7521864609790532E+000                  2.9907470883388845E+000                  3.1412620861708751E+000 
                                     812                  4.9233682450260147E-001                 -5.5820780761941835E-001                  7.2437447314640266E+000                  1.2622113770860648E+000                  1.6417115638149387E+001                  1.8457535132992439E-001                  7.9591826420802525E-001                  1.9506384462050330E-002                  0.0000000000000000E+000                  2.1875535273315647E+008                  4.8554109884535030E+007                  1.0506954582932495E+000                  1.8438873688320943E+000                  8.6730399596395049E-040                  4.8281095893260001E-001                  1.6180336738118132E+010                  1.2148045882895910E-005                  1.0517497154672205E-005                 -2.4577467882150947E+000                  2.7542498841078844E+000                  2.9928105114677153E+000                  3.1433255092997059E+000 
                                     813                  4.8745936520913496E-001                 -5.6080382896862280E-001                  7.2456943293177325E+000                  1.2707231316682142E+000                  1.6423273826889556E+001                  1.7678775313879144E-001                  8.0370886627967475E-001                  1.9503380581533780E-002                  0.0000000000000000E+000                  2.1666373826853636E+008                  4.8421764749287054E+007                  1.0075197521293193E+000                  1.9631470843966228E+000                  1.1452009631395854E-039                  4.8044808421908519E-001                  1.6111420498804161E+010                  1.2294925292402380E-005                  1.0669881318311403E-005                 -2.4551370529093979E+000                  2.7563506646502152E+000                  2.9949112920100460E+000                  3.1454262898420366E+000 
                                     814                  4.8258190591566857E-001                 -5.6339548909421067E-001                  7.2476456168163841E+000                  1.2764891633644673E+000                  1.6429424505903057E+001                  1.7394464759089176E-001                  8.0655310016605020E-001                  1.9502252243058016E-002                  0.0000000000000000E+000                  2.1593580665311944E+008                  4.8442254643954530E+007                  1.0092092861599495E+000                  2.1311551187091315E+000                  1.4651406200198888E-039                  4.7885108495998385E-001                  1.6045189847672293E+010                  1.2738522895035335E-005                  1.1119777533466826E-005                 -2.4474404640115832E+000                  2.7584411850823622E+000                  2.9970018124421931E+000                  3.1475168102741837E+000 
                                     815                  4.7771286075270508E-001                 -5.6599474176978049E-001                  7.2495984226019665E+000                  1.2855596600284815E+000                  1.6435567696075289E+001                  1.6522669933372958E-001                  8.1527424511113877E-001                  1.9499055555131650E-002                  0.0000000000000000E+000                  2.1358725473606092E+008                  4.8278296338096075E+007                  9.5246051657569875E-001                  2.2530689026352100E+000                  1.9448722992587980E-039                  4.7635674759678592E-001                  1.5968525748456411E+010                  1.3286010003335157E-005                  1.1672107610516722E-005                 -2.4383027124521410E+000                  2.7603966341006156E+000                  2.9989572614604465E+000                  3.1494722592924371E+000 
                                     816                  4.7284381558974165E-001                 -5.6858631976310270E-001                  7.2515524146418047E+000                  1.2912704579760523E+000                  1.6441702057221530E+001                  1.6248506816425201E-001                  8.1801692098078482E-001                  1.9498010854963166E-002                  0.0000000000000000E+000                  2.1288750590103328E+008                  4.8300870297168143E+007                  9.5219102397637889E-001                  2.4438277092574787E+000                  2.4852834176304205E-039                  4.7477049147135841E-001                  1.5896205696563305E+010                  1.4322755796467541E-005                  1.2714844418514742E-005                 -2.4219867063753653E+000                  2.7623529980711004E+000                  3.0009136254309312E+000                  3.1514286232629218E+000 
                                     817                  4.6798380140516688E-001                 -5.7118548143975989E-001                  7.2530195810582869E+000                  1.2983751616731563E+000                  1.6446304308321178E+001                  1.5548738680827576E-001                  8.2501705298570194E-001                  1.9495560206022278E-002                  0.0000000000000000E+000                  2.1099878761801353E+008                  4.8161171964565597E+007                  9.0194338663771745E-001                  2.5357124280348167E+000                  3.0813884260574717E-039                  4.7284195930673251E-001                  1.5816719186194563E+010                  1.5916045383296789E-005                  1.4313409775640550E-005                 -2.3990824155844108E+000                  2.7642153622623189E+000                  3.0027759896221502E+000                  3.1532909874541408E+000 
                                     818                  4.6555379431287947E-001                 -5.7248130375593231E-001                  7.2539974968975445E+000                  1.3024733309667729E+000                  1.6449366063911263E+001                  1.5195609797319906E-001                  8.2854956854060335E-001                  1.9494333486197557E-002                  0.0000000000000000E+000                  2.1005248328749397E+008                  4.8103243657650270E+007                  8.7907926094677158E-001                  2.6109216036620322E+000                  3.5303022787593409E-039                  4.7172830450448372E-001                  1.5755735964956005E+010                  1.5977139752156089E-005                  1.4372736970668106E-005                 -2.3982504830065721E+000                  2.7648302129746165E+000                  3.0033908403344474E+000                  3.1539058381664380E+000 
                                     819                  4.6312378722059172E-001                 -5.7377649472324177E-001                  7.2554625624652775E+000                  1.3079325236730104E+000                  1.6453942982474498E+001                  1.4785553645563254E-001                  8.3265153137232428E-001                  1.9492932172043176E-002                  0.0000000000000000E+000                  2.0896325402066794E+008                  4.8053659874792315E+007                  8.5589323610233881E-001                  2.7419669660622552E+000                  4.2948567925254414E-039                  4.7023552681392577E-001                  1.5714778745906847E+010                  1.3697617613253728E-005                  1.2095954188953370E-005                 -2.4316774809250785E+000                  2.7657145389364910E+000                  3.0042751662963223E+000                  3.1547901641283129E+000 
                                     820                  4.5827343743545212E-001                 -5.7636387135587430E-001                  7.2574191222337268E+000                  1.3145708763109201E+000                  1.6460047598356532E+001                  1.4352240594173704E-001                  8.3698615481629390E-001                  1.9491439241969055E-002                  0.0000000000000000E+000                  2.0782404062341914E+008                  4.8023136997257769E+007                  8.3519835675343868E-001                  2.9418285360128555E+000                  5.5381981602644194E-039                  4.6840854911771235E-001                  1.5662157004849426E+010                  1.2119902368499069E-005                  1.0530352434839341E-005                 -2.4582504393007447E+000                  2.7678655173938265E+000                  3.0064261447536578E+000                  3.1569411425856484E+000 
                                     821                  4.5342308765031253E-001                 -5.7895801215955889E-001                  7.2593777481120423E+000                  1.3203161496537894E+000                  1.6466140902578495E+001                  1.4072001961888012E-001                  8.3978951295701298E-001                  1.9490467424106872E-002                  0.0000000000000000E+000                  2.0710795214903182E+008                  4.8041368011885285E+007                  8.2904461604307012E-001                  3.1804256966259388E+000                  7.0716076971846467E-039                  4.6679585449878375E-001                  1.5638490211737219E+010                  1.3623953110117932E-005                  1.2053139432993763E-005                 -2.4328484298822430E+000                  2.7704041796545749E+000                  3.0089648070144057E+000                  3.1594798048463963E+000 
                                     822                  4.4858305285426531E-001                 -5.8155886727643769E-001                  7.2608475322681398E+000                  1.3285060110147071E+000                  1.6470710357774948E+001                  1.3203040278276360E-001                  8.4848188649544243E-001                  1.9487710721794005E-002                  0.0000000000000000E+000                  2.0475026619984442E+008                  4.7840761063225329E+007                  7.5604518759982864E-001                  3.2432534187743904E+000                  8.8525972937356272E-039                  4.6464602944048455E-001                  1.5538215195431688E+010                  1.5578899830828392E-005                  1.4011350811368719E-005                 -2.4037316075509447E+000                  2.7718766805656947E+000                  3.0104373079255256E+000                  3.1609523057575162E+000 
                                     823                  4.4616303545624220E-001                 -5.8285229487492751E-001                  7.2618273350911320E+000                  1.3311306683796857E+000                  1.6473749802611071E+001                  1.3105654655604176E-001                  8.4945608279460916E-001                  1.9487370649349023E-002                  0.0000000000000000E+000                  2.0451019993105897E+008                  4.7863099420887828E+007                  7.5623981490063974E-001                  3.3780238283149808E+000                  9.9740314460932560E-039                  4.6389697702391036E-001                  1.5494465849058187E+010                  1.5039984589581899E-005                  1.3475473800679651E-005                 -2.4113763043676326E+000                  2.7726648819455249E+000                  3.0112255093053557E+000                  3.1617405071373463E+000 
                                     824                  4.4374301805821920E-001                 -5.8414948425094859E-001                  7.2632951901669980E+000                  1.3377183731479783E+000                  1.6478291966614247E+001                  1.2512426954556524E-001                  8.5539019532004024E-001                  1.9485535134394549E-002                  0.0000000000000000E+000                  2.0291409893873656E+008                  4.7749724411265016E+007                  7.1038721884486866E-001                  3.4898236949539552E+000                  1.2263276313271965E-038                  4.6214476264252158E-001                  1.5469001431995199E+010                  1.3902580486256287E-005                  1.2345355787672068E-005                 -2.4284522909906343E+000                  2.7737198637487044E+000                  3.0122804911085352E+000                  3.1627954889405263E+000 
                                     825                  4.3891396663707399E-001                 -5.8673338809400633E-001                  7.2652545328010394E+000                  1.3438270840909721E+000                  1.6484347543021119E+001                  1.2172860330680696E-001                  8.5878694797964772E-001                  1.9484448713545266E-002                  0.0000000000000000E+000                  2.0203371923306209E+008                  4.7745755884665318E+007                  6.9437931232988603E-001                  3.7455364310134254E+000                  1.5699369388377448E-038                  4.6043488522377979E-001                  1.5405047140845915E+010                  1.3901823130996594E-005                  1.2356644054290553E-005                 -2.4284641205991648E+000                  2.7755993358997650E+000                  3.0141599632595959E+000                  3.1646749610915865E+000 
                                     826                  4.3408491521592885E-001                 -5.8932717400779289E-001                  7.2672146357603253E+000                  1.3517352708347978E+000                  1.6490389147092028E+001                  1.1535712070895389E-001                  8.6515971740145303E-001                  1.9483161889593092E-002                  0.0000000000000000E+000                  2.0033015015311036E+008                  4.7642188191581532E+007                  6.4710368015760322E-001                  3.9337623207371428E+000                  2.0471688642575623E-038                  4.5831669302433425E-001                  1.5357194002087107E+010                  1.4738007269885137E-005                  1.3209099538166656E-005                 -2.4157806167933615E+000                  2.7777032224113709E+000                  3.0162638497712018E+000                  3.1667788476031924E+000 
                                     827                  4.2926753401347079E-001                 -5.9191387293733022E-001                  7.2691745284647826E+000                  1.3595226255147037E+000                  1.6496416025862825E+001                  1.0922457314853681E-001                  8.7129536354564863E-001                  1.9480063305814532E-002                  0.0000000000000000E+000                  1.9869224893312663E+008                  4.7544637751475111E+007                  6.0160603834593984E-001                  4.1252072847999619E+000                  2.6643830272766839E-038                  4.5621493143257513E-001                  1.5281754469912546E+010                  1.5328848063485685E-005                  1.3810923970040671E-005                 -2.4072452402006261E+000                  2.7793738486632842E+000                  3.0179344760231155E+000                  3.1684494738551061E+000 
                                     828                  4.2445015281101300E-001                 -5.9450040806238846E-001                  7.2711344321016886E+000                  1.3671892459147588E+000                  1.6502428176314641E+001                  1.0332615183157920E-001                  8.7719483899145501E-001                  1.9479009176965767E-002                  0.0000000000000000E+000                  1.9711861308464506E+008                  4.7453062260614604E+007                  5.5797297530772616E-001                  4.3207649201390206E+000                  3.4612381186478643E-038                  4.5416156908107619E-001                  1.5212254408278877E+010                  1.4096644426839206E-005                  1.2591729736078492E-005                 -2.4254421273724045E+000                  2.7810961586360872E+000                  3.0196567859959180E+000                  3.1701717838279087E+000 
                                     829                  4.1964358973143751E-001                 -5.9708164022116583E-001                  7.2730943579855474E+000                  1.3733600699299482E+000                  1.6508422993479634E+001                  9.9852199626012716E-002                  8.8066981913815856E-001                  1.9477981235828778E-002                  0.0000000000000000E+000                  1.9621630391368490E+008                  4.7442347706527285E+007                  5.3779631555985530E-001                  4.6046037773884914E+000                  4.4263886751174718E-038                  4.5240963658470124E-001                  1.5172906327468302E+010                  1.2239811041337479E-005                  1.0754742152815752E-005                 -2.4561126433966129E+000                  2.7832099611500278E+000                  3.0217705885098591E+000                  3.1722855863418498E+000 
                                     830                  4.1484014284432691E-001                 -5.9967062730741261E-001                  7.2749326397868623E+000                  1.3789278778421605E+000                  1.6514029404337801E+001                  9.6935820073498394E-002                  8.8358706515348417E-001                  1.9477114773017390E-002                  0.0000000000000000E+000                  1.9546496165455332E+008                  4.7443414229000941E+007                  5.2171020762180564E-001                  4.8963069645167359E+000                  5.5607592155376096E-038                  4.5069900158556958E-001                  1.5164356878360655E+010                  1.2286832577792149E-005                  1.0827369646599090E-005                 -2.4552800297235207E+000                  2.7857551382622354E+000                  3.0243157656220663E+000                  3.1748307634540569E+000 
                                     831                  4.1064702169086620E-001                 -6.0193962899844966E-001                  7.2766474188773200E+000                  1.3863202010820059E+000                  1.6519246490671222E+001                  9.0718032963554907E-002                  8.8980655584531143E-001                  1.9475411191133718E-002                  0.0000000000000000E+000                  1.9379484959469143E+008                  4.7323743261610895E+007                  4.7204485742429447E-001                  5.0158775602779064E+000                  7.0309461381959277E-038                  4.4852194640515824E-001                  1.5122390435542416E+010                  1.4334680522089427E-005                  1.2889182940831440E-005                 -2.4218059908787963E+000                  2.7874806137522401E+000                  3.0260412411120714E+000                  3.1765562389440620E+000 
                                     832                  4.0645390053740554E-001                 -6.0420555067177739E-001                  7.2784834101472136E+000                  1.3917043552768404E+000                  1.6524818421945277E+001                  8.8077128528560075E-002                  8.9244822582797734E-001                  1.9474645643462574E-002                  0.0000000000000000E+000                  1.9311997431829959E+008                  4.7332917373197816E+007                  4.5768901999842332E-001                  5.3298937420919925E+000                  8.8089273982686472E-038                  4.4684716340697483E-001                  1.5085322553194038E+010                  1.7220857294366665E-005                  1.5790782002177094E-005                 -2.3819726160769186E+000                  2.7892371080833378E+000                  3.0277977354431691E+000                  3.1783127332751597E+000 
                                     833                  4.0167410356275118E-001                 -6.0679985993723540E-001                  7.2799516257430650E+000                  1.4004629637241814E+000                  1.6529272936492628E+001                  7.9004486357693471E-002                  9.0152326194946275E-001                  1.9472251692843834E-002                  0.0000000000000000E+000                  1.9064973735787207E+008                  4.7098053363528594E+007                  3.8089531868919313E-001                  5.1970905933743383E+000                  1.1021340324281601E-037                  4.4438827109294188E-001                  1.4987147259598852E+010                  1.8091886616016116E-005                  1.6667791897421357E-005                 -2.3712580713461247E+000                  2.7904372433779039E+000                  3.0289978707377347E+000                  3.1795128685697254E+000 
                                     834                  3.9928420507542395E-001                 -6.0808829232470196E-001                  7.2809298853771054E+000                  1.4031941560481103E+000                  1.6532234793079315E+001                  7.7821678785360518E-002                  9.0270641746239588E-001                  1.9471903752243613E-002                  0.0000000000000000E+000                  1.9035213335935637E+008                  4.7109996288523488E+007                  3.7500443116466287E-001                  5.3692393340233782E+000                  1.2406985599046993E-037                  4.4352914025549961E-001                  1.4942708896311384E+010                  1.5112986158047963E-005                  1.3693033697837790E-005                 -2.4103248577103633E+000                  2.7910594356558955E+000                  3.0296200630157264E+000                  3.1801350608477170E+000 
                                     835                  3.9689430658809705E-001                 -6.0938010876285365E-001                  7.2823947225168695E+000                  1.4075350750227809E+000                  1.6536657027526456E+001                  7.5644584172288448E-002                  9.0488413761293585E-001                  1.9471278214775678E-002                  0.0000000000000000E+000                  1.8979422704792503E+008                  4.7113547679268055E+007                  3.6235494101632526E-001                  5.6085633824097041E+000                  1.4849086520794064E-037                  4.4217167957989778E-001                  1.4948418975516214E+010                  1.2938059586210309E-005                  1.1534006414012372E-005                 -2.4440654265242316E+000                  2.7924172400189358E+000                  3.0309778673787666E+000                  3.1814928652107572E+000 
                                     836                  3.9212903002644972E-001                 -6.1196462170533572E-001                  7.2843486756046447E+000                  1.4160262473491527E+000                  1.6542546474180174E+001                  6.8579764064748888E-002                  9.1195070831752012E-001                  1.9469527617731019E-002                  0.0000000000000000E+000                  1.8789545172331125E+008                  4.6971456473449983E+007                  3.0892315477358767E-001                  5.6364044058656324E+000                  1.9367606960226618E-037                  4.3970595799078166E-001                  1.4907830664470186E+010                  1.3725086201154736E-005                  1.2341591852276087E-005                 -2.4312424596295261E+000                  2.7943681605719926E+000                  3.0329287879318234E+000                  3.1834437857638140E+000 
                                     837                  3.8736375346480278E-001                 -6.1454470935343564E-001                  7.2863010421091614E+000                  1.4217741910459225E+000                  1.6548414714355360E+001                  6.5733509929326625E-002                  9.1479774917092682E-001                  1.9468740899746595E-002                  0.0000000000000000E+000                  1.8716728793291336E+008                  4.6976799983507954E+007                  2.9235432518923998E-001                  5.9456621602238364E+000                  2.4581312020387135E-037                  4.3788994751088556E-001                  1.4870817483158663E+010                  1.4254272470968056E-005                  1.2892620346428182E-005                 -2.4230274719519747E+000                  2.7963166041823664E+000                  3.0348772315421977E+000                  3.1853922293741883E+000 
                                     838                  3.8261378495888670E-001                 -6.1712836562723472E-001                  7.2882521407439693E+000                  1.4298196119448230E+000                  1.6554261636733344E+001                  5.9377478666266872E-002                  9.2115540691578157E-001                  1.9467114417951570E-002                  0.0000000000000000E+000                  1.8546485272590593E+008                  4.6856851121363305E+007                  2.4710128318216038E-001                  5.9489656285594092E+000                  3.1881919021093169E-037                  4.3552833138102465E-001                  1.4841490132271601E+010                  1.3980891817395355E-005                  1.2643641135252867E-005                 -2.4272325623988724E+000                  2.7983701113058861E+000                  3.0369307386657169E+000                  3.1874457364977080E+000 
                                     839                  3.7786381645297107E-001                 -6.1971025506427047E-001                  7.2902016148203925E+000                  1.4356157011708268E+000                  1.6560086106557925E+001                  5.6431209134248185E-002                  9.2410249126568600E-001                  1.9466299600065851E-002                  0.0000000000000000E+000                  1.8470920459847903E+008                  4.6857197932232954E+007                  2.2989733470173013E-001                  6.2258250757116800E+000                  4.0443426180302147E-037                  4.3367681171313066E-001                  1.4813677501725512E+010                  1.3777841376876833E-005                  1.2465804650651289E-005                 -2.4304094097753746E+000                  2.8003980908657691E+000                  3.0389587182256004E+000                  3.1894737160575910E+000 
                                     840                  3.7312996683885929E-001                 -6.2229498513285653E-001                  7.2921496746071446E+000                  1.4433608405044784E+000                  1.6565887979752500E+001                  5.0539847681403197E-002                  9.2999541373129846E-001                  1.9464738587298358E-002                  0.0000000000000000E+000                  1.8313562160156497E+008                  4.6751270192360587E+007                  1.9083598749396380E-001                  6.1853784816445883E+000                  5.2240676620920010E-037                  4.3137335934313903E-001                  1.4791201856990847E+010                  1.3556736794139843E-005                  1.2271824518264316E-005                 -2.4339224178764014E+000                  2.8024932537829446E+000                  3.0410538811427759E+000                  3.1915688789747665E+000 
                                     841                  3.6839611722474752E-001                 -6.2487976955259716E-001                  7.2940960373719443E+000                  1.4490919997212661E+000                  1.6571666197095535E+001                  4.7659783565073673E-002                  9.3287635140411040E-001                  1.9463865030815874E-002                  0.0000000000000000E+000                  1.8239873640340263E+008                  4.6752597034911133E+007                  1.7475841118840524E-001                  6.4389279937830297E+000                  6.6163340798225109E-037                  4.2950761790266773E-001                  1.4771977974524158E+010                  1.3280199399558436E-005                  1.2023587182650506E-005                 -2.4383977020367942E+000                  2.8045924842936172E+000                  3.0431531116534480E+000                  3.1936681094854387E+000 
                                     842                  3.6367922151364224E-001                 -6.2746734795128201E-001                  7.2960408745451648E+000                  1.4565730677636728E+000                  1.6577420616993905E+001                  4.2161157279744378E-002                  9.3837669571158666E-001                  1.9462147008668995E-002                  0.0000000000000000E+000                  1.8093425974730048E+008                  4.6658519119411692E+007                  1.4142095281856149E-001                  6.3703553488238285E+000                  8.5150190257422638E-037                  4.2724279403918969E-001                  1.4757523365899933E+010                  1.2923825895981411E-005                  1.1697170504828631E-005                 -2.4443044506182772E+000                  2.8067490398286710E+000                  3.0453096671885023E+000                  3.1958246650204929E+000 
                                     843                  3.5896232580253656E-001                 -6.3005662020384001E-001                  7.2979839859452333E+000                  1.4620835550454021E+000                  1.6583150241448447E+001                  3.9570560651438685E-002                  9.4096839340737515E-001                  1.9461045941186139E-002                  0.0000000000000000E+000                  1.8027834567329320E+008                  4.6669063878932752E+007                  1.2820176229718500E-001                  6.6603922541123817E+000                  1.0751655483233530E-036                  4.2538965615176672E-001                  1.4748854510248505E+010                  1.2489293238719753E-005                  1.1294230948943462E-005                 -2.4517310686915836E+000                  2.8089498620880771E+000                  3.0475104894479084E+000                  3.1980254872798990E+000 
                                     844                  3.5426324422550193E-001                 -6.3264958896900725E-001                  7.2999255304411568E+000                  1.4692957083062148E+000                  1.6588854979167330E+001                  3.4455073701302866E-002                  9.4608645876658615E-001                  1.9458467532111001E-002                  0.0000000000000000E+000                  1.7892057100623962E+008                  4.6586888298086569E+007                  1.0038966787965505E-001                  6.6811451654509124E+000                  1.3787026153730301E-036                  4.2314961298064485E-001                  1.4744989563097475E+010                  1.1425329948593438E-005                  1.0263334062838642E-005                 -2.4710656246100475E+000                  2.8112092801715503E+000                  3.0497699075313811E+000                  3.2002849053633717E+000 
                                     845                  3.4956416264846762E-001                 -6.3524597430650220E-001                  7.3018653385212930E+000                  1.4744817400522932E+000                  1.6594533891989247E+001                  3.2294145757350519E-002                  9.4824937704402434E-001                  1.9456477198625088E-002                  0.0000000000000000E+000                  1.7838488098609883E+008                  4.6612079789568819E+007                  9.0596822865262272E-002                  7.1754277175475458E+000                  1.7340004506359961E-036                  4.2131900729176552E-001                  1.4748615766318468E+010                  9.0499152032541113E-006                  7.9227482744360330E-006                 -2.5216777450344896E+000                  2.8135404426175681E+000                  3.0521010699773994E+000                  3.2026160678093900E+000 
                                     846                  3.4488378176936507E-001                 -6.3784762120505789E-001                  7.3038045845805373E+000                  1.4793105045730333E+000                  1.6600186969426197E+001                  3.0622275348976241E-002                  9.4992331826157472E-001                  1.9454406389449064E-002                  0.0000000000000000E+000                  1.7798600186443478E+008                  4.6655070322664410E+007                  8.3064865992068207E-002                  7.8120938166014371E+000                  2.1729919922809474E-036                  4.1953860700185047E-001                  1.4793166629103802E+010                  6.1998204976976786E-006                  5.1158468149275959E-006                 -2.6038104421853818E+000                  2.8164594582428162E+000                  3.0550200856026475E+000                  3.2055350834346381E+000 
                                     847                  3.4020340089026258E-001                 -6.4046732100496628E-001                  7.3057435874916914E+000                  1.4836292664131669E+000                  1.6605813991314665E+001                  2.9657574522140850E-002                  9.5088954228640543E-001                  1.9452883191453774E-002                  0.0000000000000000E+000                  1.7778485116753551E+008                  4.6724113310809545E+007                  7.7010845555230495E-002                  8.5576838239243553E+000                  2.7096075250751286E-036                  4.1784421927068760E-001                  1.4853362798089901E+010                  4.1107370288342533E-006                  3.0730279213021570E-006                 -2.6930401524610916E+000                  2.8196011985281504E+000                  3.0581618258879812E+000                  3.2086768237199723E+000 
                                     848                  3.3554263479127550E-001                 -6.4309748987065529E-001                  7.3071988621856594E+000                  1.4866042890506996E+000                  1.6610021651898190E+001                  2.9298163314787257E-002                  9.5124962983897643E-001                  1.9452206846236275E-002                  0.0000000000000000E+000                  1.7773605103037846E+008                  4.6789496462159798E+007                  7.0555174607295212E-002                  9.1595184967925984E+000                  3.1893986053462852E-036                  4.1661644582266844E-001                  1.4928921131709146E+010                  2.7918367675911047E-006                  1.8031660329141829E-006                 -2.7770549887634832E+000                  2.8229566474476999E+000                  3.0615172748075312E+000                  3.2120322726395218E+000 
                                     849                  3.3321225174178198E-001                 -6.4442157054856930E-001                  7.3081696883630132E+000                  1.4885257036984718E+000                  1.6612818813457157E+001                  2.9135566785876921E-002                  9.5141255386282186E-001                  1.9451879351301216E-002                  0.0000000000000000E+000                  1.7772540349849492E+008                  4.6836041136296540E+007                  6.4940962220400064E-002                  9.5776550751337357E+000                  3.5535525281629430E-036                  4.1580351404929561E-001                  1.4971133791512180E+010                  2.0160100353816209E-006                  1.0526362500081636E-006                 -2.8477536551856728E+000                  2.8246990254372846E+000                  3.0632596527971159E+000                  3.2137746506291065E+000 
                                     850                  3.3088186869228853E-001                 -6.4575194747905718E-001                  7.3096226863869482E+000                  1.4913300198224129E+000                  1.6616990560989493E+001                  2.8973655828316312E-002                  9.5157481072999750E-001                  1.9451533441686153E-002                  0.0000000000000000E+000                  1.7773280014491782E+008                  4.6908844795734011E+007                  5.5291432103886803E-002                  1.0229049132108427E+001                  4.1745865552792550E-036                  4.1459120028014257E-001                  1.5015445276008244E+010                  1.5706696846976445E-006                  6.3289037363915235E-007                 -2.9019575692229802E+000                  2.8264708851505023E+000                  3.0650315125103331E+000                  3.2155465103423237E+000 
                                     851                  3.2624166024134066E-001                 -6.4842049123102319E-001                  7.3115633891779250E+000                  1.4949664899496453E+000                  1.6622540578170771E+001                  2.8881888381431936E-002                  9.5166679436586010E-001                  1.9451317252707989E-002                  0.0000000000000000E+000                  1.7777844143440837E+008                  4.7010964553838424E+007                  4.3592170022402392E-002                  1.1145902934786980E+001                  5.1704298486702724E-036                  4.1297807756248078E-001                  1.5107908349440748E+010                  1.2308557375981041E-006                  3.4459697602368372E-007                 -2.9548964227774488E+000                  2.8300608240012797E+000                  3.0686214513611110E+000                  3.2191364491931016E+000 
                                     852                  3.2160145179039279E-001                 -6.5111626979021542E-001                  7.3135050659952405E+000                  1.4985371374208241E+000                  1.6628065294021724E+001                  2.8844642246758964E-002                  9.5170413541043930E-001                  1.9451222342801722E-002                  0.0000000000000000E+000                  1.7784068549968034E+008                  4.7115487297310464E+007                  3.5621838252607334E-002                  1.2129314502348921E+001                  6.3992890744139593E-036                  4.1135758144033430E-001                  1.5204436807169544E+010                  9.9121571794555016E-007                  1.5691974565178691E-007                 -3.0019159099327757E+000                  2.8337122097213832E+000                  3.0722728370812145E+000                  3.2227878349132051E+000 
                                     853                  3.1698277399814495E-001                 -6.5382773814297002E-001                  7.3154479429814359E+000                  1.5020639531611824E+000                  1.6633565135119614E+001                  2.8829963492136516E-002                  9.5171885411658264E-001                  1.9451182391280852E-002                  0.0000000000000000E+000                  1.7791068031421238E+008                  4.7221255306789897E+007                  3.1333747046183254E-002                  1.3190067207297368E+001                  7.9163895588597662E-036                  4.0972535814600586E-001                  1.5303509084542126E+010                  8.4580544015908978E-007                  6.3414832380650983E-008                 -3.0363647629148032E+000                  2.8373917448139054E+000                  3.0759523721737367E+000                  3.2264673700057274E+000 
                                     854                  3.1236409620589711E-001                 -6.5656840207967981E-001                  7.3173920962906660E+000                  1.5055561431370073E+000                  1.6639040209495125E+001                  2.8824328839295560E-002                  9.5172450502042194E-001                  1.9451166140282528E-002                  0.0000000000000000E+000                  1.7798469325356421E+008                  4.7327779963490061E+007                  2.9554824780332459E-002                  1.4337879687416596E+001                  9.7893447758959009E-036                  4.0808007551642189E-001                  1.5405103528219534E+010                  7.5524586149962102E-007                  2.4845167597629319E-008                 -3.0609558229199605E+000                  2.8411098310279645E+000                  3.0796704583877959E+000                  3.2301854562197865E+000 
                                     855                  3.0776795368006077E-001                 -6.5932571658379313E-001                  7.3193377445089869E+000                  1.5090176370455339E+000                  1.6644490947406197E+001                  2.8822201449189434E-002                  9.5172663887653142E-001                  1.9451159674279128E-002                  0.0000000000000000E+000                  1.7806122303149602E+008                  4.7434873806864642E+007                  2.9189261324044081E-002                  1.5581933732790731E+001                  1.2101422352117529E-035                  4.0642151917421654E-001                  1.5508554809527573E+010                  6.8811962559137422E-007                  9.5040170245848491E-009                 -3.0811680278167453E+000                  2.8448460614092994E+000                  3.0834066887691303E+000                  3.2339216866011213E+000 
                                     856                  3.0317181115422442E-001                 -6.6211403983056849E-001                  7.3212849669159832E+000                  1.5124498993298618E+000                  1.6649917453147570E+001                  2.8821412617174674E-002                  9.5172743022630957E-001                  1.9451157156515797E-002                  0.0000000000000000E+000                  1.7813969866406220E+008                  4.7542464871092618E+007                  2.9550691941966079E-002                  1.6931214944767795E+001                  1.4954955599040110E-035                  4.0475014168338674E-001                  1.5614337089331844E+010                  6.3036937741364845E-007                  3.5788164971985291E-009                 -3.1002024462548872E+000                  2.8486184313804568E+000                  3.0871790587402881E+000                  3.2376940565722787E+000 
                                     857                  2.9859924166056317E-001                 -6.6491991859624056E-001                  7.3227475569749432E+000                  1.5150084286087768E+000                  1.6653975768026381E+001                  2.8821195538807246E-002                  9.5172764803032917E-001                  1.9451156430863592E-002                  0.0000000000000000E+000                  1.7819971496051800E+008                  4.7623530524357356E+007                  3.0091100428884476E-002                  1.8018665621665896E+001                  1.7527352823945356E-035                  4.0348795213129307E-001                  1.5721854664944794E+010                  5.7656050524097622E-007                  1.3786026719206266E-009                 -3.1195775551877176E+000                  2.8524081416762184E+000                  3.0909687690360497E+000                  3.2414837668680403E+000 
                                     858                  2.9631295691373238E-001                 -6.6633511612200746E-001                  7.3237238370217472E+000                  1.5167054714427080E+000                  1.6656674746667797E+001                  2.8821108229075184E-002                  9.5172773563855084E-001                  1.9451156132374026E-002                  0.0000000000000000E+000                  1.7824031158734423E+008                  4.7677758044308618E+007                  3.0504809549986901E-002                  1.8782011602348305E+001                  1.9483266226984610E-035                  4.0264201232924507E-001                  1.5776514786212519E+010                  5.4996898930000645E-007                  6.0776183858228492E-010                 -3.1298308990306767E+000                  2.8543170193477083E+000                  3.0928776467075392E+000                  3.2433926445395298E+000 
                                     859                  2.9402667216690126E-001                 -6.6775868388646775E-001                  7.3251848860303088E+000                  1.5192291676158698E+000                  1.6660699091665297E+001                  2.8821029762486634E-002                  9.5172781437939347E-001                  1.9451155858119851E-002                  0.0000000000000000E+000                  1.7830186344974124E+008                  4.7759084357595690E+007                  3.1183948040139561E-002                  1.9983467387602325E+001                  2.2820373685292494E-035                  4.0137119338848426E-001                  1.5831865408022087E+010                  5.2384934108757549E-007                  3.1315099311072583E-010                 -3.1403967990103174E+000                  2.8562353876916271E+000                  3.0947960150514584E+000                  3.2453110128834490E+000 
                                     860                  2.8947874830752929E-001                 -6.7061596711653948E-001                  7.3271379413726621E+000                  1.5225767395751653E+000                  1.6666054813510812E+001                  2.8820992151394768E-002                  9.5172785212773481E-001                  1.9451155720870417E-002                  0.0000000000000000E+000                  1.7838550995456862E+008                  4.7868117235281803E+007                  3.2191899792401051E-002                  2.1707053449092079E+001                  2.8179256859740223E-035                  3.9966490242342384E-001                  1.5943834491318356E+010                  4.7227836206179347E-007                  1.5338717784610598E-010                 -3.1629009758168074E+000                  2.8600805444612458E+000                  3.0986411718210767E+000                  3.2491561696530673E+000 
                                     861                  2.8493082444815732E-001                 -6.7350817687001507E-001                  7.3290932349765336E+000                  1.5258964280031400E+000                  1.6671387352578684E+001                  2.8820978804274835E-002                  9.5172786552566446E-001                  1.9451155670060727E-002                  0.0000000000000000E+000                  1.7847089573054409E+008                  4.7977637383493364E+007                  3.3271374569451166E-002                  2.3577321986251267E+001                  3.4788581371920733E-035                  3.9794833073409264E-001                  1.6058277159977486E+010                  4.2071299569232786E-007                  6.1816255220732180E-011                 -3.1880070362778152E+000                  2.8639655975055875E+000                  3.1025262248654188E+000                  3.2530412226974095E+000 
                                     862                  2.8040865546915794E-001                 -6.7641989610180386E-001                  7.3310510233484587E+000                  1.5291884850212885E+000                  1.6676697136094155E+001                  2.8820974093238607E-002                  9.5172787025539363E-001                  1.9451155651367791E-002                  0.0000000000000000E+000                  1.7855806292191261E+008                  4.8087655900130339E+007                  3.4410233429053638E-002                  2.5606863756832201E+001                  4.2939435802449304E-035                  3.9622204297090058E-001                  1.6174689202381275E+010                  3.6943200778751472E-007                  2.1842386881929494E-011                 -3.2162327398792749E+000                  2.8678695395308784E+000                  3.1064301668907097E+000                  3.2569451647227003E+000 
                                     863                  2.7588648649015857E-001                 -6.7936871469985627E-001                  7.3330114208129942E+000                  1.5324529849148345E+000                  1.6681984253142350E+001                  2.8820972448523687E-002                  9.5172787190690833E-001                  1.9451155644568008E-002                  0.0000000000000000E+000                  1.7864704847536230E+008                  4.8198175192986488E+007                  3.5605315218071400E-002                  2.7809206896636859E+001                  5.2990002174889178E-035                  3.9448673285017505E-001                  1.6293803167780783E+010                  3.1811560401740402E-007                  7.6543642695397103E-012                 -3.2487075138077657E+000                  2.8718157157404693E+000                  3.1103763431003002E+000                  3.2608913409322908E+000 
                                     864                  2.7139122023205081E-001                 -6.8233811960110480E-001                  7.3349746975520524E+000                  1.5356901947982524E+000                  1.6687249131229748E+001                  2.8820971876741690E-002                  9.5172787248115198E-001                  1.9451155642106310E-002                  0.0000000000000000E+000                  1.7873790119769621E+008                  4.8309205386272423E+007                  3.6857385850704263E-002                  3.0199223385432198E+001                  6.5382614667208182E-035                  3.9274292821530210E-001                  1.6414981576941870E+010                  2.6705153243437490E-007                  2.6614856628810598E-012                 -3.2867024627776158E+000                  2.8757817781357424E+000                  3.1143424054955737E+000                  3.2648574033275644E+000 
                                     865                  2.6689595397394339E-001                 -6.8534696156761754E-001                  7.3369409799547611E+000                  1.5389002042385509E+000                  1.6692491855414929E+001                  2.8820971680021807E-002                  9.5172787267875381E-001                  1.9451155641224349E-002                  0.0000000000000000E+000                  1.7883066149373892E+008                  4.8420747746134073E+007                  3.8168868665101503E-002                  3.2792909916834645E+001                  8.0661751414382114E-035                  3.9099128604059713E-001                  1.6539024087869194E+010                  2.1592882271928142E-007                  9.1835114194210314E-013                 -3.3328446915413990E+000                  2.8797926390352497E+000                  3.1183532663950806E+000                  3.2688682642270712E+000 
                                     866                  2.6242877898035771E-001                 -6.8837754283896113E-001                  7.3389105516115745E+000                  1.5420832978804337E+000                  1.6697712854351359E+001                  2.8820971612574981E-002                  9.5172787274651516E-001                  1.9451155640909823E-002                  0.0000000000000000E+000                  1.7892537988432306E+008                  4.8532811649894245E+007                  3.9543128848068092E-002                  3.5607867662149218E+001                  9.9500113503710296E-035                  3.8923229699472117E-001                  1.6665231701879261E+010                  1.6506671270214822E-007                  3.1467060487843641E-013                 -3.3911702487935633E+000                  2.8838244309831671E+000                  3.1223850583429984E+000                  3.2729000561749890E+000 
                                     867                  2.5796160398677198E-001                 -6.9145008109916295E-001                  7.3408835508528139E+000                  1.5452395773837708E+000                  1.6702912209696834E+001                  2.8820971589685385E-002                  9.5172787276951598E-001                  1.9451155640798579E-002                  0.0000000000000000E+000                  1.7902209947459859E+008                  4.8645397334335148E+007                  4.0983946784754394E-002                  3.8663041752984121E+001                  1.2272615357020842E-034                  3.8746658206423584E-001                  1.6794477966647148E+010                  1.1414808091833096E-007                  1.0729466813462781E-013                 -3.4712656927815080E+000                  2.8879037590009204E+000                  3.1264643863607513E+000                  3.2769793841927419E+000 
                                     868                  2.5352375178875841E-001                 -6.9454559561837903E-001                  7.3423669353844812E+000                  1.5475919367739444E+000                  1.6706801593117110E+001                  2.8820971583876576E-002                  9.5172787277535420E-001                  1.9451155640769269E-002                  0.0000000000000000E+000                  1.7909602175152043E+008                  4.8730253272575505E+007                  4.2111795300091126E-002                  4.1126674120717581E+001                  1.4365147568242960E-034                  3.8613722167449466E-001                  1.6925920256116312E+010                  6.3518093374536747E-008                  3.7637255601008764E-014                 -3.5985512733111444E+000                  2.8920052323707184E+000                  3.1305658597305497E+000                  3.2810808575625403E+000 
                                     869                  2.5130482568975143E-001                 -6.9610999096639303E-001                  7.3433579422084714E+000                  1.5491528361656794E+000                  1.6709389754138886E+001                  2.8820971581628736E-002                  9.5172787277761361E-001                  1.9451155640757611E-002                  0.0000000000000000E+000                  1.7914601651526135E+008                  4.8787040867229074E+007                  4.2887447813500700E-002                  4.2856947848187829E+001                  1.5956028653114068E-034                  3.8524824365684412E-001                  1.6992844064430370E+010                  3.8185805472057010E-008                  1.5623463603120316E-014                 -3.7090490220883670E+000                  2.8940747636141237E+000                  3.1326353909739550E+000                  3.2831503888059457E+000 
                                     870                  2.4908589959074440E-001                 -6.9768577193148629E-001                  7.3448408273796026E+000                  1.5514726666432805E+000                  1.6713247284897992E+001                  2.8820971579480655E-002                  9.5172787277977311E-001                  1.9451155640746287E-002                  0.0000000000000000E+000                  1.7922174315404397E+008                  4.8872157273747228E+007                  4.4082555363972750E-002                  4.5579005991253794E+001                  1.8667502493210045E-034                  3.8391697811056602E-001                  1.7060665638422918E+010                  1.2836076117786522E-008                  8.9201669726243522E-015                 -3.9457838581037601E+000                  2.8961570317242220E+000                  3.1347176590840533E+000                  3.2852326569160439E+000 
                                     871                  2.4467864718660703E-001                 -7.0085027136610056E-001                  7.3468162849382601E+000                  1.5545598783223193E+000                  1.6718383593242116E+001                  2.8820971577175687E-002                  9.5172787278209048E-001                  1.9451155640733853E-002                  0.0000000000000000E+000                  1.7932339894997215E+008                  4.8985803228527777E+007                  4.5744444594238209E-002                  4.9470852469093145E+001                  2.3002225067156850E-034                  3.8214778066173244E-001                  1.7197676352072094E+010                 -8.4192190906685198E-014                  6.5787019756802101E-015                 -9.8999999999999986E+001                  2.9003295620278990E+000                  3.1388901893877299E+000                  3.2894051872197205E+000 
                                     872                  2.4027139478246934E-001                 -7.0406232193468854E-001                  7.3487834146606836E+000                  1.5576346401201051E+000                  1.6723499274793397E+001                  2.8820971575104666E-002                  9.5172787278417337E-001                  1.9451155640721973E-002                  0.0000000000000000E+000                  1.7942535915151280E+008                  4.9099249993376449E+007                  4.7483481141639264E-002                  5.3671039742942256E+001                  2.8310464035264478E-034                  3.8039230264086360E-001                  1.7337574900288448E+010                 -1.5427575732326720E-013                  5.6113370802912789E-015                 -9.8999999999999986E+001                  2.9045501103743177E+000                  3.1431107377341490E+000                  3.2936257355661396E+000 
                                     873                  2.3589606733597374E-001                 -7.0729993242760614E-001                  7.3507424371614114E+000                  1.5606973655464831E+000                  1.6728594759020972E+001                  2.8820971573163535E-002                  9.5172787278612603E-001                  1.9451155640710427E-002                  0.0000000000000000E+000                  1.7952762404040438E+008                  4.9212495584116936E+007                  4.9303965925103860E-002                  5.8202458645967170E+001                  3.4804246378467787E-034                  3.7865077467695279E-001                  1.7479443026964493E+010                 -2.1060065945934875E-013                  5.1647236378231914E-015                 -9.8999999999999986E+001                  2.9087884701805753E+000                  3.1473490975404066E+000                  3.2978640953723972E+000 
                                     874                  2.3152073988947808E-001                 -7.1058807177034267E-001                  7.3526933243363679E+000                  1.5637483575071549E+000                  1.6733670108262896E+001                  2.8820971571304772E-002                  9.5172787278799620E-001                  1.9451155640698992E-002                  0.0000000000000000E+000                  1.7963017211647251E+008                  4.9325523467427284E+007                  5.1210234803991651E-002                  6.3089022821124054E+001                  4.2739515664863608E-034                  3.7692348345498206E-001                  1.7624406316017338E+010                 -2.6012609814355128E-013                  4.9129608756795531E-015                 -9.8999999999999986E+001                  2.9130769324653678E+000                  3.1516375598251991E+000                  3.3021525576571897E+000 
                                     875                  2.2717871367212489E-001                 -7.1390308817955439E-001                  7.3546362961517993E+000                  1.5667880136927901E+000                  1.6738725746952014E+001                  2.8820971569501100E-002                  9.5172787278981164E-001                  1.9451155640687223E-002                  0.0000000000000000E+000                  1.7973300678728068E+008                  4.9438331443778932E+007                  5.3207067873417419E-002                  6.8356843250101335E+001                  5.2426888681223328E-034                  3.7521015548343828E-001                  1.7771455363511086E+010                 -3.0483353290049896E-013                  4.7836897513242240E-015                 -9.8999999999999986E+001                  2.9173842514306969E+000                  3.1559448787905278E+000                  3.3064598766225184E+000 
                                     876                  2.2283668745477164E-001                 -7.1727185845265118E-001                  7.3565713178584105E+000                  1.5698166180858766E+000                  1.6743761726250451E+001                  2.8820971567736029E-002                  9.5172787279158844E-001                  1.9451155640675566E-002                  0.0000000000000000E+000                  1.7983610312756744E+008                  4.9550903744535312E+007                  5.5299275881489286E-002                  7.4033148305578962E+001                  6.4240652676878779E-034                  3.7351080019945121E-001                  1.7921818216487488E+010                 -3.4625062756386748E-013                  4.7528703485125667E-015                 -9.8999999999999986E+001                  2.9217449409468705E+000                  3.1603055683067018E+000                  3.3108205661386925E+000 
                                     877                  2.1852939306203961E-001                 -7.2066892057812282E-001                  7.3580175877868212E+000                  1.5720846359006537E+000                  1.6747529703415630E+001                  2.8820971566432547E-002                  9.5172787279290105E-001                  1.9451155640666351E-002                  0.0000000000000000E+000                  1.7991347178989446E+008                  4.9635182750152312E+007                  5.6934761303608174E-002                  7.8577194068558995E+001                  7.4767833090690394E-034                  3.7224594337154360E-001                  1.8074323964286087E+010                 -3.8480284270218402E-013                  4.7390540142497685E-015                 -9.8999999999999986E+001                  2.9261257961385883E+000                  3.1646864234984196E+000                  3.3152014213304102E+000 
                                     878                  2.1637574586567376E-001                 -7.2238876135054597E-001                  7.3589812947731739E+000                  1.5735940844585721E+000                  1.6750038453956215E+001                  2.8820971565566990E-002                  9.5172787279377236E-001                  1.9451155640660689E-002                  0.0000000000000000E+000                  1.7996532131452295E+008                  4.9691405657250911E+007                  5.8059655616056152E-002                  8.1756028315583109E+001                  8.2716988382581936E-034                  3.7140480093715084E-001                  1.8151902157700462E+010                 -4.0329576415914966E-013                  4.7136376869481830E-015                 -9.8999999999999986E+001                  2.9283374107207711E+000                  3.1668980380806020E+000                  3.3174130359125926E+000 
                                     879                  2.1422209866930825E-001                 -7.2412320492186377E-001                  7.3604181099316666E+000                  1.5758419856444124E+000                  1.6753775916430389E+001                  2.8820971564279849E-002                  9.5172787279506899E-001                  1.9451155640651141E-002                  0.0000000000000000E+000                  1.8004306144754708E+008                  4.9775322183026128E+007                  5.9791035342751354E-002                  8.6731341263499260E+001                  9.6153710808602455E-034                  3.7015326258474912E-001                  1.8230461716648762E+010                 -4.2135087234181816E-013                  4.6542322941883602E-015                 -9.8999999999999986E+001                  2.9305633939304192E+000                  3.1691240212902501E+000                  3.3196390191222407E+000 
                                     880                  2.0995102454647813E-001                 -7.2760733855464099E-001                  7.3623300764553035E+000                  1.5788394260188152E+000                  1.6758754671562102E+001                  2.8820971562574519E-002                  9.5172787279678706E-001                  1.9451155640638373E-002                  0.0000000000000000E+000                  1.8014690078695217E+008                  4.9887154300126903E+007                  6.2201824851598947E-002                  9.3818105949821614E+001                  1.1745945747247919E-033                  3.6849486917347785E-001                  1.8389030352916031E+010                 -4.5588629227612830E-013                  4.5085919636964963E-015                 -9.8999999999999986E+001                  2.9350221436300545E+000                  3.1735827709898854E+000                  3.3240977688218760E+000 
                                     881                  2.0567995042364839E-001                 -7.3115254064268920E-001                  7.3642344422230890E+000                  1.5818270249888877E+000                  1.6763714670893108E+001                  2.8820971560878313E-002                  9.5172787279849658E-001                  1.9451155640625162E-002                  0.0000000000000000E+000                  1.8025095542336181E+008                  4.9998720616714045E+007                  6.4730402367109890E-002                  1.0144307239772809E+002                  1.4334504262860446E-033                  3.6685004103558277E-001                  1.8551356252226681E+010                 -4.8891393080102059E-013                  4.2912914228248779E-015                 -9.8999999999999986E+001                  2.9395419034940238E+000                  3.1781025308538546E+000                  3.3286175286858453E+000 
                                     882                  2.0144664674138490E-001                 -7.3472920610606962E-001                  7.3661314270719984E+000                  1.5848050975945873E+000                  1.6768656325964368E+001                  2.8820971559187593E-002                  9.5172787280020121E-001                  1.9451155640611173E-002                  0.0000000000000000E+000                  1.8035522858086383E+008                  5.0110023207141645E+007                  6.7383279217410635E-002                  1.0964470720349901E+002                  1.7477009378451156E-033                  3.6521854588574626E-001                  1.8716206432005199E+010                 -5.2020633823819889E-013                  4.1119909784359553E-015                 -9.8999999999999986E+001                  2.9440843483893611E+000                  3.1826449757491924E+000                  3.3331599735811830E+000 
                                     883                  1.9721334305912180E-001                 -7.3837110333290512E-001                  7.3680209757933550E+000                  1.5877738372883867E+000                  1.6773579653693997E+001                  2.8820971557499773E-002                  9.5172787280190307E-001                  1.9451155640597184E-002                  0.0000000000000000E+000                  1.8045969680458155E+008                  5.0221048746391192E+007                  7.0166967917704673E-002                  1.1846288787622586E+002                  2.1288593341258281E-033                  3.6360045915345635E-001                  1.8885191640748547E+010                 -5.5005975347257200E-013                  4.0769613786530709E-015                 -9.8999999999999986E+001                  2.9486919322591789E+000                  3.1872525596190098E+000                  3.3377675574510004E+000 
                                     884                  1.9301942598568830E-001                 -7.4204625035213967E-001                  7.3699033088780217E+000                  1.5907335224416654E+000                  1.6778485062108668E+001                  2.8820971555812532E-002                  9.5172787280360516E-001                  1.9451155640582307E-002                  0.0000000000000000E+000                  1.8056436096237522E+008                  5.0331801979505599E+007                  7.3088667311122443E-002                  1.2794127698641779E+002                  2.5908376311306703E-033                  3.6199555446407622E-001                  1.9056885761200722E+010                 -5.7837249414301582E-013                  4.1068436962565004E-015                 -9.8999999999999986E+001                  2.9533237683873335E+000                  3.1918843957471648E+000                  3.3423993935791554E+000 
                                     885                  1.8882550891225480E-001                 -7.4579118905359976E-001                  7.3717783640638839E+000                  1.5936843074201641E+000                  1.6783372556380481E+001                  2.8820971554124213E-002                  9.5172787280530902E-001                  1.9451155640566764E-002                  0.0000000000000000E+000                  1.8066919744158754E+008                  5.0442271381410949E+007                  7.6155559472005668E-002                  1.3812504158839783E+002                  3.1503095263597467E-033                  3.6040391680075895E-001                  1.9233058604469810E+010                 -6.0562790899260488E-013                  4.0599907426610682E-015                 -9.8999999999999986E+001                  2.9580254756372510E+000                  3.1965861029970823E+000                  3.3471011008290730E+000 
                                     886                  1.8467266533746921E-001                 -7.4957132170926533E-001                  7.3736463628869391E+000                  1.5966264304470821E+000                  1.6788242541462498E+001                  2.8820971552433183E-002                  9.5172787280701598E-001                  1.9451155640550777E-002                  0.0000000000000000E+000                  1.8077421466159397E+008                  5.0552462793203495E+007                  7.9375592457467281E-002                  1.4906368211101133E+002                  3.8274119468458229E-033                  3.5882532076829243E-001                  1.9412149280419472E+010                 -6.3162584106252930E-013                  3.9295951363780697E-015                 -9.8999999999999986E+001                  2.9627531825924089E+000                  3.2013138099522398E+000                  3.3518288077842304E+000 
                                     887                  1.8051982176268361E-001                 -7.5342625640760819E-001                  7.3755072359478495E+000                  1.5995600035235680E+000                  1.6793095010578469E+001                  2.8820971550738338E-002                  9.5172787280872750E-001                  1.9451155640534123E-002                  0.0000000000000000E+000                  1.8087938677622139E+008                  5.0662367211399011E+007                  8.2756674006187789E-002                  1.6080828928839338E+002                  4.6462595470011897E-033                  3.5725985679616229E-001                  1.9596106565213272E+010                 -6.5653634151931104E-013                  3.8484768754335433E-015                 -9.8999999999999986E+001                  2.9675559816487311E+000                  3.2061166090085624E+000                  3.3566316068405526E+000 
                                     888                  1.7640981453852081E-001                 -7.5731850881519647E-001                  7.3768984554209336E+000                  1.6017580764771517E+000                  1.6796726564963738E+001                  2.8820971549463465E-002                  9.5172787281001547E-001                  1.9451155640521023E-002                  0.0000000000000000E+000                  1.8095824863202804E+008                  5.0744618594296701E+007                  8.5404273846347356E-002                  1.7018127732414433E+002                  5.3708594348719316E-033                  3.5609477953148089E-001                  1.9783148192104294E+010                 -6.7999896574400601E-013                  3.9505396241333288E-015                 -9.8999999999999986E+001                  2.9723869164550072E+000                  3.2109475438148385E+000                  3.3614625416468291E+000 
                                     889                  1.7435481092643973E-001                 -7.5929449999832965E-001                  7.3778261920988610E+000                  1.6032225153360784E+000                  1.6799146431662006E+001                  2.8820971548609853E-002                  9.5172787281087790E-001                  1.9451155640512252E-002                  0.0000000000000000E+000                  1.8101109619934604E+008                  5.0799508315784201E+007                  8.7228628054265012E-002                  1.7672784803804228E+002                  5.9157117221378116E-033                  3.5531965587324338E-001                  1.9878641598411018E+010                 -6.9119801489468059E-013                  4.1639812623932352E-015                 -9.8999999999999986E+001                  2.9748324402760460E+000                  3.2133930676358768E+000                  3.3639080654678675E+000 
                                     890                  1.7229980731435832E-001                 -7.6129104589716401E-001                  7.3792081720856979E+000                  1.6054020638231548E+000                  1.6802748476270846E+001                  2.8820971547332971E-002                  9.5172787281216831E-001                  1.9451155640498707E-002                  0.0000000000000000E+000                  1.8109020141221148E+008                  5.0881332610303119E+007                  9.0036901886883305E-002                  1.8694105895951324E+002                  6.8313651106543122E-033                  3.5416774368528720E-001                  1.9975568229711750E+010                 -7.0226506941242857E-013                  4.2725097719444409E-015                 -9.8999999999999986E+001                  2.9772984966741163E+000                  3.2158591240339476E+000                  3.3663741218659382E+000 
                                     891                  1.6823448108898090E-001                 -7.6530327071836757E-001                  7.3810484079550944E+000                  1.6083108547127134E+000                  1.6807549966422901E+001                  2.8820971545620706E-002                  9.5172787281389970E-001                  1.9451155640479612E-002                  0.0000000000000000E+000                  1.8119583480255270E+008                  5.0990398831673771E+007                  9.3954445931807531E-002                  2.0145051922521259E+002                  8.2745612990336209E-033                  3.5264094135980339E-001                  2.0171480573351513E+010                 -7.2369528113926679E-013                  4.2346392225924303E-015                 -9.8999999999999986E+001                  2.9822400887887253E+000                  3.2208007161485561E+000                  3.3713157139805467E+000 
                                     892                  1.6416915486360342E-001                 -7.6940193357034481E-001                  7.3828818049723877E+000                  1.6112115258832795E+000                  1.6812334693006971E+001                  2.8820971543901213E-002                  9.5172787281563886E-001                  1.9451155640459961E-002                  0.0000000000000000E+000                  1.8130160163068038E+008                  5.1099185854498602E+007                  9.8069678945543734E-002                  2.1700820881032229E+002                  1.0015886106658099E-032                  3.5112699303180001E-001                  2.0373126293257481E+010                 -7.4425320226009342E-013                  4.1082649083624748E-015                 -9.8999999999999986E+001                  2.9872691695689908E+000                  3.2258297969288221E+000                  3.3763447947608127E+000 
                                     893                  1.6015044260017350E-001                 -7.7354280780305740E-001                  7.3847085904162348E+000                  1.6141041791520017E+000                  1.6817103054909307E+001                  2.8820971542173821E-002                  9.5172787281738669E-001                  1.9451155640439532E-002                  0.0000000000000000E+000                  1.8140751816876391E+008                  5.1207708215208583E+007                  1.0239320700166349E-001                  2.3368573382031812E+002                  1.2116146772059394E-032                  3.4962565492717551E-001                  2.0578502451656700E+010                 -7.6369672969234287E-013                  3.9213105850730695E-015                 -9.8999999999999986E+001                  2.9923308383951297E+000                  3.2308914657549610E+000                  3.3814064635869516E+000 
                                     894                  1.5613173033674357E-001                 -7.7777690842924974E-001                  7.3865286723911483E+000                  1.6169887838949548E+000                  1.6821855008164427E+001                  2.8820971540438115E-002                  9.5172787281914395E-001                  1.9451155640417883E-002                  0.0000000000000000E+000                  1.8151357068028986E+008                  5.1315962304683097E+007                  1.0693547786336570E-001                  2.5155644417838079E+002                  1.4648107087619227E-032                  3.4813701747252762E-001                  2.0790250292176960E+010                 -7.8217782525970913E-013                  3.7535012175262637E-015                 -9.8999999999999986E+001                  2.9974869772959685E+000                  3.2360476046557993E+000                  3.3865626024877900E+000 
                                     895                  1.5216166062633255E-001                 -7.8205605668127043E-001                  7.3883422811433022E+000                  1.6198653927045958E+000                  1.6826590950932271E+001                  2.8820971538693542E-002                  9.5172787282091109E-001                  1.9451155640395346E-002                  0.0000000000000000E+000                  1.8161977602478176E+008                  5.1423966602407649E+007                  1.1170813425222906E-001                  2.7070112793262541E+002                  1.7699706150726048E-032                  3.4666082577849550E-001                  2.1006078340891453E+010                 -7.9942610620939255E-013                  3.6587652367513897E-015                 -9.8999999999999986E+001                  3.0026784480033508E+000                  3.2412390753631821E+000                  3.3917540731951727E+000 
                                     896                  1.4819159091592149E-001                 -7.8643600120419066E-001                  7.3901493168393833E+000                  1.6227339236404863E+000                  1.6831310826382470E+001                  2.8820971536939816E-002                  9.5172787282268800E-001                  1.9451155640372142E-002                  0.0000000000000000E+000                  1.8172611976351824E+008                  5.1531720748588361E+007                  1.1672259957391051E-001                  2.9120230559379183E+002                  2.1376214518424595E-032                  3.4519716696768105E-001                  2.1228926663787487E+010                 -8.1566316935490459E-013                  3.6276447625512636E-015                 -9.8999999999999986E+001                  3.0079723993603960E+000                  3.2465330267202273E+000                  3.3970480245522179E+000 
                                     897                  1.4427229621615009E-001                 -7.9086414413967598E-001                  7.3919500132812725E+000                  1.6255943787332727E+000                  1.6836015032759320E+001                  2.8820971535176480E-002                  9.5172787282447580E-001                  1.9451155640347717E-002                  0.0000000000000000E+000                  1.8183263142121390E+008                  5.1639245046905249E+007                  1.2199163554045904E-001                  3.1315101482648299E+002                  2.5804982518616294E-032                  3.4374577336759382E-001                  2.1456255337007507E+010                 -8.3070488922595373E-013                  3.6366446368943933E-015                 -9.8999999999999986E+001                  3.0133047706341323E+000                  3.2518653979939636E+000                  3.4023803958259542E+000 
                                     898                  1.4035300151637839E-001                 -7.9540156088495784E-001                  7.3946325295073025E+000                  1.6298472953928091E+000                  1.6843013094739149E+001                  2.8820971532522801E-002                  9.5172787282716742E-001                  1.9451155640309747E-002                  0.0000000000000000E+000                  1.8199282570078921E+008                  5.1799723944322370E+007                  1.3037538992677611E-001                  3.4889233715064944E+002                  3.4175692926470308E-032                  3.4159476181416393E-001                  2.1691497076493465E+010                 -8.4475437352563852E-013                  3.6878700189532389E-015                 -9.8999999999999986E+001                  3.0187483131451076E+000                  3.2573089405049385E+000                  3.4078239383369291E+000 
                                     899                  1.3262045343432771E-001                 -8.0469905620248428E-001                  7.3973143059178588E+000                  1.6341270366255458E+000                  1.6850035511999419E+001                  2.8820971529825833E-002                  9.5172787282990601E-001                  1.9451155640268114E-002                  0.0000000000000000E+000                  1.8215318927202335E+008                  5.1960550146160237E+007                  1.3945760852067773E-001                  3.8865488847686549E+002                  4.5297597752446771E-032                  3.3946476333355974E-001                  2.2180158513329582E+010                 -8.6965189062553185E-013                  3.6823787474733226E-015                 -9.8999999999999986E+001                  3.0298419258575047E+000                  3.2684025532173355E+000                  3.4189175510493266E+000 
                                     900                  1.2880956949465125E-001                 -8.0946266425288971E-001                  7.3990899399547434E+000                  1.6369540289684852E+000                  1.6854678200675348E+001                  2.8820971528021534E-002                  9.5172787283173921E-001                  1.9451155640239248E-002                  0.0000000000000000E+000                  1.8226044932508665E+008                  5.2067276430733196E+007                  1.4587919078186784E-001                  4.1739554025540866E+002                  5.4612345063971329E-032                  3.3806177587236419E-001                  2.2434125149995033E+010                 -8.8040554319537483E-013                  3.6890153685356195E-015                 -9.8999999999999986E+001                  3.0354953196995109E+000                  3.2740559470593422E+000                  3.4245709448913328E+000 
                                     901                  1.2499868555497448E-001                 -8.1435586646051206E-001                  7.4008593663942950E+000                  1.6397722366383292E+000                  1.6859305771228968E+001                  2.8820971526206524E-002                  9.5172787283358429E-001                  1.9451155640209161E-002                  0.0000000000000000E+000                  1.8236792773446566E+008                  5.2173840388914801E+007                  1.5262539189092278E-001                  4.4811463671310423E+002                  6.5830022245724232E-032                  3.3667070978939512E-001                  2.2697856410303463E+010                 -8.9024847551617372E-013                  3.5982973966052229E-015                 -9.8999999999999986E+001                  3.0412814508327553E+000                  3.2798420781925861E+000                  3.4303570760245767E+000 
                                     902                  1.2124569707776627E-001                 -8.1930917892211219E-001                  7.4026228340545881E+000                  1.6425816585615549E+000                  1.6863918628512980E+001                  2.8820971524380529E-002                  9.5172787283544169E-001                  1.9451155640177742E-002                  0.0000000000000000E+000                  1.8247565827254367E+008                  5.2280264454616450E+007                  1.5971292623698713E-001                  4.8094169148339978E+002                  7.9343125887831539E-032                  3.3529124734431870E-001                  2.2967661597514423E+010                 -8.9898699812528539E-013                  3.4324132968373295E-015                 -9.8999999999999986E+001                  3.0471178209560330E+000                  3.2856784483158643E+000                  3.4361934461478545E+000 
                                     903                  1.1749270860055802E-001                 -8.2440433837698790E-001                  7.4043802084969865E+000                  1.6453823193486925E+000                  1.6868516662165980E+001                  2.8820971522543547E-002                  9.5172787283731120E-001                  1.9451155640145212E-002                  0.0000000000000000E+000                  1.8258362194162524E+008                  5.2386538520114936E+007                  1.6715794399915687E-001                  5.1600746424753754E+002                  9.5623773073651539E-032                  3.3392345178396715E-001                  2.3248212568206272E+010                 -9.0660096623794411E-013                  3.3317164944795331E-015                 -9.8999999999999986E+001                  3.0531000139324425E+000                  3.2916606412922733E+000                  3.4421756391242639E+000 
                                     904                  1.1380027080676253E-001                 -8.2956464729775958E-001                  7.4061317448413577E+000                  1.6481743650270224E+000                  1.6873100281713452E+001                  2.8820971520695338E-002                  9.5172787283919325E-001                  1.9451155640111462E-002                  0.0000000000000000E+000                  1.8269184184515771E+008                  5.2492676470850632E+007                  1.7497876432264570E-001                  5.5345759143260807E+002                  1.1524723941910461E-031                  3.3256699329061090E-001                  2.3535515290655937E+010                 -9.1288035320402922E-013                  3.3727150863478992E-015                 -9.8999999999999986E+001                  3.0591372057992348E+000                  3.2976978331590656E+000                  3.4482128309910562E+000 
                                     905                  1.1010783301296703E-001                 -8.3488079365539436E-001                  7.4087399262350262E+000                  1.6523222436242921E+000                  1.6879916433721203E+001                  2.8820971517914306E-002                  9.5172787284202742E-001                  1.9451155640058282E-002                  0.0000000000000000E+000                  1.8285462429376599E+008                  5.2651128990522712E+007                  1.8740916475888447E-001                  6.1421605465339314E+002                  1.5236884507612322E-031                  3.3055776071671766E-001                  2.3835032268004715E+010                 -9.1811212101089265E-013                  3.3694333328681971E-015                 -9.8999999999999986E+001                  3.0653344515350480E+000                  3.3038950788948793E+000                  3.4544100767268699E+000 
                                     906                  1.0284970121528142E-001                 -8.4582730262555528E-001                  7.4113515011641082E+000                  1.6565005935653427E+000                  1.6886766588421125E+001                  2.8820971515082554E-002                  9.5172787284491689E-001                  1.9451155640000550E-002                  0.0000000000000000E+000                  1.8301794188650075E+008                  5.2810268790079497E+007                  2.0088283442854099E-001                  6.8165803125274147E+002                  2.0190583041567354E-031                  3.2856493125078662E-001                  2.4462369600479610E+010                 -9.2528435859593749E-013                  3.0968006380158086E-015                 -9.8999999999999986E+001                  3.0780277068007171E+000                  3.3165883341605484E+000                  3.4671033319925391E+000 
                                     907                  9.9287013204673730E-002                 -8.5146368696537644E-001                  7.4130798540824143E+000                  1.6592589171892655E+000                  1.6891293447556695E+001                  2.8820971513189103E-002                  9.5172787284685034E-001                  1.9451155639960582E-002                  0.0000000000000000E+000                  1.8312713868400159E+008                  5.2915856463478871E+007                  2.1039711134840353E-001                  7.3023260628844093E+002                  2.4351230015193271E-031                  3.2725294657343795E-001                  2.4791141210626930E+010                 -9.2711842311610655E-013                  2.8891927086506343E-015                 -9.8999999999999986E+001                  3.0845291335000780E+000                  3.3230897608599088E+000                  3.4736047586918994E+000 
                                     908                  9.5724325194066373E-002                 -8.5729055618721939E-001                  7.4148024332948550E+000                  1.6620089847376849E+000                  1.6895806309478850E+001                  2.8820971511284408E-002                  9.5172787284879656E-001                  1.9451155639919060E-002                  0.0000000000000000E+000                  1.8323656555957818E+008                  5.3021303901096821E+007                  2.2038623447753297E-001                  7.8203085701707380E+002                  2.9379105649320227E-031                  3.2595188894171112E-001                  2.5135483735398647E+010                 -9.2755190747036980E-013                  2.8862814255773095E-015                 -9.8999999999999986E+001                  3.0912262777670363E+000                  3.3297869051268676E+000                  3.4803019029588582E+000 
                                     909                  9.2231227900024901E-002                 -8.6320243265061070E-001                  7.4165195178489958E+000                  1.6647509376312859E+000                  1.6900305604618737E+001                  2.8820971509368361E-002                  9.5172787285075588E-001                  1.9451155639875761E-002                  0.0000000000000000E+000                  1.8334625264481294E+008                  5.3126626248811774E+007                  2.3087398820531332E-001                  8.3725821758524057E+002                  3.5460198980205430E-031                  3.2466142364773820E-001                  2.5489374078667324E+010                 -9.2663687705255841E-013                  3.0000736177286734E-015                 -9.8999999999999986E+001                  3.0979970930863860E+000                  3.3365577204462173E+000                  3.4870727182782075E+000 
                                     910                  8.8738130605983442E-002                 -8.6932643013914479E-001                  7.4182309272558262E+000                  1.6674847921843170E+000                  1.6904791159309127E+001                  2.8820971507441201E-002                  9.5172787285272797E-001                  1.9451155639830797E-002                  0.0000000000000000E+000                  1.8345617217492062E+008                  5.3231810555866301E+007                  2.4188268146275244E-001                  8.9611830897536561E+002                  4.2820013179020130E-031                  3.2338166785138012E-001                  2.5860840885625130E+010                 -9.2449472299766487E-013                  3.0749618277310434E-015                 -9.8999999999999986E+001                  3.1049860438671422E+000                  3.3435466712269735E+000                  3.4940616690589641E+000 
                                     911                  8.5318069785459028E-002                 -8.7554421908752877E-001                  7.4199369507603077E+000                  1.6702106887644319E+000                  1.6909263413709521E+001                  2.8820971505502866E-002                  9.5172787285471294E-001                  1.9451155639784168E-002                  0.0000000000000000E+000                  1.8356635084054962E+008                  5.3336873770540766E+007                  2.5343822387343695E-001                  9.5884118734266190E+002                  5.1736127357238788E-031                  3.2211228651398022E-001                  2.6243156646996410E+010                 -9.2118485877683613E-013                  3.0771386356562419E-015                 -9.8999999999999986E+001                  3.1120569536460354E+000                  3.3506175810058667E+000                  3.5011325788378569E+000 
                                     912                  8.1898008964934613E-002                 -8.8199952948860783E-001                  7.4224755137861971E+000                  1.6742576933789259E+000                  1.6915909465249715E+001                  2.8820971502590137E-002                  9.5172787285769833E-001                  1.9451155639711559E-002                  0.0000000000000000E+000                  1.8373190885808876E+008                  5.3493597766337410E+007                  2.7176812489810254E-001                  1.0602221306030219E+003                  6.8705667690191721E-031                  3.2023350205137646E-001                  2.6645837500052502E+010                 -9.1658554479557395E-013                  3.0480120839166928E-015                 -9.8999999999999986E+001                  3.1193718321957631E+000                  3.3579324595555939E+000                  3.5084474573875846E+000 
                                     913                  7.5211379948387877E-002                 -8.9538669015742278E-001                  7.4250228671253611E+000                  1.6783427550867698E+000                  1.6922602629655554E+001                  2.8820971499622306E-002                  9.5172787286074478E-001                  1.9451155639632955E-002                  0.0000000000000000E+000                  1.8389834470651338E+008                  5.3651329318354063E+007                  2.9164669365322682E-001                  1.1726031028593807E+003                  9.1607291479013425E-031                  3.1836599144491379E-001                  2.7499016930732063E+010                 -9.0356406120942433E-013                  2.9491822329325801E-015                 -9.8999999999999986E+001                  3.1344614109335898E+000                  3.3730220382934211E+000                  3.5235370361254117E+000 
                                     914                  7.1948823240154322E-002                 -9.0232994307712611E-001                  7.4267073668598842E+000                  1.6810374465337934E+000                  1.6927022313149401E+001                  2.8820971497641415E-002                  9.5172787286278004E-001                  1.9451155639578555E-002                  0.0000000000000000E+000                  1.8400950982071161E+008                  5.3755892686143339E+007                  3.0565361436274935E-001                  1.2532513893679045E+003                  1.1098668798727875E-030                  3.1713762634261289E-001                  2.7951472376221855E+010                 -8.9508693055681227E-013                  2.8927254781369145E-015                 -9.8999999999999986E+001                  3.1422465576047474E+000                  3.3808071849645787E+000                  3.5313221827965693E+000 
                                     915                  6.8686266531921100E-002                 -9.0957680088913240E-001                  7.4283864623768583E+000                  1.6837244814144137E+000                  1.6931428970020104E+001                  2.8820971495650657E-002                  9.5172787286482707E-001                  1.9451155639522266E-002                  0.0000000000000000E+000                  1.8412090251978266E+008                  5.3860326002853364E+007                  3.2034435766961783E-001                  1.3390673133059468E+003                  1.3457247092530352E-030                  3.1591943933611932E-001                  2.8431410616262966E+010                 -8.8521331312053774E-013                  2.7688617764009991E-015                 -9.8999999999999986E+001                  3.1503432297336897E+000                  3.3889038570935206E+000                  3.5394188549255112E+000 
                                     916                  6.5508826570856299E-002                 -9.1695443435671431E-001                  7.4300604828434160E+000                  1.6864039983952366E+000                  1.6935823080894576E+001                  2.8820971493650181E-002                  9.5172787286688576E-001                  1.9451155639464091E-002                  0.0000000000000000E+000                  1.8423256289317799E+008                  5.3964647645417988E+007                  3.3575233474705513E-001                  1.4303727769979985E+003                  1.6331111569855294E-030                  3.1471109103043188E-001                  2.8928036437348713E+010                 -8.7407481717470095E-013                  2.6793801546277004E-015                 -9.8999999999999986E+001                  3.1585569254881887E+000                  3.3971175528480195E+000                  3.5476325506800102E+000 
                                     917                  6.2331386609791151E-002                 -9.2467922407279668E-001                  7.4325492059439195E+000                  1.6903788685401451E+000                  1.6942347454751484E+001                  2.8820971490650292E-002                  9.5172787286997595E-001                  1.9451155639373718E-002                  0.0000000000000000E+000                  1.8440015963278490E+008                  5.4120119820146821E+007                  3.6014143047313063E-001                  1.5775077369776632E+003                  2.1835266556107896E-030                  3.1292455910537176E-001                  2.9457053918819435E+010                 -8.6131798819118156E-013                  2.6649043225980846E-015                 -9.8999999999999986E+001                  3.1671265717478216E+000                  3.4056871991076529E+000                  3.5562021969396436E+000 
                                     918                  5.6156266128979948E-002                 -9.4082709476943516E-001                  7.4350523265049802E+000                  1.6944000832234558E+000                  1.6948932975456987E+001                  2.8820971487594785E-002                  9.5172787287312910E-001                  1.9451155639276130E-002                  0.0000000000000000E+000                  1.8456901177610609E+008                  5.4276946296568729E+007                  3.8661245744955497E-001                  1.7405829416595154E+003                  2.9346460967195266E-030                  3.1114495970969724E-001                  3.0592339208141888E+010                 -8.3188861188093176E-013                  2.5425073758723982E-015                 -9.8999999999999986E+001                  3.1849458329610996E+000                  3.4235064603209304E+000                  3.5740214581529210E+000 
                                     919                  5.3163823457404204E-002                 -9.4927064627477409E-001                  7.4367059248655512E+000                  1.6970500639067190E+000                  1.6953277294020907E+001                  2.8820971485560679E-002                  9.5172787287523020E-001                  1.9451155639209072E-002                  0.0000000000000000E+000                  1.8468166342752346E+008                  5.4380801042318285E+007                  4.0522338088375570E-001                  1.8572642416970973E+003                  3.5743033885403748E-030                  3.0997588038517271E-001                  3.1202424478803982E+010                 -8.1519298961050851E-013                  2.4369706284362632E-015                 -9.8999999999999986E+001                  3.1942144738499736E+000                  3.4327751012098049E+000                  3.5832900990417955E+000 
                                     920                  5.0171380785828459E-002                 -9.5818108664706692E-001                  7.4383543466098612E+000                  1.6996927782750819E+000                  1.6957609203832266E+001                  2.8820971483519926E-002                  9.5172787287734006E-001                  1.9451155639140016E-002                  0.0000000000000000E+000                  1.8479453779259220E+008                  5.4484531240523279E+007                  4.2472434828232375E-001                  1.9812327271253178E+003                  4.3573550180840938E-030                  3.0881665125022423E-001                  3.1859125112361675E+010                 -7.9678417678839311E-013                  2.3297132085837730E-015                 -9.8999999999999986E+001                  3.2039609170811283E+000                  3.4425215444409596E+000                  3.5930365422729502E+000 
                                     921                  4.7279858564978336E-002                 -9.6728819302874192E-001                  7.4399979819670827E+000                  1.7023283654157759E+000                  1.6961929250471837E+001                  2.8820971481472998E-002                  9.5172787287945848E-001                  1.9451155639068518E-002                  0.0000000000000000E+000                  1.8490768225831529E+008                  5.4588160170364656E+007                  4.4515844587489423E-001                  2.1129369910892060E+003                  5.3169835148864441E-030                  3.0766691265773932E-001                  3.2544068184887863E+010                 -7.7720790844426710E-013                  2.2768789414554210E-015                 -9.8999999999999986E+001                  3.2138873531332188E+000                  3.4524479804930497E+000                  3.6029629783250403E+000 
                                     922                  4.4388336344128219E-002                 -9.7694610921635450E-001                  7.4416365035535419E+000                  1.7049568015116547E+000                  1.6966237066194790E+001                  2.8820971479421191E-002                  9.5172787288158411E-001                  1.9451155638994688E-002                  0.0000000000000000E+000                  1.8502104951515347E+008                  5.4691665157192521E+007                  4.6656256284498715E-001                  2.2527971778453280E+003                  6.4937371334792925E-030                  3.0652696229879978E-001                  3.3285960856691425E+010                 -7.5579962407068425E-013                  2.2408327501382653E-015                 -9.8999999999999986E+001                  3.2243770160145515E+000                  3.4629376433743828E+000                  3.6134526412063734E+000 
                                     923                  4.1604219513650884E-002                 -9.8683463826434303E-001                  7.4432703292828064E+000                  1.7075782261641461E+000                  1.6970533226214112E+001                  2.8820971477365107E-002                  9.5172787288371608E-001                  1.9451155638918860E-002                  0.0000000000000000E+000                  1.8513469166288638E+008                  5.4795071319556773E+007                  4.8898364740002487E-001                  2.4013141188028621E+003                  7.9381901805356839E-030                  3.0539642731828642E-001                  3.4062512539369072E+010                 -7.3340309127171251E-013                  2.1620005200845189E-015                 -9.8999999999999986E+001                  3.2350792794557197E+000                  3.4736399068155510E+000                  3.6241549046475416E+000 
                                     924                  3.8820102683173555E-002                 -9.9738221765684765E-001                  7.4456941233647456E+000                  1.7114590517365307E+000                  1.6976898988375446E+001                  2.8820971474298664E-002                  9.5172787288689920E-001                  1.9451155638802176E-002                  0.0000000000000000E+000                  1.8530484511558443E+008                  5.4948842380314335E+007                  5.2433325086534244E-001                  2.6394876875791606E+003                  1.0721995750206071E-029                  3.0372937760292895E-001                  3.4910380288023491E+010                 -7.0916377440206235E-013                  2.0191062946858015E-015                 -9.8999999999999986E+001                  3.2464543679441999E+000                  3.4850149953040312E+000                  3.6355299931360219E+000 
                                     925                  3.3481323931584726E-002                 -1.0198303961472333E+000                  7.4481442882160236E+000                  1.7154046426318676E+000                  1.6983356600831481E+001                  2.8820971471183610E-002                  9.5172787289013971E-001                  1.9451155638676720E-002                  0.0000000000000000E+000                  1.8547711852866548E+008                  5.5104727859681875E+007                  5.6281194167330972E-001                  2.9039872141280812E+003                  1.4577406445715750E-029                  3.0206138836541380E-001                  3.6782926499113312E+010                 -6.5686430086374412E-013                  1.7784819958071263E-015                 -9.8999999999999986E+001                  3.2705354649535696E+000                  3.5090960923134009E+000                  3.6596110901453915E+000 
                                     926                  3.0935032132241556E-002                 -1.0317873643581563E+000                  7.4497589053871129E+000                  1.7179983580664546E+000                  1.6987606015744664E+001                  2.8820971469124389E-002                  9.5172787289228400E-001                  1.9451155638591566E-002                  0.0000000000000000E+000                  1.8559174842074096E+008                  5.5207699686624430E+007                  5.8975265774148933E-001                  3.0923133359792841E+003                  1.7877791301315613E-029                  3.0096902715891083E-001                  3.7819879187367012E+010                 -6.2888679858802100E-013                  1.6677537733773390E-015                 -9.8999999999999986E+001                  3.2832949366318611E+000                  3.5218555639916924E+000                  3.6723705618236830E+000 
                                     927                  2.8388740332898395E-002                 -1.0447403807377635E+000                  7.4511757733699904E+000                  1.7202767920761248E+000                  1.6991337476310683E+001                  2.8820971467315607E-002                  9.5172787289416971E-001                  1.9451155638514628E-002                  0.0000000000000000E+000                  1.8569272944482470E+008                  5.5298220758340970E+007                  6.1449652314367176E-001                  3.2674503356456948E+003                  2.1407280149046922E-029                  3.0001593974186869E-001                  3.8975637213688599E+010                 -5.9876220386516471E-013                  1.5848128147474656E-015                 -9.8999999999999986E+001                  3.2970683657504858E+000                  3.5356289931103171E+000                  3.6861439909423077E+000 
                                     928                  2.6570172214883704E-002                 -1.0547023580550938E+000                  7.4523777309451713E+000                  1.7222086215093362E+000                  1.6994502060279302E+001                  2.8820971465780422E-002                  9.5172787289577154E-001                  1.9451155638448014E-002                  0.0000000000000000E+000                  1.8577882257128313E+008                  5.5375130113508120E+007                  6.3632576644052508E-001                  3.4236328269869869E+003                  2.4961355405729452E-029                  2.9921112890895524E-001                  3.9887990041088722E+010                 -5.7583487662855340E-013                  1.5355114459348908E-015                 -9.8999999999999986E+001                  3.3076285478449923E+000                  3.5461891752048231E+000                  3.6967041730368138E+000 
                                     929                  2.4751604096869016E-002                 -1.0653515904224384E+000                  7.4537675638041936E+000                  1.7244417686116025E+000                  1.6998160784238408E+001                  2.8820971464005724E-002                  9.5172787289762473E-001                  1.9451155638369522E-002                  0.0000000000000000E+000                  1.8587884160365322E+008                  5.5464196298604190E+007                  6.6256588512651959E-001                  3.6133880906513637E+003                  2.9837680518740016E-029                  2.9828495828658708E-001                  4.0886526204012512E+010                 -5.5167036415883097E-013                  1.4805565841651266E-015                 -9.8999999999999986E+001                  3.3188873547274529E+000                  3.5574479820872842E+000                  3.7079629799192748E+000 
                                     930                  2.2445602422013020E-002                 -1.0800100786309024E+000                  7.4553651766863869E+000                  1.7270108699686821E+000                  1.7002368716383863E+001                  2.8820971461969557E-002                  9.5172787289975347E-001                  1.9451155638276929E-002                  0.0000000000000000E+000                  1.8599428423365337E+008                  5.5566756854305156E+007                  6.9411258497107275E-001                  3.8443281851268480E+003                  3.6670501816822215E-029                  2.9722677285606502E-001                  4.2301188814662331E+010                 -5.1912864794893808E-013                  1.3993807580799772E-015                 -9.8999999999999986E+001                  3.3343372771449906E+000                  3.5728979045048219E+000                  3.7234129023368125E+000 
                                     931                  2.0139600747157028E-002                 -1.0962200174917771E+000                  7.4577242286477006E+000                  1.7307971273413238E+000                  1.7008575327980452E+001                  2.8820971458970362E-002                  9.5172787290289240E-001                  1.9451155638137263E-002                  0.0000000000000000E+000                  1.8616626867702311E+008                  5.5718552769414552E+007                  7.4352782976595211E-001                  4.2120287909195558E+003                  4.9818972101789791E-029                  2.9567562293678645E-001                  4.3921805695914108E+010                 -4.8426317373341403E-013                  1.3187184067734626E-015                 -9.8999999999999986E+001                  3.3513619613953769E+000                  3.5899225887552082E+000                  3.7404375865871988E+000 
                                     932                  1.5836760298265185E-002                 -1.1320334306491757E+000                  7.4601334268071309E+000                  1.7346858395560929E+000                  1.7014935887242672E+001                  2.8820971455813992E-002                  9.5172787290620364E-001                  1.9451155637982387E-002                  0.0000000000000000E+000                  1.8634215331586480E+008                  5.5874006741902597E+007                  7.9776094076367521E-001                  4.6234402446352115E+003                  6.8285531478391322E-029                  2.9411026662833722E-001                  4.5902230324063751E+010                 -4.1228828824197043E-013                  1.1510366454934580E-015                 -9.8999999999999986E+001                  3.3887753685149615E+000                  3.6273359958747928E+000                  3.7778509937067835E+000 
                                     933                  1.3856402773183316E-002                 -1.1518661321112482E+000                  7.4617116188952703E+000                  1.7372267780847630E+000                  1.7019096380417366E+001                  2.8820971453665026E-002                  9.5172787290846084E-001                  1.9451155637874140E-002                  0.0000000000000000E+000                  1.8645848708519286E+008                  5.5976079293499090E+007                  8.3545016271531114E-001                  4.9140264204873392E+003                  8.4044922531066671E-029                  2.9309282704910999E-001                  4.5854242635828430E+010                 -3.7552521047365906E-013                  1.0951565335979177E-015                 -9.8999999999999986E+001                  3.4093855850568100E+000                  3.6479462124166413E+000                  3.7984612102486319E+000 
                                     934                  1.1876045248101116E-002                 -1.1747085886824582E+000                  7.4632841663640273E+000                  1.7397600560197557E+000                  1.7023243570786370E+001                  2.8820971451434314E-002                  9.5172787291080685E-001                  1.9451155637758788E-002                  0.0000000000000000E+000                  1.8657494031500864E+008                  5.6077975329989329E+007                  8.7481481893928770E-001                  5.2214300636776861E+003                  1.0345076001262196E-028                  2.9208636168888913E-001                  4.5804441775026382E+010                 -3.3616470255662993E-013                  1.0452790980641997E-015                 -9.8999999999999986E+001                  3.4330394600512202E+000                  3.6716000874110510E+000                  3.8221150852430417E+000 
                                     935                  1.0088103243812234E-002                 -1.1988185562238545E+000                  7.4648518179455188E+000                  1.7422855505385551E+000                  1.7027378124714694E+001                  2.8820971449117515E-002                  9.5172787291324612E-001                  1.9451155637636330E-002                  0.0000000000000000E+000                  1.8669163665774691E+008                  5.6179742024521425E+007                  9.1593808015016032E-001                  5.5466741684793751E+003                  1.2735204480511591E-028                  2.9109026478264682E-001                  4.5757298800872070E+010                 -2.9810970452309478E-013                  9.8868680608920025E-016                 -9.8999999999999986E+001                  3.4579178937168966E+000                  3.6964785210767279E+000                  3.8469935189087185E+000 
                                     936                  8.3001612395233529E-003                 -1.2275767276183123E+000                  7.4664129104050030E+000                  1.7448020854178521E+000                  1.7031497132912442E+001                  2.8820971446700348E-002                  9.5172787291579442E-001                  1.9451155637505213E-002                  0.0000000000000000E+000                  1.8680836931614733E+008                  5.6281268967717499E+007                  9.5884715468929294E-001                  5.8903495301293860E+003                  1.5674949233320735E-028                  2.9010582953992675E-001                  4.5707517004000473E+010                 -2.5733030013056357E-013                  8.9937519178511207E-016                 -9.8999999999999986E+001                  3.4874877766997496E+000                  3.7260484040595809E+000                  3.8765634018915716E+000 
                                     937                  6.7340921808971780E-003                 -1.2583280747544787E+000                  7.4679680966700905E+000                  1.7473090135736100E+000                  1.7035600645205449E+001                  2.8820971444180832E-002                  9.5172787291845384E-001                  1.9451155637365325E-002                  0.0000000000000000E+000                  1.8692527480885375E+008                  5.6382596964528821E+007                  1.0036242897964238E+000                  6.2535152080478329E+003                  1.9290330659941860E-028                  2.8913243691822127E-001                  4.5661128768020920E+010                 -2.1896249996111162E-013                  8.1284864627266055E-016                 -9.8999999999999986E+001                  3.5189958546822666E+000                  3.7575564820420979E+000                  3.9080714798740885E+000 
                                     938                  5.1680231222713362E-003                 -1.2971659661792021E+000                  7.4702130956653345E+000                  1.7509227258045998E+000                  1.7041519508292421E+001                  2.8820971440342878E-002                  9.5172787292251004E-001                  1.9451155637147055E-002                  0.0000000000000000E+000                  1.8709539398841450E+008                  5.6529198437241122E+007                  1.0720175870889659E+000                  6.8168004626755574E+003                  2.6054049059729754E-028                  2.8773972098533057E-001                  4.5611419984612495E+010                 -1.7763727133257362E-013                  7.3013451414381837E-016                 -9.8999999999999986E+001                  3.5586486277816425E+000                  3.7972092551414733E+000                  3.9477242529734640E+000 
                                     939                  2.5698168458732872E-003                 -1.3993422451178517E+000                  7.4727436631639010E+000                  1.7550184732924483E+000                  1.7048213685327678E+001                  2.8820971435438422E-002                  9.5172787292770755E-001                  1.9451155636854067E-002                  0.0000000000000000E+000                  1.8728745283695301E+008                  5.6694908890018933E+007                  1.1548490370740923E+000                  7.5120542237876998E+003                  3.6609419105437375E-028                  2.8619157977395698E-001                  4.5514189539728996E+010                 -1.0059149728362004E-013                  5.0600599907187718E-016                 -9.8999999999999986E+001                  3.6624093923168575E+000                  3.9009700196766888E+000                  4.0514850175086785E+000 
                                     940                  1.4180948998035658E-003                 -1.4859684326190075E+000                  7.4742528107426738E+000                  1.7574571709881346E+000                  1.7052202285871477E+001                  2.8820971432226349E-002                  9.5172787293111638E-001                  1.9451155636657225E-002                  0.0000000000000000E+000                  1.8740298113445294E+008                  5.6793968672635913E+007                  1.2072869568255944E+000                  7.9593071586559327E+003                  4.4864955974349069E-028                  2.8527744647867864E-001                  4.5460975384788986E+010                 -6.0941521759486591E-014                  3.8697787214435682E-016                 -9.8999999999999986E+001                  3.7498988496938717E+000                  3.9884594770537030E+000                  4.1389744748856936E+000 
                                     941                  7.2404911970804582E-004                 -1.5836989670381141E+000                  7.4753134334810118E+000                  1.7591713887590108E+000                  1.7055005862489903E+001                  2.8820971429744231E-002                  9.5172787293375372E-001                  1.9451155636502016E-002                  0.0000000000000000E+000                  1.8748450448600698E+008                  5.6863693032830440E+007                  1.2455742240750427E+000                  8.2891995044662090E+003                  5.1768197332359709E-028                  2.8463938352358070E-001                  4.5421667389502663E+010                 -3.4179976279520711E-014                  2.9008397530480328E-016                 -9.8999999999999986E+001                  3.8482696127559457E+000                  4.0868302401157770E+000                  4.2373452379477676E+000 
                                     942                  3.7702622966031315E-004                 -1.6784241411236533E+000                  7.4759708276844439E+000                  1.7602336045537617E+000                  1.7056743329662250E+001                  2.8820971428068890E-002                  9.5172787293553496E-001                  1.9451155636396100E-002                  0.0000000000000000E+000                  1.8753519578257814E+008                  5.6906953235967726E+007                  1.2699175626240968E+000                  8.5003756229924129E+003                  5.6574509224754134E-028                  2.8424567473897494E-001                  4.5397275078276299E+010                 -1.9337197258047565E-014                  2.1916713863663703E-016                 -9.8999999999999986E+001                  3.9433925386153579E+000                  4.1819531659751892E+000                  4.3324681638071798E+000 
                                     943                  2.0351478463644682E-004                 -1.7678424891879736E+000                  7.4763738521343610E+000                  1.7608846976611692E+000                  1.7057808412311452E+001                  2.8820971426960287E-002                  9.5172787293671401E-001                  1.9451155636325712E-002                  0.0000000000000000E+000                  1.8756633379592240E+008                  5.6933491157024696E+007                  1.2850780594965194E+000                  8.6324430864890583E+003                  5.9740728709463872E-028                  2.8400497985358431E-001                  4.5382268006828865E+010                 -1.1232405960911755E-014                  1.6487880139883113E-016                 -9.8999999999999986E+001                  4.0330559476015120E+000                  4.2716165749613433E+000                  4.4221315727933339E+000 
                                     944                  1.1675906212451365E-004                 -1.8483742876317339E+000                  7.4766161200350085E+000                  1.7612760420799423E+000                  1.7058448622474636E+001                  2.8820971426248069E-002                  9.5172787293747174E-001                  1.9451155636280193E-002                  0.0000000000000000E+000                  1.8758507419282678E+008                  5.6949449837438382E+007                  1.2942790077957473E+000                  8.7127995876106634E+003                  6.1729239223277952E-028                  2.8386053888441998E-001                  4.5373174214426254E+010                 -6.8697118370939136E-015                  1.1973549663319342E-016                 -9.8999999999999986E+001                  4.1137363779917422E+000                  4.3522970053515735E+000                  4.5028120031835641E+000 
                                     945                  7.3381200868547077E-005                 -1.9156664671523935E+000                  7.4767574513805926E+000                  1.7615043234541050E+000                  1.7058822086429888E+001                  2.8820971425809354E-002                  9.5172787293793859E-001                  1.9451155636252104E-002                  0.0000000000000000E+000                  1.8759601466763127E+008                  5.6958761727861948E+007                  1.2996771526902786E+000                  8.7600157453250722E+003                  6.2919893112808922E-028                  2.8377636211850160E-001                  4.5367798764246399E+010                 -4.5586999806888449E-015                  8.0066931362210765E-017                 -9.8999999999999986E+001                  4.1811164650341848E+000                  4.4196770923940161E+000                  4.5701920902260067E+000 
                                     946                  5.1692270240397245E-005                 -1.9664185487206316E+000                  7.4768633041143033E+000                  1.7616752768876192E+000                  1.7059101778387753E+001                  2.8820971425467159E-002                  9.5172787293830274E-001                  1.9451155636230122E-002                  0.0000000000000000E+000                  1.8760421335919449E+008                  5.6965737061602980E+007                  1.3037349911430358E+000                  8.7955433401107875E+003                  6.3826763627392163E-028                  2.8371335587985841E-001                  4.5364727107664207E+010                 -3.3442299270823462E-015                  5.8755232546740046E-017                 -9.8999999999999986E+001                  4.2319188057541259E+000                  4.4704794331139572E+000                  4.6209944309459479E+000 
                                     947                  3.0003339612408746E-005                 -2.0452084583903445E+000                  7.4769706010407671E+000                  1.7618485774676433E+000                  1.7059385301642283E+001                  2.8820971425098017E-002                  9.5172787293869576E-001                  1.9451155636206252E-002                  0.0000000000000000E+000                  1.8761252604374480E+008                  5.6972808446123421E+007                  1.3078612693896361E+000                  8.8317004914570698E+003                  6.4759436197782109E-028                  2.8364952883502004E-001                  4.5361155121670677E+010                 -2.0538953324078482E-015                  4.8382724800539841E-017                 -9.8999999999999986E+001                  4.3107671725489025E+000                  4.5493277999087338E+000                  4.6998427977407244E+000 
                                     948                  1.5001669804351898E-005                 -2.1455843598084563E+000                  7.4770534854213571E+000                  1.7619824542019573E+000                  1.7059604323303038E+001                  2.8820971424789548E-002                  9.5172787293902394E-001                  1.9451155636186490E-002                  0.0000000000000000E+000                  1.8761894910064933E+008                  5.6978271536403097E+007                  1.3110577456553751E+000                  8.8597311572175004E+003                  6.5489282084548450E-028                  2.8360025017565532E-001                  4.5358111556065498E+010                 -1.1046602592730513E-015                  3.2518719348545487E-017                 -9.8999999999999986E+001                  4.4111928761854839E+000                  4.6497535035453152E+000                  4.8002685013773059E+000 
                                     949                  7.5008349044868167E-006                 -2.2459482006774261E+000                  7.4771056882448752E+000                  1.7620667717019958E+000                  1.7059742267666753E+001                  2.8820971424579497E-002                  9.5172787293924765E-001                  1.9451155636172834E-002                  0.0000000000000000E+000                  1.8762299552310908E+008                  5.6981712612243518E+007                  1.3130750021157247E+000                  8.8774304548196160E+003                  6.5953198908080691E-028                  2.8356922434151388E-001                  4.5356194780437080E+010                 -6.0047699107001862E-016                  1.4275809025855473E-017                 -9.8999999999999986E+001                  4.5115880825092924E+000                  4.7501487098691229E+000                  4.9006637077011135E+000 
                                     950                  3.7504174545542760E-006                 -2.3463044429401760E+000                  7.4771385695712480E+000                  1.7621198806367544E+000                  1.7059829155011034E+001                  2.8820971424436511E-002                  9.5172787293939987E-001                  1.9451155636163620E-002                  0.0000000000000000E+000                  1.8762554467204392E+008                  5.6983880172901772E+007                  1.3143472228845914E+000                  8.8885966453639321E+003                  6.6247104454808065E-028                  2.8354968634449251E-001                  4.5354987616525764E+010                 -3.2723683286650975E-016                  4.9665109323581770E-018                 -9.8999999999999986E+001                  4.6119640805295186E+000                  4.8505247078893490E+000                  5.0010397057213396E+000 
                                     951                  1.8752087295880061E-006                 -2.4466558919032670E+000                  7.4771592817634653E+000                  1.7621533340848770E+000                  1.7059883885776014E+001                  2.8820971424339183E-002                  9.5172787293950345E-001                  1.9451155636157402E-002                  0.0000000000000000E+000                  1.8762715055370703E+008                  5.6985245579692677E+007                  1.3151492373409437E+000                  8.8956373919213984E+003                  6.6432913678906155E-028                  2.8353738097811326E-001                  4.5354227281529427E+010                 -1.7564261912948438E-016                  3.8312875224361329E-018                 -9.8999999999999986E+001                  4.7123279735580290E+000                  4.9508886009178603E+000                  5.1014035987498509E+000 
                                     952                  9.3760436710487061E-007                 -2.5470043065154244E+000                  7.4771723289307186E+000                  1.7621744072071943E+000                  1.7059918362070853E+001                  2.8820971424272961E-002                  9.5172787293957384E-001                  1.9451155636153183E-002                  0.0000000000000000E+000                  1.8762816220719233E+008                  5.6986105702382088E+007                  1.3156546980022439E+000                  8.9000753593404224E+003                  6.6550228942873576E-028                  2.8352963019649807E-001                  4.5353748352416168E+010                 -8.9609983104861916E-017                  7.3363231111331570E-018                 -9.8999999999999986E+001                  4.8126842269262600E+000                  5.0512448542860913E+000                  5.2017598521180819E+000 
                                     953                  4.6880218586330307E-007                 -2.6473507793673381E+000                  7.4771805478501925E+000                  1.7621876819471249E+000                  1.7059940079998942E+001                  2.8820971424227890E-002                  9.5172787293962191E-001                  1.9451155636150186E-002                  0.0000000000000000E+000                  1.8762879951417938E+008                  5.6986647533805370E+007                  1.3159732058713698E+000                  8.9028721244153239E+003                  6.6624237366062893E-028                  2.8352474795460181E-001                  4.5353446666706795E+010                 -4.1161850429570113E-017                  1.1200341858891390E-017                 -9.8999999999999986E+001                  4.9130356376764537E+000                  5.1515962650362850E+000                  5.3021112628682756E+000 
                                     954                  2.3440109463542694E-007                 -2.7476959686004800E+000                  7.4771874511400016E+000                  1.7621988316725627E+000                  1.7059958321388571E+001                  2.8820971424187009E-002                  9.5172787293966554E-001                  1.9451155636147410E-002                  0.0000000000000000E+000                  1.8762933482322747E+008                  5.6987102636439368E+007                  1.3162407871763024E+000                  8.9052218678053669E+003                  6.6686462965772155E-028                  2.8352064738798299E-001                  4.5353256627474625E+010                 -1.1096901703798682E-017                  1.7182821602914715E-017                 -9.8999999999999986E+001                  5.0133839375038827E+000                  5.2519445648637131E+000                  5.4024595626957037E+000 
